Date,Adj Close,Close,High,Low,Open,Volume
,ADANIENT.NS,ADANIENT.NS,ADANIENT.NS,ADANIENT.NS,ADANIENT.NS,ADANIENT.NS
2021-01-01,489.7408752441406,491.1499938964844,493.25,477.0,477.0,5035248
2021-01-04,493.0812683105469,494.5,502.6000061035156,486.6499938964844,492.0,4936582
2021-01-05,492.9815368652344,494.3999938964844,501.3999938964844,489.6000061035156,492.0,3654033
2021-01-06,489.4916076660156,490.8999938964844,500.6499938964844,484.25,496.0,3295461
2021-01-07,516.6135864257812,518.0999755859375,523.9500122070312,493.79998779296875,493.8999938964844,9879731
2021-01-08,516.5138549804688,518.0,526.5999755859375,514.0999755859375,523.0,3702267
2021-01-11,517.66064453125,519.1500244140625,524.5999755859375,510.5,520.5999755859375,4148831
2021-01-12,523.8926391601562,525.4000244140625,536.5999755859375,517.0999755859375,519.0,4878024
2021-01-13,534.5120849609375,536.0499877929688,540.2000122070312,521.2999877929688,529.0999755859375,4948731
2021-01-14,530.5734252929688,532.0999755859375,541.0,528.4000244140625,534.9500122070312,3161306
2021-01-15,525.7871704101562,527.2999877929688,537.5,518.7999877929688,534.7000122070312,3376852
2021-01-18,506.3929748535156,507.8500061035156,529.0999755859375,502.04998779296875,528.0,5204588
2021-01-19,528.5791625976562,530.0999755859375,532.0,512.2999877929688,512.2999877929688,4181185
2021-01-20,545.1813354492188,546.75,552.1500244140625,531.0,532.1500244140625,6681731
2021-01-21,535.359619140625,536.9000244140625,552.9500122070312,531.5499877929688,551.4000244140625,4208383
2021-01-22,525.28857421875,526.7999877929688,546.75,521.5999755859375,534.0499877929688,4179558
2021-01-25,512.4255981445312,513.9000244140625,534.4000244140625,509.0,530.25,3728411
2021-01-27,511.3287353515625,512.7999877929688,521.5499877929688,507.04998779296875,513.0999755859375,2792007
2021-01-28,510.38153076171875,511.8500061035156,519.5,501.3500061035156,507.29998779296875,4197516
2021-01-29,505.1964111328125,506.6499938964844,525.2000122070312,502.5,515.2000122070312,3822560
2021-02-01,535.6588134765625,537.2000122070312,539.5,496.8999938964844,510.5,4004036
2021-02-02,562.581298828125,564.2000122070312,566.9000244140625,540.7999877929688,542.0499877929688,5144708
2021-02-03,564.9744262695312,566.5999755859375,576.5999755859375,558.3499755859375,568.0,6087209
2021-02-04,588.0081787109375,589.7000122070312,611.7000122070312,556.0,561.9500122070312,11184167
2021-02-05,593.6419677734375,595.3499755859375,607.8499755859375,588.5999755859375,595.0,4754950
2021-02-08,626.4973754882812,628.2999877929688,638.0,603.5499877929688,605.4000244140625,7085276
2021-02-09,628.04296875,629.8499755859375,641.9000244140625,621.0,631.4500122070312,4510798
2021-02-10,648.8331909179688,650.7000122070312,654.9000244140625,622.0999755859375,633.0499877929688,5991927
2021-02-11,656.71044921875,658.5999755859375,661.0,645.3499755859375,654.0,3688016
2021-02-12,716.8872680664062,718.9500122070312,724.4500122070312,655.2000122070312,657.0,16810897
2021-02-15,761.2596435546875,763.4500122070312,787.9500122070312,707.6500244140625,725.0,21579566
2021-02-16,777.9616088867188,780.2000122070312,802.9500122070312,756.25,760.0,19426061
2021-02-17,783.1965942382812,785.4500122070312,802.0,782.25,787.1500244140625,8908279
2021-02-18,805.8812866210938,808.2000122070312,824.5,786.0,787.25,9694238
2021-02-19,779.65673828125,781.9000244140625,831.0,729.5,813.0,20210882
2021-02-22,803.587890625,805.9000244140625,813.0,780.5499877929688,786.0,10890564
2021-02-23,797.3558349609375,799.6500244140625,827.2999877929688,789.0,814.7999877929688,9753081
2021-02-24,802.889892578125,805.2000122070312,812.0499877929688,795.4500122070312,806.0,4626257
2021-02-25,841.0800170898438,843.5,862.4000244140625,809.0,814.0,12118095
2021-02-26,831.25830078125,833.6500244140625,861.0,819.8499755859375,833.9000244140625,11355426
2021-03-01,849.0570678710938,851.5,860.9500122070312,836.4500122070312,840.75,5996840
2021-03-02,870.0466918945312,872.5499877929688,876.5,852.25,857.4000244140625,5116413
2021-03-03,912.7239379882812,915.3499755859375,944.9000244140625,872.8499755859375,880.4500122070312,11670544
2021-03-04,915.7650756835938,918.4000244140625,938.7000122070312,905.4000244140625,910.0,8141787
2021-03-05,907.2894897460938,909.9000244140625,934.0,888.2999877929688,918.0,7109101
2021-03-08,907.5886840820312,910.2000122070312,926.4000244140625,905.0999755859375,918.0999755859375,3904469
2021-03-09,902.60302734375,905.2000122070312,928.4000244140625,893.5999755859375,918.0,5561849
2021-03-10,895.5731811523438,898.1500244140625,914.0999755859375,888.7000122070312,911.0,5465016
2021-03-12,891.5347900390625,894.0999755859375,923.7999877929688,889.2999877929688,905.0,6049852
2021-03-15,893.6288452148438,896.2000122070312,904.0,874.5,898.75,5234540
2021-03-16,895.2241821289062,897.7999877929688,904.4000244140625,888.0499877929688,900.7000122070312,2555026
2021-03-17,871.392822265625,873.9000244140625,905.4000244140625,865.0,898.0,3886557
2021-03-18,868.5509643554688,871.0499877929688,891.0,857.75,876.0,4465851
2021-03-19,887.09765625,889.6500244140625,895.4000244140625,840.2000122070312,866.0,4794995
2021-03-22,988.2066650390625,991.0499877929688,1003.0,883.4500122070312,892.9000244140625,22596465
2021-03-23,1055.3634033203125,1058.4000244140625,1086.699951171875,991.0499877929688,999.0,31098225
2021-03-24,1022.5079345703125,1025.449951171875,1093.0,1018.4000244140625,1063.0,22877032
2021-03-25,978.73388671875,981.5499877929688,1041.449951171875,977.0,1032.949951171875,13139164
2021-03-26,985.464599609375,988.2999877929688,1018.4500122070312,978.0,1000.0,9396506
2021-03-30,1028.5904541015625,1031.550048828125,1042.449951171875,988.0,1004.0,10470011
2021-03-31,1028.191650390625,1031.1500244140625,1053.1500244140625,1016.5999755859375,1038.0,6440569
2021-04-01,1104.0234375,1107.199951171875,1116.050048828125,1035.0,1043.4000244140625,12713083
2021-04-05,1134.984375,1138.25,1150.0,1098.8499755859375,1127.0,15795720
2021-04-06,1221.8843994140625,1225.4000244140625,1241.0,1142.5,1153.4000244140625,21496457
2021-04-07,1162.2061767578125,1165.550048828125,1251.5999755859375,1108.0,1233.4000244140625,23007694
2021-04-08,1159.164794921875,1162.5,1191.0,1137.75,1162.5,12404773
2021-04-09,1197.953125,1201.4000244140625,1228.0,1151.199951171875,1163.4000244140625,12923020
2021-04-12,1071.317626953125,1074.4000244140625,1177.4000244140625,1061.4000244140625,1177.4000244140625,13690016
2021-04-13,1103.1759033203125,1106.3499755859375,1116.300048828125,1051.050048828125,1077.0,12137329
2021-04-15,1126.7081298828125,1129.949951171875,1144.9000244140625,1081.3499755859375,1095.0,9350889
2021-04-16,1155.6748046875,1159.0,1192.0,1112.0,1130.0,10661068
2021-04-19,1133.0897216796875,1136.3499755859375,1153.0,1089.0,1100.0,8565063
2021-04-20,1139.4713134765625,1142.75,1177.699951171875,1125.050048828125,1156.8499755859375,8261172
2021-04-22,1154.478271484375,1157.800048828125,1169.0,1123.0,1134.0,7124786
2021-04-23,1154.2789306640625,1157.5999755859375,1182.9000244140625,1145.6500244140625,1161.0,6167151
2021-04-26,1169.9835205078125,1173.3499755859375,1197.9000244140625,1160.0,1160.0,6939823
2021-04-27,1187.732666015625,1191.1500244140625,1213.5,1181.0,1184.699951171875,7109421
2021-04-28,1181.799560546875,1185.199951171875,1213.949951171875,1180.75,1207.949951171875,5020151
2021-04-29,1178.9080810546875,1182.300048828125,1212.6500244140625,1178.0,1196.550048828125,4070698
2021-04-30,1155.375732421875,1158.699951171875,1200.949951171875,1143.0,1171.0,4232500
2021-05-03,1251.9478759765625,1255.550048828125,1264.4000244140625,1122.6500244140625,1145.0999755859375,11276228
2021-05-04,1258.8778076171875,1262.5,1298.949951171875,1241.8499755859375,1285.0,10271516
2021-05-05,1263.8636474609375,1267.5,1288.25,1240.25,1274.4000244140625,7805805
2021-05-06,1283.058349609375,1286.75,1311.8499755859375,1263.0,1272.3499755859375,6240535
2021-05-07,1295.1734619140625,1298.9000244140625,1322.4000244140625,1290.449951171875,1305.0,4584524
2021-05-10,1300.358642578125,1304.0999755859375,1314.0,1286.300048828125,1294.9000244140625,3892338
2021-05-11,1299.76025390625,1303.5,1326.0,1284.0,1292.0,4744734
2021-05-12,1282.111083984375,1285.800048828125,1328.5,1278.5999755859375,1311.0,4143731
2021-05-14,1216.8486328125,1220.3499755859375,1302.0,1213.3499755859375,1300.0,6377643
2021-05-17,1285.401611328125,1289.0999755859375,1299.0,1227.449951171875,1230.0,7782732
2021-05-18,1322.8935546875,1326.699951171875,1344.949951171875,1302.0,1314.949951171875,6531595
2021-05-19,1290.9854736328125,1294.699951171875,1351.550048828125,1283.9000244140625,1350.0,9925284
2021-05-20,1298.264404296875,1302.0,1320.0,1283.949951171875,1301.300048828125,5837747
2021-05-21,1311.326904296875,1315.0999755859375,1336.0,1300.050048828125,1320.0,8314215
2021-05-24,1303.0509033203125,1306.800048828125,1328.6500244140625,1303.0,1321.699951171875,7913411
2021-05-25,1279.0697021484375,1282.75,1322.0,1272.9000244140625,1314.3499755859375,3697062
2021-05-26,1319.0050048828125,1322.800048828125,1326.8499755859375,1254.25,1288.949951171875,5630730
2021-05-27,1321.996337890625,1325.800048828125,1342.0,1304.25,1329.5,36690935
2021-05-28,1298.8629150390625,1302.5999755859375,1330.449951171875,1298.0,1311.5999755859375,2979585
2021-05-31,1312.523681640625,1316.300048828125,1321.5,1292.0,1307.050048828125,2709718
2021-06-01,1412.1868896484375,1416.25,1430.0,1309.050048828125,1319.9000244140625,10018645
2021-06-02,1542.3123779296875,1546.75,1557.0,1413.0,1425.550048828125,24541949
2021-06-03,1578.55810546875,1583.0999755859375,1623.800048828125,1553.0,1564.0,19107244
2021-06-04,1696.0699462890625,1700.949951171875,1713.550048828125,1585.800048828125,1605.0,21102075
2021-06-07,1619.639892578125,1624.300048828125,1717.199951171875,1613.0,1715.0,15350263
2021-06-08,1631.7550048828125,1636.449951171875,1668.0,1602.449951171875,1633.0,12410257
2021-06-09,1590.074951171875,1594.6500244140625,1649.449951171875,1571.8499755859375,1640.0,11614666
2021-06-10,1607.375244140625,1612.0,1630.0,1591.0,1612.0,5362307
2021-06-11,1597.005126953125,1601.5999755859375,1620.0999755859375,1575.25,1615.0999755859375,5355387
2021-06-14,1497.142333984375,1501.449951171875,1529.949951171875,1201.199951171875,1441.449951171875,43530006
2021-06-15,1534.4349365234375,1538.8499755859375,1572.5999755859375,1477.199951171875,1550.949951171875,22320542
2021-06-16,1444.1448974609375,1448.300048828125,1538.199951171875,1409.300048828125,1510.0,12626149
2021-06-17,1363.7760009765625,1367.699951171875,1436.0,1303.5,1380.0,27926070
2021-06-18,1483.2322998046875,1487.5,1504.0,1332.550048828125,1350.0,30526777
2021-06-21,1535.58154296875,1540.0,1582.0,1444.8499755859375,1490.0,21101083
2021-06-22,1537.1771240234375,1541.5999755859375,1582.0,1531.800048828125,1554.050048828125,12069983
2021-06-23,1500.432861328125,1504.75,1569.949951171875,1481.300048828125,1560.0999755859375,12679703
2021-06-24,1504.1719970703125,1508.5,1519.0,1488.050048828125,1509.949951171875,7261764
2021-06-25,1515.090576171875,1519.449951171875,1534.0,1501.0,1525.0,4962963
2021-06-28,1521.37255859375,1525.75,1565.0,1518.199951171875,1524.9000244140625,6178022
2021-06-29,1519.1790771484375,1523.550048828125,1548.699951171875,1513.0,1526.0,5551918
2021-06-30,1503.2249755859375,1507.550048828125,1539.0,1502.699951171875,1539.0,3256147
2021-07-01,1486.9307861328125,1490.25,1522.550048828125,1482.9000244140625,1509.550048828125,3759914
2021-07-02,1418.8826904296875,1422.050048828125,1507.699951171875,1411.550048828125,1490.25,6653653
2021-07-05,1391.2442626953125,1394.3499755859375,1443.949951171875,1350.5999755859375,1427.0,12239845
2021-07-06,1411.648681640625,1414.800048828125,1444.1500244140625,1378.75,1400.9000244140625,9485434
2021-07-07,1422.474609375,1425.6500244140625,1437.0999755859375,1385.0,1420.0,5549751
2021-07-08,1422.7239990234375,1425.9000244140625,1445.0,1411.800048828125,1420.0,3898830
2021-07-09,1428.1617431640625,1431.3499755859375,1456.5999755859375,1416.449951171875,1425.9000244140625,4502324
2021-07-12,1417.5355224609375,1420.699951171875,1447.0,1414.1500244140625,1442.0,2557189
2021-07-13,1414.542236328125,1417.699951171875,1433.0,1385.199951171875,1433.0,4157955
2021-07-14,1398.9271240234375,1402.050048828125,1449.0,1397.800048828125,1449.0,3859529
2021-07-15,1404.8138427734375,1407.949951171875,1429.0,1393.4000244140625,1399.0,2728305
2021-07-16,1392.3917236328125,1395.5,1415.0,1388.25,1409.0,2134914
2021-07-19,1377.52490234375,1380.5999755859375,1412.6500244140625,1332.75,1390.0,6190302
2021-07-20,1362.6580810546875,1365.699951171875,1382.9000244140625,1336.0999755859375,1340.0,4529933
2021-07-22,1413.5946044921875,1416.75,1424.9000244140625,1340.5,1375.0,5009804
2021-07-23,1398.5279541015625,1401.6500244140625,1434.8499755859375,1386.199951171875,1430.0,4694140
2021-07-26,1400.7730712890625,1403.9000244140625,1416.800048828125,1392.0,1399.800048828125,2054318
2021-07-27,1393.6390380859375,1396.75,1424.5999755859375,1378.1500244140625,1403.9000244140625,2978042
2021-07-28,1396.7818603515625,1399.9000244140625,1424.800048828125,1378.5999755859375,1406.8499755859375,3188606
2021-07-29,1397.131103515625,1400.25,1425.0,1397.0,1413.949951171875,2538248
2021-07-30,1417.086669921875,1420.25,1449.5,1400.25,1409.5,4403219
2021-08-02,1434.99658203125,1438.199951171875,1445.0,1424.0999755859375,1435.0,2483790
2021-08-03,1439.58642578125,1442.800048828125,1467.0,1422.199951171875,1467.0,4442122
2021-08-04,1426.365966796875,1429.550048828125,1460.0,1423.050048828125,1460.0,3341801
2021-08-05,1429.15966796875,1432.3499755859375,1438.0,1407.4000244140625,1428.0,2104359
2021-08-06,1533.227294921875,1536.6500244140625,1555.0,1422.0,1422.0,14250256
2021-08-09,1490.07373046875,1493.4000244140625,1565.0,1482.5,1546.699951171875,6031426
2021-08-10,1443.2781982421875,1446.5,1498.6500244140625,1426.050048828125,1488.0,3581449
2021-08-11,1433.84912109375,1437.050048828125,1456.5999755859375,1407.0,1455.0,3197412
2021-08-12,1439.68603515625,1442.9000244140625,1458.0,1430.25,1443.5999755859375,2455443
2021-08-13,1433.7991943359375,1437.0,1454.0,1428.0,1445.0,2095991
2021-08-16,1426.9146728515625,1430.0999755859375,1449.699951171875,1413.550048828125,1431.5,1909352
2021-08-17,1438.4390869140625,1441.6500244140625,1451.0,1416.199951171875,1431.0,3062815
2021-08-18,1456.748046875,1460.0,1496.800048828125,1432.5999755859375,1441.9000244140625,4738820
2021-08-20,1426.9146728515625,1430.0999755859375,1482.6500244140625,1411.0,1438.0,4933377
2021-08-23,1393.5889892578125,1396.699951171875,1427.75,1361.550048828125,1415.050048828125,4866080
2021-08-24,1434.59765625,1437.800048828125,1448.4000244140625,1390.0,1407.0,3362312
2021-08-25,1472.0638427734375,1475.3499755859375,1481.800048828125,1425.0,1444.25,5361140
2021-08-26,1472.4129638671875,1475.699951171875,1494.6500244140625,1460.4000244140625,1482.0,4678919
2021-08-27,1502.695556640625,1506.050048828125,1515.0,1474.0999755859375,1475.0,5164477
2021-08-30,1513.1722412109375,1516.550048828125,1527.0,1493.300048828125,1513.75,3149863
2021-08-31,1584.0638427734375,1587.5999755859375,1596.8499755859375,1512.800048828125,1517.300048828125,7234384
2021-09-01,1561.7137451171875,1565.199951171875,1600.8499755859375,1561.5,1594.9000244140625,3056760
2021-09-02,1567.0518798828125,1570.550048828125,1594.300048828125,1565.5,1571.0,2171898
2021-09-03,1562.06298828125,1565.550048828125,1581.4000244140625,1551.550048828125,1578.5,1687999
2021-09-06,1578.476318359375,1582.0,1628.449951171875,1566.050048828125,1572.0,5562312
2021-09-07,1554.6295166015625,1558.0999755859375,1592.3499755859375,1553.0,1585.0999755859375,1651169
2021-09-08,1552.4842529296875,1555.949951171875,1579.0,1538.25,1559.9000244140625,2084219
2021-09-09,1541.5587158203125,1545.0,1565.5,1535.050048828125,1561.5999755859375,1243149
2021-09-13,1529.03662109375,1532.449951171875,1557.0,1525.25,1548.0,1759456
2021-09-14,1509.8294677734375,1513.199951171875,1547.25,1497.050048828125,1539.9000244140625,7143757
2021-09-15,1513.421630859375,1516.800048828125,1545.5999755859375,1496.9000244140625,1524.0,12834337
2021-09-16,1499.8516845703125,1503.199951171875,1535.0,1499.75,1523.0,7616906
2021-09-17,1476.9530029296875,1480.25,1525.0,1465.75,1503.199951171875,3329954
2021-09-20,1415.6895751953125,1418.8499755859375,1488.5,1409.949951171875,1464.9000244140625,2273312
2021-09-21,1438.2392578125,1441.449951171875,1446.949951171875,1381.3499755859375,1420.0,2682157
2021-09-22,1434.547607421875,1437.75,1462.6500244140625,1424.3499755859375,1435.0,1663858
2021-09-23,1471.0660400390625,1474.3499755859375,1480.0,1441.0999755859375,1453.0,1622616
2021-09-24,1458.4442138671875,1461.699951171875,1516.0,1455.0,1483.0,2760295
2021-09-27,1527.83935546875,1531.25,1544.0,1462.0,1462.0,4737676
2021-09-28,1483.9873046875,1487.300048828125,1557.9000244140625,1475.0,1557.0,3547971
2021-09-29,1482.3409423828125,1485.6500244140625,1498.0,1464.300048828125,1466.300048828125,1764350
2021-09-30,1464.8299560546875,1468.0999755859375,1519.0,1463.3499755859375,1484.699951171875,2072145
2021-10-01,1455.4508056640625,1458.699951171875,1468.75,1422.6500244140625,1465.0,2311858
2021-10-04,1523.2496337890625,1526.6500244140625,1531.0,1460.0999755859375,1471.0,3209302
2021-10-05,1524.2474365234375,1527.6500244140625,1557.8499755859375,1512.3499755859375,1515.0,2544835
2021-10-06,1476.254638671875,1479.550048828125,1541.0,1472.0,1529.800048828125,1777998
2021-10-07,1517.36279296875,1520.75,1535.75,1490.0,1502.8499755859375,1919106
2021-10-08,1544.4522705078125,1547.9000244140625,1569.449951171875,1511.449951171875,1522.0,2646112
2021-10-11,1536.3204345703125,1539.75,1563.699951171875,1532.1500244140625,1553.0,1910095
2021-10-12,1550.987548828125,1554.449951171875,1566.9000244140625,1514.5,1539.0,1900749
2021-10-13,1566.20361328125,1569.699951171875,1608.300048828125,1551.300048828125,1568.449951171875,3923958
2021-10-14,1642.6829833984375,1646.3499755859375,1656.0,1574.800048828125,1580.0,5256882
2021-10-18,1611.90185546875,1615.5,1672.949951171875,1608.550048828125,1672.949951171875,3791222
2021-10-19,1565.9542236328125,1569.449951171875,1637.0,1562.050048828125,1625.199951171875,1822638
2021-10-20,1586.1591796875,1589.699951171875,1607.3499755859375,1539.0999755859375,1574.0,2768997
2021-10-21,1591.497314453125,1595.050048828125,1626.8499755859375,1581.699951171875,1601.949951171875,3129269
2021-10-22,1539.563232421875,1543.0,1608.800048828125,1537.0,1595.050048828125,2580699
2021-10-25,1528.7869873046875,1532.199951171875,1551.4000244140625,1494.050048828125,1545.0,2276050
2021-10-26,1540.4112548828125,1543.8499755859375,1557.25,1520.9000244140625,1532.0,1661783
2021-10-27,1563.060791015625,1566.550048828125,1581.1500244140625,1540.0,1548.0,2121282
2021-10-28,1395.4349365234375,1398.550048828125,1566.9000244140625,1367.699951171875,1550.0,7093354
2021-10-29,1420.4290771484375,1423.5999755859375,1454.800048828125,1377.75,1400.0,3165141
2021-11-01,1442.080810546875,1445.300048828125,1457.0,1411.199951171875,1436.0,1543436
2021-11-02,1469.519775390625,1472.800048828125,1489.0,1452.800048828125,1455.0,1667692
2021-11-03,1482.5904541015625,1485.9000244140625,1501.0,1464.449951171875,1474.0,1710819
2021-11-04,1486.132568359375,1489.449951171875,1511.5,1483.0,1495.0,272261
2021-11-08,1564.757080078125,1568.25,1575.1500244140625,1485.6500244140625,1495.0,2565017
2021-11-09,1631.807373046875,1635.449951171875,1659.0,1554.949951171875,1555.0,4713708
2021-11-10,1652.161865234375,1655.8499755859375,1686.0,1620.4000244140625,1625.550048828125,3728328
2021-11-11,1661.1917724609375,1664.9000244140625,1704.0,1640.8499755859375,1650.0,4470709
2021-11-12,1701.40185546875,1705.199951171875,1719.5,1670.0999755859375,1678.300048828125,5349189
2021-11-15,1745.6531982421875,1749.550048828125,1764.0,1691.800048828125,1713.75,3997553
2021-11-16,1707.78759765625,1711.5999755859375,1766.550048828125,1706.9000244140625,1759.449951171875,2172117
2021-11-17,1702.6490478515625,1706.449951171875,1729.699951171875,1682.5,1714.0,1476385
2021-11-18,1684.9886474609375,1688.75,1714.0,1640.0,1708.0,2255988
2021-11-22,1672.017578125,1675.75,1701.4000244140625,1610.050048828125,1691.4000244140625,2552170
2021-11-23,1704.1458740234375,1707.949951171875,1720.3499755859375,1650.0,1660.1500244140625,2472589
2021-11-24,1751.24072265625,1755.1500244140625,1788.9000244140625,1712.449951171875,1721.5999755859375,4562858
2021-11-25,1759.1229248046875,1763.050048828125,1773.699951171875,1735.550048828125,1762.949951171875,2341862
2021-11-26,1665.83154296875,1669.550048828125,1768.550048828125,1660.8499755859375,1740.0,3510810
2021-11-29,1661.34130859375,1665.050048828125,1697.0,1609.8499755859375,1655.0,2119826
2021-11-30,1659.1461181640625,1662.8499755859375,1718.6500244140625,1648.1500244140625,1668.0,2952368
2021-12-01,1689.528564453125,1693.300048828125,1705.0,1652.3499755859375,1694.0,2476360
2021-12-02,1728.3916015625,1732.25,1735.0,1687.6500244140625,1692.5,2159661
2021-12-03,1704.29541015625,1708.0999755859375,1745.0,1701.0999755859375,1734.0,1544077
2021-12-06,1641.9345703125,1645.5999755859375,1727.949951171875,1640.0,1710.0,1574680
2021-12-07,1674.71142578125,1678.449951171875,1686.699951171875,1654.0,1658.9000244140625,1476012
2021-12-08,1711.6790771484375,1715.5,1726.4000244140625,1679.050048828125,1679.800048828125,1406394
2021-12-09,1718.4139404296875,1722.25,1739.25,1706.5999755859375,1725.0,1306393
2021-12-10,1736.5235595703125,1740.4000244140625,1788.0,1710.5999755859375,1710.5999755859375,2708578
2021-12-13,1715.7200927734375,1719.550048828125,1762.199951171875,1711.0999755859375,1755.0,1104594
2021-12-14,1716.2686767578125,1720.0999755859375,1727.9000244140625,1683.0,1712.0,1198653
2021-12-15,1691.5240478515625,1695.300048828125,1727.0,1687.050048828125,1720.0,866378
2021-12-16,1698.259033203125,1702.050048828125,1719.8499755859375,1687.0,1707.300048828125,751885
2021-12-17,1641.6353759765625,1645.300048828125,1702.0,1640.0,1698.949951171875,1215873
2021-12-20,1586.40869140625,1589.949951171875,1629.0,1555.199951171875,1629.0,1945211
2021-12-21,1616.890625,1620.5,1645.9000244140625,1602.9000244140625,1621.0999755859375,1563851
2021-12-22,1654.40673828125,1658.0999755859375,1663.449951171875,1627.0,1631.25,993006
2021-12-23,1672.4664306640625,1676.199951171875,1684.199951171875,1658.199951171875,1674.699951171875,979023
2021-12-24,1694.41748046875,1698.199951171875,1703.949951171875,1658.199951171875,1680.0,1234386
2021-12-27,1726.3460693359375,1730.199951171875,1738.0,1686.050048828125,1694.75,1672655
2021-12-28,1747.099853515625,1751.0,1760.0,1728.0999755859375,1740.0,1552918
2021-12-29,1714.223388671875,1718.050048828125,1755.0,1709.4000244140625,1751.0,1100579
2021-12-30,1692.62158203125,1696.4000244140625,1725.0,1685.0,1714.0,1359574
2021-12-31,1705.6424560546875,1709.449951171875,1725.0,1691.050048828125,1694.949951171875,1310960
2022-01-03,1713.3253173828125,1717.1500244140625,1733.0,1711.199951171875,1713.0,1094708
2022-01-04,1715.171142578125,1719.0,1728.0,1700.0,1725.75,1191189
2022-01-05,1711.629150390625,1715.449951171875,1744.6500244140625,1702.550048828125,1722.0,1583598
2022-01-06,1709.2843017578125,1713.0999755859375,1723.8499755859375,1675.5999755859375,1710.0,1615375
2022-01-07,1695.3155517578125,1699.0999755859375,1730.800048828125,1689.5,1719.9000244140625,1295933
2022-01-10,1748.6964111328125,1752.5999755859375,1766.0,1699.0999755859375,1707.550048828125,1670551
2022-01-11,1839.7928466796875,1843.9000244140625,1850.0,1737.0,1758.0,5126019
2022-01-12,1826.0238037109375,1830.0999755859375,1873.0,1808.300048828125,1873.0,2518912
2022-01-13,1849.221923828125,1853.3499755859375,1863.0,1808.0,1834.0,1881069
2022-01-14,1866.084228515625,1870.25,1890.449951171875,1831.0999755859375,1850.0,2357616
2022-01-17,1873.6175537109375,1877.800048828125,1901.4000244140625,1855.6500244140625,1876.0,1700525
2022-01-18,1836.8494873046875,1840.949951171875,1908.5,1830.050048828125,1885.0,2294146
2022-01-19,1845.180908203125,1849.300048828125,1857.0,1811.25,1839.800048828125,1544606
2022-01-20,1861.6939697265625,1865.8499755859375,1880.3499755859375,1843.699951171875,1855.0,1252017
2022-01-21,1824.2774658203125,1828.3499755859375,1873.0,1810.75,1860.8499755859375,1929667
2022-01-24,1711.9783935546875,1715.800048828125,1827.449951171875,1696.550048828125,1822.0,2381112
2022-01-25,1737.521240234375,1741.4000244140625,1750.550048828125,1668.0,1668.0,1817963
2022-01-27,1682.24462890625,1686.0,1725.550048828125,1654.5,1718.0,3549583
2022-01-28,1689.927490234375,1693.699951171875,1744.0999755859375,1683.949951171875,1702.5,1624750
2022-01-31,1711.1302490234375,1714.949951171875,1734.0,1705.0,1708.949951171875,1024738
2022-02-01,1743.009033203125,1746.9000244140625,1765.0999755859375,1699.1500244140625,1727.949951171875,1574361
2022-02-02,1775.38671875,1779.3499755859375,1786.0,1747.0,1755.0,1405276
2022-02-03,1747.947998046875,1751.8499755859375,1787.0,1746.4000244140625,1771.949951171875,588866
2022-02-04,1753.385986328125,1757.300048828125,1770.0,1733.699951171875,1758.0,855996
2022-02-07,1727.942626953125,1731.800048828125,1765.5,1722.0999755859375,1765.0,854871
2022-02-08,1712.1778564453125,1716.0,1747.0,1677.050048828125,1739.4000244140625,1480201
2022-02-09,1779.1783447265625,1783.1500244140625,1791.9000244140625,1718.0999755859375,1724.5999755859375,1674022
2022-02-10,1782.121826171875,1786.0999755859375,1809.0,1766.0,1799.0,1747943
2022-02-11,1760.3701171875,1764.300048828125,1774.9000244140625,1743.3499755859375,1764.0,1196002
2022-02-14,1660.2437744140625,1663.949951171875,1737.9000244140625,1653.0,1736.300048828125,1919476
2022-02-15,1740.3651123046875,1744.25,1751.4000244140625,1627.8499755859375,1636.0,2261554
2022-02-16,1734.2286376953125,1738.0999755859375,1776.0,1730.0,1744.25,1663614
2022-02-17,1727.094482421875,1730.949951171875,1762.0,1724.0,1750.0,1075487
2022-02-18,1732.4327392578125,1736.300048828125,1754.5999755859375,1725.0,1739.0,945100
2022-02-21,1681.446533203125,1685.199951171875,1738.800048828125,1671.300048828125,1738.800048828125,1449291
2022-02-22,1663.9854736328125,1667.699951171875,1678.9000244140625,1630.0,1636.0999755859375,1717579
2022-02-23,1684.9385986328125,1688.699951171875,1717.5,1670.0,1682.0,1285012
2022-02-24,1540.510986328125,1543.949951171875,1648.5999755859375,1528.800048828125,1626.0,2798065
2022-02-25,1615.094482421875,1618.699951171875,1638.0999755859375,1578.800048828125,1594.0,1741584
2022-02-28,1640.7872314453125,1644.449951171875,1651.0999755859375,1592.25,1603.75,1869037
2022-03-02,1638.14306640625,1641.800048828125,1664.25,1615.5,1638.0,1249817
2022-03-03,1640.138671875,1643.800048828125,1678.199951171875,1634.949951171875,1670.0,1333325
2022-03-04,1611.40283203125,1615.0,1655.5,1601.199951171875,1621.800048828125,1433490
2022-03-07,1560.5662841796875,1564.050048828125,1592.0,1539.300048828125,1590.0,1508821
2022-03-08,1598.0328369140625,1601.5999755859375,1607.4000244140625,1553.4000244140625,1574.9000244140625,1396347
2022-03-09,1652.8603515625,1656.550048828125,1669.949951171875,1608.0,1609.5999755859375,1498176
2022-03-10,1738.968017578125,1742.8499755859375,1749.5999755859375,1678.25,1682.0,2294474
2022-03-11,1730.237548828125,1734.0999755859375,1757.0,1721.199951171875,1750.0,1354129
2022-03-14,1732.233154296875,1736.0999755859375,1752.449951171875,1722.449951171875,1732.0,659190
2022-03-15,1697.6103515625,1701.4000244140625,1754.199951171875,1686.6500244140625,1740.0,1085901
2022-03-16,1754.084228515625,1758.0,1764.0,1718.6500244140625,1724.0,1269866
2022-03-17,1815.5970458984375,1819.6500244140625,1823.5999755859375,1760.0,1775.5999755859375,2392329
2022-03-21,1798.9342041015625,1802.949951171875,1841.9000244140625,1796.1500244140625,1836.050048828125,1081052
2022-03-22,1827.470458984375,1831.550048828125,1837.0,1790.0,1802.949951171875,964066
2022-03-23,1806.9664306640625,1811.0,1848.050048828125,1800.8499755859375,1848.050048828125,1553366
2022-03-24,1828.7176513671875,1832.800048828125,1839.550048828125,1800.1500244140625,1815.0,1030145
2022-03-25,1862.8416748046875,1867.0,1878.0,1822.0,1835.550048828125,1366115
2022-03-28,1905.4464111328125,1909.699951171875,1924.4000244140625,1851.050048828125,1876.9000244140625,1895438
2022-03-29,1912.979736328125,1917.25,1930.9000244140625,1885.5,1919.25,1715098
2022-03-30,1990.805908203125,1995.25,2015.0,1917.300048828125,1927.699951171875,3215951
2022-03-31,2010.2623291015625,2014.75,2042.0,1991.0,2005.0,2786973
2022-04-01,2039.09814453125,2043.6500244140625,2049.0,2013.050048828125,2018.0,1267111
2022-04-04,2061.248779296875,2065.85009765625,2075.5,2032.0,2050.0,1334265
2022-04-05,2135.083740234375,2139.85009765625,2189.800048828125,2067.60009765625,2078.0,4970260
2022-04-06,2155.188720703125,2160.0,2182.85009765625,2124.199951171875,2153.75,2259018
2022-04-07,2094.375,2099.050048828125,2214.949951171875,2081.25,2165.949951171875,3499044
2022-04-08,2166.114501953125,2170.949951171875,2176.0,2105.25,2115.0,1924054
2022-04-11,2175.343994140625,2180.199951171875,2200.0,2158.5,2181.85009765625,1615715
2022-04-12,2192.056640625,2196.949951171875,2219.0,2155.0,2188.0,2632324
2022-04-13,2194.551025390625,2199.449951171875,2217.14990234375,2173.449951171875,2210.0,992512
2022-04-18,2228.87451171875,2233.85009765625,2240.0,2156.75,2179.800048828125,1747434
2022-04-19,2163.47021484375,2168.300048828125,2255.0,2140.10009765625,2245.0,1639219
2022-04-20,2179.08544921875,2183.949951171875,2207.949951171875,2161.89990234375,2178.0,1119025
2022-04-21,2281.257568359375,2286.35009765625,2293.550048828125,2203.89990234375,2216.0,2243636
2022-04-22,2268.236572265625,2273.300048828125,2306.0,2265.0,2297.0,1786042
2022-04-25,2279.112060546875,2284.199951171875,2295.0,2242.60009765625,2259.949951171875,1683622
2022-04-26,2389.965087890625,2395.300048828125,2413.89990234375,2295.10009765625,2297.0,3199358
2022-04-27,2328.9013671875,2334.10009765625,2420.949951171875,2325.0,2404.949951171875,2559876
2022-04-28,2373.252197265625,2378.550048828125,2389.89990234375,2336.300048828125,2359.85009765625,1679893
2022-04-29,2326.805908203125,2332.0,2394.14990234375,2301.5,2389.0,1916180
2022-05-02,2334.289306640625,2339.5,2362.300048828125,2311.0,2325.0,1006544
2022-05-04,2248.780029296875,2253.800048828125,2362.89990234375,2233.050048828125,2358.699951171875,1744686
2022-05-05,2250.376220703125,2255.39990234375,2303.800048828125,2236.0,2270.0,1636796
2022-05-06,2242.693603515625,2247.699951171875,2262.0,2200.0,2210.0,1161579
2022-05-09,2192.755126953125,2197.64990234375,2244.199951171875,2180.0,2229.5,1450886
2022-05-10,2104.80126953125,2109.5,2220.0,2097.5,2190.0,1471866
2022-05-11,2114.579345703125,2119.300048828125,2157.75,2077.0,2109.60009765625,1397917
2022-05-12,2040.6446533203125,2045.199951171875,2113.60009765625,2011.050048828125,2103.0,1553685
2022-05-13,2049.57470703125,2054.14990234375,2135.0,2035.300048828125,2084.5,1547617
2022-05-16,2101.20947265625,2105.89990234375,2141.949951171875,2057.64990234375,2082.64990234375,1742552
2022-05-17,2179.983642578125,2184.85009765625,2192.25,2119.39990234375,2133.050048828125,1061085
2022-05-18,2176.241943359375,2181.10009765625,2216.89990234375,2172.0,2199.699951171875,1296983
2022-05-19,2110.039794921875,2114.75,2154.75,2097.60009765625,2145.0,986930
2022-05-20,2214.6064453125,2219.550048828125,2232.39990234375,2151.0,2159.0,1444803
2022-05-23,2165.81494140625,2170.64990234375,2245.0,2155.64990234375,2231.75,1455450
2022-05-24,2155.38818359375,2160.199951171875,2178.89990234375,2142.550048828125,2161.0,1008943
2022-05-25,2069.530029296875,2074.14990234375,2181.449951171875,2066.199951171875,2168.0,1382448
2022-05-26,2041.842041015625,2046.4000244140625,2088.0,1906.199951171875,2077.0,4967514
2022-05-27,2075.516845703125,2080.14990234375,2094.300048828125,2047.699951171875,2080.0,1354005
2022-05-30,2160.826171875,2165.64990234375,2175.0,2102.0,2120.0,1384584
2022-05-31,2162.722412109375,2167.550048828125,2225.800048828125,2150.39990234375,2160.0,2861556
2022-06-01,2146.109130859375,2150.89990234375,2189.300048828125,2126.0,2169.949951171875,1448212
2022-06-02,2204.478759765625,2209.39990234375,2218.0,2142.300048828125,2155.0,1855167
2022-06-03,2185.1220703125,2190.0,2242.25,2176.050048828125,2235.0,1651685
2022-06-06,2220.09423828125,2225.050048828125,2230.0,2168.199951171875,2188.5,1664487
2022-06-07,2222.588623046875,2227.550048828125,2254.699951171875,2207.050048828125,2210.0,2046676
2022-06-08,2172.3505859375,2177.199951171875,2244.949951171875,2158.550048828125,2244.949951171875,1530739
2022-06-09,2214.257080078125,2219.199951171875,2224.0,2155.0,2160.300048828125,1440385
2022-06-10,2198.193115234375,2203.10009765625,2215.0,2171.0,2190.0,1305761
2022-06-13,2075.117919921875,2079.75,2172.5,2066.75,2172.5,1764172
2022-06-14,2191.557861328125,2196.449951171875,2274.0,2053.10009765625,2274.0,6515102
2022-06-15,2179.734130859375,2184.60009765625,2219.699951171875,2174.199951171875,2218.39990234375,1313510
2022-06-16,2078.360107421875,2083.0,2217.300048828125,2076.050048828125,2205.0,2131789
2022-06-17,2091.132080078125,2095.800048828125,2137.39990234375,2060.14990234375,2062.0,2280135
2022-06-20,2075.2177734375,2079.85009765625,2123.300048828125,2025.0,2107.300048828125,2603594
2022-06-21,2156.984619140625,2161.800048828125,2177.0,2091.64990234375,2100.0,1331500
2022-06-22,2084.546875,2089.199951171875,2149.949951171875,2077.10009765625,2149.949951171875,1774137
2022-06-23,2105.649658203125,2110.35009765625,2128.0,2080.0,2105.0,1026783
2022-06-24,2156.6357421875,2161.449951171875,2168.0,2108.60009765625,2121.0,1156536
2022-06-27,2176.740966796875,2181.60009765625,2211.0,2169.35009765625,2189.0,1202504
2022-06-28,2199.689697265625,2204.60009765625,2210.25,2160.0,2170.0,1282047
2022-06-29,2215.1552734375,2220.10009765625,2247.800048828125,2177.199951171875,2185.0,1692493
2022-06-30,2186.02001953125,2190.89990234375,2248.5,2180.5,2220.0,1568415
2022-07-01,2227.22802734375,2232.199951171875,2242.0,2138.25,2189.89990234375,2141743
2022-07-04,2256.81201171875,2261.85009765625,2277.0,2228.35009765625,2232.199951171875,1581159
2022-07-05,2241.446533203125,2246.449951171875,2290.699951171875,2238.0,2264.0,1356776
2022-07-06,2267.78759765625,2272.85009765625,2277.0,2236.5,2245.0,1045463
2022-07-07,2269.234375,2274.300048828125,2294.949951171875,2256.0,2280.0,946131
2022-07-08,2287.9423828125,2293.050048828125,2303.60009765625,2263.89990234375,2286.0,898576
2022-07-11,2367.9638671875,2373.25,2384.60009765625,2291.050048828125,2293.050048828125,1967308
2022-07-12,2360.380859375,2365.64990234375,2389.800048828125,2350.14990234375,2364.39990234375,1273008
2022-07-13,2348.2578125,2353.5,2384.64990234375,2333.699951171875,2373.5,982185
2022-07-14,2378.771728515625,2383.10009765625,2404.0,2336.5,2365.0,933554
2022-07-15,2400.881591796875,2405.25,2422.949951171875,2377.0,2414.5,1169788
2022-07-18,2419.1982421875,2423.60009765625,2441.85009765625,2406.050048828125,2424.0,937204
2022-07-19,2446.84814453125,2451.300048828125,2459.300048828125,2405.0,2406.949951171875,843301
2022-07-20,2446.6484375,2451.10009765625,2472.800048828125,2444.0,2462.0,693601
2022-07-21,2490.9677734375,2495.5,2498.949951171875,2451.25,2453.800048828125,1314165
2022-07-22,2494.860595703125,2499.39990234375,2514.050048828125,2483.10009765625,2505.5,833522
2022-07-25,2545.9677734375,2550.60009765625,2562.14990234375,2500.0,2505.0,1220351
2022-07-26,2555.05078125,2559.699951171875,2568.60009765625,2533.0,2555.0,865142
2022-07-27,2544.071044921875,2548.699951171875,2572.5,2528.0,2560.0,953588
2022-07-28,2545.767822265625,2550.39990234375,2565.64990234375,2531.60009765625,2559.89990234375,759442
2022-07-29,2564.533935546875,2569.199951171875,2622.0,2560.0,2565.0,1107195
2022-08-01,2655.31884765625,2660.14990234375,2669.39990234375,2569.199951171875,2575.85009765625,1267039
2022-08-02,2678.776123046875,2683.64990234375,2697.0,2640.0,2660.0,1096480
2022-08-03,2706.4755859375,2711.39990234375,2717.0,2671.199951171875,2685.0,815831
2022-08-04,2718.65380859375,2723.60009765625,2743.89990234375,2684.25,2725.0,1223799
2022-08-05,2693.499267578125,2698.39990234375,2767.64990234375,2685.0,2760.0,1639981
2022-08-08,2786.82958984375,2791.89990234375,2807.64990234375,2695.64990234375,2700.0,1581696
2022-08-10,2822.065185546875,2827.199951171875,2834.89990234375,2781.550048828125,2801.75,1304663
2022-08-11,2828.90283203125,2834.050048828125,2848.39990234375,2815.10009765625,2841.0,978616
2022-08-12,2859.34765625,2864.550048828125,2871.14990234375,2834.050048828125,2840.0,843025
2022-08-16,2970.4453125,2975.85009765625,2986.0,2871.0,2879.0,1969492
2022-08-17,3003.185546875,3008.64990234375,3028.550048828125,2980.0,2986.0,1510171
2022-08-18,3147.92236328125,3153.64990234375,3186.0,3004.0,3005.0,3502295
2022-08-19,3124.51513671875,3130.199951171875,3258.89990234375,3075.25,3178.0,6109949
2022-08-22,3046.057861328125,3051.60009765625,3191.800048828125,3029.199951171875,3134.0,3473580
2022-08-23,3025.145751953125,3030.64990234375,3074.0,2927.39990234375,3032.64990234375,4169136
2022-08-24,3128.95703125,3134.64990234375,3153.0,2986.0,3038.0,3475387
2022-08-25,3060.781005859375,3066.35009765625,3177.800048828125,3055.699951171875,3167.0,3119494
2022-08-26,3133.84814453125,3139.550048828125,3172.949951171875,3078.0,3080.0,2897602
2022-08-29,3136.892333984375,3142.60009765625,3166.449951171875,3037.85009765625,3055.0,1924984
2022-08-30,3188.548583984375,3194.35009765625,3263.10009765625,3161.0,3165.0,4392183
2022-09-01,3227.378173828125,3233.25,3245.0,3184.39990234375,3200.0,1880363
2022-09-02,3349.705322265625,3355.800048828125,3369.39990234375,3225.0,3261.0,4835905
2022-09-05,3340.47216796875,3346.550048828125,3431.800048828125,3313.0,3374.10009765625,3686950
2022-09-06,3429.56005859375,3435.800048828125,3447.60009765625,3355.0,3370.0,2580772
2022-09-07,3467.441162109375,3473.75,3487.949951171875,3406.10009765625,3435.800048828125,2188110
2022-09-08,3456.51123046875,3462.800048828125,3501.5,3450.0,3499.0,1560414
2022-09-09,3444.931884765625,3451.199951171875,3507.949951171875,3415.14990234375,3479.0,1614634
2022-09-12,3457.50927734375,3463.800048828125,3495.5,3457.89990234375,3465.0,1647756
2022-09-13,3549.34228515625,3555.800048828125,3568.89990234375,3421.300048828125,3478.0,3479669
2022-09-14,3565.612548828125,3572.10009765625,3608.0,3511.0,3518.0,2740337
2022-09-15,3741.891845703125,3748.699951171875,3767.949951171875,3575.0,3590.0,4716688
2022-09-16,3695.47607421875,3702.199951171875,3866.949951171875,3614.60009765625,3755.0,5687429
2022-09-19,3771.787109375,3778.64990234375,3801.949951171875,3680.75,3718.949951171875,3092486
2022-09-20,3827.586181640625,3834.550048828125,3885.0,3812.0,3819.0,3338704
2022-09-21,3633.489013671875,3640.10009765625,3862.800048828125,3571.25,3837.64990234375,6089846
2022-09-22,3709.55078125,3716.300048828125,3735.949951171875,3608.050048828125,3639.0,3490772
2022-09-23,3667.626953125,3674.300048828125,3737.89990234375,3655.0,3732.0,3001474
2022-09-26,3579.686767578125,3586.199951171875,3658.0,3532.0,3646.300048828125,3123908
2022-09-27,3552.635986328125,3559.10009765625,3629.550048828125,3485.85009765625,3596.0,3546332
2022-09-28,3542.304931640625,3548.75,3596.949951171875,3503.0,3528.0,2259832
2022-09-29,3464.396484375,3470.699951171875,3664.75,3443.60009765625,3583.5,15060223
2022-09-30,3449.473876953125,3455.75,3523.800048828125,3371.10009765625,3447.949951171875,4307707
2022-10-03,3151.56591796875,3157.300048828125,3460.050048828125,3110.199951171875,3440.0,7578847
2022-10-04,3231.81982421875,3237.699951171875,3291.199951171875,3125.0,3230.0,5642467
2022-10-06,3279.033935546875,3285.0,3318.800048828125,3208.050048828125,3270.0,2845165
2022-10-07,3271.6474609375,3277.60009765625,3310.949951171875,3228.14990234375,3280.0,1930275
2022-10-10,3240.354248046875,3246.25,3278.75,3214.35009765625,3234.0,1590792
2022-10-11,3268.00390625,3273.949951171875,3338.0,3249.0,3257.550048828125,2544394
2022-10-12,3217.795166015625,3223.64990234375,3297.0,3145.0,3297.0,2972601
2022-10-13,3227.777099609375,3233.64990234375,3262.800048828125,3189.0,3218.0,1840193
2022-10-14,3203.671142578125,3209.5,3305.0,3194.85009765625,3272.0,1344415
2022-10-17,3206.76513671875,3212.60009765625,3235.0,3136.10009765625,3211.0,1985298
2022-10-18,3278.3349609375,3284.300048828125,3298.0,3226.10009765625,3249.0,1635079
2022-10-19,3271.2978515625,3277.25,3310.0,3259.64990234375,3300.0,1396513
2022-10-20,3351.0029296875,3357.10009765625,3365.0,3245.0,3260.0,2211287
2022-10-21,3305.885009765625,3311.89990234375,3382.0,3287.0,3374.89990234375,1120790
2022-10-24,3303.7890625,3309.800048828125,3340.10009765625,3287.39990234375,3325.0,248249
2022-10-25,3294.505615234375,3300.5,3345.0,3294.0,3321.949951171875,879424
2022-10-27,3318.961181640625,3325.0,3355.0,3297.0,3319.85009765625,1106870
2022-10-28,3317.264404296875,3323.300048828125,3387.949951171875,3297.64990234375,3322.0,1323334
2022-10-31,3341.370361328125,3347.449951171875,3360.0,3326.10009765625,3339.949951171875,575722
2022-11-01,3569.205810546875,3575.699951171875,3607.449951171875,3352.0,3361.89990234375,4393335
2022-11-02,3574.19677734375,3580.699951171875,3625.14990234375,3526.0,3580.0,2534755
2022-11-03,3583.87890625,3590.39990234375,3614.699951171875,3542.449951171875,3550.0,1275216
2022-11-04,3826.2880859375,3833.25,3849.800048828125,3566.75,3642.0,6112097
2022-11-07,3953.406982421875,3960.60009765625,4013.699951171875,3820.0,3852.449951171875,5985652
2022-11-09,3989.940185546875,3997.199951171875,4048.0,3943.050048828125,3977.0,3732472
2022-11-10,3984.999267578125,3992.25,4030.0,3962.14990234375,3995.0,2313795
2022-11-11,4001.5693359375,4008.85009765625,4048.949951171875,3975.14990234375,4040.0,1476875
2022-11-14,4015.244384765625,4022.550048828125,4078.0,3990.0,3999.0,1803092
2022-11-15,4050.430419921875,4057.800048828125,4065.0,4022.0,4025.050048828125,1065546
2022-11-16,3949.414306640625,3956.60009765625,4096.0,3863.550048828125,4057.300048828125,3059841
2022-11-17,4010.852294921875,4018.14990234375,4033.0,3900.0,3970.0,2266112
2022-11-18,4012.49951171875,4019.800048828125,4043.0,3984.0,4028.35009765625,1440776
2022-11-21,3994.58203125,4001.85009765625,4019.949951171875,3921.949951171875,4019.949951171875,1492003
2022-11-22,4026.673583984375,4034.0,4056.0,3988.0,4001.85009765625,1705043
2022-11-23,3896.210693359375,3903.300048828125,4061.85009765625,3873.0,4050.0,2861156
2022-11-24,3913.978759765625,3921.10009765625,3935.0,3821.0,3910.0,2797181
2022-11-25,3894.01513671875,3901.10009765625,3949.89990234375,3845.300048828125,3929.0,2506346
2022-11-28,3879.091796875,3886.14990234375,3925.0,3871.39990234375,3899.39990234375,1119166
2022-11-29,3871.356201171875,3878.39990234375,3915.0,3864.050048828125,3885.0,1513444
2022-11-30,3910.784423828125,3917.89990234375,3939.89990234375,3867.0,3897.800048828125,1968428
2022-12-01,3907.989501953125,3915.10009765625,3944.949951171875,3902.449951171875,3937.5,945838
2022-12-02,3915.3759765625,3922.5,3963.800048828125,3885.0,3905.0,1297832
2022-12-05,3923.26171875,3930.39990234375,3939.0,3810.050048828125,3928.89990234375,2392866
2022-12-06,4024.4775390625,4031.800048828125,4057.0,3909.0,3920.0,2962621
2022-12-07,3992.03662109375,3999.300048828125,4057.89990234375,3984.550048828125,4031.0,1257261
2022-12-08,4017.689697265625,4025.0,4045.0,4003.35009765625,4010.0,895075
2022-12-09,3989.541259765625,3996.800048828125,4094.0,3941.5,4044.0,2129800
2022-12-12,4009.405029296875,4016.699951171875,4031.89990234375,3968.75,3997.0,802499
2022-12-13,4052.825927734375,4060.199951171875,4072.0,4011.60009765625,4027.800048828125,1215308
2022-12-14,4048.433837890625,4055.800048828125,4092.050048828125,4040.0,4076.0,1114492
2022-12-15,4036.40576171875,4043.75,4073.050048828125,4025.0,4055.800048828125,866138
2022-12-16,3973.570068359375,3980.800048828125,4047.89990234375,3944.050048828125,4018.89990234375,1598960
2022-12-19,4067.898681640625,4075.300048828125,4104.0,3971.449951171875,3988.0,1643404
2022-12-20,4157.73486328125,4165.2998046875,4172.0,4066.39990234375,4095.0,3778426
2022-12-21,3894.863525390625,3901.949951171875,4190.0,3883.25,4175.0,3585883
2022-12-22,3861.524169921875,3868.550048828125,3948.0,3817.050048828125,3948.0,2879658
2022-12-23,3635.585205078125,3642.199951171875,3848.0,3616.800048828125,3822.0,3036157
2022-12-26,3709.999755859375,3716.75,3744.89990234375,3620.0,3653.0,2162662
2022-12-27,3762.803466796875,3769.64990234375,3797.89990234375,3695.050048828125,3732.449951171875,1804911
2022-12-28,3790.802734375,3797.699951171875,3825.0,3745.0,3756.050048828125,1377950
2022-12-29,3803.679443359375,3810.60009765625,3825.0,3748.10009765625,3790.0,1531692
2022-12-30,3851.34228515625,3858.35009765625,3898.0,3822.050048828125,3829.699951171875,1528747
2023-01-02,3834.2236328125,3841.199951171875,3874.0,3822.550048828125,3870.0,923051
2023-01-03,3823.9921875,3830.949951171875,3852.85009765625,3791.0,3841.89990234375,799905
2023-01-04,3820.099609375,3827.050048828125,3874.949951171875,3803.60009765625,3839.0,1028377
2023-01-05,3822.844482421875,3829.800048828125,3842.39990234375,3756.89990234375,3827.050048828125,997006
2023-01-06,3817.3046875,3824.25,3868.25,3797.050048828125,3829.0,912159
2023-01-09,3848.29833984375,3855.300048828125,3880.0,3811.25,3843.0,753981
2023-01-10,3640.2763671875,3646.89990234375,3862.050048828125,3555.0,3859.0,3595798
2023-01-11,3629.19677734375,3635.800048828125,3664.5,3560.10009765625,3660.0,2226506
2023-01-12,3640.575927734375,3647.199951171875,3679.0,3612.0,3642.5,1199785
2023-01-13,3714.3916015625,3721.14990234375,3736.050048828125,3642.199951171875,3651.199951171875,1364712
2023-01-16,3613.225830078125,3619.800048828125,3739.949951171875,3600.0,3720.0,1863848
2023-01-17,3632.740478515625,3639.35009765625,3649.60009765625,3560.199951171875,3620.0,1668381
2023-01-18,3590.167724609375,3596.699951171875,3648.0,3527.10009765625,3648.0,3652240
2023-01-19,3457.25927734375,3463.550048828125,3537.699951171875,3426.699951171875,3470.0,3696319
2023-01-20,3449.872802734375,3456.14990234375,3477.35009765625,3440.949951171875,3450.0,1510258
2023-01-23,3430.109130859375,3436.35009765625,3460.0,3412.550048828125,3443.050048828125,974857
2023-01-24,3435.748779296875,3442.0,3508.0,3430.0,3447.449951171875,1518123
2023-01-25,3382.795166015625,3388.949951171875,3428.0,3315.0,3422.0,3686439
2023-01-27,2756.4345703125,2761.449951171875,3346.5,2712.0,3335.0,14764368
2023-01-30,2887.59619140625,2892.85009765625,3037.550048828125,2665.0,2850.0,20947906
2023-01-31,2968.498779296875,2973.89990234375,3073.60009765625,2906.0,2980.0,11568020
2023-02-01,2131.47216796875,2135.35009765625,3010.75,1941.199951171875,2995.0,13525314
2023-02-02,1562.4072265625,1565.25,2348.85009765625,1494.75,2348.85009765625,34474080
2023-02-03,1583.9183349609375,1586.800048828125,1679.9000244140625,1017.4500122070312,1490.0,43885579
2023-02-06,1569.8436279296875,1572.699951171875,1615.0,1435.199951171875,1575.0,19308603
2023-02-07,1799.675537109375,1802.949951171875,1962.699951171875,1525.5999755859375,1571.0,19188072
2023-02-08,2160.3193359375,2164.25,2222.14990234375,1840.8499755859375,1869.8499755859375,19173006
2023-02-09,1922.2025146484375,1925.699951171875,2168.0,1731.4000244140625,2168.0,18279862
2023-02-10,1843.5955810546875,1846.949951171875,1990.0,1733.1500244140625,1769.0,11334878
2023-02-13,1714.530517578125,1717.6500244140625,1921.699951171875,1662.25,1850.0,12210940
2023-02-14,1746.522216796875,1749.699951171875,1889.0,1611.3499755859375,1735.0,14579030
2023-02-15,1775.8687744140625,1779.0999755859375,1824.4000244140625,1750.0,1780.0,7636578
2023-02-16,1793.3370361328125,1796.5999755859375,1874.949951171875,1790.0,1820.0,5578515
2023-02-17,1719.5712890625,1722.699951171875,1815.8499755859375,1703.199951171875,1800.0,5392513
2023-02-20,1618.505126953125,1621.449951171875,1685.0,1560.5,1650.0,6762330
2023-02-21,1568.24658203125,1571.0999755859375,1644.449951171875,1561.300048828125,1626.0,5571915
2023-02-22,1402.2984619140625,1404.8499755859375,1560.0,1381.199951171875,1535.0,10606476
2023-02-23,1380.1387939453125,1382.6500244140625,1438.0,1350.0,1380.0,8907540
2023-02-24,1313.2606201171875,1315.6500244140625,1427.0,1261.5999755859375,1410.0,8736727
2023-02-27,1191.3323974609375,1193.5,1313.800048828125,1131.050048828125,1300.0,10271008
2023-02-28,1361.3729248046875,1363.8499755859375,1398.0,1103.75,1145.0,33948366
2023-03-01,1561.4591064453125,1564.300048828125,1580.0,1411.0,1424.0,20114340
2023-03-02,1604.3310546875,1607.25,1646.0,1407.9000244140625,1499.9000244140625,26970925
2023-03-03,1876.08642578125,1879.5,1905.949951171875,1685.5,1688.8499755859375,22888891
2023-03-06,1979.2987060546875,1982.9000244140625,2135.0,1855.0,1966.699951171875,27180456
2023-03-08,2035.9456787109375,2039.6500244140625,2088.0,1941.0,2040.0,13568243
2023-03-09,1949.6029052734375,1953.1500244140625,2068.85009765625,1905.3499755859375,2049.800048828125,12627794
2023-03-10,1892.756103515625,1896.199951171875,1940.0,1820.5999755859375,1870.0,9419942
2023-03-13,1870.995849609375,1874.4000244140625,1985.0,1857.4000244140625,1917.0,7572604
2023-03-14,1735.0430908203125,1738.199951171875,1874.8499755859375,1651.3499755859375,1874.0,12679663
2023-03-15,1835.6600341796875,1839.0,1891.449951171875,1728.0999755859375,1760.9000244140625,12296703
2023-03-16,1840.4515380859375,1843.800048828125,1875.0,1795.0,1861.0,6509495
2023-03-17,1873.1419677734375,1876.550048828125,1918.8499755859375,1845.0,1901.0,5969594
2023-03-20,1801.671875,1804.949951171875,1849.949951171875,1777.4000244140625,1837.0,5168139
2023-03-21,1820.936767578125,1824.25,1861.0,1804.949951171875,1836.949951171875,4094018
2023-03-22,1812.1029052734375,1815.4000244140625,1850.0,1806.1500244140625,1834.0,3248124
2023-03-23,1790.7418212890625,1794.0,1834.0,1780.0,1794.0,4108804
2023-03-24,1737.4886474609375,1740.6500244140625,1823.0,1695.25,1796.0,6187968
2023-03-27,1719.920654296875,1723.050048828125,1757.4000244140625,1682.0,1740.6500244140625,5053055
2023-03-28,1597.942626953125,1600.8499755859375,1733.0,1573.0,1727.949951171875,8144878
2023-03-29,1737.2391357421875,1740.4000244140625,1756.0,1591.0999755859375,1602.949951171875,9332702
2023-03-31,1747.2708740234375,1750.449951171875,1825.0,1740.0,1788.0,4893249
2023-04-03,1714.3306884765625,1717.449951171875,1754.949951171875,1695.5,1750.449951171875,3445796
2023-04-05,1694.9161376953125,1698.0,1737.949951171875,1671.550048828125,1717.449951171875,3690559
2023-04-06,1750.8643798828125,1754.050048828125,1793.6500244140625,1688.1500244140625,1705.0,6012473
2023-04-10,1793.9859619140625,1797.25,1812.699951171875,1760.5999755859375,1774.0,4197975
2023-04-11,1799.875244140625,1803.1500244140625,1829.0,1792.8499755859375,1810.0,2883672
2023-04-12,1843.8951416015625,1847.25,1858.75,1797.050048828125,1814.0,4809035
2023-04-13,1867.352294921875,1870.75,1885.0,1826.050048828125,1855.0,3402280
2023-04-17,1875.337890625,1878.75,1904.9000244140625,1847.0,1870.75,2983032
2023-04-18,1847.5882568359375,1850.949951171875,1902.75,1830.0,1892.0,2542401
2023-04-19,1850.483154296875,1853.8499755859375,1877.699951171875,1835.0,1847.0,2455884
2023-04-20,1839.552978515625,1842.9000244140625,1878.9000244140625,1836.8499755859375,1855.0,2016823
2023-04-21,1799.725341796875,1803.0,1853.25,1796.050048828125,1846.0,2090833
2023-04-24,1798.6773681640625,1801.949951171875,1817.4000244140625,1775.800048828125,1804.0,1963582
2023-04-25,1841.2498779296875,1844.5999755859375,1913.75,1801.800048828125,1806.0,5364841
2023-04-26,1844.5439453125,1847.9000244140625,1874.0,1826.4000244140625,1854.0,2422711
2023-04-27,1849.6845703125,1853.050048828125,1864.949951171875,1832.550048828125,1848.0,1782360
2023-04-28,1921.4539794921875,1924.949951171875,1944.0,1857.1500244140625,1868.050048828125,6159130
2023-05-02,1916.363037109375,1919.8499755859375,1966.0,1908.0,1935.0,3813963
2023-05-03,1835.6600341796875,1839.0,1940.0,1785.3499755859375,1919.0,5849432
2023-05-04,1907.77880859375,1911.25,1935.0,1839.050048828125,1839.050048828125,4842127
2023-05-05,1916.8125,1920.300048828125,1955.0,1903.1500244140625,1954.800048828125,6137744
2023-05-08,1884.072021484375,1887.5,1926.9000244140625,1876.0,1920.300048828125,2835197
2023-05-09,1892.6563720703125,1896.0999755859375,1930.0,1889.0999755859375,1900.0,2700563
2023-05-10,1888.713623046875,1892.1500244140625,1914.9000244140625,1883.949951171875,1899.0,1970906
2023-05-11,1981.0455322265625,1984.6500244140625,2013.75,1910.0,1925.0,8835941
2023-05-12,1961.1317138671875,1964.699951171875,2010.0,1946.550048828125,2009.0,3816201
2023-05-15,1912.570068359375,1916.050048828125,1964.699951171875,1880.0,1959.9000244140625,4836782
2023-05-16,1885.7191162109375,1889.1500244140625,1935.0,1881.0,1927.0,3058799
2023-05-17,1896.0501708984375,1899.5,1919.949951171875,1857.75,1900.0,3632797
2023-05-18,1886.5675048828125,1890.0,1924.0,1877.199951171875,1910.050048828125,2437396
2023-05-19,1952.4974365234375,1956.050048828125,1983.0,1872.0999755859375,1888.0,7541150
2023-05-22,2321.87548828125,2326.10009765625,2347.0,1983.4000244140625,2010.0,26311368
2023-05-23,2628.916748046875,2633.699951171875,2759.449951171875,2400.0,2410.89990234375,28432888
2023-05-24,2471.10400390625,2475.60009765625,2750.0,2425.35009765625,2709.0,23465761
2023-05-25,2532.841552734375,2537.449951171875,2558.800048828125,2386.64990234375,2440.0,8434009
2023-05-26,2539.729248046875,2544.35009765625,2599.949951171875,2535.14990234375,2565.0,3963515
2023-05-29,2529.447509765625,2534.050048828125,2583.5,2523.0,2570.0,2779432
2023-05-30,2491.916015625,2496.449951171875,2554.14990234375,2475.14990234375,2529.300048828125,1736953
2023-05-31,2488.822021484375,2493.35009765625,2573.0,2428.0,2482.0,4268439
2023-06-01,2487.62353515625,2492.14990234375,2560.0,2485.300048828125,2499.89990234375,1704946
2023-06-02,2440.609619140625,2445.050048828125,2538.89990234375,2425.0,2535.0,5543791
2023-06-05,2429.529541015625,2433.949951171875,2514.0,2428.0,2463.199951171875,2956768
2023-06-06,2429.22998046875,2433.64990234375,2506.949951171875,2425.89990234375,2475.0,6473608
2023-06-07,2435.119384765625,2439.550048828125,2466.949951171875,2435.0,2453.0,2522516
2023-06-08,2424.738037109375,2429.14990234375,2475.89990234375,2369.050048828125,2450.0,3781621
2023-06-09,2446.697998046875,2451.14990234375,2458.89990234375,2428.0,2447.949951171875,1948506
2023-06-12,2480.287109375,2484.800048828125,2505.0,2432.60009765625,2460.0,2804898
2023-06-13,2458.07763671875,2462.550048828125,2505.0,2442.199951171875,2499.0,2210990
2023-06-14,2452.6875,2457.14990234375,2484.800048828125,2452.35009765625,2469.89990234375,1364403
2023-06-15,2481.135498046875,2485.64990234375,2527.0,2462.89990234375,2469.0,3744029
2023-06-16,2505.04248046875,2509.60009765625,2526.89990234375,2487.39990234375,2499.199951171875,7999982
2023-06-19,2397.03857421875,2401.39990234375,2521.60009765625,2350.0,2504.0,11475674
2023-06-20,2410.4140625,2414.800048828125,2435.0,2390.0,2435.0,2479711
2023-06-21,2401.580322265625,2405.949951171875,2440.0,2393.10009765625,2426.699951171875,7418013
2023-06-22,2392.896240234375,2397.25,2449.949951171875,2360.0,2425.10009765625,8459191
2023-06-23,2229.493408203125,2233.550048828125,2392.300048828125,2163.300048828125,2392.300048828125,15213238
2023-06-26,2291.430908203125,2295.60009765625,2336.449951171875,2173.050048828125,2210.050048828125,7847341
2023-06-27,2280.301025390625,2284.449951171875,2343.85009765625,2271.0,2328.949951171875,3361053
2023-06-28,2397.6376953125,2402.0,2418.60009765625,2293.85009765625,2300.0,28353193
2023-06-30,2383.712646484375,2388.050048828125,2437.949951171875,2350.0,2437.949951171875,5125497
2023-07-03,2381.167236328125,2385.5,2417.85009765625,2373.199951171875,2405.0,2662358
2023-07-04,2383.363525390625,2387.699951171875,2414.0,2373.050048828125,2397.0,2308684
2023-07-05,2394.79248046875,2399.14990234375,2412.050048828125,2374.0,2391.0,2198481
2023-07-06,2398.53564453125,2402.89990234375,2427.60009765625,2390.0,2399.14990234375,2476366
2023-07-07,2376.428955078125,2379.60009765625,2409.949951171875,2368.10009765625,2395.0,1823645
2023-07-10,2407.0380859375,2410.25,2462.699951171875,2355.0,2392.800048828125,3771285
2023-07-11,2419.671142578125,2422.89990234375,2444.949951171875,2388.0,2423.75,2247776
2023-07-12,2384.7177734375,2387.89990234375,2432.0,2380.449951171875,2429.89990234375,1445282
2023-07-13,2358.90234375,2362.050048828125,2405.699951171875,2355.550048828125,2397.0,1247741
2023-07-14,2372.933349609375,2376.10009765625,2385.0,2340.0,2375.0,1353535
2023-07-17,2405.34033203125,2408.550048828125,2459.5,2391.300048828125,2399.89990234375,3090373
2023-07-18,2413.67919921875,2416.89990234375,2510.0,2405.199951171875,2415.0,5978272
2023-07-19,2420.52001953125,2423.75,2443.0,2416.89990234375,2428.64990234375,1637260
2023-07-20,2416.525146484375,2419.75,2433.89990234375,2400.0,2428.949951171875,1564275
2023-07-21,2413.080078125,2416.300048828125,2457.85009765625,2395.300048828125,2410.0,2280563
2023-07-24,2414.977294921875,2418.199951171875,2439.39990234375,2412.050048828125,2430.0,1113193
2023-07-25,2463.36279296875,2466.64990234375,2479.0,2416.0,2428.0,3017555
2023-07-26,2467.457275390625,2470.75,2506.0,2446.0,2472.449951171875,4021773
2023-07-27,2425.163818359375,2428.39990234375,2485.0,2415.0,2470.75,2243944
2023-07-28,2459.91748046875,2463.199951171875,2481.64990234375,2431.10009765625,2437.0,2339800
2023-07-31,2488.878662109375,2492.199951171875,2518.0,2467.0,2477.0,3359974
2023-08-01,2477.79345703125,2481.10009765625,2514.0,2455.25,2504.85009765625,1575727
2023-08-02,2470.253662109375,2473.550048828125,2514.0,2451.0,2493.0,2506971
2023-08-03,2529.22509765625,2532.60009765625,2550.0,2462.0,2469.89990234375,4720470
2023-08-04,2538.41259765625,2541.800048828125,2557.89990234375,2502.0,2545.300048828125,3294056
2023-08-07,2547.10107421875,2550.5,2569.0,2516.39990234375,2550.949951171875,4684333
2023-08-08,2471.25244140625,2474.550048828125,2563.25,2461.300048828125,2563.25,6127920
2023-08-09,2503.75927734375,2507.10009765625,2516.89990234375,2472.0,2488.35009765625,5781400
2023-08-10,2548.99853515625,2552.39990234375,2577.5,2510.0,2510.0,8140756
2023-08-11,2536.11572265625,2539.5,2568.14990234375,2518.199951171875,2550.050048828125,7157372
2023-08-14,2452.726806640625,2456.0,2484.949951171875,2400.050048828125,2480.0,9786919
2023-08-16,2441.841796875,2445.10009765625,2465.0,2420.0,2450.0,7084828
2023-08-17,2476.395263671875,2479.699951171875,2487.199951171875,2442.050048828125,2454.949951171875,7769452
2023-08-18,2573.965087890625,2577.39990234375,2665.949951171875,2461.300048828125,2477.5,14679923
2023-08-21,2636.232177734375,2639.75,2655.0,2580.5,2588.0,10479200
2023-08-22,2694.454345703125,2698.050048828125,2721.0,2654.10009765625,2668.85009765625,10291468
2023-08-23,2526.927978515625,2530.300048828125,2722.39990234375,2488.85009765625,2720.0,5251316
2023-08-24,2536.165771484375,2539.550048828125,2613.0,2531.10009765625,2580.0,4558367
2023-08-25,2492.424072265625,2495.75,2549.0,2486.0,2549.0,2808721
2023-08-28,2469.155029296875,2472.449951171875,2582.0,2455.64990234375,2550.0,4457038
2023-08-29,2503.10986328125,2506.449951171875,2536.64990234375,2445.0,2472.10009765625,4802150
2023-08-30,2509.751220703125,2513.10009765625,2543.0,2492.39990234375,2517.0,6484593
2023-08-31,2416.02587890625,2419.25,2489.949951171875,2383.75,2449.949951171875,6230369
2023-09-01,2446.784912109375,2450.050048828125,2465.550048828125,2380.0,2381.0,6764397
2023-09-04,2467.3076171875,2470.60009765625,2480.0,2450.050048828125,2454.0,5998454
2023-09-05,2490.726318359375,2494.050048828125,2501.39990234375,2464.0,2482.0,6489319
2023-09-06,2493.173095703125,2496.5,2504.0,2471.0,2494.050048828125,7416248
2023-09-07,2506.15576171875,2509.5,2520.0,2485.0,2498.0,4298988
2023-09-08,2515.942626953125,2519.300048828125,2538.60009765625,2506.10009765625,2513.800048828125,5640973
2023-09-11,2611.465087890625,2614.949951171875,2630.25,2546.0,2565.0,9148241
2023-09-12,2532.32080078125,2535.699951171875,2626.60009765625,2530.0,2622.449951171875,5658774
2023-09-13,2515.543212890625,2518.89990234375,2566.949951171875,2496.0,2545.699951171875,1780068
2023-09-14,2516.44189453125,2519.800048828125,2545.0,2506.050048828125,2541.85009765625,1218481
2023-09-15,2536.6650390625,2540.050048828125,2558.0,2514.199951171875,2519.800048828125,1547001
2023-09-18,2499.114990234375,2502.449951171875,2555.0,2491.0,2552.0,861677
2023-09-20,2467.0078125,2470.300048828125,2533.64990234375,2458.89990234375,2502.39990234375,1203019
2023-09-21,2475.946044921875,2479.25,2503.800048828125,2461.0,2479.800048828125,1279908
2023-09-22,2461.614990234375,2464.89990234375,2498.0,2460.0,2489.949951171875,865589
2023-09-25,2478.792236328125,2482.10009765625,2489.0,2424.0,2479.949951171875,1216898
2023-09-26,2454.67431640625,2457.949951171875,2499.0,2452.60009765625,2491.0,698863
2023-09-27,2479.99072265625,2483.300048828125,2498.0,2445.10009765625,2460.0,1077373
2023-09-28,2471.951416015625,2475.25,2511.0,2446.699951171875,2489.949951171875,2225560
2023-09-29,2410.68310546875,2413.89990234375,2479.550048828125,2405.050048828125,2462.050048828125,1689201
2023-10-03,2384.068603515625,2387.25,2424.89990234375,2372.0,2418.0,2019899
2023-10-04,2461.6650390625,2464.949951171875,2502.75,2392.25,2402.199951171875,2857377
2023-10-05,2463.063232421875,2466.35009765625,2486.5,2446.39990234375,2477.949951171875,1132455
2023-10-06,2474.7978515625,2478.10009765625,2514.949951171875,2466.050048828125,2466.35009765625,1510035
2023-10-09,2439.34521484375,2442.60009765625,2459.699951171875,2411.300048828125,2440.0,1408224
2023-10-10,2494.970947265625,2498.300048828125,2517.949951171875,2443.0,2443.0,1771910
2023-10-11,2485.283447265625,2488.60009765625,2538.0,2482.5,2533.89990234375,1627836
2023-10-12,2503.010009765625,2506.35009765625,2521.75,2490.64990234375,2499.89990234375,1804818
2023-10-13,2451.279052734375,2454.550048828125,2495.0,2422.35009765625,2488.89990234375,2278682
2023-10-16,2426.112548828125,2429.35009765625,2464.699951171875,2421.85009765625,2454.550048828125,803856
2023-10-17,2425.163818359375,2428.39990234375,2462.0,2423.5,2459.949951171875,707543
2023-10-18,2403.143310546875,2406.35009765625,2441.75,2401.050048828125,2440.0,776977
2023-10-19,2398.998779296875,2402.199951171875,2414.699951171875,2382.550048828125,2400.0,1168822
2023-10-20,2390.56005859375,2393.75,2443.949951171875,2382.050048828125,2398.050048828125,1240350
2023-10-23,2305.5732421875,2308.64990234375,2412.35009765625,2301.800048828125,2397.800048828125,1483549
2023-10-25,2253.9921875,2257.0,2348.050048828125,2235.300048828125,2320.0,1540819
2023-10-26,2200.263671875,2203.199951171875,2249.0,2167.050048828125,2249.0,2226073
2023-10-27,2258.685791015625,2261.699951171875,2275.0,2212.0,2222.0,1244293
2023-10-30,2296.036376953125,2299.10009765625,2305.0,2250.0,2260.050048828125,996448
2023-10-31,2291.592041015625,2294.64990234375,2320.0,2276.0,2320.0,1155280
2023-11-01,2214.34521484375,2217.300048828125,2312.25,2207.0,2299.0,1666579
2023-11-02,2212.347900390625,2215.300048828125,2297.949951171875,2204.199951171875,2247.0,2340997
2023-11-03,2226.87841796875,2229.85009765625,2279.0,2215.0,2215.300048828125,1853300
2023-11-06,2243.0068359375,2246.0,2260.0,2233.0,2253.949951171875,770061
2023-11-07,2230.373779296875,2233.35009765625,2260.0,2226.64990234375,2257.0,641554
2023-11-08,2256.938232421875,2259.949951171875,2298.0,2235.0,2245.300048828125,1169180
2023-11-09,2211.69873046875,2214.64990234375,2272.60009765625,2210.10009765625,2269.0,1267890
2023-11-10,2202.161376953125,2205.10009765625,2237.0,2198.5,2220.25,1072597
2023-11-13,2210.69970703125,2213.64990234375,2241.89990234375,2195.550048828125,2215.5,853633
2023-11-15,2222.434326171875,2225.39990234375,2250.0,2220.5,2240.0,696475
2023-11-16,2202.96044921875,2205.89990234375,2232.800048828125,2196.10009765625,2226.0,1307584
2023-11-17,2205.8564453125,2208.800048828125,2237.949951171875,2201.0,2205.89990234375,916518
2023-11-20,2146.98486328125,2149.85009765625,2218.5,2142.0,2211.0,1577213
2023-11-21,2193.72265625,2196.64990234375,2232.550048828125,2158.35009765625,2160.0,1839502
2023-11-22,2169.75439453125,2172.64990234375,2225.0,2153.5,2205.14990234375,1247205
2023-11-23,2172.351318359375,2175.25,2190.0,2160.60009765625,2190.0,729114
2023-11-24,2222.484130859375,2225.449951171875,2251.949951171875,2160.89990234375,2179.0,1946259
2023-11-28,2420.270263671875,2423.5,2512.39990234375,2275.0,2301.0,11972275
2023-11-29,2393.40625,2396.60009765625,2477.64990234375,2390.0,2468.699951171875,4561574
2023-11-30,2355.40673828125,2358.550048828125,2409.0,2343.050048828125,2400.050048828125,2983879
2023-12-01,2359.551513671875,2362.699951171875,2403.35009765625,2354.10009765625,2370.0,1792983
2023-12-04,2527.826904296875,2531.199951171875,2595.0,2487.449951171875,2549.949951171875,5681516
2023-12-05,2955.406494140625,2959.35009765625,2999.89990234375,2531.199951171875,2531.199951171875,22879079
2023-12-06,2880.1064453125,2883.949951171875,3154.550048828125,2844.85009765625,3080.0,19355777
2023-12-07,2883.302490234375,2887.14990234375,2945.89990234375,2853.050048828125,2900.0,6325887
2023-12-08,2818.388916015625,2822.14990234375,2927.0,2760.0,2902.699951171875,6959428
2023-12-11,2851.994140625,2855.800048828125,2919.89990234375,2811.050048828125,2837.050048828125,5064123
2023-12-12,2853.841796875,2857.64990234375,2895.949951171875,2840.550048828125,2869.10009765625,2017772
2023-12-13,2871.21875,2875.050048828125,2899.10009765625,2805.0,2860.0,2805832
2023-12-14,2890.193359375,2894.050048828125,2932.949951171875,2887.0,2900.949951171875,3224681
2023-12-15,2987.81298828125,2991.800048828125,3000.0,2893.89990234375,2912.050048828125,4921484
2023-12-18,2976.628173828125,2980.60009765625,3027.75,2961.10009765625,2993.949951171875,2315922
2023-12-19,2937.33056640625,2941.25,2994.35009765625,2915.0,2988.800048828125,1741493
2023-12-20,2780.14013671875,2783.85009765625,2968.0,2766.199951171875,2946.0,3417739
2023-12-21,2796.018798828125,2799.75,2821.949951171875,2725.0,2750.0,2678577
2023-12-22,2804.607666015625,2808.35009765625,2847.60009765625,2791.39990234375,2815.949951171875,1513956
2023-12-26,2861.63134765625,2865.449951171875,2893.75,2800.10009765625,2817.0,2048484
2023-12-27,2839.56103515625,2843.35009765625,2894.800048828125,2833.60009765625,2880.699951171875,1698325
2023-12-28,2806.1552734375,2809.89990234375,2867.35009765625,2800.10009765625,2855.0,4102912
2023-12-29,2845.153076171875,2848.949951171875,2863.300048828125,2802.85009765625,2823.89990234375,1507086
2024-01-01,2913.3125,2917.199951171875,2947.0,2842.050048828125,2852.300048828125,2898619
2024-01-02,2928.4921875,2932.39990234375,2948.199951171875,2841.0,2922.0,2671368
2024-01-03,2998.998291015625,3003.0,3199.0,2955.60009765625,3047.0,19725411
2024-01-04,2994.30419921875,2998.300048828125,3044.449951171875,2990.0,3039.39990234375,2975620
2024-01-05,3002.59326171875,3006.60009765625,3066.89990234375,2981.10009765625,3009.949951171875,3219949
2024-01-08,2959.55078125,2963.5,3027.0,2952.949951171875,3020.0,1849061
2024-01-09,3010.58251953125,3014.60009765625,3068.800048828125,2980.0,2990.699951171875,2885706
2024-01-10,3094.0712890625,3098.199951171875,3112.0,3020.050048828125,3024.0,3590297
2024-01-11,3076.794189453125,3080.89990234375,3129.0,3065.0,3120.0,2008103
2024-01-12,3099.963623046875,3104.10009765625,3125.0,3068.199951171875,3096.35009765625,1795933
2024-01-15,3085.382568359375,3089.5,3130.0,3067.449951171875,3127.0,1407007
2024-01-16,3052.4267578125,3056.5,3104.5,3035.0,3095.0,2515564
2024-01-17,2967.090576171875,2971.050048828125,3045.0,2946.300048828125,3033.0,2897218
2024-01-18,2915.009765625,2918.89990234375,2985.0,2885.10009765625,2975.550048828125,2552342
2024-01-19,2911.764404296875,2915.64990234375,2949.449951171875,2903.050048828125,2945.35009765625,2014096
2024-01-23,2892.68994140625,2896.550048828125,3014.949951171875,2885.5,3014.949951171875,1827002
2024-01-24,2899.580810546875,2903.449951171875,2929.10009765625,2871.25,2901.0,5807940
2024-01-25,2889.744140625,2893.60009765625,2926.35009765625,2804.39990234375,2903.449951171875,2601969
2024-01-29,3060.56591796875,3064.64990234375,3092.699951171875,2923.050048828125,2929.0,4402976
2024-01-30,3086.98095703125,3091.10009765625,3129.89990234375,3020.89990234375,3081.0,3115506
2024-01-31,3137.812744140625,3142.0,3151.699951171875,3072.39990234375,3092.75,2671051
2024-02-01,3149.29736328125,3153.5,3236.949951171875,3083.050048828125,3156.89990234375,4686595
2024-02-02,3153.241943359375,3157.449951171875,3208.5,3140.0,3184.949951171875,2708695
2024-02-05,3169.220947265625,3173.449951171875,3229.39990234375,3151.449951171875,3170.0,2191195
2024-02-06,3199.48046875,3203.75,3228.199951171875,3160.0,3183.89990234375,2078891
2024-02-07,3225.5458984375,3229.85009765625,3277.949951171875,3210.0,3220.050048828125,2095911
2024-02-08,3164.377685546875,3168.60009765625,3245.60009765625,3146.10009765625,3245.60009765625,1679004
2024-02-09,3210.915283203125,3215.199951171875,3224.949951171875,3121.199951171875,3184.449951171875,1572789
2024-02-12,3165.52587890625,3169.75,3241.949951171875,3160.0,3229.0,1083138
2024-02-13,3174.21435546875,3178.449951171875,3194.0,3092.050048828125,3180.0,1225207
2024-02-14,3202.92578125,3207.199951171875,3255.25,3169.85009765625,3184.0,1741264
2024-02-15,3189.5439453125,3193.800048828125,3252.75,3184.050048828125,3219.85009765625,2035204
2024-02-16,3219.30419921875,3223.60009765625,3252.300048828125,3192.64990234375,3214.0,2193673
2024-02-19,3254.457275390625,3258.800048828125,3308.60009765625,3235.800048828125,3240.0,1779444
2024-02-20,3224.297607421875,3228.60009765625,3269.800048828125,3210.14990234375,3267.0,1467630
2024-02-21,3218.904541015625,3223.199951171875,3300.0,3205.0,3238.0,1657021
2024-02-22,3258.701416015625,3263.050048828125,3274.0,3210.5,3239.0,1138722
2024-02-23,3268.937744140625,3273.300048828125,3319.949951171875,3225.10009765625,3263.050048828125,1975035
2024-02-26,3323.3154296875,3327.75,3344.0,3263.0,3272.0,1695378
2024-02-27,3297.899169921875,3302.300048828125,3340.0,3273.0,3339.0,1125570
2024-02-28,3214.710205078125,3219.0,3318.800048828125,3207.5,3309.199951171875,1358879
2024-02-29,3281.021728515625,3285.39990234375,3304.75,3205.35009765625,3220.050048828125,1352988
2024-03-01,3314.3271484375,3318.75,3346.0,3281.800048828125,3309.85009765625,1161067
2024-03-04,3312.729248046875,3317.14990234375,3350.0,3310.050048828125,3335.0,1061244
2024-03-05,3305.78857421875,3310.199951171875,3334.0,3295.050048828125,3325.300048828125,1190416
2024-03-06,3229.64013671875,3233.949951171875,3323.0,3183.14990234375,3323.0,1935203
2024-03-07,3222.250244140625,3226.550048828125,3262.0,3220.0,3240.0,856328
2024-03-11,3203.075927734375,3207.35009765625,3259.0,3200.0,3241.199951171875,738851
2024-03-12,3118.338623046875,3122.5,3222.699951171875,3111.0,3207.35009765625,1199487
2024-03-13,2902.3271484375,2906.199951171875,3138.050048828125,2850.14990234375,3125.0,3407040
2024-03-14,3083.33544921875,3087.449951171875,3101.199951171875,2880.0,2927.449951171875,3759100
2024-03-15,3128.02587890625,3132.199951171875,3143.39990234375,3061.25,3111.0,2199094
2024-03-18,3107.603271484375,3111.75,3124.0,2976.050048828125,3050.10009765625,3042515
2024-03-19,3048.6318359375,3052.699951171875,3164.800048828125,3041.85009765625,3126.0,1460452
2024-03-20,3047.38330078125,3051.449951171875,3083.199951171875,3021.10009765625,3075.0,966481
2024-03-21,3062.41357421875,3066.5,3107.10009765625,3059.60009765625,3089.550048828125,1175751
2024-03-22,3103.558349609375,3107.699951171875,3128.949951171875,3048.050048828125,3066.550048828125,951557
2024-03-26,3105.805419921875,3109.949951171875,3171.949951171875,3089.10009765625,3100.5,937103
2024-03-27,3117.939453125,3122.10009765625,3138.449951171875,3106.25,3115.0,900231
2024-03-28,3192.839599609375,3197.10009765625,3237.0,3096.75,3134.0,2327053
2024-04-01,3247.76611328125,3252.10009765625,3291.800048828125,3207.85009765625,3230.199951171875,1292646
2024-04-02,3264.39404296875,3268.75,3285.0,3240.0,3258.949951171875,868829
2024-04-03,3229.140869140625,3233.449951171875,3260.14990234375,3222.0,3250.0,1153109
2024-04-04,3206.521240234375,3210.800048828125,3273.0,3201.699951171875,3250.0,1403826
2024-04-05,3220.502685546875,3224.800048828125,3234.0,3178.949951171875,3211.10009765625,755607
2024-04-08,3220.252685546875,3224.550048828125,3243.5,3197.199951171875,3240.949951171875,577440
2024-04-09,3194.1875,3198.449951171875,3251.0,3185.0,3240.699951171875,833679
2024-04-10,3237.6796875,3242.0,3254.60009765625,3192.5,3200.0,1441138
2024-04-12,3205.6220703125,3209.89990234375,3247.5,3205.300048828125,3210.0,705173
2024-04-15,3143.25537109375,3147.449951171875,3180.300048828125,3103.199951171875,3150.0,1035378
2024-04-16,3102.26025390625,3106.39990234375,3149.199951171875,3100.0,3101.0,1134184
2024-04-18,3015.276611328125,3019.300048828125,3145.0,3008.300048828125,3125.14990234375,1703646
2024-04-19,3022.916015625,3026.949951171875,3057.050048828125,2962.5,3000.0,1727317
2024-04-22,3059.267578125,3063.35009765625,3077.5,3025.0,3053.0,993929
2024-04-23,3061.015380859375,3065.10009765625,3091.0,3043.10009765625,3059.0,1654272
2024-04-24,3039.494140625,3043.550048828125,3087.85009765625,3040.0,3071.949951171875,605917
2024-04-25,3111.098388671875,3115.25,3120.89990234375,3025.64990234375,3050.0,1515529
2024-04-26,3076.294921875,3080.39990234375,3129.89990234375,3066.050048828125,3119.89990234375,662764
2024-04-29,3077.093994140625,3081.199951171875,3110.5,3051.5,3110.0,648544
2024-04-30,3050.629150390625,3054.699951171875,3108.449951171875,3045.0,3094.0,804552
2024-05-02,3035.54931640625,3039.60009765625,3119.85009765625,3015.050048828125,3071.949951171875,2219085
2024-05-03,2989.260986328125,2993.25,3045.0,2975.10009765625,3030.0,1472168
2024-05-06,2870.81884765625,2874.64990234375,3000.199951171875,2850.0,2993.25,2377944
2024-05-07,2832.170654296875,2835.949951171875,2905.35009765625,2822.0,2889.949951171875,1262311
2024-05-08,2856.738037109375,2860.550048828125,2890.89990234375,2820.0,2850.0,951411
2024-05-09,2762.962890625,2766.64990234375,2883.64990234375,2756.0,2864.800048828125,1485510
2024-05-10,2793.522216796875,2797.25,2809.0,2760.449951171875,2794.949951171875,2354794
2024-05-13,2875.762451171875,2879.60009765625,2890.0,2790.5,2803.0,3784373
2024-05-14,3033.501953125,3037.550048828125,3046.0,2874.550048828125,2894.949951171875,5725807
2024-05-15,3045.685791015625,3049.75,3118.85009765625,3037.60009765625,3046.75,1688836
2024-05-16,3037.596435546875,3041.64990234375,3076.949951171875,2974.949951171875,3065.0,1835312
2024-05-17,3056.421630859375,3060.5,3091.0,3015.5,3041.050048828125,825436
2024-05-21,3113.34521484375,3117.5,3175.0,3034.5,3067.89990234375,3091659
2024-05-22,3136.76416015625,3140.949951171875,3145.0,3073.5,3129.949951171875,3371077
2024-05-23,3382.7861328125,3387.300048828125,3406.0,3135.550048828125,3156.699951171875,6979082
2024-05-24,3380.43896484375,3384.949951171875,3457.85009765625,3355.60009765625,3406.0,3473668
2024-05-27,3284.6669921875,3289.050048828125,3358.0,3267.050048828125,3358.0,2582485
2024-05-28,3239.72705078125,3244.050048828125,3329.5,3229.050048828125,3309.64990234375,1621168
2024-05-29,3254.457275390625,3258.800048828125,3322.89990234375,3212.0,3250.0,1910729
2024-05-30,3189.993408203125,3194.25,3274.300048828125,3174.5,3254.0,1990208
2024-05-31,3406.803955078125,3411.35009765625,3434.449951171875,3225.25,3225.25,6384589
2024-06-03,3640.392333984375,3645.25,3743.89990234375,3586.050048828125,3725.0,8511359
2024-06-04,2937.33056640625,2941.25,3520.0,2733.949951171875,3520.0,20306909
2024-06-05,3111.198486328125,3115.35009765625,3150.0,2750.0,3030.0,8778345
2024-06-06,3181.404541015625,3185.64990234375,3222.39990234375,3137.14990234375,3184.0,5873271
2024-06-07,3215.259521484375,3219.550048828125,3233.75,3151.60009765625,3170.39990234375,4740455
2024-06-10,3215.808837890625,3220.10009765625,3284.39990234375,3205.5,3267.0,4935698
2024-06-11,3216.957275390625,3221.25,3265.0,3195.050048828125,3224.0,4173692
2024-06-12,3214.76025390625,3219.050048828125,3245.0,3208.0,3224.89990234375,3022477
2024-06-13,3220.502685546875,3224.800048828125,3254.0,3207.25,3230.0,3202978
2024-06-14,3258.6767578125,3261.75,3275.0,3221.10009765625,3225.0,4224855
2024-06-18,3305.932373046875,3309.050048828125,3345.0,3287.199951171875,3310.0,1755612
2024-06-19,3258.82666015625,3261.89990234375,3314.0,3226.300048828125,3314.0,1419264
2024-06-20,3256.37890625,3259.449951171875,3315.0,3240.0,3263.89990234375,1366545
2024-06-21,3186.295166015625,3189.300048828125,3277.10009765625,3176.39990234375,3265.050048828125,4697655
2024-06-24,3191.590087890625,3194.60009765625,3214.800048828125,3135.0,3185.75,3261647
2024-06-25,3168.1123046875,3171.10009765625,3208.449951171875,3156.35009765625,3204.75,1694962
2024-06-26,3167.5126953125,3170.5,3187.699951171875,3163.89990234375,3169.050048828125,2142889
2024-06-27,3172.158447265625,3175.14990234375,3202.25,3150.0,3177.0,5114980
2024-06-28,3174.156494140625,3177.14990234375,3211.949951171875,3157.0,3190.0,960905
2024-07-01,3180.80029296875,3183.800048828125,3193.14990234375,3157.550048828125,3179.949951171875,832170
2024-07-02,3150.22900390625,3153.199951171875,3207.800048828125,3131.050048828125,3179.85009765625,1490844
2024-07-03,3187.943603515625,3190.949951171875,3194.550048828125,3147.75,3158.0,1152522
2024-07-04,3141.28759765625,3144.25,3194.449951171875,3138.050048828125,3192.0,1055391
2024-07-05,3144.933837890625,3147.89990234375,3158.550048828125,3123.949951171875,3143.89990234375,663988
2024-07-08,3110.66650390625,3113.60009765625,3158.199951171875,3075.0,3147.89990234375,1155112
2024-07-09,3107.819091796875,3110.75,3158.0,3100.5,3115.949951171875,922403
2024-07-10,3093.0830078125,3096.0,3127.25,3063.39990234375,3120.10009765625,586710
2024-07-11,3075.399658203125,3078.300048828125,3129.800048828125,3074.10009765625,3118.699951171875,899781
2024-07-12,3062.561767578125,3065.449951171875,3098.800048828125,3058.35009765625,3090.0,756036
2024-07-15,3087.48828125,3090.39990234375,3103.5,3058.35009765625,3066.10009765625,724171
2024-07-16,3106.37060546875,3109.300048828125,3137.75,3096.10009765625,3110.0,988357
2024-07-18,3089.286376953125,3092.199951171875,3111.0,3057.14990234375,3106.0,1021653
2024-07-19,3002.8681640625,3005.699951171875,3094.5,3000.0,3092.0,1026941
2024-07-22,2998.022705078125,3000.85009765625,3026.89990234375,2972.14990234375,3005.699951171875,662085
2024-07-23,2992.528076171875,2995.35009765625,3038.0,2886.35009765625,3020.0,1443331
2024-07-24,2967.901123046875,2970.699951171875,3007.5,2959.300048828125,2995.35009765625,693702
2024-07-25,2970.698486328125,2973.5,3017.64990234375,2945.10009765625,2960.699951171875,1105721
2024-07-26,3077.59765625,3080.5,3109.0,2988.10009765625,2995.0,1942427
2024-07-29,3086.439453125,3089.35009765625,3120.35009765625,3074.0,3094.300048828125,1037474
2024-07-30,3125.802001953125,3128.75,3155.0,3066.64990234375,3092.0,1647048
2024-07-31,3166.413818359375,3169.39990234375,3197.5,3135.0,3141.0,2414005
2024-08-01,3214.21875,3217.25,3258.0,3151.699951171875,3180.0,6149883
2024-08-02,3157.921875,3160.89990234375,3215.0,3111.0,3200.0,3360209
2024-08-05,3035.33740234375,3038.199951171875,3133.050048828125,2996.300048828125,3085.0,2238921
2024-08-06,3069.804931640625,3072.699951171875,3142.800048828125,3057.25,3084.0,2125201
2024-08-07,3182.9482421875,3185.949951171875,3190.0,3112.0,3118.0,1868169
2024-08-08,3164.5654296875,3167.550048828125,3242.64990234375,3156.550048828125,3190.550048828125,2139376
2024-08-09,3184.546875,3187.550048828125,3219.300048828125,3171.050048828125,3209.0,760165
2024-08-12,3148.7802734375,3151.75,3169.85009765625,3014.0,3100.0,10307245
2024-08-13,3089.286376953125,3092.199951171875,3178.10009765625,3081.75,3170.050048828125,2192588
2024-08-14,3037.23583984375,3040.10009765625,3085.699951171875,3027.75,3085.699951171875,1232383
2024-08-16,3105.87109375,3108.800048828125,3121.60009765625,3039.35009765625,3070.0,970067
2024-08-19,3099.626708984375,3102.550048828125,3134.300048828125,3092.949951171875,3122.050048828125,557265
2024-08-20,3067.7568359375,3070.64990234375,3126.0,3058.85009765625,3118.949951171875,662263
2024-08-21,3112.764404296875,3115.699951171875,3153.300048828125,3068.39990234375,3070.64990234375,1379240
2024-08-22,3096.130126953125,3099.050048828125,3150.0,3091.0,3130.75,1378912
2024-08-23,3073.451416015625,3076.35009765625,3123.0,3067.60009765625,3101.0,1375224
2024-08-26,3066.1083984375,3069.0,3090.0,3055.0,3088.0,1632446
2024-08-27,3064.210205078125,3067.10009765625,3095.75,3064.0,3072.199951171875,1310440
2024-08-28,3025.147216796875,3028.0,3078.0,3022.10009765625,3078.0,1569652
2024-08-29,3017.30419921875,3020.14990234375,3041.949951171875,2981.300048828125,3030.0,1853966
2024-08-30,3016.50537109375,3019.35009765625,3038.550048828125,3003.300048828125,3030.0,3509174
2024-09-02,3039.28369140625,3042.14990234375,3059.14990234375,2997.60009765625,3021.10009765625,1842658
2024-09-03,3033.239501953125,3036.10009765625,3053.050048828125,3023.800048828125,3037.0,1371577
2024-09-04,3009.51171875,3012.35009765625,3025.0,2955.199951171875,3010.0,1212270
2024-09-05,3012.509033203125,3015.35009765625,3037.89990234375,3002.0,3025.0,734273
2024-09-06,2972.646484375,2975.449951171875,3025.0,2968.0,3019.0,1251165
2024-09-09,2961.357177734375,2964.14990234375,2972.5,2927.300048828125,2972.10009765625,1523581
2024-09-10,2983.586181640625,2986.39990234375,3007.39990234375,2947.60009765625,2971.60009765625,803782
2024-09-11,2935.082275390625,2937.85009765625,2992.949951171875,2928.0,2985.0,888628
2024-09-12,2988.181884765625,2991.0,3000.0,2917.14990234375,2950.0,1314173
2024-09-13,2965.553466796875,2968.35009765625,3001.949951171875,2956.050048828125,2972.0,815948
2024-09-16,2982.087646484375,2984.89990234375,3026.39990234375,2972.0,2972.0,695162
2024-09-17,2972.396728515625,2975.199951171875,2995.89990234375,2952.5,2990.050048828125,698700
2024-09-18,2953.5146484375,2956.300048828125,2984.75,2935.0,2976.0,831891
2024-09-19,2940.376953125,2943.14990234375,2975.25,2890.35009765625,2975.050048828125,1655401
2024-09-20,3005.665283203125,3008.5,3025.0,2942.050048828125,2948.14990234375,1787210
2024-09-23,3041.08203125,3043.949951171875,3070.0,3015.25,3020.0,897314
2024-09-24,3090.98486328125,3093.89990234375,3101.0,3040.25,3055.0,1021918
2024-09-25,3102.174560546875,3105.10009765625,3123.89990234375,3080.199951171875,3108.0,913008
2024-09-26,3119.707763671875,3122.64990234375,3148.0,3085.0,3085.0,1548019
2024-09-27,3127.350830078125,3130.300048828125,3179.0,3116.0,3122.0,2297441
2024-09-30,3132.8955078125,3135.85009765625,3209.89990234375,3120.39990234375,3129.0,1607429
2024-10-01,3183.098388671875,3186.10009765625,3192.0,3107.0,3136.300048828125,1367116
2024-10-03,3113.064208984375,3116.0,3196.35009765625,3084.10009765625,3150.0,1309703
2024-10-04,3107.71923828125,3110.64990234375,3149.5,3070.0,3119.89990234375,987583
2024-10-07,3015.156494140625,3018.0,3128.5,2980.449951171875,3110.64990234375,1743454
2024-10-08,3157.721923828125,3160.699951171875,3170.0,2994.85009765625,3018.5,1776511
2024-10-09,3150.778564453125,3153.75,3179.949951171875,3134.39990234375,3175.0,897335
2024-10-10,3171.209228515625,3174.199951171875,3211.0,3056.10009765625,3140.0,2905725
2024-10-11,3134.244140625,3137.199951171875,3190.0,3116.0,3174.199951171875,1035260
2024-10-14,3098.17822265625,3101.10009765625,3150.10009765625,3092.85009765625,3145.0,437728
2024-10-15,3101.774658203125,3104.699951171875,3128.0,3091.5,3124.0,371613
2024-10-16,3082.992431640625,3085.89990234375,3115.39990234375,3061.0,3098.0,543476
2024-10-17,3010.910400390625,3013.75,3100.0,2993.0,3089.949951171875,2655289
2024-10-18,2999.17138671875,3002.0,3031.699951171875,2968.10009765625,2990.0,796339
2024-10-21,2934.882080078125,2937.64990234375,3014.949951171875,2916.949951171875,3005.14990234375,1051690
2024-10-22,2821.139404296875,2823.800048828125,2955.0,2818.0,2938.0,1209732
2024-10-23,2832.87841796875,2835.550048828125,2879.0,2820.10009765625,2840.85009765625,1270530
2024-10-24,2827.533447265625,2830.199951171875,2875.14990234375,2807.89990234375,2841.050048828125,942066
2024-10-25,2690.912353515625,2693.449951171875,2847.0,2654.699951171875,2845.0,1954174
2024-10-28,2796.012939453125,2798.64990234375,2822.39990234375,2672.10009765625,2701.10009765625,1385033
2024-10-29,2845.916259765625,2848.60009765625,2863.050048828125,2732.85009765625,2803.0,1529844
2024-10-30,2966.50244140625,2969.300048828125,2997.14990234375,2815.050048828125,2864.0,2884272
2024-10-31,2944.47314453125,2947.25,2976.5,2933.85009765625,2967.89990234375,1156390
2024-11-01,2946.720947265625,2949.5,2975.60009765625,2928.39990234375,2960.0,304673
2024-11-04,2894.670166015625,2897.39990234375,2943.0,2857.75,2935.0,1059384
2024-11-05,2912.80322265625,2915.550048828125,2924.0,2870.0,2897.39990234375,752303
2024-11-06,3043.3798828125,3046.25,3070.0,2918.0,2918.0,1676755
2024-11-07,2967.3017578125,2970.10009765625,3045.0,2943.050048828125,3045.0,1285585
2024-11-08,2926.34033203125,2929.10009765625,2995.0,2911.25,2965.10009765625,835641
2024-11-11,2900.9140625,2903.64990234375,2946.800048828125,2888.0,2928.0,584144
2024-11-12,2867.2958984375,2870.0,2930.449951171875,2855.0,2910.0,597231
2024-11-13,2814.0458984375,2816.699951171875,2889.0,2808.0,2860.0,890146
2024-11-14,2824.13671875,2826.800048828125,2844.800048828125,2801.0,2824.0,646797
2024-11-18,2816.044189453125,2818.699951171875,2858.64990234375,2793.300048828125,2826.800048828125,489692
2024-11-19,2818.841796875,2821.5,2894.800048828125,2809.800048828125,2831.0,536296
2024-11-21,2181.592529296875,2183.64990234375,2539.35009765625,2155.050048828125,2539.35009765625,21796668
2024-11-22,2225.90087890625,2228.0,2289.699951171875,2025.0,2101.0,20939196
2024-11-25,2255.373046875,2257.5,2333.64990234375,2238.0,2315.0,7466733
2024-11-26,2148.4736328125,2150.5,2292.85009765625,2136.0,2265.60009765625,7723187
2024-11-27,2395.541015625,2397.800048828125,2418.0,2142.14990234375,2180.0,17502156
2024-11-28,2434.803955078125,2437.10009765625,2526.300048828125,2400.0,2440.0,14445549
2024-11-29,2460.8291015625,2463.14990234375,2520.0,2400.0,2464.050048828125,8191680
2024-12-02,2454.73486328125,2457.050048828125,2508.0,2426.60009765625,2491.35009765625,3807565
2024-12-03,2511.8310546875,2514.199951171875,2558.0,2462.050048828125,2464.0,4070042
2024-12-04,2492.3994140625,2494.75,2530.050048828125,2470.10009765625,2528.0,2344949
2024-12-05,2520.17333984375,2522.550048828125,2538.14990234375,2470.25,2505.0,3333144
2024-12-06,2504.038330078125,2506.39990234375,2535.0,2502.5,2520.0,1240437
2024-12-09,2493.49853515625,2495.85009765625,2526.0,2483.14990234375,2507.89990234375,958369
2024-12-10,2464.87548828125,2467.199951171875,2501.0,2455.0,2501.0,1119816
2024-12-11,2454.934814453125,2457.25,2480.0,2451.0,2469.0,712674
2024-12-12,2501.74072265625,2504.10009765625,2534.800048828125,2446.25,2457.0,2579624
2024-12-13,2525.16845703125,2527.550048828125,2545.0,2479.050048828125,2504.0,1940935
2024-12-16,2510.03271484375,2512.39990234375,2537.5,2503.0,2530.0,654321
2024-12-17,2485.25634765625,2487.60009765625,2525.0,2480.75,2512.0,1061891
2024-12-18,2455.084716796875,2457.39990234375,2496.60009765625,2452.0,2489.0,990217
2024-12-19,2417.070556640625,2419.35009765625,2434.0,2397.10009765625,2429.0,1181898
2024-12-20,2342.74072265625,2344.949951171875,2453.85009765625,2333.0,2429.0,1337016
2024-12-23,2336.746337890625,2338.949951171875,2379.5,2332.75,2373.949951171875,758920
2024-12-24,2370.214599609375,2372.449951171875,2412.89990234375,2340.0,2355.199951171875,1156186
2024-12-26,2397.988525390625,2400.25,2410.0,2368.0,2378.050048828125,895785
2024-12-27,2407.679443359375,2409.949951171875,2446.14990234375,2390.5,2415.0,1982291
2024-12-30,2589.90771484375,2592.35009765625,2610.0,2421.949951171875,2425.0,7825097
2024-12-31,2526.267333984375,2528.64990234375,2577.75,2507.449951171875,2575.0,2745674
2025-01-01,2552.44287109375,2554.85009765625,2644.199951171875,2518.25,2536.0,2875721
2025-01-02,2595.25244140625,2597.699951171875,2602.0,2537.0,2565.699951171875,1167236
2025-01-03,2562.183837890625,2564.60009765625,2619.0,2556.60009765625,2580.0,932795
2025-01-06,2472.11865234375,2474.449951171875,2568.85009765625,2463.5,2557.64990234375,1121398
2025-01-07,2518.175048828125,2520.550048828125,2525.0,2474.64990234375,2474.64990234375,1019130
2025-01-08,2512.880126953125,2515.25,2530.0,2490.0,2520.550048828125,879641
2025-01-09,2475.565185546875,2477.89990234375,2517.550048828125,2469.5,2517.0,705838
2025-01-10,2372.162841796875,2374.39990234375,2484.60009765625,2368.25,2480.0,1418808
2025-01-13,2223.053466796875,2225.14990234375,2365.0,2216.89990234375,2365.0,1559903
2025-01-14,2378.30712890625,2380.550048828125,2422.89990234375,2241.5,2241.5,4120705
2025-01-15,2385.899658203125,2388.14990234375,2421.949951171875,2372.64990234375,2399.0,1421437
2025-01-16,2425.562744140625,2427.85009765625,2570.0,2418.85009765625,2500.0,2841803
2025-01-17,2397.5390625,2399.800048828125,2450.0,2380.050048828125,2450.0,1122205
2025-01-20,2440.49853515625,2442.800048828125,2454.0,2390.0,2413.75,1039435
2025-01-21,2382.0537109375,2384.300048828125,2441.75,2373.64990234375,2441.75,1206512
2025-01-22,2374.31103515625,2376.550048828125,2399.0,2325.14990234375,2399.0,1147334
2025-01-23,2382.7529296875,2385.0,2405.14990234375,2355.0,2383.0,826721
2025-01-24,2312.918701171875,2315.10009765625,2406.0,2299.39990234375,2387.75,1388583
2025-01-27,2257.571044921875,2259.699951171875,2318.10009765625,2250.050048828125,2310.050048828125,1032995
2025-01-28,2283.89599609375,2286.050048828125,2315.85009765625,2242.0,2274.199951171875,966497
2025-01-29,2316.41552734375,2318.60009765625,2326.25,2282.60009765625,2297.0,785220
2025-01-30,2250.477783203125,2252.60009765625,2351.5,2201.300048828125,2325.0,2601625
2025-01-31,2285.64453125,2287.800048828125,2314.949951171875,2213.75,2238.85009765625,2013345
2025-02-01,2267.861328125,2270.0,2351.449951171875,2237.550048828125,2297.0,987362
2025-02-03,2259.718994140625,2261.85009765625,2279.0,2213.89990234375,2266.75,824942
2025-02-04,2299.33154296875,2301.5,2312.0,2267.550048828125,2278.89990234375,691187
2025-02-05,2322.409912109375,2324.60009765625,2349.39990234375,2309.050048828125,2314.949951171875,560940
2025-02-06,2310.271240234375,2312.449951171875,2340.0,2298.199951171875,2340.0,680544
2025-02-07,2336.596435546875,2338.800048828125,2374.89990234375,2307.35009765625,2312.449951171875,892884
2025-02-10,2288.641845703125,2290.800048828125,2350.949951171875,2280.10009765625,2350.0,739708
2025-02-11,2319.5625,2321.75,2397.0,2306.0,2312.0,4895456
2025-02-12,2351.232666015625,2353.449951171875,2378.449951171875,2281.0,2325.0,1933098
2025-02-13,2242.5849609375,2244.699951171875,2372.75,2233.39990234375,2354.0,2551665
2025-02-14,2150.62158203125,2152.64990234375,2249.300048828125,2124.550048828125,2245.699951171875,2549876
2025-02-17,2221.604736328125,2223.699951171875,2240.39990234375,2110.64990234375,2152.64990234375,1400160
2025-02-18,2218.208251953125,2220.300048828125,2240.0,2166.050048828125,2240.0,1138085
2025-02-19,2178.745361328125,2180.800048828125,2219.39990234375,2127.0,2166.0,1203163
2025-02-20,2176.947021484375,2179.0,2216.35009765625,2156.800048828125,2180.800048828125,1086670
2025-02-21,2131.09033203125,2133.10009765625,2199.60009765625,2116.85009765625,2190.449951171875,1540308
2025-02-24,2113.156982421875,2115.14990234375,2138.5,2096.699951171875,2128.949951171875,1032294
2025-02-25,2127.84326171875,2129.85009765625,2158.300048828125,2102.0,2115.14990234375,802131
2025-02-27,2108.961181640625,2110.949951171875,2149.10009765625,2102.5,2143.75,941950
2025-02-28,2094.025146484375,2096.0,2111.35009765625,2072.0,2107.0,2373922
2025-03-03,2115.105224609375,2117.10009765625,2127.25,2026.550048828125,2109.0,1592611
2025-03-04,2142.779296875,2144.800048828125,2154.0,2080.0,2085.10009765625,852978
2025-03-05,2243.734130859375,2245.85009765625,2258.39990234375,2148.050048828125,2153.949951171875,1370106
2025-03-06,2250.7275390625,2252.85009765625,2268.89990234375,2226.14990234375,2260.0,890270
2025-03-07,2245.382568359375,2247.5,2267.64990234375,2227.0,2249.949951171875,818806
2025-03-10,2226.20068359375,2228.300048828125,2288.0,2220.0,2245.0,940113
2025-03-11,2248.4794921875,2250.60009765625,2267.85009765625,2208.300048828125,2223.14990234375,947079
2025-03-12,2239.687744140625,2241.800048828125,2280.0,2180.949951171875,2270.0,1049076
2025-03-13,2219.00732421875,2221.10009765625,2273.0,2215.60009765625,2249.0,750310
2025-03-17,2250.577392578125,2252.699951171875,2286.89990234375,2198.0,2200.0,927737
2025-03-18,2250.577392578125,2252.699951171875,2252.699951171875,2252.699951171875,2252.699951171875,0
2025-03-19,2316.46533203125,2318.64990234375,2342.0,2311.050048828125,2319.949951171875,1030345
2025-03-20,2337.095947265625,2339.300048828125,2348.0,2299.0,2348.0,2587050
2025-03-21,2360.573974609375,2362.800048828125,2389.550048828125,2338.0,2343.800048828125,1101418
2025-03-24,2366.46826171875,2368.699951171875,2395.0,2361.10009765625,2370.0,1010184
2025-03-25,2318.1640625,2320.35009765625,2387.64990234375,2315.10009765625,2385.0,763065
2025-03-26,2310.421142578125,2312.60009765625,2359.85009765625,2308.050048828125,2324.89990234375,1078870
2025-03-27,2361.123291015625,2363.35009765625,2373.89990234375,2291.60009765625,2310.0,1696042
2025-03-28,2313.6181640625,2315.800048828125,2386.949951171875,2293.699951171875,2376.0,1838836
2025-04-01,2333.0498046875,2335.25,2358.949951171875,2301.0,2312.0,501942
2025-04-02,2367.16748046875,2369.39990234375,2378.85009765625,2314.550048828125,2339.75,573928
2025-04-03,2408.528564453125,2410.800048828125,2429.89990234375,2339.699951171875,2339.75,1023200
2025-04-04,2332.4501953125,2334.64990234375,2410.050048828125,2315.5,2394.949951171875,1219733
2025-04-07,2210.615234375,2212.699951171875,2239.0,2145.0,2150.050048828125,1567177
2025-04-08,2283.54638671875,2285.699951171875,2301.0,2225.0,2270.0,1224337
2025-04-09,2234.792236328125,2236.89990234375,2279.550048828125,2215.199951171875,2265.699951171875,1001633
2025-04-11,2319.212890625,2321.39990234375,2343.5,2281.0,2303.050048828125,981463
2025-04-15,2415.921630859375,2418.199951171875,2440.0,2359.0,2375.0,1145125
2025-04-16,2413.323974609375,2415.60009765625,2428.0,2382.89990234375,2400.0,889949
2025-04-17,2415.82177734375,2418.10009765625,2448.60009765625,2392.0,2418.0,1054797
2025-04-21,2440.3984375,2442.699951171875,2464.89990234375,2395.5,2426.10009765625,782559
2025-04-22,2443.196044921875,2445.5,2483.39990234375,2441.0,2458.89990234375,766567
2025-04-23,2451.288330078125,2453.60009765625,2473.800048828125,2421.199951171875,2460.0,672262
2025-04-24,2440.19873046875,2442.5,2461.39990234375,2425.10009765625,2450.0,596626
2025-04-25,2352.081787109375,2354.300048828125,2459.5,2323.5,2450.10009765625,1414809
2025-04-28,2367.567138671875,2369.800048828125,2402.0,2337.60009765625,2346.0,681421
2025-04-29,2328.404296875,2330.60009765625,2400.0,2325.60009765625,2392.0,670730
2025-04-30,2299.131591796875,2301.300048828125,2340.0,2285.0,2331.39990234375,837464
2025-05-02,2296.933837890625,2299.10009765625,2372.39990234375,2290.0,2349.89990234375,1695797
2025-05-05,2453.186279296875,2455.5,2497.0,2297.800048828125,2312.60009765625,4227194
2025-05-06,2351.781982421875,2354.0,2463.199951171875,2343.5,2454.0,1524692
2025-05-07,2350.883056640625,2353.10009765625,2379.5,2315.0,2315.0,1012640
2025-05-08,2283.14697265625,2285.300048828125,2367.800048828125,2260.0,2362.0,1380069
2025-05-09,2248.879150390625,2251.0,2273.10009765625,2233.0,2240.0,1006000
2025-05-12,2423.01513671875,2425.300048828125,2433.300048828125,2315.0,2350.0,2147039
2025-05-13,2438.899658203125,2441.199951171875,2454.89990234375,2405.0,2425.0,1815174
2025-05-14,2459.580322265625,2461.89990234375,2481.89990234375,2430.10009765625,2444.89990234375,774441
2025-05-15,2517.625732421875,2520.0,2526.800048828125,2450.699951171875,2463.39990234375,1554800
2025-05-16,2552.5927734375,2555.0,2584.199951171875,2516.199951171875,2529.0,1641135
2025-05-19,2538.20654296875,2540.60009765625,2578.800048828125,2536.0,2571.300048828125,680957
2025-05-20,2499.2431640625,2501.60009765625,2564.800048828125,2492.5,2545.0,628023
2025-05-21,2498.0439453125,2500.39990234375,2524.5,2483.699951171875,2509.699951171875,529234
2025-05-22,2485.25634765625,2487.60009765625,2521.89990234375,2465.300048828125,2500.39990234375,906909
2025-05-23,2537.60693359375,2540.0,2548.10009765625,2490.5,2499.0,968415
2025-05-26,2545.299560546875,2547.699951171875,2568.89990234375,2541.300048828125,2549.10009765625,552912
2025-05-27,2537.906494140625,2540.300048828125,2569.10009765625,2526.10009765625,2545.89990234375,514936
2025-05-28,2512.63037109375,2515.0,2559.0,2510.0,2559.0,575989
2025-05-29,2538.406005859375,2540.800048828125,2559.0,2511.0,2536.699951171875,802317
2025-05-30,2517.525634765625,2519.89990234375,2564.0,2513.800048828125,2550.0,684592
2025-06-02,2516.4267578125,2518.800048828125,2564.0,2514.89990234375,2527.0,1008716
2025-06-03,2468.57177734375,2470.89990234375,2512.5,2452.0,2511.0,962656
2025-06-04,2487.054443359375,2489.39990234375,2503.0,2441.10009765625,2480.0,552667
2025-06-05,2502.040283203125,2504.39990234375,2530.10009765625,2487.5,2495.0,673209
2025-06-06,2531.812255859375,2534.199951171875,2553.300048828125,2504.0,2514.89990234375,640680
2025-06-09,2579.66748046875,2582.10009765625,2604.10009765625,2524.5,2545.0,1711167
2025-06-10,2610.63818359375,2613.10009765625,2663.199951171875,2577.699951171875,2600.0,2084054
2025-06-11,2578.767822265625,2581.199951171875,2630.89990234375,2563.10009765625,2630.0,745432
2025-06-12,2541.30322265625,2543.699951171875,2601.800048828125,2530.0,2591.5,955097
2025-06-13,2506.779052734375,2507.89990234375,2516.0,2460.0,2498.0,695869
2025-06-16,2542.863037109375,2544.0,2563.300048828125,2462.0,2500.0,956459
2025-06-17,2487.387939453125,2488.5,2539.60009765625,2479.0,2535.0,703343
2025-06-18,2458.0009765625,2459.10009765625,2495.89990234375,2445.39990234375,2491.89990234375,667044
2025-06-19,2419.518310546875,2420.60009765625,2468.89990234375,2405.10009765625,2466.300048828125,688209
2025-06-20,2447.3056640625,2448.39990234375,2461.300048828125,2415.0,2428.0,3002549
2025-06-23,2470.895263671875,2472.0,2492.60009765625,2421.0,2438.0,790533
2025-06-24,2504.480224609375,2505.60009765625,2544.60009765625,2500.199951171875,2504.0,996372
2025-06-25,2526.070556640625,2527.199951171875,2541.60009765625,2512.10009765625,2519.89990234375,921346
2025-06-26,2585.044189453125,2586.199951171875,2593.60009765625,2522.199951171875,2535.0,1339627
2025-06-27,2645.117431640625,2646.300048828125,2681.60009765625,2582.0,2587.699951171875,4049316
2025-06-30,2618.229248046875,2619.39990234375,2653.89990234375,2605.89990234375,2650.0,694814
2025-07-01,2620.62841796875,2621.800048828125,2645.0,2603.0,2624.89990234375,729197
2025-07-02,2629.0244140625,2630.199951171875,2646.0,2613.60009765625,2634.0,621409
2025-07-03,2610.032958984375,2611.199951171875,2644.0,2605.10009765625,2634.0,502724
2025-07-04,2597.9384765625,2599.10009765625,2617.0,2582.199951171875,2617.0,370305
2025-07-07,2574.94873046875,2576.10009765625,2605.39990234375,2572.0,2602.0,412159
2025-07-08,2590.141845703125,2591.300048828125,2600.0,2573.0,2586.0,357686
2025-07-09,2581.845703125,2583.0,2609.89990234375,2570.0,2599.0,396880
2025-07-10,2579.846435546875,2581.0,2604.0,2575.0,2591.0,306565
2025-07-11,2557.556396484375,2558.699951171875,2591.89990234375,2551.89990234375,2575.0,390645
2025-07-14,2580.146484375,2581.300048828125,2604.800048828125,2543.5,2555.0,536585
2025-07-15,2597.038818359375,2598.199951171875,2606.89990234375,2576.0,2588.0,379425
2025-07-16,2607.334228515625,2608.5,2619.5,2595.5,2602.5,686644
2025-07-17,2615.4306640625,2616.60009765625,2654.5,2605.300048828125,2612.0,785771
2025-07-18,2594.93994140625,2596.10009765625,2626.699951171875,2584.199951171875,2612.0,479942
2025-07-21,2618.329345703125,2619.5,2624.89990234375,2585.0,2596.300048828125,369782
2025-07-22,2586.6435546875,2587.800048828125,2630.0,2581.60009765625,2626.0,387055
2025-07-23,2613.33154296875,2614.5,2625.89990234375,2593.5,2600.699951171875,316424
2025-07-24,2607.234130859375,2608.39990234375,2624.199951171875,2595.0,2615.39990234375,253782
2025-07-25,2548.96044921875,2550.10009765625,2617.0,2544.10009765625,2605.0,424612
2025-07-28,2521.1728515625,2522.300048828125,2585.0,2512.60009765625,2549.0,428409
2025-07-29,2546.76123046875,2547.89990234375,2557.39990234375,2507.5,2529.0,424781
2025-07-30,2531.767822265625,2532.89990234375,2552.60009765625,2525.0,2547.89990234375,262063
2025-07-31,2429.613525390625,2430.699951171875,2520.0,2422.60009765625,2509.89990234375,1457616
2025-08-01,2349.849365234375,2350.89990234375,2444.89990234375,2333.0,2425.0,976341
2025-08-04,2362.543701171875,2363.60009765625,2374.699951171875,2338.199951171875,2360.0,576426
2025-08-05,2327.159423828125,2328.199951171875,2370.0,2316.0,2370.0,576742
2025-08-06,2299.27197265625,2300.300048828125,2347.89990234375,2296.0,2333.89990234375,631582
2025-08-07,2248.794677734375,2249.800048828125,2295.0,2202.800048828125,2290.0,1529410
2025-08-08,2177.126708984375,2178.10009765625,2260.89990234375,2164.800048828125,2247.0,2552736
2025-08-11,2282.37939453125,2283.39990234375,2302.0,2183.0,2196.0,2376286
2025-08-12,2287.17724609375,2288.199951171875,2314.699951171875,2267.0,2280.10009765625,1075526
2025-08-13,2279.0810546875,2280.10009765625,2314.89990234375,2245.39990234375,2299.0,833679
2025-08-14,2280.580322265625,2281.60009765625,2304.0,2267.699951171875,2288.0,998109
2025-08-18,2332.55712890625,2333.60009765625,2360.0,2300.0,2309.60009765625,988629
2025-08-19,2387.33251953125,2388.39990234375,2395.60009765625,2314.10009765625,2339.89990234375,1069432
2025-08-20,2386.033203125,2387.10009765625,2406.0,2372.10009765625,2380.0,780025
2025-08-21,2376.137451171875,2377.199951171875,2397.0,2371.39990234375,2387.10009765625,441867
2025-08-22,2323.86083984375,2324.89990234375,2376.300048828125,2321.0,2369.89990234375,584211
2025-08-25,2301.87060546875,2302.89990234375,2348.39990234375,2300.0,2335.699951171875,542455
2025-08-26,2270.984619140625,2272.0,2309.300048828125,2249.39990234375,2304.0,1071550
2025-08-28,2274.18310546875,2275.199951171875,2327.89990234375,2255.0,2271.89990234375,907868
2025-08-29,2243.69677734375,2244.699951171875,2289.699951171875,2240.0,2283.0,795699
2025-09-01,2283.17919921875,2284.199951171875,2288.0,2252.10009765625,2259.0,425639
2025-09-02,2273.18359375,2274.199951171875,2302.0,2264.0,2291.0,481894
2025-09-03,2287.677001953125,2288.699951171875,2293.0,2263.10009765625,2285.0,443629
2025-09-04,2277.78173828125,2278.800048828125,2317.300048828125,2275.0,2309.89990234375,392697
2025-09-05,2280.38037109375,2281.39990234375,2293.5,2248.0,2275.0,443010
2025-09-08,2309.8671875,2310.89990234375,2333.89990234375,2286.0,2290.0,542811
2025-09-09,2310.56689453125,2311.60009765625,2325.0,2297.0,2320.0,369431
2025-09-10,2339.154052734375,2340.199951171875,2345.89990234375,2325.10009765625,2330.0,390490
2025-09-11,2397.72802734375,2398.800048828125,2418.699951171875,2340.199951171875,2348.0,2111888
2025-09-12,2390.930908203125,2392.0,2421.60009765625,2387.10009765625,2416.89990234375,533971
2025-09-15,2382.334716796875,2383.39990234375,2402.800048828125,2378.10009765625,2392.0,298129
2025-09-16,2398.32763671875,2399.39990234375,2415.800048828125,2388.0,2410.0,752979
2025-09-17,2400.926513671875,2402.0,2417.0,2391.0,2417.0,514354
2025-09-18,2400.926513671875,2402.0,2438.0,2388.39990234375,2414.5,703730
2025-09-19,2522.8720703125,2524.0,2579.0,2466.10009765625,2495.0,7965135
2025-09-22,2628.324951171875,2629.5,2659.0,2522.10009765625,2535.0,7022985
2025-09-23,2675.203857421875,2676.39990234375,2695.0,2593.0,2642.60009765625,5610022
2025-09-24,2618.629150390625,2619.800048828125,2676.0,2614.39990234375,2655.0,1720785
2025-09-25,2575.24853515625,2576.39990234375,2647.89990234375,2567.0,2625.0,1489682
2025-09-26,2542.563232421875,2543.699951171875,2605.0,2535.0,2572.800048828125,1037808
2025-09-29,2508.37841796875,2509.5,2555.0,2505.0,2543.699951171875,1012402
2025-09-30,2504.780029296875,2505.89990234375,2535.0,2490.60009765625,2522.0,712592
2025-10-01,2591.541259765625,2592.699951171875,2603.39990234375,2472.10009765625,2518.39990234375,1573485
2025-10-03,2588.742431640625,2589.89990234375,2612.89990234375,2564.39990234375,2595.0,917651
2025-10-06,2572.349853515625,2573.5,2599.800048828125,2562.60009765625,2589.10009765625,654955
2025-10-07,2541.063720703125,2542.199951171875,2617.300048828125,2533.10009765625,2580.699951171875,1120230
2025-10-08,2522.971923828125,2524.10009765625,2565.0,2500.0,2562.0,1063357
2025-10-09,2541.263671875,2542.39990234375,2559.0,2522.199951171875,2535.0,651703
2025-10-10,2549.759765625,2550.89990234375,2565.0,2538.800048828125,2552.0,690142
2025-10-13,2526.270263671875,2527.39990234375,2542.10009765625,2504.0,2529.10009765625,645483
2025-10-14,2515.875,2517.0,2538.89990234375,2485.199951171875,2538.89990234375,673048
2025-10-15,2531.668212890625,2532.800048828125,2561.39990234375,2527.300048828125,2535.0,759772
2025-10-16,2556.45703125,2557.60009765625,2579.699951171875,2540.89990234375,2544.800048828125,1020102
2025-10-17,2548.260498046875,2549.39990234375,2577.199951171875,2543.10009765625,2560.0,682968
2025-10-20,2546.96142578125,2548.10009765625,2579.0,2537.10009765625,2561.300048828125,747349
2025-10-21,2548.76025390625,2549.89990234375,2562.0,2542.300048828125,2554.89990234375,101019
2025-10-23,2544.662353515625,2545.800048828125,2577.800048828125,2540.89990234375,2559.89990234375,852445
2025-10-24,2503.080810546875,2504.199951171875,2554.800048828125,2497.699951171875,2554.800048828125,473765
2025-10-27,2491.68603515625,2492.800048828125,2514.60009765625,2487.10009765625,2504.199951171875,478055
2025-10-28,2493.28515625,2494.39990234375,2516.0,2479.10009765625,2495.0,626988
2025-10-29,2536.265869140625,2537.39990234375,2600.0,2495.5,2500.0,1526734
2025-10-30,2525.7705078125,2526.89990234375,2559.39990234375,2511.800048828125,2550.0,783328
2025-10-31,2479.89111328125,2481.0,2543.5,2464.89990234375,2535.0,848642
2025-11-03,2465.8974609375,2467.0,2501.89990234375,2457.5,2484.0,731108
2025-11-04,2418.718505859375,2419.800048828125,2488.89990234375,2390.60009765625,2479.800048828125,2072668
2025-11-06,2313.265869140625,2314.300048828125,2427.10009765625,2307.60009765625,2425.10009765625,1978147
2025-11-07,2368.341064453125,2369.39990234375,2402.5,2291.39990234375,2315.0,2232889
2025-11-10,2297.3310546875,2298.358154296875,2315.13037109375,2291.86279296875,2308.2470703125,577428
2025-11-11,2293.5517578125,2294.5771484375,2306.30810546875,2267.140869140625,2295.74072265625,654132
2025-11-12,2407.609130859375,2408.685546875,2440.6787109375,2288.954345703125,2311.25244140625,6895852
2025-11-13,2411.194580078125,2412.272705078125,2447.94970703125,2392.7861328125,2425.651611328125,2791508
2025-11-14,2438.909423828125,2440.0,2475.77392578125,2405.29248046875,2423.712646484375,4637753
2025-11-17,2460.899658203125,2462.0,2474.89990234375,2421.0,2460.0,2672697
2025-11-18,2435.7109375,2436.800048828125,2478.60009765625,2434.300048828125,2462.0,1245215
2025-11-19,2432.0126953125,2433.10009765625,2449.89990234375,2413.89990234375,2446.5,774785
2025-11-20,2445.0068359375,2446.10009765625,2478.89990234375,2440.39990234375,2450.10009765625,1526556
2025-11-21,2421.217529296875,2422.300048828125,2456.199951171875,2418.0,2450.0,547541
2025-11-24,2398.127685546875,2399.199951171875,2432.300048828125,2393.10009765625,2426.199951171875,691419
2025-11-25,2331.857177734375,2332.89990234375,2407.699951171875,2325.300048828125,2400.89990234375,2223715
2025-11-26,2313.96533203125,2315.0,2357.0,2310.0,2321.199951171875,1026965
2025-11-27,2253.9921875,2255.0,2320.5,2243.0,2310.0,1474038
2025-11-28,2279.180908203125,2280.199951171875,2331.0,2247.800048828125,2267.10009765625,3037620
2025-12-01,2260.989013671875,2262.0,2304.0,2257.0,2300.0,1313265
2025-12-02,2238.59912109375,2239.60009765625,2267.199951171875,2232.199951171875,2255.0,1035354
2025-12-03,2188.8212890625,2189.800048828125,2245.0,2172.199951171875,2240.0,1643852
2025-12-04,2216.90869140625,2217.89990234375,2231.699951171875,2183.39990234375,2188.0,2522821
2025-12-05,2264.387451171875,2265.39990234375,2268.60009765625,2202.89990234375,2217.89990234375,2400781
2025-12-08,2215.20947265625,2216.199951171875,2270.39990234375,2205.0,2265.39990234375,939764
2025-12-09,2244.196533203125,2245.199951171875,2257.0,2178.39990234375,2216.199951171875,1227728
2025-12-10,2210.61181640625,2211.60009765625,2267.5,2204.10009765625,2255.800048828125,935149
2025-12-11,2276.68212890625,2277.699951171875,2293.89990234375,2192.39990234375,2225.0,1519832
2025-12-12,2281.3798828125,2282.39990234375,2296.800048828125,2270.199951171875,2277.699951171875,929199
2025-12-15,2277.88134765625,2278.89990234375,2300.0,2273.0,2282.39990234375,573027
2025-12-16,2246.895263671875,2247.89990234375,2276.800048828125,2232.10009765625,2270.0,654714
2025-12-17,2231.502197265625,2232.5,2255.0,2221.0,2247.60009765625,651509
2025-12-18,2228.3037109375,2229.300048828125,2245.0,2211.10009765625,2236.39990234375,508238
2025-12-19,2237.999267578125,2239.0,2250.0,2210.0,2249.0,880005
2025-12-22,2262.488525390625,2263.5,2274.0,2245.89990234375,2260.0,599195
2025-12-23,2247.794921875,2248.800048828125,2273.60009765625,2245.0,2272.5,450112
2025-12-24,2221.70654296875,2222.699951171875,2258.800048828125,2217.39990234375,2250.0,825693
2025-12-26,2228.9033203125,2229.89990234375,2250.89990234375,2218.0,2229.300048828125,566237
2025-12-29,2202.21533203125,2203.199951171875,2238.199951171875,2196.0,2232.0,690691
2025-12-30,2213.710205078125,2214.699951171875,2219.0,2195.0,2204.800048828125,935026
2025-12-31,2238.698974609375,2239.699951171875,2246.39990234375,2216.300048828125,2216.300048828125,779141
2026-01-01,2258.989990234375,2260.0,2287.39990234375,2241.0,2249.0,1046220
2026-01-02,2278.78125,2279.800048828125,2283.699951171875,2259.0,2260.0,715242
2026-01-05,2278.481201171875,2279.5,2303.89990234375,2274.300048828125,2287.0,696380
2026-01-06,2258.090576171875,2259.10009765625,2290.39990234375,2248.10009765625,2288.89990234375,698294
2026-01-07,2273.083740234375,2274.10009765625,2284.0,2243.0,2265.0,529451
2026-01-08,2213.010498046875,2214.0,2275.89990234375,2205.0,2275.0,792800
2026-01-09,2152.737548828125,2153.699951171875,2216.0,2145.0,2214.10009765625,1570376
2026-01-12,2170.629638671875,2171.60009765625,2180.0,2119.0,2156.60009765625,1257197
2026-01-13,2157.535400390625,2158.5,2187.800048828125,2141.10009765625,2187.800048828125,791556
2026-01-14,2152.337646484375,2153.300048828125,2169.0,2142.0,2156.0,618139
2026-01-15,2152.337646484375,2153.300048828125,2153.300048828125,2153.300048828125,2153.300048828125,0
2026-01-16,2156.3359375,2157.300048828125,2193.89990234375,2152.10009765625,2162.800048828125,758469
2026-01-19,2133.64599609375,2134.60009765625,2156.800048828125,2123.0,2155.0,749495
2026-01-20,2054.181640625,2055.10009765625,2139.89990234375,2040.0,2134.0,1160975
2026-01-21,2031.291748046875,2032.199951171875,2068.199951171875,2004.0999755859375,2056.5,1354644
2026-01-22,2085.467529296875,2086.39990234375,2102.89990234375,2051.0,2055.89990234375,942721
2026-01-23,1863.3668212890625,1864.199951171875,2082.5,1848.0,2080.5,7492631
2026-01-27,1958.624267578125,1959.5,1973.9000244140625,1893.0,1909.0,5449633
2026-01-28,1993.8084716796875,1994.699951171875,2004.0,1952.0,1985.0,2073198
2026-01-29,2018.2974853515625,2019.199951171875,2029.0999755859375,1972.0,1999.800048828125,1391239
2026-01-30,2019.4970703125,2020.4000244140625,2038.800048828125,1992.199951171875,2005.0,1230915
2026-02-02,1994.50830078125,1995.4000244140625,2002.199951171875,1934.0,1956.5999755859375,1229270
2026-02-03,2201.61572265625,2202.60009765625,2233.39990234375,2131.10009765625,2150.0,6918581
2026-02-04,2227.2041015625,2228.199951171875,2246.0,2189.199951171875,2220.0,2051918
2026-02-05,2235.6005859375,2236.60009765625,2243.699951171875,2210.0,2232.0,992382
2026-02-06,2225.40478515625,2226.39990234375,2238.0,2200.39990234375,2226.10009765625,933650
2026-02-09,2249.094482421875,2250.10009765625,2288.0,2240.0,2250.0,1650899
2026-02-10,2227.404052734375,2228.39990234375,2268.300048828125,2171.0,2259.0,1670672
2026-02-11,2233.4013671875,2234.39990234375,2237.699951171875,2215.10009765625,2232.89990234375,682320
2026-02-12,2210.8115234375,2211.800048828125,2229.5,2201.0,2229.0,649585
2026-02-13,2135.645263671875,2136.60009765625,2210.0,2124.199951171875,2210.0,1489548
2026-02-16,2183.623779296875,2184.60009765625,2190.89990234375,2103.199951171875,2124.199951171875,1824808
2026-02-17,2241.8974609375,2242.89990234375,2252.0,2170.0,2170.0,1931699
2026-02-18,2210.211669921875,2211.199951171875,2254.0,2188.10009765625,2254.0,1149398
2026-02-19,2155.736083984375,2156.699951171875,2218.89990234375,2151.0,2218.89990234375,1101633
2026-02-20,2159.83447265625,2160.800048828125,2174.39990234375,2152.10009765625,2160.0,738454
2026-02-23,2190.020751953125,2191.0,2203.0,2155.300048828125,2180.0,1103960
2026-02-24,2182.0244140625,2183.0,2204.699951171875,2162.199951171875,2168.60009765625,1152423
2026-02-25,2230.70263671875,2231.699951171875,2237.300048828125,2180.10009765625,2193.199951171875,1474187
2026-02-26,2215.409423828125,2216.39990234375,2232.39990234375,2200.10009765625,2230.0,915342
2026-02-27,2160.833984375,2161.800048828125,2216.39990234375,2153.0,2210.0,1433096
2026-03-02,2123.650634765625,2124.60009765625,2147.89990234375,2073.699951171875,2093.0,2134522
2026-03-04,2075.572021484375,2076.5,2104.60009765625,2037.5,2104.60009765625,1585848
2026-03-05,2088.266357421875,2089.199951171875,2100.0,2040.0,2094.0,1231524
2026-03-06,2038.9884033203125,2039.9000244140625,2090.0,2030.199951171875,2079.10009765625,1696027
2026-03-09,1998.3065185546875,1999.199951171875,2006.0,1940.4000244140625,1985.0,1305447
2026-03-10,1995.6077880859375,1996.5,2030.0,1982.199951171875,2030.0,1680405
2026-03-11,1973.8173828125,1974.699951171875,2027.4000244140625,1970.0,2006.5999755859375,1088294
2026-03-12,2001.105224609375,2002.0,2026.0,1947.0999755859375,1960.0,1473773
2026-03-13,1960.2235107421875,1961.0999755859375,2008.5999755859375,1945.0,1999.9000244140625,1195448
2026-03-16,1977.115966796875,1978.0,1994.800048828125,1946.5999755859375,1961.0,1465828
2026-03-17,1974.5172119140625,1975.4000244140625,1990.0,1945.0,1989.9000244140625,1268988
2026-03-18,2006.3028564453125,2007.199951171875,2027.0,1982.199951171875,1988.9000244140625,1041095
2026-03-19,1935.9344482421875,1936.800048828125,1988.5999755859375,1930.0,1984.0,1510588
2026-03-20,1926.23876953125,1927.0999755859375,1974.4000244140625,1919.9000244140625,1951.0,1175662
2026-03-23,1832.1807861328125,1833.0,1910.0999755859375,1820.5,1910.0,2370668
2026-03-24,1817.0875244140625,1817.9000244140625,1893.0,1813.699951171875,1892.699951171875,11211381
2026-03-25,1885.7568359375,1886.5999755859375,1911.0,1839.199951171875,1847.9000244140625,2537690
2026-03-27,1822.185302734375,1823.0,1883.199951171875,1816.5,1880.0,2585257
2026-03-30,1758.0140380859375,1758.800048828125,1837.800048828125,1753.0,1810.0,2825299
2026-04-01,1841.676513671875,1842.5,1870.0,1803.800048828125,1825.0,2328166
2026-04-02,1833.3802490234375,1834.199951171875,1842.9000244140625,1770.0999755859375,1805.0,1830598
2026-04-06,1901.349853515625,1902.199951171875,1909.0,1802.0999755859375,1836.9000244140625,3153437
2026-04-07,1881.2587890625,1882.0999755859375,1904.5999755859375,1865.0,1890.0,1566909
2026-04-08,2042.8865966796875,2043.800048828125,2099.0,1975.0999755859375,2000.0,4197831
2026-04-09,2039.5880126953125,2040.5,2065.0,2010.300048828125,2039.800048828125,2481188
2026-04-10,2085.867431640625,2086.800048828125,2094.60009765625,2041.699951171875,2043.0999755859375,1700162
2026-04-13,2128.048583984375,2129.0,2159.0,2000.199951171875,2010.199951171875,3729773
2026-04-15,2143.441650390625,2144.39990234375,2200.0,2136.0,2187.0,1779015
2026-04-16,2202.715087890625,2203.699951171875,2210.39990234375,2161.10009765625,2170.0,2188912
2026-04-17,2217.30859375,2218.300048828125,2240.0,2186.10009765625,2240.0,2408901
2026-04-20,2228.603759765625,2229.60009765625,2280.10009765625,2202.199951171875,2218.300048828125,1795338
2026-04-21,2225.005126953125,2226.0,2255.0,2220.0,2229.699951171875,1818221
2026-04-22,2259.78955078125,2260.800048828125,2278.60009765625,2224.10009765625,2229.0,3517237
2026-04-23,2298.97216796875,2300.0,2333.89990234375,2221.800048828125,2243.5,2948009
2026-04-24,2286.57763671875,2287.60009765625,2321.39990234375,2227.0,2310.199951171875,2271317
2026-04-27,2320.762451171875,2321.800048828125,2337.0,2286.0,2300.199951171875,1500864
2026-04-28,2411.32177734375,2412.39990234375,2420.0,2320.89990234375,2321.800048828125,4375556
2026-04-29,2424.815673828125,2425.89990234375,2443.800048828125,2388.0,2427.60009765625,4656967
2026-04-30,2407.323486328125,2408.39990234375,2420.0,2328.800048828125,2394.89990234375,3538354
2026-05-01,2407.323486328125,2408.39990234375,2408.39990234375,2408.39990234375,2408.39990234375,0
2026-05-04,2484.589111328125,2485.699951171875,2515.0,2375.0,2390.39990234375,6039537
2026-05-05,2460.899658203125,2462.0,2511.89990234375,2450.0,2470.0,1622580
2026-05-06,2539.164794921875,2540.300048828125,2546.5,2472.199951171875,2475.5,3169133
2026-05-07,2512.57666015625,2513.699951171875,2549.89990234375,2506.199951171875,2540.300048828125,1098088
2026-05-08,2504.780029296875,2505.89990234375,2546.10009765625,2500.0,2519.0,1499613
2026-05-11,2499.08251953125,2500.199951171875,2514.0,2460.0,2495.0,1279432
2026-05-12,2404.125,2405.199951171875,2511.699951171875,2400.10009765625,2487.699951171875,1459022
2026-05-13,2496.883544921875,2498.0,2530.0,2401.10009765625,2401.10009765625,2036291
2026-05-14,2711.6875,2712.89990234375,2720.0,2530.0,2530.10009765625,9539233
2026-05-15,2714.7861328125,2716.0,2803.10009765625,2661.0,2781.10009765625,6742083
2026-05-18,2688.597900390625,2689.800048828125,2710.0,2647.5,2700.0,2033884
2026-05-19,2723.7822265625,2725.0,2774.5,2697.0,2734.699951171875,4204144
2026-05-20,2703.59130859375,2704.800048828125,2720.0,2685.10009765625,2715.0,1187449
2026-05-21,2696.39453125,2697.60009765625,2770.0,2684.0,2727.89990234375,1606690
2026-05-22,2716.085693359375,2717.300048828125,2745.0,2706.10009765625,2710.199951171875,1094843
2026-05-25,2848.42626953125,2849.699951171875,2858.800048828125,2739.300048828125,2739.800048828125,3277924
2026-05-26,2967.972900390625,2969.300048828125,2979.39990234375,2825.0,2846.0,4899494
2026-05-27,2971.771484375,2973.10009765625,3027.5,2944.0,2982.0,3826916
2026-05-28,2971.771484375,2973.10009765625,2973.10009765625,2973.10009765625,2973.10009765625,0
2026-05-29,2936.087158203125,2937.39990234375,2995.0,2926.800048828125,2987.800048828125,4040865
2026-06-01,2908.099609375,2909.39990234375,2955.699951171875,2891.10009765625,2949.89990234375,1629342
2026-06-02,2966.773681640625,2968.10009765625,2975.0,2865.199951171875,2885.0,2066890
2026-06-03,2924.29248046875,2925.60009765625,2965.0,2888.10009765625,2960.0,1346112
2026-06-04,2971.471435546875,2972.800048828125,2983.0,2918.10009765625,2920.0,1722991
2026-06-05,3046.837646484375,3048.199951171875,3059.800048828125,2921.800048828125,2992.0,5617327
2026-06-08,2968.672607421875,2970.0,3039.800048828125,2955.10009765625,3017.699951171875,1653499
2026-06-09,2978.568115234375,2979.89990234375,2998.699951171875,2935.89990234375,2985.89990234375,1841620
2026-06-10,2929.7900390625,2931.10009765625,2994.89990234375,2918.0,2977.0,1475029
2026-06-11,2907.5,2908.800048828125,2966.800048828125,2895.10009765625,2895.10009765625,1204115
