Date,Adj Close,Close,High,Low,Open,Volume
,APOLLOHOSP.NS,APOLLOHOSP.NS,APOLLOHOSP.NS,APOLLOHOSP.NS,APOLLOHOSP.NS,APOLLOHOSP.NS
2021-01-01,2383.68359375,2414.85009765625,2430.0,2395.0,2405.5,423934
2021-01-04,2378.155517578125,2409.25,2429.0,2398.25,2418.10009765625,527018
2021-01-05,2477.06201171875,2509.449951171875,2515.85009765625,2385.800048828125,2405.0,1720467
2021-01-06,2469.8564453125,2502.14990234375,2538.85009765625,2481.0,2522.0,1108589
2021-01-07,2476.173583984375,2508.550048828125,2564.0,2500.0,2502.14990234375,1014690
2021-01-08,2520.544189453125,2553.5,2579.0,2515.699951171875,2533.89990234375,862326
2021-01-11,2517.6318359375,2550.550048828125,2591.85009765625,2524.5,2564.75,422296
2021-01-12,2484.761474609375,2517.25,2585.0,2508.199951171875,2559.0,500012
2021-01-13,2447.202880859375,2479.199951171875,2537.75,2437.75,2528.0,662618
2021-01-14,2479.57958984375,2512.0,2528.89990234375,2475.0,2481.89990234375,603193
2021-01-15,2558.892333984375,2592.35009765625,2613.699951171875,2510.10009765625,2520.0,1941813
2021-01-18,2575.573974609375,2609.25,2630.85009765625,2547.050048828125,2599.5,1572820
2021-01-19,2611.3564453125,2645.5,2659.0,2580.0,2618.5,1202289
2021-01-20,2641.265380859375,2675.800048828125,2682.85009765625,2643.25,2645.25,1064146
2021-01-21,2551.6865234375,2585.050048828125,2685.0,2574.39990234375,2675.0,994932
2021-01-22,2564.370849609375,2597.89990234375,2652.0,2567.10009765625,2590.050048828125,1194708
2021-01-25,2652.221923828125,2686.89990234375,2708.0,2610.85009765625,2610.85009765625,1764152
2021-01-27,2566.838134765625,2600.39990234375,2749.64990234375,2587.25,2698.0,1665899
2021-01-28,2588.554443359375,2622.39990234375,2699.5,2580.550048828125,2594.0,1410605
2021-01-29,2528.19384765625,2561.25,2676.5,2551.0,2622.60009765625,921579
2021-02-01,2629.124267578125,2663.5,2676.550048828125,2528.10009765625,2590.0,879244
2021-02-02,2670.23681640625,2705.14990234375,2745.0,2678.0,2679.5,607131
2021-02-03,2685.585693359375,2720.699951171875,2808.14990234375,2704.0,2714.89990234375,1286454
2021-02-04,2696.394287109375,2731.64990234375,2747.89990234375,2686.0,2730.0,455213
2021-02-05,2703.2548828125,2738.60009765625,2783.0,2687.64990234375,2740.0,941316
2021-02-08,2695.012451171875,2730.25,2780.0,2725.0,2741.0,564043
2021-02-09,2753.300537109375,2789.300048828125,2836.60009765625,2738.10009765625,2746.5,1052950
2021-02-10,2720.923583984375,2756.5,2828.0,2745.64990234375,2813.85009765625,745906
2021-02-11,2720.923583984375,2756.5,2779.5,2730.0,2760.0,581642
2021-02-12,2712.63232421875,2748.10009765625,2790.0,2726.10009765625,2768.0,693562
2021-02-15,3050.760986328125,3090.64990234375,3127.0,2760.449951171875,2777.0,4446974
2021-02-16,3161.4140625,3202.75,3253.550048828125,3047.0,3089.0,4381584
2021-02-17,3193.247802734375,3235.0,3284.0,3177.0,3177.0,2081001
2021-02-18,3066.6533203125,3106.75,3237.800048828125,3094.0,3225.5,1477343
2021-02-19,2882.264404296875,2919.949951171875,3109.25,2896.0,3090.10009765625,2037556
2021-02-22,2891.740478515625,2929.550048828125,2967.89990234375,2866.89990234375,2918.449951171875,1246303
2021-02-23,2958.072998046875,2996.75,3052.5,2937.5,2945.199951171875,1465930
2021-02-24,3020.161376953125,3059.64990234375,3120.0,3000.050048828125,3015.0,1088420
2021-02-25,3051.451904296875,3091.35009765625,3139.949951171875,3057.89990234375,3101.0,819639
2021-02-26,3019.174072265625,3058.64990234375,3173.949951171875,3020.64990234375,3070.0,2103433
2021-03-01,3041.383544921875,3081.14990234375,3098.0,3007.550048828125,3039.050048828125,678218
2021-03-02,3047.45458984375,3087.300048828125,3152.0,3067.39990234375,3105.5,944553
2021-03-03,3017.545166015625,3057.0,3119.5,3049.39990234375,3115.10009765625,536623
2021-03-04,3002.83740234375,3042.10009765625,3081.300048828125,3017.0,3058.0,687383
2021-03-05,2842.336181640625,2879.5,3017.75,2870.0,3000.0,1486110
2021-03-08,2829.602783203125,2866.60009765625,2935.85009765625,2846.75,2901.0,952087
2021-03-09,2848.85107421875,2886.10009765625,2926.949951171875,2826.699951171875,2870.5,883183
2021-03-10,2866.618896484375,2904.10009765625,2924.949951171875,2880.75,2910.0,432551
2021-03-12,2937.936279296875,2976.35009765625,3031.0,2927.5,2931.10009765625,1512021
2021-03-15,2957.92529296875,2996.60009765625,3025.0,2915.0,2998.0,918701
2021-03-16,3033.585693359375,3073.25,3080.0,2990.800048828125,3002.0,1081398
2021-03-17,2958.714599609375,2997.39990234375,3082.300048828125,2970.0,3080.0,740599
2021-03-18,2920.514404296875,2958.699951171875,3065.0,2922.0,3026.0,789785
2021-03-19,2896.7255859375,2934.60009765625,2982.85009765625,2887.25,2954.0,2288304
2021-03-22,2867.6064453125,2905.10009765625,2944.25,2875.0,2913.0,488626
2021-03-23,2908.718505859375,2946.75,2967.800048828125,2896.85009765625,2917.89990234375,630061
2021-03-24,2881.9189453125,2919.60009765625,2976.85009765625,2904.050048828125,2957.85009765625,627981
2021-03-25,2773.091796875,2809.35009765625,2993.0,2787.5,2927.0,1001626
2021-03-26,2814.89453125,2851.699951171875,2905.0,2819.0,2840.0,918204
2021-03-30,2887.84130859375,2925.60009765625,2970.89990234375,2875.0,2902.5,1420415
2021-03-31,2865.1875,2902.64990234375,2927.949951171875,2882.050048828125,2901.0,665173
2021-04-01,2856.698486328125,2894.050048828125,2913.949951171875,2843.39990234375,2886.35009765625,842489
2021-04-05,2881.819580078125,2919.5,3015.0,2886.0,2922.0,1241115
2021-04-06,2945.043212890625,2983.550048828125,3015.0,2927.199951171875,2939.0,1015604
2021-04-07,3057.818603515625,3097.800048828125,3115.0,2998.75,2999.0,1240450
2021-04-08,3074.40234375,3114.60009765625,3144.199951171875,3089.39990234375,3134.800048828125,800699
2021-04-09,3091.725830078125,3132.14990234375,3164.14990234375,3105.89990234375,3147.5,934037
2021-04-12,2965.969482421875,3004.75,3119.0,2979.050048828125,3119.0,961549
2021-04-13,2942.279296875,2980.75,3061.89990234375,2951.0,3032.35009765625,544916
2021-04-15,2954.864990234375,2993.5,3038.949951171875,2902.300048828125,3037.0,692875
2021-04-16,3021.49365234375,3061.0,3073.0,2994.0,2999.75,622872
2021-04-19,3116.6494140625,3157.39990234375,3243.14990234375,3005.64990234375,3038.0,3552506
2021-04-20,3227.450927734375,3269.64990234375,3309.0,3181.75,3210.0,2575420
2021-04-22,3187.27587890625,3228.949951171875,3334.10009765625,3217.25,3269.0,1307224
2021-04-23,3158.74951171875,3200.050048828125,3299.0,3171.0,3258.0,1030125
2021-04-26,3133.67724609375,3174.64990234375,3253.0,3152.0,3230.35009765625,557667
2021-04-27,3149.865234375,3191.050048828125,3205.0,3157.800048828125,3200.0,505348
2021-04-28,3157.959228515625,3199.25,3249.0,3182.60009765625,3210.0,575824
2021-04-29,3197.09765625,3238.89990234375,3260.0,3199.25,3199.25,589707
2021-04-30,3156.232421875,3197.5,3310.0,3182.800048828125,3256.0,906562
2021-05-03,3162.944580078125,3204.300048828125,3221.800048828125,3140.0,3208.800048828125,728281
2021-05-04,3140.19189453125,3181.25,3243.25,3166.39990234375,3233.14990234375,581864
2021-05-05,3289.88427734375,3332.89990234375,3357.0,3176.14990234375,3199.800048828125,1679977
2021-05-06,3303.95068359375,3347.14990234375,3385.89990234375,3300.699951171875,3357.85009765625,1124908
2021-05-07,3268.119140625,3310.85009765625,3397.0,3302.0,3347.14990234375,774478
2021-05-10,3280.803466796875,3323.699951171875,3342.60009765625,3261.60009765625,3315.0,627199
2021-05-11,3216.1484375,3258.199951171875,3315.0,3245.25,3315.0,670759
2021-05-12,3155.491943359375,3196.75,3274.89990234375,3185.60009765625,3274.89990234375,703372
2021-05-14,3100.411865234375,3140.949951171875,3211.75,3095.35009765625,3200.0,842794
2021-05-17,3111.6650390625,3152.35009765625,3189.949951171875,3115.10009765625,3147.0,847722
2021-05-18,3122.6708984375,3163.5,3188.449951171875,3140.0,3174.0,639445
2021-05-19,3188.0166015625,3229.699951171875,3236.10009765625,3161.699951171875,3180.199951171875,711069
2021-05-20,3178.392333984375,3219.949951171875,3272.75,3214.0,3245.89990234375,752076
2021-05-21,3205.83349609375,3247.75,3259.39990234375,3225.0,3246.39990234375,471439
2021-05-24,3219.01123046875,3261.10009765625,3285.0,3240.14990234375,3248.0,611909
2021-05-25,3158.3544921875,3199.64990234375,3267.0,3170.64990234375,3266.25,622276
2021-05-26,3142.511474609375,3183.60009765625,3220.0,3178.10009765625,3205.0,260821
2021-05-27,3157.713134765625,3199.0,3223.60009765625,3153.60009765625,3186.5,1084157
2021-05-28,3108.703857421875,3149.35009765625,3207.0,3140.0,3199.0,555829
2021-05-31,3127.853271484375,3168.75,3186.300048828125,3125.0,3145.0,635444
2021-06-01,3197.986083984375,3239.800048828125,3249.0,3160.85009765625,3190.0,706976
2021-06-02,3231.349853515625,3273.60009765625,3301.0,3220.0,3244.300048828125,843219
2021-06-03,3381.437255859375,3425.64990234375,3435.0,3267.050048828125,3271.0,1098294
2021-06-04,3336.5244140625,3380.14990234375,3428.64990234375,3375.0,3425.35009765625,380548
2021-06-07,3272.511962890625,3315.300048828125,3380.14990234375,3308.0,3380.14990234375,526855
2021-06-08,3246.99560546875,3289.449951171875,3312.5,3255.60009765625,3299.0,766456
2021-06-09,3263.233154296875,3305.89990234375,3331.60009765625,3251.0,3290.0,587528
2021-06-10,3282.77734375,3325.699951171875,3345.0,3297.050048828125,3322.449951171875,749909
2021-06-11,3293.487548828125,3336.550048828125,3346.0,3301.699951171875,3342.35009765625,277612
2021-06-14,3306.96142578125,3350.199951171875,3360.0,3285.0,3345.0,317756
2021-06-15,3255.731201171875,3298.300048828125,3356.949951171875,3295.0,3355.0,461588
2021-06-16,3251.683837890625,3294.199951171875,3325.0,3278.0,3310.0,419575
2021-06-17,3198.775634765625,3240.60009765625,3282.949951171875,3225.199951171875,3257.0,356502
2021-06-18,3179.922119140625,3221.5,3253.0,3162.550048828125,3235.0,520516
2021-06-21,3196.209228515625,3238.0,3252.0,3181.0,3195.0,200280
2021-06-22,3216.1484375,3258.199951171875,3302.949951171875,3230.10009765625,3238.0,567861
2021-06-23,3202.921630859375,3244.800048828125,3274.949951171875,3212.0,3274.949951171875,504942
2021-06-24,3161.90771484375,3203.25,3281.64990234375,3141.75,3229.89990234375,1754163
2021-06-25,3394.615234375,3439.0,3465.0,3222.25,3253.25,3717669
2021-06-28,3409.570068359375,3454.14990234375,3490.0,3402.199951171875,3447.85009765625,1213113
2021-06-29,3544.801513671875,3591.14990234375,3604.949951171875,3420.0,3420.0,2268589
2021-06-30,3573.13134765625,3619.85009765625,3659.85009765625,3582.60009765625,3617.0,1291906
2021-07-01,3630.974365234375,3678.449951171875,3696.949951171875,3595.0,3619.85009765625,876022
2021-07-02,3685.018310546875,3733.199951171875,3744.89990234375,3667.0,3701.0,573795
2021-07-05,3670.113037109375,3718.10009765625,3762.949951171875,3702.699951171875,3760.0,444545
2021-07-06,3658.416015625,3706.25,3750.75,3696.0,3717.89990234375,344090
2021-07-07,3667.645263671875,3715.60009765625,3757.800048828125,3697.60009765625,3715.0,466002
2021-07-08,3624.015380859375,3671.39990234375,3720.0,3657.0,3700.0,459811
2021-07-09,3677.812255859375,3725.89990234375,3744.0,3673.0,3673.0,469932
2021-07-12,3699.03466796875,3747.39990234375,3788.800048828125,3730.10009765625,3745.0,464757
2021-07-13,3701.8974609375,3750.300048828125,3769.949951171875,3721.0,3768.0,246112
2021-07-14,3706.33935546875,3754.800048828125,3775.0,3708.89990234375,3754.0,395272
2021-07-15,3713.792236328125,3762.35009765625,3798.0,3750.550048828125,3774.85009765625,399845
2021-07-16,3730.32568359375,3779.10009765625,3787.0,3742.39990234375,3762.35009765625,226565
2021-07-19,3833.625244140625,3883.75,3919.949951171875,3765.0,3779.10009765625,1044561
2021-07-20,3832.83544921875,3882.949951171875,3908.0,3817.300048828125,3890.0,357815
2021-07-22,3933.864501953125,3985.300048828125,4004.0,3890.0,3890.0,760359
2021-07-23,3868.3212890625,3918.89990234375,3999.75,3913.0,3985.300048828125,335985
2021-07-26,4047.4296875,4100.35009765625,4158.7998046875,3930.0,3937.0,1982531
2021-07-27,4025.61474609375,4078.25,4189.64990234375,4050.449951171875,4120.89990234375,859687
2021-07-28,3976.408203125,4028.39990234375,4100.0,3985.5,4100.0,455244
2021-07-29,3986.624755859375,4038.75,4054.550048828125,3993.199951171875,4040.0,449417
2021-07-30,3982.92236328125,4035.0,4086.449951171875,4007.5,4031.0,627367
2021-08-02,3995.9033203125,4048.14990234375,4092.949951171875,4035.050048828125,4059.64990234375,344295
2021-08-03,4039.8779296875,4092.699951171875,4225.0,4064.050048828125,4090.60009765625,981680
2021-08-04,4013.91796875,4066.39990234375,4128.60009765625,4052.64990234375,4110.7998046875,305863
2021-08-05,4021.173095703125,4073.75,4111.7001953125,4036.0,4084.800048828125,270458
2021-08-06,4035.28857421875,4088.050048828125,4178.0498046875,4073.199951171875,4089.800048828125,717143
2021-08-09,3952.02685546875,4003.699951171875,4111.0,3990.0,4109.0,431991
2021-08-10,4010.3642578125,4062.800048828125,4086.800048828125,4000.0,4024.0,364246
2021-08-11,3974.384765625,4026.35009765625,4083.14990234375,3915.0,4065.0,831738
2021-08-12,4079.757080078125,4133.10009765625,4142.9501953125,3975.35009765625,4027.0,556973
2021-08-13,4011.6474609375,4064.10009765625,4145.75,4038.199951171875,4144.9501953125,553736
2021-08-16,4289.0205078125,4345.10009765625,4374.5,4125.14990234375,4146.0,3709012
2021-08-17,4856.99462890625,4920.5,4974.0,4332.25,4345.0,8069431
2021-08-18,4728.98876953125,4787.89990234375,4963.0,4762.0498046875,4850.0,2941548
2021-08-20,4688.09814453125,4746.5,4934.7001953125,4697.2001953125,4719.0,2331020
2021-08-23,4684.88818359375,4743.25,4839.64990234375,4720.2001953125,4780.0,699991
2021-08-24,4781.189453125,4840.75,4888.9501953125,4750.64990234375,4820.0,1576663
2021-08-25,4712.93994140625,4771.64990234375,4880.0,4750.0,4865.0,469002
2021-08-26,4642.5654296875,4700.39990234375,4780.0,4646.39990234375,4776.4501953125,800419
2021-08-27,4706.46923828125,4765.10009765625,4832.0,4676.35009765625,4717.10009765625,937887
2021-08-30,4699.0126953125,4757.5498046875,4828.0,4721.60009765625,4790.2001953125,632354
2021-08-31,4908.404296875,4969.5498046875,5046.0,4766.10009765625,4766.10009765625,2883159
2021-09-01,4977.04931640625,5039.0498046875,5071.7998046875,4945.2998046875,4985.0,841956
2021-09-02,4981.4443359375,5043.5,5122.0,5013.0,5039.0498046875,900686
2021-09-03,4952.8505859375,5014.5498046875,5073.2998046875,4967.0,5054.0,567961
2021-09-06,4934.03466796875,4995.5,5040.0,4972.0,5029.0,439776
2021-09-07,4817.04248046875,4877.0498046875,5023.0,4860.0,5020.39990234375,479021
2021-09-08,4752.2001953125,4811.39990234375,4901.4501953125,4792.10009765625,4900.0,642506
2021-09-09,4661.4794921875,4719.5498046875,4820.0,4685.0,4815.7001953125,838279
2021-09-13,4687.45703125,4745.85009765625,4796.0,4681.35009765625,4735.0,1151299
2021-09-14,4674.2216796875,4732.4501953125,4773.0,4696.7001953125,4773.0,528943
2021-09-15,4733.08740234375,4792.0498046875,4819.2001953125,4686.5498046875,4750.0,659281
2021-09-16,4820.6962890625,4880.75,4890.0,4792.0498046875,4819.0,779552
2021-09-17,4847.85791015625,4908.25,4945.5,4864.4501953125,4875.0,814867
2021-09-20,4818.0791015625,4878.10009765625,4952.5498046875,4781.7001953125,4864.0,434640
2021-09-21,4831.4130859375,4891.60009765625,4918.9501953125,4790.14990234375,4858.0,462221
2021-09-22,4844.5498046875,4904.89990234375,5010.0,4869.89990234375,4925.0,562041
2021-09-23,5021.6435546875,5084.2001953125,5134.0,4905.0,4931.39990234375,696944
2021-09-24,4673.5791015625,4731.7998046875,5198.0,4711.5498046875,5156.10009765625,1949974
2021-09-27,4509.375,4565.5498046875,4771.0,4464.10009765625,4748.7998046875,1885178
2021-09-28,4356.7763671875,4411.0498046875,4629.89990234375,4376.0,4580.0,1051440
2021-09-29,4369.07275390625,4423.5,4507.10009765625,4400.0,4420.0,571896
2021-09-30,4426.458984375,4481.60009765625,4500.64990234375,4383.64990234375,4445.0,808446
2021-10-01,4404.53076171875,4459.39990234375,4520.0,4435.0,4481.60009765625,534563
2021-10-04,4492.2880859375,4548.25,4565.0,4440.85009765625,4459.89990234375,535335
2021-10-05,4427.24755859375,4482.39990234375,4576.85009765625,4469.0498046875,4571.0,425555
2021-10-06,4324.873046875,4378.75,4509.0,4356.0,4495.0,480575
2021-10-07,4373.8134765625,4428.2998046875,4468.0,4381.0,4410.0,276775
2021-10-08,4325.3671875,4379.25,4459.0,4365.60009765625,4459.0,269607
2021-10-11,4323.29296875,4377.14990234375,4422.9501953125,4360.0,4401.10009765625,331320
2021-10-12,4297.7607421875,4351.2998046875,4407.0498046875,4293.2998046875,4349.0,612692
2021-10-13,4323.63916015625,4377.5,4409.0,4340.0,4385.0,302343
2021-10-14,4275.1435546875,4328.39990234375,4429.75,4312.35009765625,4403.9501953125,436160
2021-10-18,4277.1181640625,4330.39990234375,4449.0,4321.64990234375,4449.0,345049
2021-10-19,4248.12890625,4301.0498046875,4387.64990234375,4226.64990234375,4352.0,285362
2021-10-20,4095.72802734375,4146.75,4317.35009765625,4135.0,4301.0498046875,510321
2021-10-21,4083.974853515625,4134.85009765625,4234.89990234375,4075.25,4187.0,698306
2021-10-22,3978.834228515625,4028.39990234375,4189.4501953125,4002.35009765625,4155.5,347114
2021-10-25,4112.76611328125,4164.0,4250.89990234375,3955.0,4045.39990234375,1151030
2021-10-26,4215.43701171875,4267.9501953125,4308.5,4135.5498046875,4164.0,790450
2021-10-27,4223.93115234375,4276.5498046875,4325.10009765625,4215.14990234375,4278.7998046875,623848
2021-10-28,4236.72119140625,4289.5,4314.0,4225.0,4277.7998046875,537955
2021-10-29,4209.60888671875,4262.0498046875,4349.0,4161.0498046875,4289.5,705546
2021-11-01,4283.2421875,4336.60009765625,4350.0,4258.0,4281.2001953125,239375
2021-11-02,4237.1162109375,4289.89990234375,4395.0,4270.5498046875,4340.0,389193
2021-11-03,4383.9873046875,4438.60009765625,4449.9501953125,4300.0498046875,4317.0,667752
2021-11-04,4383.9375,4438.5498046875,4478.0,4419.85009765625,4448.0,69818
2021-11-08,4351.14599609375,4405.35009765625,4475.0,4378.0,4438.60009765625,285968
2021-11-09,4477.12744140625,4532.89990234375,4555.5498046875,4420.0,4454.0,547476
2021-11-10,4496.8310546875,4552.85009765625,4584.0,4480.0,4522.10009765625,359967
2021-11-11,4511.05419921875,4567.25,4728.10009765625,4527.0498046875,4545.10009765625,1110123
2021-11-12,4612.0458984375,4669.5,4688.0,4571.14990234375,4612.89990234375,423439
2021-11-15,5018.43359375,5080.9501953125,5147.5498046875,4800.7998046875,4800.7998046875,3044498
2021-11-16,5034.1376953125,5096.85009765625,5205.0,5040.0,5080.0,1118231
2021-11-17,5663.39892578125,5733.9501953125,5844.39990234375,5075.14990234375,5080.0,6482125
2021-11-18,5519.8369140625,5588.60009765625,5843.7998046875,5546.14990234375,5733.9501953125,2165157
2021-11-22,5352.81787109375,5419.5,5640.0,5313.0,5597.0,1204625
2021-11-23,5387.14111328125,5454.25,5540.0,5350.0,5374.5,763056
2021-11-24,5330.79296875,5397.2001953125,5481.4501953125,5305.10009765625,5466.0,697909
2021-11-25,5630.90283203125,5701.0498046875,5750.0,5325.0498046875,5400.0,1575738
2021-11-26,5617.61962890625,5687.60009765625,5935.39990234375,5627.4501953125,5709.0,2613669
2021-11-29,5657.0283203125,5727.5,5858.0,5550.0,5770.0,1189390
2021-11-30,5617.767578125,5687.75,5829.9501953125,5629.60009765625,5755.0,1352746
2021-12-01,5502.4541015625,5571.0,5765.0,5531.7001953125,5718.7001953125,835169
2021-12-02,5524.13427734375,5592.9501953125,5809.0,5578.85009765625,5625.75,1236317
2021-12-03,5365.5595703125,5432.39990234375,5654.64990234375,5420.0,5592.9501953125,844674
2021-12-06,5234.59130859375,5299.7998046875,5468.0,5276.0498046875,5467.0,489242
2021-12-07,5249.25732421875,5314.64990234375,5435.25,5235.9501953125,5299.7998046875,595254
2021-12-08,5267.8759765625,5333.5,5367.0,5278.0,5313.0,557196
2021-12-09,5168.4150390625,5232.7998046875,5386.0,5211.0,5370.0,689987
2021-12-10,5180.76123046875,5245.2998046875,5328.39990234375,5230.5,5265.0,416165
2021-12-13,5142.63671875,5206.7001953125,5329.0,5175.0,5286.7001953125,480443
2021-12-14,5147.87109375,5212.0,5250.0,5065.0498046875,5126.0,1007056
2021-12-15,5128.6611328125,5192.5498046875,5269.89990234375,5170.0498046875,5230.0,377883
2021-12-16,5140.265625,5204.2998046875,5242.0,5143.0,5229.9501953125,265216
2021-12-17,4727.8037109375,4786.7001953125,5200.0,4730.0,5200.0,1133941
2021-12-20,4647.060546875,4704.9501953125,4824.0,4643.14990234375,4780.0,994682
2021-12-21,4787.955078125,4847.60009765625,4870.0,4695.0498046875,4760.0,1004676
2021-12-22,4716.791015625,4775.5498046875,4900.25,4750.0,4900.2001953125,779992
2021-12-23,4817.53564453125,4877.5498046875,4899.0,4786.5498046875,4803.0,582129
2021-12-24,4782.91748046875,4842.5,4905.9501953125,4823.75,4880.0,348742
2021-12-27,4780.498046875,4840.0498046875,4860.0,4755.0,4854.35009765625,315490
2021-12-28,4784.59619140625,4844.2001953125,4894.0,4810.2001953125,4854.7998046875,348173
2021-12-29,4915.36767578125,4976.60009765625,4991.2998046875,4833.0,4865.0,861183
2021-12-30,4909.5888671875,4970.75,5009.64990234375,4940.0,4999.9501953125,617460
2021-12-31,4951.7138671875,5013.39990234375,5056.7998046875,4953.0,4980.0,504012
2022-01-03,4929.0966796875,4990.5,5068.0,4978.85009765625,5038.4501953125,310798
2022-01-04,4903.51513671875,4964.60009765625,5028.89990234375,4921.10009765625,5015.0,369814
2022-01-05,4912.05859375,4973.25,5138.64990234375,4922.0,4962.0,966342
2022-01-06,4903.36669921875,4964.4501953125,5038.0,4905.0,4970.0,585391
2022-01-07,4960.060546875,5021.85009765625,5059.10009765625,4958.0,4960.0,549876
2022-01-10,5002.9267578125,5065.25,5085.0,4963.0,5021.85009765625,542304
2022-01-11,4996.802734375,5059.0498046875,5141.5,5020.2998046875,5050.0,742409
2022-01-12,4952.7021484375,5014.39990234375,5099.0,5005.64990234375,5075.0,360219
2022-01-13,4922.0341796875,4983.35009765625,5051.0,4953.14990234375,5024.89990234375,457570
2022-01-14,4912.8486328125,4974.0498046875,5015.0,4930.0,4997.89990234375,207639
2022-01-17,4851.31494140625,4911.75,4984.7001953125,4900.0,4974.0,337077
2022-01-18,4559.0068359375,4615.7998046875,4909.89990234375,4505.0,4900.0,3507266
2022-01-19,4460.38525390625,4515.9501953125,4615.0,4400.0,4615.0,2404880
2022-01-20,4587.64990234375,4644.7998046875,4725.0,4490.0,4525.0,2747887
2022-01-21,4633.92333984375,4691.64990234375,4733.75,4544.85009765625,4649.9501953125,1008450
2022-01-24,4442.80419921875,4498.14990234375,4710.7998046875,4462.25,4690.0,737762
2022-01-25,4430.80322265625,4486.0,4535.0,4250.10009765625,4415.0,917284
2022-01-27,4239.4375,4292.25,4427.0,4150.0,4427.0,1244330
2022-01-28,4423.49462890625,4478.60009765625,4565.0,4335.25,4346.0,932049
2022-01-31,4402.505859375,4457.35009765625,4584.0,4358.0498046875,4584.0,934551
2022-02-01,4456.533203125,4512.0498046875,4532.25,4444.0,4478.7998046875,548762
2022-02-02,4608.88525390625,4666.2998046875,4683.0,4520.64990234375,4530.0,676206
2022-02-03,4585.6748046875,4642.7998046875,4704.75,4602.7998046875,4667.9501953125,777217
2022-02-04,4630.2197265625,4687.89990234375,4794.0,4601.75,4640.0,829635
2022-02-07,4420.08740234375,4475.14990234375,4724.5498046875,4450.0498046875,4687.39990234375,597040
2022-02-08,4345.36767578125,4399.5,4529.7001953125,4380.0,4497.5,628869
2022-02-09,4520.93115234375,4577.25,4587.0,4430.0498046875,4514.7001953125,842211
2022-02-10,4534.166015625,4590.64990234375,4623.0,4528.10009765625,4576.0498046875,487802
2022-02-11,4459.34814453125,4514.89990234375,4613.4501953125,4476.4501953125,4610.0,572726
2022-02-14,4431.14990234375,4486.35009765625,4678.0,4402.75,4479.10009765625,1094132
2022-02-15,4606.02099609375,4663.39990234375,4675.0,4501.89990234375,4530.0,791080
2022-02-16,4528.38818359375,4584.7998046875,4724.0,4555.0498046875,4695.0,584166
2022-02-17,4508.53466796875,4564.7001953125,4667.5,4550.0,4584.0,520450
2022-02-18,4416.53125,4471.5498046875,4592.7998046875,4462.5498046875,4504.0,388145
2022-02-21,4372.18408203125,4426.64990234375,4524.9501953125,4390.64990234375,4471.0,392246
2022-02-22,4519.74560546875,4576.0498046875,4605.5498046875,4300.0,4327.0,833525
2022-02-23,4554.068359375,4610.7998046875,4735.0,4590.5,4595.0,755051
2022-02-24,4328.0341796875,4381.9501953125,4535.0,4351.0498046875,4425.0,814710
2022-02-25,4576.43994140625,4633.4501953125,4747.60009765625,4465.75,4570.0,1187316
2022-02-28,4743.70458984375,4802.7998046875,4826.0,4571.2001953125,4615.0,1617666
2022-03-02,4801.4365234375,4861.25,4903.9501953125,4780.2001953125,4827.0,1194676
2022-03-03,4857.29052734375,4917.7998046875,4969.0,4875.0498046875,4880.0,930907
2022-03-04,4688.83935546875,4747.25,4889.39990234375,4732.2001953125,4880.0,738388
2022-03-07,4606.9599609375,4664.35009765625,4732.7998046875,4583.85009765625,4620.0,643012
2022-03-08,4664.14697265625,4722.25,4740.0,4595.39990234375,4660.0,670238
2022-03-09,4652.986328125,4710.9501953125,4814.89990234375,4694.0,4779.0,447387
2022-03-10,4711.01318359375,4769.7001953125,4819.0,4745.0,4805.60009765625,363906
2022-03-11,4794.37451171875,4854.10009765625,4863.0,4735.25,4748.0,436703
2022-03-14,4862.9208984375,4923.5,5016.5498046875,4864.0498046875,4890.0,626924
2022-03-15,4753.73095703125,4812.9501953125,4999.0,4700.0,4949.9501953125,686998
2022-03-16,4882.82275390625,4943.64990234375,4957.14990234375,4832.2001953125,4893.60009765625,477521
2022-03-17,4780.34912109375,4839.89990234375,4998.0,4824.89990234375,4947.0,852493
2022-03-21,4708.74169921875,4767.39990234375,4914.89990234375,4755.0498046875,4875.0,509842
2022-03-22,4620.04638671875,4677.60009765625,4828.0,4471.85009765625,4798.0,1255679
2022-03-23,4551.50048828125,4608.2001953125,4716.0498046875,4595.60009765625,4697.5,896055
2022-03-24,4571.60009765625,4628.5498046875,4685.0,4558.60009765625,4599.9501953125,719101
2022-03-25,4625.57763671875,4683.2001953125,4764.0,4622.39990234375,4670.0,968364
2022-03-28,4601.28076171875,4658.60009765625,4720.0,4600.0498046875,4712.7998046875,524802
2022-03-29,4556.98193359375,4613.75,4697.5,4599.0498046875,4685.89990234375,778391
2022-03-30,4558.0185546875,4614.7998046875,4693.7001953125,4579.64990234375,4677.0,4839707
2022-03-31,4460.533203125,4516.10009765625,4634.7001953125,4500.85009765625,4625.0,1225845
2022-04-01,4451.44677734375,4506.89990234375,4558.0,4455.10009765625,4558.0,827880
2022-04-04,4508.7822265625,4564.9501953125,4583.2998046875,4499.0,4557.0,619577
2022-04-05,4498.21533203125,4554.25,4605.0,4542.14990234375,4605.0,487075
2022-04-06,4456.2373046875,4511.75,4609.0,4498.14990234375,4567.0,653418
2022-04-07,4480.68212890625,4536.5,4583.7001953125,4490.0,4531.0,413722
2022-04-08,4549.4755859375,4606.14990234375,4628.5,4514.0,4574.0,685882
2022-04-11,4604.78564453125,4662.14990234375,4686.64990234375,4575.5,4607.0,652187
2022-04-12,4569.37744140625,4626.2998046875,4682.0,4594.5498046875,4669.0,574409
2022-04-13,4686.07470703125,4744.4501953125,4764.0,4629.0,4629.0,812061
2022-04-18,4498.4609375,4554.5,4744.4501953125,4518.0,4724.5,579482
2022-04-19,4757.08935546875,4816.35009765625,4870.0,4583.39990234375,4594.0,1713344
2022-04-20,4722.125,4780.9501953125,4850.0,4731.39990234375,4806.0,777140
2022-04-21,4825.14111328125,4885.25,4903.64990234375,4770.10009765625,4840.0,771623
2022-04-22,4754.4716796875,4813.7001953125,4860.0,4788.0,4849.9501953125,381911
2022-04-25,4618.515625,4676.0498046875,4765.60009765625,4608.35009765625,4765.60009765625,421185
2022-04-26,4567.1552734375,4624.0498046875,4741.0,4601.0,4733.0,548203
2022-04-27,4467.29931640625,4522.9501953125,4658.9501953125,4500.0,4620.0,476441
2022-04-28,4482.01611328125,4537.85009765625,4603.0,4505.0498046875,4580.0,552600
2022-04-29,4399.54345703125,4454.35009765625,4596.0,4431.0,4545.0,465103
2022-05-02,4251.783203125,4304.75,4440.0,4290.0,4440.0,568610
2022-05-04,3963.919921875,4013.300048828125,4325.35009765625,3996.050048828125,4302.5,1729814
2022-05-05,3900.510009765625,3949.10009765625,4054.14990234375,3930.0,4042.0,1122769
2022-05-06,3780.258056640625,3827.35009765625,3898.64990234375,3791.050048828125,3898.64990234375,891448
2022-05-09,3720.0087890625,3766.35009765625,3807.949951171875,3739.64990234375,3805.0,521295
2022-05-10,3641.53564453125,3686.89990234375,3782.699951171875,3661.800048828125,3770.0,836241
2022-05-11,3634.375244140625,3679.64990234375,3734.89990234375,3619.64990234375,3709.89990234375,524764
2022-05-12,3536.790283203125,3580.85009765625,3650.0,3541.449951171875,3650.0,717916
2022-05-13,3504.147705078125,3547.800048828125,3712.89990234375,3530.0,3601.89990234375,957908
2022-05-16,3641.387939453125,3686.75,3707.89990234375,3553.050048828125,3581.0,600622
2022-05-17,3766.232421875,3813.14990234375,3832.949951171875,3678.050048828125,3712.0,843357
2022-05-18,3689.0439453125,3735.0,3842.0,3725.0,3822.0,427461
2022-05-19,3587.114013671875,3631.800048828125,3717.85009765625,3609.60009765625,3609.60009765625,572640
2022-05-20,3622.86865234375,3668.0,3695.0,3586.0,3695.0,692428
2022-05-23,3671.21630859375,3716.949951171875,3764.64990234375,3666.0,3668.0,401917
2022-05-24,3586.965576171875,3631.64990234375,3740.0,3613.5,3740.0,471324
2022-05-25,3480.9365234375,3524.300048828125,3673.949951171875,3486.14990234375,3650.25,370431
2022-05-26,3617.732666015625,3662.800048828125,3709.0,3361.550048828125,3386.0,1730687
2022-05-27,3814.234619140625,3861.75,3880.0,3573.0,3700.0,1733752
2022-05-30,3844.06298828125,3891.949951171875,3915.550048828125,3820.449951171875,3890.0,666686
2022-05-31,3930.338134765625,3979.300048828125,3999.800048828125,3839.050048828125,3855.0,1361696
2022-06-01,3791.764404296875,3839.0,3989.75,3790.050048828125,3939.550048828125,794887
2022-06-02,3600.39794921875,3645.25,3845.0,3623.75,3845.0,1891062
2022-06-03,3544.64306640625,3588.800048828125,3693.949951171875,3546.35009765625,3689.0,1305662
2022-06-06,3588.99072265625,3633.699951171875,3649.89990234375,3542.10009765625,3580.10009765625,561188
2022-06-07,3564.890625,3609.300048828125,3633.699951171875,3525.0,3633.699951171875,490554
2022-06-08,3591.459716796875,3636.199951171875,3645.0,3557.0,3600.0,342056
2022-06-09,3624.8935546875,3670.050048828125,3680.64990234375,3561.0,3624.800048828125,483671
2022-06-10,3654.96875,3700.5,3715.0,3595.5,3620.5,624657
2022-06-13,3606.96630859375,3651.89990234375,3678.050048828125,3592.0,3649.0,523342
2022-06-14,3660.5986328125,3706.199951171875,3757.85009765625,3622.75,3628.199951171875,655865
2022-06-15,3676.8955078125,3722.699951171875,3756.10009765625,3645.89990234375,3737.949951171875,466405
2022-06-16,3618.57177734375,3663.64990234375,3775.0,3647.0,3745.0,678602
2022-06-17,3655.70947265625,3701.25,3724.0,3556.10009765625,3600.0,768620
2022-06-20,3764.80078125,3811.699951171875,3825.0,3682.89990234375,3700.0,673219
2022-06-21,3761.34326171875,3808.199951171875,3869.0,3794.050048828125,3849.949951171875,596024
2022-06-22,3741.14501953125,3787.75,3807.75,3713.25,3789.050048828125,359601
2022-06-23,3803.122802734375,3850.5,3857.0,3723.14990234375,3761.800048828125,646244
2022-06-24,3791.172119140625,3838.39990234375,3922.0,3762.0,3902.0,1024811
2022-06-27,3747.812255859375,3794.5,3870.0,3775.0,3849.0,708737
2022-06-28,3790.135009765625,3837.35009765625,3846.64990234375,3722.89990234375,3759.050048828125,463753
2022-06-29,3667.31494140625,3713.0,3817.949951171875,3695.0,3767.199951171875,567477
2022-06-30,3638.177978515625,3683.5,3765.5,3656.39990234375,3714.0,534241
2022-07-01,3690.179931640625,3736.14990234375,3745.0,3635.199951171875,3680.0,316894
2022-07-04,3723.712158203125,3770.10009765625,3782.800048828125,3700.050048828125,3732.0,300790
2022-07-05,3770.43017578125,3817.39990234375,3874.75,3761.0,3761.0,468762
2022-07-06,3835.716796875,3883.5,3889.550048828125,3783.5,3809.10009765625,390568
2022-07-07,3867.076171875,3915.25,3930.0,3868.25,3894.050048828125,398354
2022-07-08,3887.718994140625,3936.14990234375,3946.0,3910.0,3918.0,268377
2022-07-11,3884.85498046875,3933.25,3968.14990234375,3895.050048828125,3935.0,199806
2022-07-12,3881.3486328125,3929.699951171875,4098.7001953125,3900.0,3900.0,1125104
2022-07-13,3820.7041015625,3868.300048828125,3958.949951171875,3861.199951171875,3951.14990234375,385514
2022-07-14,3850.088134765625,3898.050048828125,3979.300048828125,3880.050048828125,3927.0,656393
2022-07-15,3883.323974609375,3931.699951171875,3944.0,3875.0,3898.050048828125,318645
2022-07-18,3898.53466796875,3947.10009765625,3970.800048828125,3890.14990234375,3940.10009765625,291155
2022-07-19,3970.73486328125,4020.199951171875,4032.949951171875,3923.39990234375,3944.39990234375,412946
2022-07-20,4059.677001953125,4110.25,4141.7001953125,4030.050048828125,4090.0,753440
2022-07-21,4098.9873046875,4150.0498046875,4169.85009765625,4096.35009765625,4112.0,542974
2022-07-22,4074.5419921875,4125.2998046875,4169.60009765625,4089.949951171875,4150.2001953125,378496
2022-07-25,4138.34716796875,4189.89990234375,4252.89990234375,4138.0498046875,4144.0,1127478
2022-07-26,4059.6279296875,4110.2001953125,4188.9501953125,4088.0,4185.0,363638
2022-07-27,4074.83837890625,4125.60009765625,4136.9501953125,4022.0,4112.0,440198
2022-07-28,4138.939453125,4190.5,4206.0,4135.0,4149.0,364711
2022-07-29,4160.47119140625,4212.2998046875,4252.7998046875,4187.0,4206.0,333278
2022-08-01,4235.33935546875,4288.10009765625,4293.75,4190.0,4240.0,311325
2022-08-02,4272.673828125,4325.89990234375,4348.25,4270.9501953125,4311.0,440869
2022-08-03,4257.0185546875,4310.0498046875,4386.75,4280.10009765625,4325.9501953125,367949
2022-08-04,4341.7138671875,4395.7998046875,4409.0,4310.0,4322.9501953125,358472
2022-08-05,4320.28076171875,4374.10009765625,4422.0,4335.0,4395.7998046875,207510
2022-08-08,4372.87548828125,4427.35009765625,4474.5498046875,4380.0498046875,4388.9501953125,445755
2022-08-10,4461.57080078125,4517.14990234375,4625.9501953125,4397.10009765625,4438.89990234375,867000
2022-08-11,4375.14697265625,4429.64990234375,4552.5,4418.0,4539.60009765625,446510
2022-08-12,4259.6845703125,4312.75,4394.7998046875,4276.10009765625,4350.0498046875,1412625
2022-08-16,4295.8837890625,4349.39990234375,4381.5498046875,4206.89990234375,4350.0,596342
2022-08-17,4252.771484375,4305.75,4370.0498046875,4285.85009765625,4349.0,502434
2022-08-18,4225.68310546875,4266.64990234375,4338.60009765625,4250.0,4315.0,580509
2022-08-19,4095.64453125,4135.35009765625,4309.4501953125,4120.0,4291.0,719126
2022-08-22,3986.255126953125,4024.89990234375,4133.0,3995.60009765625,4133.0,723542
2022-08-23,4031.863037109375,4070.949951171875,4093.449951171875,3987.85009765625,4024.800048828125,497236
2022-08-24,4170.32080078125,4210.75,4220.0,4077.949951171875,4079.0,956039
2022-08-25,4128.7734375,4168.7998046875,4239.85009765625,4156.7001953125,4215.0,414795
2022-08-26,4174.77783203125,4215.25,4235.75,4156.2001953125,4207.0,342452
2022-08-29,4210.6796875,4251.5,4272.0,4086.0,4100.0,914112
2022-08-30,4281.39306640625,4322.89990234375,4337.5,4233.2001953125,4251.5,848217
2022-09-01,4236.0830078125,4277.14990234375,4328.9501953125,4244.0,4298.0,390072
2022-09-02,4270.94580078125,4312.35009765625,4398.0,4284.0,4309.7998046875,735146
2022-09-05,4241.4306640625,4282.5498046875,4308.60009765625,4233.0,4282.0,522750
2022-09-06,4373.1044921875,4415.5,4422.0,4291.75,4298.89990234375,1078704
2022-09-07,4334.4794921875,4376.5,4410.0,4335.0,4379.2001953125,396347
2022-09-08,4372.412109375,4414.7998046875,4444.89990234375,4361.0,4400.0,562760
2022-09-09,4417.52490234375,4460.35009765625,4474.89990234375,4415.0,4436.89990234375,476210
2022-09-12,4438.5712890625,4481.60009765625,4501.7998046875,4447.0498046875,4473.0,331303
2022-09-13,4446.98828125,4490.10009765625,4520.0,4466.2998046875,4520.0,309270
2022-09-14,4385.08935546875,4427.60009765625,4480.0,4405.35009765625,4405.35009765625,362669
2022-09-15,4300.16259765625,4341.85009765625,4459.14990234375,4328.0498046875,4449.75,427750
2022-09-16,4238.65771484375,4279.75,4363.2998046875,4257.0,4342.0,458526
2022-09-19,4266.83544921875,4308.2001953125,4331.0,4226.7001953125,4295.89990234375,266140
2022-09-20,4515.57373046875,4559.35009765625,4595.0,4316.5,4316.5,1173769
2022-09-21,4560.5869140625,4604.7998046875,4668.5,4556.0,4556.0,1177984
2022-09-22,4564.64794921875,4608.89990234375,4631.2001953125,4522.2001953125,4569.5498046875,511789
2022-09-23,4376.02685546875,4418.4501953125,4719.0,4382.85009765625,4610.0,1205497
2022-09-26,4241.580078125,4282.7001953125,4420.4501953125,4191.10009765625,4418.4501953125,843901
2022-09-27,4202.2119140625,4242.9501953125,4354.10009765625,4205.0,4335.0,651304
2022-09-28,4227.9619140625,4268.9501953125,4295.0,4183.10009765625,4229.0,395837
2022-09-29,4349.53369140625,4391.7001953125,4404.64990234375,4284.9501953125,4297.4501953125,631907
2022-09-30,4341.3134765625,4383.39990234375,4484.89990234375,4352.2001953125,4352.2001953125,761064
2022-10-03,4323.2880859375,4365.2001953125,4490.0,4350.9501953125,4385.0,454169
2022-10-04,4362.111328125,4404.39990234375,4444.5498046875,4365.2001953125,4430.0,307009
2022-10-06,4348.3447265625,4390.5,4450.0,4361.2998046875,4426.4501953125,272050
2022-10-07,4351.91064453125,4394.10009765625,4433.0,4353.5498046875,4379.60009765625,501530
2022-10-10,4298.9248046875,4340.60009765625,4420.0,4295.0,4375.0,207878
2022-10-11,4234.49755859375,4275.5498046875,4362.35009765625,4263.64990234375,4362.35009765625,258216
2022-10-12,4245.8876953125,4287.0498046875,4350.0,4245.0,4280.0,621343
2022-10-13,4225.08984375,4266.0498046875,4317.9501953125,4236.0,4270.10009765625,277038
2022-10-14,4255.8916015625,4297.14990234375,4324.0,4264.0498046875,4301.0,254366
2022-10-17,4249.65185546875,4290.85009765625,4300.5498046875,4221.0498046875,4290.0,254734
2022-10-18,4324.080078125,4366.0,4377.0,4258.0,4325.0,387469
2022-10-19,4346.611328125,4388.75,4405.89990234375,4341.10009765625,4380.0,249672
2022-10-20,4280.998046875,4322.5,4393.2998046875,4295.2001953125,4384.0,370651
2022-10-21,4346.90869140625,4389.0498046875,4430.0,4322.7001953125,4344.14990234375,364601
2022-10-24,4367.8056640625,4410.14990234375,4435.0,4320.0,4410.2001953125,30919
2022-10-25,4361.76416015625,4404.0498046875,4449.89990234375,4372.0,4437.7998046875,474364
2022-10-27,4389.29736328125,4431.85009765625,4499.0,4402.85009765625,4445.0,421237
2022-10-28,4523.14990234375,4567.0,4584.0,4415.0,4454.25,691801
2022-10-31,4474.125,4517.5,4625.0,4491.5,4582.10009765625,433481
2022-11-01,4468.03466796875,4511.35009765625,4647.0,4470.0,4577.0,866656
2022-11-02,4341.0166015625,4383.10009765625,4532.7998046875,4370.0,4512.0,643118
2022-11-03,4352.8017578125,4395.0,4425.0,4349.35009765625,4370.0,457168
2022-11-04,4320.712890625,4362.60009765625,4410.0,4340.0498046875,4410.0,669679
2022-11-07,4321.900390625,4363.7998046875,4420.0,4336.4501953125,4384.4501953125,356178
2022-11-09,4319.32568359375,4361.2001953125,4435.0,4344.0,4347.0,378028
2022-11-10,4244.3037109375,4285.4501953125,4377.4501953125,4250.0,4374.5,527721
2022-11-11,4378.94873046875,4421.39990234375,4540.0,4330.0498046875,4386.0,1685313
2022-11-14,4512.94970703125,4556.7001953125,4568.0,4425.2001953125,4430.0,886587
2022-11-15,4567.6689453125,4611.9501953125,4629.0,4527.0,4560.0,492794
2022-11-16,4436.24267578125,4479.25,4610.0,4461.0,4605.0,499585
2022-11-17,4358.05029296875,4400.2998046875,4515.9501953125,4370.7001953125,4490.0,430622
2022-11-18,4356.91162109375,4399.14990234375,4449.0,4320.0,4430.0,385705
2022-11-21,4376.4228515625,4418.85009765625,4440.0,4341.0,4403.9501953125,336664
2022-11-22,4426.88330078125,4469.7998046875,4480.0,4380.0,4420.9501953125,310657
2022-11-23,4560.98291015625,4605.2001953125,4616.14990234375,4448.0,4482.2998046875,799422
2022-11-24,4768.818359375,4815.0498046875,4833.0,4614.0,4630.0,1822610
2022-11-25,4743.46435546875,4789.4501953125,4885.0,4751.0498046875,4815.0,1069669
2022-11-28,4676.51318359375,4721.85009765625,4768.85009765625,4683.25,4761.0,598162
2022-11-29,4673.88916015625,4719.2001953125,4842.0,4707.64990234375,4725.0,910558
2022-11-30,4681.02001953125,4726.39990234375,4760.10009765625,4642.60009765625,4719.2001953125,1113421
2022-12-01,4729.8466796875,4775.7001953125,4794.0,4701.0498046875,4765.0,611403
2022-12-02,4824.67724609375,4871.4501953125,4882.9501953125,4743.0498046875,4771.0,996306
2022-12-05,4732.4716796875,4778.35009765625,4901.9501953125,4766.9501953125,4885.0,684834
2022-12-06,4742.07763671875,4788.0498046875,4800.0,4715.0,4770.35009765625,354855
2022-12-07,4682.00927734375,4727.39990234375,4815.0,4710.89990234375,4804.7001953125,354913
2022-12-08,4659.32958984375,4704.5,4777.85009765625,4681.39990234375,4738.0,336491
2022-12-09,4640.11669921875,4685.10009765625,4735.9501953125,4675.25,4728.0,271785
2022-12-12,4696.76708984375,4742.2998046875,4756.0,4630.0,4677.0,445259
2022-12-13,4633.9267578125,4678.85009765625,4761.35009765625,4661.2998046875,4746.0,363818
2022-12-14,4621.34765625,4666.14990234375,4712.0,4656.60009765625,4712.0,356293
2022-12-15,4598.32177734375,4642.89990234375,4686.60009765625,4627.64990234375,4679.9501953125,316614
2022-12-16,4521.318359375,4565.14990234375,4638.0,4551.7001953125,4638.0,342890
2022-12-19,4566.18359375,4610.4501953125,4620.0,4521.0498046875,4600.0,308464
2022-12-20,4552.51611328125,4596.64990234375,4616.4501953125,4540.25,4610.35009765625,282355
2022-12-21,4720.43798828125,4766.2001953125,4788.4501953125,4602.2001953125,4610.7998046875,877375
2022-12-22,4735.7880859375,4781.7001953125,4848.7998046875,4725.0,4795.0,902304
2022-12-23,4655.0224609375,4700.14990234375,4805.0,4686.35009765625,4765.7001953125,473498
2022-12-26,4639.07666015625,4684.0498046875,4740.0,4652.5,4723.7001953125,247357
2022-12-27,4599.21240234375,4643.7998046875,4712.7001953125,4625.64990234375,4685.0,226485
2022-12-28,4544.5927734375,4588.64990234375,4679.60009765625,4582.0,4652.0,313366
2022-12-29,4481.00830078125,4524.4501953125,4610.0,4478.5,4588.64990234375,530411
2022-12-30,4434.6083984375,4477.60009765625,4582.4501953125,4468.10009765625,4550.0,348965
2023-01-02,4411.58154296875,4454.35009765625,4516.7001953125,4446.0,4488.0,246577
2023-01-03,4447.78076171875,4490.89990234375,4508.9501953125,4425.10009765625,4467.0,430096
2023-01-04,4390.73388671875,4433.2998046875,4514.10009765625,4425.0,4495.0,414977
2023-01-05,4386.525390625,4429.0498046875,4455.5,4356.0,4455.5,468816
2023-01-06,4345.32470703125,4387.4501953125,4474.2998046875,4369.0,4442.0498046875,299640
2023-01-09,4365.3798828125,4407.7001953125,4452.14990234375,4381.0498046875,4424.35009765625,407803
2023-01-10,4423.76416015625,4466.64990234375,4489.0,4406.0,4410.0,557940
2023-01-11,4318.73193359375,4360.60009765625,4482.4501953125,4336.0498046875,4474.0,462687
2023-01-12,4317.890625,4359.75,4382.39990234375,4325.25,4370.9501953125,207917
2023-01-13,4293.9228515625,4335.5498046875,4370.0,4268.0498046875,4365.0,366497
2023-01-16,4253.41552734375,4294.64990234375,4364.25,4285.0,4364.25,210854
2023-01-17,4281.34423828125,4322.85009765625,4336.4501953125,4275.0,4316.2001953125,294500
2023-01-18,4298.13134765625,4339.7998046875,4352.0,4305.0,4337.0,331806
2023-01-19,4276.689453125,4318.14990234375,4339.7998046875,4285.64990234375,4339.7998046875,162244
2023-01-20,4244.10595703125,4285.25,4322.4501953125,4264.2001953125,4302.0,242706
2023-01-23,4293.82373046875,4335.4501953125,4353.5,4286.89990234375,4294.39990234375,161350
2023-01-24,4263.6650390625,4305.0,4349.9501953125,4290.7998046875,4349.9501953125,178860
2023-01-25,4183.7900390625,4224.35009765625,4318.0,4194.0,4314.9501953125,423714
2023-01-27,4203.400390625,4244.14990234375,4285.35009765625,4192.10009765625,4228.0,421866
2023-01-30,4197.0126953125,4237.7001953125,4260.0,4123.0,4236.5,623069
2023-01-31,4215.03759765625,4255.89990234375,4303.75,4127.0498046875,4239.5,671038
2023-02-01,4221.72216796875,4262.64990234375,4352.0,4211.5,4275.0,321331
2023-02-02,4190.8720703125,4231.5,4262.0,4170.0,4262.0,479256
2023-02-03,4210.7783203125,4251.60009765625,4259.7998046875,4158.0,4245.0,413966
2023-02-06,4279.21484375,4320.7001953125,4335.64990234375,4189.64990234375,4211.0,257669
2023-02-07,4274.16455078125,4315.60009765625,4360.0,4271.35009765625,4305.0,319090
2023-02-08,4349.087890625,4391.25,4404.2998046875,4302.5498046875,4320.0,250175
2023-02-09,4347.15625,4389.2998046875,4404.4501953125,4325.0,4347.35009765625,284239
2023-02-10,4373.84765625,4416.25,4425.2998046875,4350.25,4385.39990234375,359807
2023-02-13,4316.80078125,4358.64990234375,4439.60009765625,4328.0,4430.39990234375,272935
2023-02-14,4227.8623046875,4268.85009765625,4380.4501953125,4251.0498046875,4380.4501953125,339582
2023-02-15,4444.80908203125,4487.89990234375,4514.0,4170.0,4170.0,2724361
2023-02-16,4598.56884765625,4643.14990234375,4668.0,4500.14990234375,4509.9501953125,1419679
2023-02-17,4570.39306640625,4614.7001953125,4668.9501953125,4576.0,4640.14990234375,408098
2023-02-20,4566.33154296875,4610.60009765625,4649.9501953125,4575.35009765625,4593.0,232327
2023-02-21,4458.82421875,4502.0498046875,4640.0,4491.0,4611.0,490637
2023-02-22,4406.3828125,4449.10009765625,4535.9501953125,4440.0,4505.0,333978
2023-02-23,4405.3427734375,4448.0498046875,4518.2998046875,4401.0,4471.35009765625,443522
2023-02-24,4433.7060546875,4470.64990234375,4486.0,4396.89990234375,4455.0498046875,358946
2023-02-27,4403.0615234375,4439.75,4494.75,4415.0498046875,4485.0,215703
2023-02-28,4365.27587890625,4401.64990234375,4473.39990234375,4361.2998046875,4449.0,312308
2023-03-01,4377.3251953125,4413.7998046875,4446.0,4337.25,4401.64990234375,287008
2023-03-02,4365.822265625,4402.2001953125,4450.2001953125,4381.35009765625,4429.0,313250
2023-03-03,4371.87109375,4408.2998046875,4445.0,4393.89990234375,4416.75,168868
2023-03-06,4384.5654296875,4421.10009765625,4488.89990234375,4412.0498046875,4416.0,242661
2023-03-08,4339.8876953125,4376.0498046875,4441.2001953125,4360.0,4414.89990234375,246734
2023-03-09,4381.64013671875,4418.14990234375,4538.25,4385.14990234375,4399.0,684685
2023-03-10,4281.57373046875,4317.25,4399.7001953125,4291.64990234375,4399.7001953125,328154
2023-03-13,4309.0947265625,4345.0,4435.9501953125,4322.0,4327.0,496455
2023-03-14,4264.0693359375,4299.60009765625,4354.75,4275.0,4345.0,279237
2023-03-15,4293.0283203125,4328.7998046875,4367.9501953125,4309.2998046875,4334.75,279479
2023-03-16,4283.35888671875,4319.0498046875,4370.0,4266.0,4330.9501953125,300181
2023-03-17,4310.58203125,4346.5,4376.2001953125,4296.7001953125,4340.0,368653
2023-03-20,4277.3583984375,4313.0,4353.89990234375,4195.0,4322.0,563835
2023-03-21,4238.68115234375,4274.0,4353.89990234375,4266.0,4320.0,239304
2023-03-22,4249.68896484375,4285.10009765625,4295.0,4211.10009765625,4275.0498046875,302705
2023-03-23,4237.73876953125,4273.0498046875,4299.35009765625,4243.5498046875,4276.0,233054
2023-03-24,4247.9541015625,4283.35009765625,4354.64990234375,4261.0,4277.5,354933
2023-03-27,4282.41650390625,4318.10009765625,4407.89990234375,4277.0,4304.7001953125,495895
2023-03-28,4297.7890625,4333.60009765625,4343.5,4245.0498046875,4334.7998046875,343628
2023-03-29,4326.9453125,4363.0,4380.0,4311.10009765625,4333.60009765625,250790
2023-03-31,4275.27587890625,4310.89990234375,4400.9501953125,4299.9501953125,4384.85009765625,465663
2023-04-03,4199.35888671875,4234.35009765625,4343.9501953125,4220.14990234375,4343.5,493574
2023-04-05,4166.2353515625,4200.9501953125,4250.0,4168.0,4250.0,622533
2023-04-06,4167.22705078125,4201.9501953125,4225.0,4183.14990234375,4217.0,286725
2023-04-10,4201.98681640625,4237.0,4243.64990234375,4187.2998046875,4215.0,323560
2023-04-11,4236.00390625,4271.2998046875,4286.7998046875,4221.14990234375,4263.0,284178
2023-04-12,4284.49951171875,4320.2001953125,4328.9501953125,4266.5,4287.7001953125,304498
2023-04-13,4361.95361328125,4398.2998046875,4481.10009765625,4320.2998046875,4329.0,1257056
2023-04-17,4350.44921875,4386.7001953125,4448.39990234375,4340.0,4410.0,334963
2023-04-18,4302.79638671875,4338.64990234375,4384.10009765625,4293.89990234375,4380.0,409038
2023-04-19,4284.59814453125,4320.2998046875,4355.0,4221.5498046875,4355.0,517278
2023-04-20,4312.4658203125,4348.39990234375,4358.85009765625,4233.14990234375,4320.2998046875,484517
2023-04-21,4325.259765625,4361.2998046875,4428.0,4318.4501953125,4340.0,485292
2023-04-24,4362.69775390625,4399.0498046875,4462.2001953125,4362.2998046875,4362.2998046875,571150
2023-04-25,4380.00341796875,4416.5,4446.25,4383.10009765625,4409.9501953125,252655
2023-04-26,4373.95361328125,4410.39990234375,4488.7001953125,4401.0,4419.9501953125,438486
2023-04-27,4380.99560546875,4417.5,4438.5,4365.0498046875,4419.85009765625,400508
2023-04-28,4476.39990234375,4513.7001953125,4529.0,4430.9501953125,4442.9501953125,713399
2023-05-02,4453.689453125,4490.7998046875,4573.2998046875,4476.89990234375,4529.75,384900
2023-05-03,4478.13623046875,4515.4501953125,4524.4501953125,4482.0,4509.75,287955
2023-05-04,4515.57421875,4553.2001953125,4569.89990234375,4500.0,4510.0,391146
2023-05-05,4564.46630859375,4602.5,4630.0,4521.5,4550.0,332169
2023-05-08,4586.8798828125,4625.10009765625,4660.0,4585.0,4611.0,274255
2023-05-09,4555.09423828125,4593.0498046875,4647.89990234375,4582.2998046875,4645.89990234375,207566
2023-05-10,4563.2763671875,4601.2998046875,4634.0,4577.0,4593.0498046875,293523
2023-05-11,4557.32568359375,4595.2998046875,4645.0,4584.64990234375,4610.9501953125,409446
2023-05-12,4567.193359375,4605.25,4640.0,4535.0,4595.0,427837
2023-05-15,4587.623046875,4625.85009765625,4689.0,4591.10009765625,4609.9501953125,401847
2023-05-16,4517.45849609375,4555.10009765625,4642.25,4541.0,4625.0,310725
2023-05-17,4445.111328125,4482.14990234375,4599.60009765625,4458.0,4580.0498046875,266803
2023-05-18,4405.29296875,4442.0,4529.89990234375,4433.0,4510.0,167057
2023-05-19,4410.39990234375,4447.14990234375,4465.0,4410.25,4455.0,177405
2023-05-22,4567.24267578125,4605.2998046875,4625.0,4451.9501953125,4459.7998046875,361967
2023-05-23,4512.796875,4550.39990234375,4617.0498046875,4533.0,4605.0,433331
2023-05-24,4498.96240234375,4536.4501953125,4607.0,4523.35009765625,4540.9501953125,225979
2023-05-25,4530.400390625,4568.14990234375,4597.9501953125,4530.9501953125,4569.0,202680
2023-05-26,4571.8056640625,4609.89990234375,4620.0,4551.25,4590.0,289579
2023-05-29,4602.10302734375,4640.4501953125,4665.0,4580.64990234375,4635.0,332364
2023-05-30,4561.14404296875,4599.14990234375,4795.0,4535.4501953125,4672.0,1298380
2023-05-31,4583.755859375,4621.9501953125,4731.0,4525.0,4600.0,1655511
2023-06-01,4774.466796875,4814.25,4847.0,4686.0,4689.0,1692479
2023-06-02,4926.25146484375,4967.2998046875,5002.2001953125,4806.0,4839.64990234375,1326161
2023-06-05,4909.29296875,4950.2001953125,5009.2001953125,4934.0498046875,4967.9501953125,698352
2023-06-06,4899.27685546875,4940.10009765625,4969.4501953125,4893.5,4969.0,382992
2023-06-07,4984.91357421875,5026.4501953125,5040.0,4950.0498046875,4964.4501953125,552840
2023-06-08,4885.9384765625,4926.64990234375,5028.5498046875,4920.0,5020.0,411502
2023-06-09,4885.9873046875,4926.7001953125,4965.85009765625,4907.0498046875,4926.64990234375,249400
2023-06-12,4884.05419921875,4924.75,4995.0,4915.0498046875,4949.0,343835
2023-06-13,4910.13623046875,4951.0498046875,4990.0,4916.75,4925.0,308751
2023-06-14,4967.6064453125,5009.0,5022.5498046875,4951.0498046875,4965.0,360156
2023-06-15,5175.6240234375,5218.75,5259.7998046875,5018.0,5039.9501953125,1712253
2023-06-16,5157.078125,5200.0498046875,5294.0,5163.0498046875,5218.75,797312
2023-06-19,5102.4833984375,5145.0,5261.9501953125,5135.2998046875,5220.0,327818
2023-06-20,5119.392578125,5162.0498046875,5197.89990234375,5101.10009765625,5174.9501953125,334154
2023-06-21,5076.45068359375,5118.75,5173.0,5086.60009765625,5169.85009765625,410174
2023-06-22,5024.13671875,5066.0,5155.0,5055.0,5129.89990234375,329800
2023-06-23,5003.75634765625,5045.4501953125,5084.39990234375,5001.0,5084.39990234375,335552
2023-06-26,4995.326171875,5036.9501953125,5055.0,5000.0498046875,5049.9501953125,430106
2023-06-27,5100.30126953125,5142.7998046875,5150.0,5036.9501953125,5040.0,556456
2023-06-28,5084.533203125,5126.89990234375,5175.9501953125,5116.14990234375,5145.0,362944
2023-06-30,5056.0703125,5098.2001953125,5148.9501953125,5064.0498046875,5128.0,411015
2023-07-03,5026.61572265625,5068.5,5142.5,5060.0,5127.5,150815
2023-07-04,5067.72314453125,5109.9501953125,5124.7001953125,5052.0498046875,5119.89990234375,233404
2023-07-05,5035.68896484375,5077.64990234375,5148.5,5050.39990234375,5125.0,279982
2023-07-06,5239.392578125,5283.0498046875,5310.0,5070.2001953125,5090.0,1251554
2023-07-07,5103.72314453125,5146.25,5274.9501953125,5130.0,5274.9501953125,559765
2023-07-10,5115.72265625,5158.35009765625,5203.5,5110.75,5179.85009765625,271366
2023-07-11,5213.5576171875,5257.0,5272.39990234375,5165.10009765625,5200.0,503174
2023-07-12,5208.6484375,5252.0498046875,5288.4501953125,5205.85009765625,5261.64990234375,263391
2023-07-13,5139.177734375,5182.0,5289.89990234375,5168.0,5289.89990234375,338327
2023-07-14,5129.06201171875,5171.7998046875,5198.4501953125,5096.25,5180.0,508041
2023-07-17,5176.16943359375,5219.2998046875,5318.9501953125,5152.2001953125,5152.2001953125,469609
2023-07-18,5119.9384765625,5162.60009765625,5324.0,5106.4501953125,5206.5,511024
2023-07-19,5132.83056640625,5175.60009765625,5223.9501953125,5162.60009765625,5162.60009765625,265631
2023-07-20,5152.51708984375,5195.4501953125,5210.0,5132.64990234375,5170.0,276787
2023-07-21,5161.88818359375,5204.89990234375,5253.0,5125.0498046875,5130.0498046875,313184
2023-07-24,5137.9873046875,5180.7998046875,5225.7001953125,5144.0,5144.0,249814
2023-07-25,5169.12841796875,5212.2001953125,5220.0,5153.7998046875,5153.7998046875,547945
2023-07-26,5113.14453125,5155.75,5255.0,5143.0498046875,5196.0,297720
2023-07-27,5172.40087890625,5215.5,5265.0,5144.2001953125,5146.75,363050
2023-07-28,5302.7646484375,5346.9501953125,5364.0,5177.0,5177.0,453505
2023-07-31,5130.69873046875,5173.4501953125,5339.9501953125,5158.5498046875,5339.9501953125,689230
2023-08-01,4990.8134765625,5032.39990234375,5210.0,5021.5498046875,5210.0,1044095
2023-08-02,4955.458984375,4996.75,5043.7001953125,4976.0,5033.0,1016605
2023-08-03,4955.01220703125,4996.2998046875,5030.0,4956.2998046875,4960.0,412037
2023-08-04,4939.14404296875,4980.2998046875,5036.4501953125,4964.0,5025.0,358846
2023-08-07,4972.962890625,5014.39990234375,5024.89990234375,4956.35009765625,4980.2998046875,608113
2023-08-08,4981.83837890625,5023.35009765625,5055.0,4980.14990234375,5017.0,519420
2023-08-09,4940.18603515625,4981.35009765625,5026.0,4958.0,5023.35009765625,268668
2023-08-10,4881.822265625,4922.5,4981.4501953125,4903.60009765625,4981.39990234375,370166
2023-08-11,4865.60693359375,4906.14990234375,5012.0,4811.14990234375,4930.0,1066479
2023-08-14,4781.0126953125,4820.85009765625,4927.5498046875,4730.0,4863.0,832136
2023-08-16,4901.0615234375,4941.89990234375,4953.9501953125,4754.10009765625,4800.0,667417
2023-08-17,4852.318359375,4892.75,4960.0,4872.5498046875,4940.5,375779
2023-08-18,4817.14599609375,4848.35009765625,4895.0,4825.10009765625,4874.9501953125,336848
2023-08-21,4900.9033203125,4932.64990234375,4945.4501953125,4840.0,4881.0,243126
2023-08-22,4887.98681640625,4919.64990234375,4959.0,4906.14990234375,4947.89990234375,175172
2023-08-23,4913.76953125,4945.60009765625,4987.0,4911.0,4958.0,597123
2023-08-24,4888.28515625,4919.9501953125,4983.5,4900.10009765625,4955.0,534065
2023-08-25,4834.18505859375,4865.5,4913.10009765625,4846.0,4900.0,249504
2023-08-28,4873.87841796875,4905.4501953125,4911.85009765625,4842.0,4874.89990234375,204098
2023-08-29,4847.00244140625,4878.39990234375,4945.0,4858.89990234375,4906.0,591619
2023-08-30,4843.12744140625,4874.5,4889.9501953125,4845.0,4881.9501953125,396122
2023-08-31,4783.1162109375,4814.10009765625,4911.7998046875,4805.7998046875,4887.4501953125,488260
2023-09-01,4809.197265625,4840.35009765625,4849.9501953125,4801.2001953125,4840.0,206097
2023-09-04,4793.79736328125,4824.85009765625,4870.0,4817.60009765625,4860.0,354446
2023-09-05,4952.41943359375,4984.5,4992.0,4832.0498046875,4860.0,800554
2023-09-06,5000.70703125,5033.10009765625,5043.64990234375,4954.0,4980.0,535407
2023-09-07,4996.6826171875,5029.0498046875,5044.89990234375,4987.0,5029.9501953125,334709
2023-09-08,4953.0654296875,4985.14990234375,5049.7998046875,4977.9501953125,5040.0,292671
2023-09-11,5063.15283203125,5095.9501953125,5106.7998046875,5003.75,5004.0,543287
2023-09-12,4947.15380859375,4979.2001953125,5125.0,4966.0,5111.0,483061
2023-09-13,4978.7490234375,5011.0,5021.2001953125,4945.0,4975.0,232238
2023-09-14,5051.82568359375,5084.5498046875,5100.0,4995.5,5001.0,414391
2023-09-15,5059.02880859375,5091.7998046875,5150.39990234375,5061.7001953125,5084.5498046875,658355
2023-09-18,5042.486328125,5075.14990234375,5162.0,5067.35009765625,5100.0,371912
2023-09-20,4974.0791015625,5006.2998046875,5059.7998046875,4929.0,5051.4501953125,509910
2023-09-21,4987.740234375,5020.0498046875,5046.9501953125,4975.4501953125,4990.0,422586
2023-09-22,4957.4365234375,4989.5498046875,5016.7998046875,4955.0,5013.0,348459
2023-09-25,5064.24560546875,5097.0498046875,5113.4501953125,4972.85009765625,5014.89990234375,386746
2023-09-26,5021.173828125,5053.7001953125,5097.0,5030.25,5097.0,267102
2023-09-27,5072.49169921875,5105.35009765625,5118.85009765625,5020.0,5054.0,460768
2023-09-28,4987.79052734375,5020.10009765625,5145.5,4995.0,5105.35009765625,407714
2023-09-29,5104.68310546875,5137.75,5186.9501953125,5026.60009765625,5054.0,410567
2023-10-03,5086.00439453125,5118.9501953125,5154.9501953125,5066.0,5138.9501953125,268482
2023-10-04,5014.91455078125,5047.39990234375,5096.85009765625,4982.2998046875,5085.0,442482
2023-10-05,5014.56689453125,5047.0498046875,5079.85009765625,5026.64990234375,5054.9501953125,363289
2023-10-06,5027.681640625,5060.25,5084.0,5028.7998046875,5050.0,407753
2023-10-09,5014.81494140625,5047.2998046875,5066.0,4987.0498046875,5000.0,176296
2023-10-10,5034.09033203125,5066.7001953125,5084.5498046875,5033.0,5068.9501953125,202645
2023-10-11,5060.072265625,5092.85009765625,5140.0,5065.0,5072.9501953125,336099
2023-10-12,4961.70947265625,4993.85009765625,5113.9501953125,4871.7001953125,5092.7998046875,1029595
2023-10-13,4985.0078125,5017.2998046875,5029.10009765625,4933.75,4988.9501953125,410013
2023-10-16,4989.38037109375,5021.7001953125,5049.4501953125,4986.39990234375,5030.0,259806
2023-10-17,4996.43408203125,5028.7998046875,5068.0,5012.2001953125,5050.0,217907
2023-10-18,4945.2158203125,4977.25,5039.9501953125,4938.4501953125,5021.0,341459
2023-10-19,4964.888671875,4997.0498046875,5019.9501953125,4935.14990234375,4977.25,231958
2023-10-20,4945.51416015625,4977.5498046875,4999.9501953125,4940.5,4990.10009765625,252447
2023-10-23,4937.56591796875,4969.5498046875,5010.5498046875,4944.14990234375,4977.0,363474
2023-10-25,4828.6220703125,4859.89990234375,4971.35009765625,4831.5,4960.0,894230
2023-10-26,4729.66259765625,4760.2998046875,4859.89990234375,4726.0,4859.89990234375,836962
2023-10-27,4799.11279296875,4830.2001953125,4860.5498046875,4776.7998046875,4779.9501953125,333727
2023-10-30,4810.58837890625,4841.75,4868.39990234375,4783.0498046875,4840.0,234759
2023-10-31,4788.87841796875,4819.89990234375,4899.64990234375,4805.2001953125,4832.0,276660
2023-11-01,4765.67822265625,4796.5498046875,4856.0,4790.0,4835.0,281746
2023-11-02,4855.54736328125,4887.0,4895.0,4810.2001953125,4837.7998046875,214035
2023-11-03,5120.03369140625,5153.2001953125,5165.5,4937.0498046875,4950.75,1262458
2023-11-06,5131.7080078125,5164.9501953125,5228.0,5127.5,5141.0498046875,399720
2023-11-07,5103.78955078125,5136.85009765625,5181.9501953125,5121.0498046875,5150.0,222204
2023-11-08,5078.05615234375,5110.9501953125,5153.64990234375,5087.4501953125,5135.0,400498
2023-11-09,5263.5048828125,5297.60009765625,5313.0,5122.0498046875,5147.5,1032216
2023-11-10,5244.52734375,5278.5,5338.0,5218.64990234375,5300.0,696409
2023-11-13,5187.04931640625,5220.64990234375,5279.0,5200.2001953125,5250.0,150128
2023-11-15,5191.322265625,5224.9501953125,5295.0,5207.0,5283.85009765625,356675
2023-11-16,5304.3896484375,5338.75,5368.0,5201.75,5224.0,449045
2023-11-17,5443.6875,5478.9501953125,5493.35009765625,5306.14990234375,5332.2001953125,735541
2023-11-20,5438.7197265625,5473.9501953125,5595.0,5455.0498046875,5475.0,526567
2023-11-21,5431.615234375,5466.7998046875,5520.2998046875,5422.39990234375,5500.0,382979
2023-11-22,5496.39599609375,5532.0,5539.9501953125,5439.14990234375,5467.0,302473
2023-11-23,5458.5908203125,5493.9501953125,5550.0,5473.2998046875,5530.0,234584
2023-11-24,5366.53662109375,5401.2998046875,5493.0,5395.0,5493.0,270183
2023-11-28,5332.2587890625,5366.7998046875,5424.85009765625,5341.0,5401.2998046875,362746
2023-11-29,5387.0537109375,5421.9501953125,5435.0,5364.5,5372.10009765625,277119
2023-11-30,5493.36572265625,5528.9501953125,5550.0,5382.0,5382.0,775261
2023-12-01,5555.1650390625,5591.14990234375,5687.64990234375,5530.35009765625,5550.0,546990
2023-12-04,5586.36279296875,5622.5498046875,5658.25,5569.60009765625,5626.0,936113
2023-12-05,5544.28564453125,5580.2001953125,5689.0,5525.0,5610.0,787929
2023-12-06,5507.4248046875,5543.10009765625,5639.0,5508.75,5534.14990234375,574427
2023-12-07,5426.25,5461.39990234375,5519.7998046875,5441.5,5490.25,510609
2023-12-08,5519.59619140625,5555.35009765625,5572.5498046875,5439.0498046875,5495.0,456382
2023-12-11,5511.6474609375,5547.35009765625,5555.35009765625,5490.0,5550.0,238128
2023-12-12,5394.00927734375,5428.9501953125,5550.0,5403.2001953125,5550.0,615205
2023-12-13,5391.82373046875,5426.75,5452.0,5369.39990234375,5402.9501953125,476781
2023-12-14,5480.3994140625,5515.89990234375,5532.9501953125,5452.10009765625,5494.7998046875,490550
2023-12-15,5515.47265625,5551.2001953125,5588.0,5500.0,5530.0,349758
2023-12-18,5463.259765625,5498.64990234375,5607.75,5494.0,5550.5,428321
2023-12-19,5519.744140625,5555.5,5675.35009765625,5503.7001953125,5508.7998046875,682732
2023-12-20,5367.431640625,5402.2001953125,5605.7998046875,5375.10009765625,5555.5,437044
2023-12-21,5440.60693359375,5475.85009765625,5553.0,5284.85009765625,5344.0,487514
2023-12-22,5505.73486328125,5541.39990234375,5549.0,5462.7001953125,5510.0,220537
2023-12-26,5596.89501953125,5633.14990234375,5645.0,5526.14990234375,5541.39990234375,243281
2023-12-27,5650.8447265625,5687.4501953125,5715.0,5615.60009765625,5635.0,307177
2023-12-28,5723.4248046875,5760.5,5770.0,5674.75,5675.0,568149
2023-12-29,5667.3876953125,5704.10009765625,5758.9501953125,5677.2998046875,5740.0,325682
2024-01-01,5713.0419921875,5750.0498046875,5765.0,5707.85009765625,5741.0,127030
2024-01-02,5709.36669921875,5746.35009765625,5782.64990234375,5680.0,5738.10009765625,166449
2024-01-03,5731.1748046875,5768.2998046875,5786.0,5673.0498046875,5730.0,198997
2024-01-04,5725.1142578125,5762.2001953125,5839.9501953125,5731.5,5768.2998046875,220702
2024-01-05,5717.21533203125,5754.25,5808.7998046875,5715.0,5762.2001953125,144894
2024-01-08,5645.43017578125,5682.0,5774.85009765625,5640.0,5750.0,157009
2024-01-09,5760.33642578125,5797.64990234375,5849.0,5674.7001953125,5702.2001953125,329437
2024-01-10,5763.5654296875,5800.89990234375,5819.2998046875,5721.2998046875,5800.0,239740
2024-01-11,5832.12109375,5869.89990234375,5892.0,5802.25,5804.0,213210
2024-01-12,5758.39892578125,5795.7001953125,5922.0,5742.85009765625,5870.0,250919
2024-01-15,5858.4501953125,5896.39990234375,5924.14990234375,5804.0,5835.0,375458
2024-01-16,5866.54833984375,5904.5498046875,5967.4501953125,5829.0,5882.0,347797
2024-01-17,5887.7607421875,5925.89990234375,5980.35009765625,5831.25,5872.85009765625,378205
2024-01-18,5952.29296875,5990.85009765625,6028.9501953125,5838.0,5959.0,591170
2024-01-19,6055.42431640625,6094.64990234375,6120.0,5951.0,5987.0,326813
2024-01-23,6114.14404296875,6153.75,6428.7001953125,6133.64990234375,6428.0,982889
2024-01-24,6173.36083984375,6213.35009765625,6230.0,6083.35009765625,6153.5498046875,435151
2024-01-25,6129.14697265625,6168.85009765625,6238.2001953125,6119.10009765625,6210.0498046875,337391
2024-01-29,6289.01171875,6329.75,6349.0,6177.7998046875,6199.0498046875,554591
2024-01-30,6269.189453125,6309.7998046875,6387.85009765625,6283.7998046875,6331.0,304312
2024-01-31,6312.0625,6352.9501953125,6371.64990234375,6255.5498046875,6280.0,499281
2024-02-01,6247.48095703125,6287.9501953125,6377.0,6267.7998046875,6289.64990234375,255111
2024-02-02,6279.87109375,6320.5498046875,6359.0498046875,6291.2998046875,6320.0,239428
2024-02-05,6194.375,6234.5,6346.60009765625,6209.2001953125,6320.5498046875,147909
2024-02-06,6157.41357421875,6197.2998046875,6297.89990234375,6155.0498046875,6259.9501953125,326654
2024-02-07,6138.18896484375,6177.9501953125,6248.85009765625,6155.0,6237.75,323738
2024-02-08,6190.89697265625,6231.0,6363.2001953125,6150.0,6201.5,794455
2024-02-09,6395.91943359375,6437.35009765625,6473.9501953125,6213.60009765625,6269.39990234375,933104
2024-02-12,6571.87890625,6614.4501953125,6677.7998046875,6375.0,6464.89990234375,709946
2024-02-13,6675.65673828125,6718.89990234375,6740.0,6598.25,6614.4501953125,521773
2024-02-14,6710.630859375,6754.10009765625,6775.0,6700.0,6718.7998046875,452781
2024-02-15,6584.94482421875,6627.60009765625,6764.39990234375,6585.60009765625,6750.0,446114
2024-02-16,6558.06787109375,6600.5498046875,6660.4501953125,6525.10009765625,6631.0498046875,391508
2024-02-19,6614.3046875,6657.14990234375,6675.9501953125,6511.0498046875,6620.0,334607
2024-02-20,6722.00439453125,6759.4501953125,6785.0,6637.85009765625,6667.5,559251
2024-02-21,6722.70068359375,6760.14990234375,6821.9501953125,6717.2998046875,6784.9501953125,537325
2024-02-22,6731.7001953125,6769.2001953125,6874.4501953125,6690.0498046875,6765.0,564432
2024-02-23,6736.5234375,6774.0498046875,6786.7998046875,6723.10009765625,6779.0,352524
2024-02-26,6547.5263671875,6584.0,6791.75,6570.89990234375,6769.9501953125,453443
2024-02-27,6583.923828125,6620.60009765625,6668.4501953125,6570.0,6588.0,313760
2024-02-28,6327.10400390625,6362.35009765625,6630.0,6345.2998046875,6630.0,536602
2024-02-29,6067.798828125,6101.60009765625,6392.5498046875,6062.0498046875,6392.5498046875,1543361
2024-03-01,6051.68798828125,6085.39990234375,6107.0,5941.85009765625,6102.0,1749136
2024-03-04,5999.876953125,6033.2998046875,6171.75,6022.85009765625,6145.0,551616
2024-03-05,6027.52294921875,6061.10009765625,6103.5,5976.2001953125,6035.0498046875,724456
2024-03-06,6020.7607421875,6054.2998046875,6078.89990234375,5945.0,6025.0,588776
2024-03-07,6015.291015625,6048.7998046875,6142.85009765625,6032.0,6065.5,738112
2024-03-11,6170.328125,6204.7001953125,6225.0,6036.10009765625,6048.7998046875,521556
2024-03-12,6110.75927734375,6144.7998046875,6274.25,6107.5,6240.0,482112
2024-03-13,5975.11474609375,6008.39990234375,6180.0,5956.0498046875,6180.0,356191
2024-03-14,5989.783203125,6023.14990234375,6095.0,5980.0,6008.39990234375,439181
2024-03-15,5950.0546875,5983.2001953125,6030.85009765625,5941.60009765625,6015.0,764270
2024-03-18,6102.55517578125,6136.5498046875,6144.9501953125,5978.64990234375,5997.75,419258
2024-03-19,6079.33447265625,6113.2001953125,6125.7001953125,6034.0498046875,6077.0,542392
2024-03-20,6139.84716796875,6174.0498046875,6200.7001953125,6073.4501953125,6148.0,413963
2024-03-21,6148.2509765625,6182.5,6214.39990234375,6105.60009765625,6189.89990234375,350032
2024-03-22,6340.57861328125,6375.89990234375,6390.89990234375,6168.7001953125,6169.14990234375,727548
2024-03-26,6287.42529296875,6322.4501953125,6463.4501953125,6309.5,6398.0,629120
2024-03-27,6196.9296875,6231.4501953125,6399.39990234375,6220.0,6355.0,603420
2024-03-28,6321.58447265625,6356.7998046875,6425.60009765625,6112.5,6231.4501953125,818070
2024-04-01,6421.478515625,6457.25,6557.0,6372.75,6401.0,440465
2024-04-02,6384.1865234375,6419.75,6469.5,6404.2001953125,6469.5,213898
2024-04-03,6339.73388671875,6375.0498046875,6409.0,6311.0,6399.5498046875,289202
2024-04-04,6404.92041015625,6440.60009765625,6475.0,6326.39990234375,6425.0,547885
2024-04-05,6362.3076171875,6397.75,6480.0,6381.5498046875,6440.60009765625,239001
2024-04-08,6272.806640625,6307.75,6397.75,6280.0,6397.75,491584
2024-04-09,6469.01318359375,6505.0498046875,6540.0,6330.9501953125,6347.7998046875,592624
2024-04-10,6453.8974609375,6489.85009765625,6515.89990234375,6451.0,6505.0498046875,174947
2024-04-12,6371.05859375,6406.5498046875,6477.89990234375,6362.7001953125,6450.0,450885
2024-04-15,6268.23193359375,6303.14990234375,6399.10009765625,6283.0,6325.10009765625,251305
2024-04-16,6299.65673828125,6334.75,6347.60009765625,6202.0,6299.9501953125,290190
2024-04-18,6040.5009765625,6074.14990234375,6334.39990234375,6053.2001953125,6306.10009765625,518459
2024-04-19,6135.3720703125,6169.5498046875,6199.0,6050.0,6140.0,560178
2024-04-22,6203.98974609375,6238.5498046875,6258.0,6150.0,6154.5,197001
2024-04-23,6160.58154296875,6194.89990234375,6303.7998046875,6181.0,6241.5,217146
2024-04-24,6248.54150390625,6283.35009765625,6310.5,6186.14990234375,6229.89990234375,207837
2024-04-25,6348.73388671875,6384.10009765625,6402.2001953125,6168.85009765625,6280.0,520353
2024-04-26,6223.92919921875,6258.60009765625,6380.0,6251.0498046875,6380.0,261065
2024-04-29,5935.287109375,5968.35009765625,6200.0,5733.0,6200.0,2785015
2024-04-30,5914.15478515625,5947.10009765625,6023.0,5901.0,6000.0,1040838
2024-05-02,5925.541015625,5958.5498046875,6000.0,5939.4501953125,5947.10009765625,572406
2024-05-03,5976.30908203125,6009.60009765625,6027.7001953125,5960.0498046875,6000.0,563849
2024-05-06,6023.1474609375,6056.7001953125,6086.14990234375,5986.2001953125,6050.0,419144
2024-05-07,5867.56396484375,5900.25,6080.0,5856.39990234375,6080.0,455928
2024-05-08,5814.11181640625,5846.5,5910.0,5812.64990234375,5892.0,511587
2024-05-09,5774.234375,5806.39990234375,5892.0,5790.0,5859.89990234375,598157
2024-05-10,5810.08447265625,5842.4501953125,5881.0,5753.25,5819.9501953125,372227
2024-05-13,5797.85205078125,5830.14990234375,5842.39990234375,5790.2001953125,5820.0,348407
2024-05-14,5830.3212890625,5862.7998046875,5894.64990234375,5740.0,5855.0,558136
2024-05-15,5816.3994140625,5848.7998046875,5883.4501953125,5820.0,5869.9501953125,509306
2024-05-16,5898.84033203125,5931.7001953125,5944.5,5850.0,5890.0,378026
2024-05-17,5920.07177734375,5953.0498046875,5973.0,5910.10009765625,5925.0,267904
2024-05-21,5915.2978515625,5948.25,6041.89990234375,5920.39990234375,6000.0,606639
2024-05-22,5835.6416015625,5868.14990234375,5958.60009765625,5844.9501953125,5958.60009765625,735701
2024-05-23,5936.9775390625,5970.0498046875,5991.4501953125,5860.60009765625,5878.4501953125,308200
2024-05-24,5881.5859375,5914.35009765625,5971.85009765625,5867.0,5938.2998046875,608807
2024-05-27,5906.3974609375,5939.2998046875,5959.5,5918.0,5950.0,189637
2024-05-28,5871.79052734375,5904.5,5971.4501953125,5880.2998046875,5944.14990234375,314362
2024-05-29,5870.74658203125,5903.4501953125,5945.0,5880.89990234375,5909.89990234375,337183
2024-05-30,5734.50537109375,5766.4501953125,5901.75,5750.0,5900.0,643549
2024-05-31,5806.8525390625,5839.2001953125,5959.35009765625,5743.0,5855.9501953125,1382132
2024-06-03,5818.78564453125,5851.2001953125,6018.14990234375,5812.5498046875,5986.2998046875,804820
2024-06-04,5813.31640625,5845.7001953125,5963.75,5693.2001953125,5750.35009765625,642000
2024-06-05,5901.77392578125,5934.64990234375,5944.75,5776.7998046875,5915.0,487289
2024-06-06,5928.97216796875,5962.0,5975.0,5900.0,5970.0,490549
2024-06-07,5981.23046875,6014.5498046875,6031.0,5965.4501953125,5987.75,436163
2024-06-10,6023.1474609375,6056.7001953125,6075.0,5992.0498046875,6040.0,443756
2024-06-11,6074.11328125,6107.9501953125,6167.25,6059.2001953125,6081.75,521348
2024-06-12,6134.427734375,6168.60009765625,6188.85009765625,6075.0,6117.2998046875,321285
2024-06-13,6171.8193359375,6206.2001953125,6210.5498046875,6160.0,6207.9501953125,401804
2024-06-14,6173.21142578125,6207.60009765625,6219.9501953125,6175.0,6210.0,216573
2024-06-18,6201.80224609375,6236.35009765625,6249.7998046875,6166.2001953125,6225.0,267887
2024-06-19,6139.349609375,6173.5498046875,6269.0,6128.0498046875,6265.0,401714
2024-06-20,6141.63720703125,6175.85009765625,6193.7001953125,6115.75,6165.7001953125,252844
2024-06-21,6135.8203125,6170.0,6239.10009765625,6145.0,6152.2001953125,434583
2024-06-24,6224.87353515625,6259.5498046875,6295.0,6156.14990234375,6170.0,357273
2024-06-25,6260.4755859375,6295.35009765625,6315.0,6242.25,6258.0,348730
2024-06-26,6102.8037109375,6136.7998046875,6285.64990234375,6125.0,6279.7998046875,538411
2024-06-27,6158.1953125,6192.5,6200.39990234375,6055.0,6115.75,440975
2024-06-28,6151.43310546875,6185.7001953125,6222.5,6145.14990234375,6222.5,334692
2024-07-01,6106.4833984375,6140.5,6180.0,6108.4501953125,6180.0,374933
2024-07-02,6063.82080078125,6097.60009765625,6163.75,6077.0,6134.75,436037
2024-07-03,6158.39404296875,6192.7001953125,6217.75,6079.0498046875,6132.25,188203
2024-07-04,6190.56494140625,6225.0498046875,6244.0,6161.0,6200.9501953125,222050
2024-07-05,6293.49169921875,6328.5498046875,6342.85009765625,6159.0,6201.0,350300
2024-07-08,6282.45361328125,6317.4501953125,6387.9501953125,6292.7998046875,6380.0,317731
2024-07-09,6285.287109375,6320.2998046875,6350.39990234375,6255.89990234375,6309.2998046875,176239
2024-07-10,6340.38037109375,6375.7001953125,6417.0,6301.14990234375,6320.2998046875,295890
2024-07-11,6353.65625,6389.0498046875,6411.64990234375,6340.0,6395.89990234375,354777
2024-07-12,6318.70068359375,6353.89990234375,6419.9501953125,6320.0,6385.2001953125,211028
2024-07-15,6401.58935546875,6437.25,6466.7001953125,6340.5,6340.5,359221
2024-07-16,6417.94775390625,6453.7001953125,6464.0,6403.0,6437.25,298376
2024-07-18,6484.72607421875,6520.85009765625,6539.7001953125,6430.0,6432.0,583444
2024-07-19,6346.595703125,6381.9501953125,6525.25,6365.0,6525.25,228785
2024-07-22,6366.68359375,6402.14990234375,6434.0,6370.14990234375,6381.9501953125,222285
2024-07-23,6368.12548828125,6403.60009765625,6474.39990234375,6324.7998046875,6404.0,284679
2024-07-24,6387.0205078125,6422.60009765625,6443.9501953125,6350.0498046875,6400.0,309594
2024-07-25,6350.42431640625,6385.7998046875,6434.14990234375,6372.0,6404.7998046875,412373
2024-07-26,6627.6298828125,6664.5498046875,6679.9501953125,6393.5498046875,6433.0,432671
2024-07-29,6644.63525390625,6681.64990234375,6777.0,6616.39990234375,6777.0,367708
2024-07-30,6604.2109375,6641.0,6713.14990234375,6584.10009765625,6681.64990234375,264929
2024-07-31,6578.65283203125,6615.2998046875,6686.75,6584.14990234375,6664.25,352268
2024-08-01,6669.24755859375,6706.39990234375,6735.0,6606.60009765625,6615.2998046875,361725
2024-08-02,6672.9775390625,6710.14990234375,6795.85009765625,6681.0,6706.39990234375,587569
2024-08-05,6650.552734375,6687.60009765625,6756.5,6600.0498046875,6689.0,907845
2024-08-06,6620.818359375,6657.7001953125,6735.0,6631.0498046875,6689.14990234375,334936
2024-08-07,6683.12060546875,6720.35009765625,6768.0,6662.0,6701.2001953125,358284
2024-08-08,6505.6591796875,6541.89990234375,6744.35009765625,6500.0,6740.0,509454
2024-08-09,6551.35546875,6587.85009765625,6598.0,6530.0,6582.25,115598
2024-08-12,6466.3779296875,6502.39990234375,6591.89990234375,6420.9501953125,6550.0,230114
2024-08-13,6552.89599609375,6589.39990234375,6642.0,6510.2998046875,6510.2998046875,400126
2024-08-14,6479.75390625,6515.85009765625,6865.0,6460.25,6600.0,1723346
2024-08-16,6660.0771484375,6686.89990234375,6714.7998046875,6556.0,6556.2001953125,611092
2024-08-19,6697.9248046875,6724.89990234375,6756.89990234375,6565.0498046875,6750.0,398225
2024-08-20,6646.13330078125,6672.89990234375,6788.60009765625,6650.0,6775.0,146064
2024-08-21,6725.36474609375,6752.4501953125,6788.5,6627.10009765625,6675.0,291296
2024-08-22,6803.15087890625,6830.5498046875,6858.0,6751.0,6760.5498046875,344641
2024-08-23,6833.1806640625,6860.7001953125,6927.39990234375,6830.7001953125,6864.0,468784
2024-08-26,6752.80419921875,6780.0,6878.0,6608.7998046875,6830.0,385016
2024-08-27,6754.24853515625,6781.4501953125,6850.75,6734.0,6780.0,297297
2024-08-28,6749.2685546875,6776.4501953125,6848.5,6746.5498046875,6785.89990234375,250361
2024-08-29,6829.69482421875,6857.2001953125,6907.35009765625,6760.2998046875,6799.89990234375,659960
2024-08-30,6899.712890625,6927.5,6990.0,6851.0,6865.0,499581
2024-09-02,6852.45263671875,6880.0498046875,6999.0,6865.0498046875,6989.0,248292
2024-09-03,6817.39404296875,6844.85009765625,6925.7998046875,6834.4501953125,6890.9501953125,361990
2024-09-04,6903.0986328125,6930.89990234375,6938.0,6790.0498046875,6838.0,389768
2024-09-05,6906.48486328125,6934.2998046875,7044.0,6900.2001953125,6930.89990234375,387284
2024-09-06,6879.095703125,6906.7998046875,6962.4501953125,6857.89990234375,6934.2998046875,185503
2024-09-09,6833.1806640625,6860.7001953125,6928.0,6820.4501953125,6906.7998046875,304409
2024-09-10,6893.7861328125,6921.5498046875,6975.85009765625,6860.7001953125,6900.0,354522
2024-09-11,6872.5712890625,6900.25,6953.9501953125,6873.4501953125,6900.0,223028
2024-09-12,7033.47314453125,7061.7998046875,7096.4501953125,6915.0,6943.0,831152
2024-09-13,6990.99462890625,7019.14990234375,7099.9501953125,7008.0498046875,7096.2001953125,238034
2024-09-16,7003.14599609375,7031.35009765625,7062.9501953125,7010.5,7025.0,226343
2024-09-17,6979.93896484375,7008.0498046875,7152.4501953125,6999.89990234375,7031.39990234375,266003
2024-09-18,7007.677734375,7035.89990234375,7068.0,6960.75,7029.89990234375,251334
2024-09-19,7002.05029296875,7030.25,7124.64990234375,7011.4501953125,7068.0,407897
2024-09-20,7054.23974609375,7082.64990234375,7120.0,7017.89990234375,7039.89990234375,493357
2024-09-23,7124.10888671875,7152.7998046875,7182.0,7090.39990234375,7090.39990234375,254282
2024-09-24,7093.43212890625,7122.0,7200.0,7076.2001953125,7076.2001953125,333949
2024-09-25,7104.83642578125,7133.4501953125,7144.9501953125,7074.14990234375,7092.75,236185
2024-09-26,7139.09814453125,7167.85009765625,7193.9501953125,7094.39990234375,7108.0,405696
2024-09-27,7204.98291015625,7234.0,7279.89990234375,7110.0,7159.2998046875,772592
2024-09-30,7170.2724609375,7199.14990234375,7316.9501953125,7160.5,7160.5,442794
2024-10-01,7124.65625,7153.35009765625,7243.9501953125,7135.0,7201.5,310719
2024-10-03,6878.2490234375,6905.9501953125,7200.0,6855.9501953125,7093.35009765625,655420
2024-10-04,6746.4296875,6773.60009765625,6958.2998046875,6727.35009765625,6902.10009765625,429272
2024-10-07,6745.9814453125,6773.14990234375,6857.5,6743.14990234375,6801.0,260810
2024-10-08,6896.52490234375,6924.2998046875,6940.0,6748.7001953125,6819.0,345891
2024-10-09,6980.78564453125,7008.89990234375,7070.0,6936.39990234375,6959.0,391824
2024-10-10,6927.1513671875,6955.0498046875,7055.0498046875,6884.0498046875,7054.9501953125,237853
2024-10-11,6955.38818359375,6983.39990234375,7018.9501953125,6930.10009765625,6982.0,75315
2024-10-14,7064.14990234375,7092.60009765625,7101.39990234375,6961.75,6976.85009765625,168515
2024-10-15,7111.50927734375,7140.14990234375,7150.35009765625,7040.0,7115.0,322659
2024-10-16,7042.935546875,7071.2998046875,7135.2001953125,7056.0,7085.10009765625,223419
2024-10-17,6961.2646484375,6989.2998046875,7102.60009765625,6960.64990234375,7089.0,183572
2024-10-18,6954.8896484375,6982.89990234375,7041.64990234375,6950.0,6983.2998046875,236651
2024-10-21,6958.3759765625,6986.39990234375,7032.0,6957.5,6972.25,222611
2024-10-22,6864.30517578125,6891.9501953125,7037.25,6871.5498046875,7019.9501953125,112233
2024-10-23,6879.0458984375,6906.75,6958.9501953125,6854.75,6885.0,109466
2024-10-24,6926.25537109375,6954.14990234375,6978.0,6870.64990234375,6937.25,147408
2024-10-25,6916.9931640625,6944.85009765625,6981.0,6876.0498046875,6954.14990234375,175261
2024-10-28,6898.51708984375,6926.2998046875,6970.0,6794.25,6923.0,238427
2024-10-29,6959.42236328125,6987.4501953125,6997.7001953125,6855.7998046875,6957.89990234375,196146
2024-10-30,6954.49169921875,6982.5,7035.0,6939.7998046875,6980.60009765625,191699
2024-10-31,6994.5302734375,7022.7001953125,7050.0,6956.0498046875,6999.89990234375,224153
2024-11-01,7003.7431640625,7031.9501953125,7046.0,7000.75,7022.7001953125,18769
2024-11-04,6930.48876953125,6958.39990234375,7090.0,6892.14990234375,7090.0,273442
2024-11-05,6938.3564453125,6966.2998046875,6986.5498046875,6814.25,6920.0,246059
2024-11-06,6940.1494140625,6968.10009765625,7141.75,6891.0,7020.0,459745
2024-11-07,7395.0673828125,7424.85009765625,7483.89990234375,7200.2998046875,7316.5,2502817
2024-11-08,7391.630859375,7421.39990234375,7545.0,7380.0,7390.0498046875,1032481
2024-11-11,7126.748046875,7155.4501953125,7454.14990234375,6982.60009765625,7400.0,625620
2024-11-12,6991.39306640625,7019.5498046875,7232.85009765625,7001.0,7161.25,194183
2024-11-13,6831.337890625,6858.85009765625,6998.2001953125,6830.4501953125,6970.0,299775
2024-11-14,6833.130859375,6860.64990234375,6908.0,6827.0498046875,6860.0,192648
2024-11-18,6714.8564453125,6741.89990234375,6874.4501953125,6694.5498046875,6874.4501953125,268706
2024-11-19,6660.0771484375,6686.89990234375,6796.89990234375,6661.2001953125,6750.0,290018
2024-11-21,6715.45458984375,6742.5,6761.9501953125,6594.14990234375,6623.5498046875,258574
2024-11-22,6907.2822265625,6935.10009765625,6950.2998046875,6751.60009765625,6751.60009765625,498633
2024-11-25,7046.62060546875,7075.0,7147.0,6930.89990234375,6980.0,639047
2024-11-26,7048.1640625,7076.5498046875,7112.0498046875,7042.5,7095.0,179222
2024-11-27,6954.69140625,6982.7001953125,7115.39990234375,6970.0,7076.5498046875,227250
2024-11-28,6813.6591796875,6841.10009765625,7030.0,6816.0,6982.7001953125,412343
2024-11-29,6801.5078125,6828.89990234375,6892.4501953125,6812.0,6867.0498046875,410883
2024-12-02,7037.45751953125,7065.7998046875,7080.0,6821.10009765625,6858.0,579743
2024-12-03,7097.9638671875,7126.5498046875,7135.39990234375,7076.5498046875,7104.39990234375,351470
2024-12-04,7203.33935546875,7232.35009765625,7269.10009765625,7125.0498046875,7216.64990234375,604278
2024-12-05,7245.5693359375,7274.75,7334.9501953125,7140.39990234375,7257.25,510951
2024-12-06,7204.28564453125,7233.2998046875,7310.0498046875,7207.75,7263.0,189048
2024-12-09,7164.99365234375,7193.85009765625,7227.9501953125,7162.75,7162.75,203674
2024-12-10,7229.18505859375,7258.2998046875,7308.4501953125,7215.2001953125,7228.7998046875,333300
2024-12-11,7311.35400390625,7340.7998046875,7364.0,7216.0498046875,7255.7001953125,391192
2024-12-12,7198.1103515625,7227.10009765625,7318.64990234375,7189.5,7300.0,396742
2024-12-13,7230.33056640625,7259.4501953125,7277.35009765625,7204.2001953125,7221.0,314999
2024-12-16,7230.08203125,7259.2001953125,7270.10009765625,7166.0498046875,7251.64990234375,219812
2024-12-17,7189.79443359375,7218.75,7307.0,7201.0,7227.0,237831
2024-12-18,7208.369140625,7237.39990234375,7267.5,7177.64990234375,7233.25,253532
2024-12-19,7268.27783203125,7297.5498046875,7313.25,7137.39990234375,7148.0,292899
2024-12-20,7222.61181640625,7251.7001953125,7389.89990234375,7210.0498046875,7324.7998046875,349055
2024-12-23,7235.95849609375,7265.10009765625,7329.89990234375,7185.0,7251.10009765625,179062
2024-12-24,7210.95849609375,7240.0,7279.75,7210.39990234375,7260.0,146814
2024-12-26,7232.02392578125,7261.14990234375,7298.0498046875,7224.75,7272.2001953125,116439
2024-12-27,7217.2333984375,7246.2998046875,7295.0,7155.0,7261.14990234375,189089
2024-12-30,7284.9111328125,7314.25,7378.39990234375,7220.0498046875,7240.0,428884
2024-12-31,7267.0830078125,7296.35009765625,7365.9501953125,7252.7998046875,7305.60009765625,212227
2025-01-01,7340.0888671875,7369.64990234375,7445.0,7300.39990234375,7320.0,341399
2025-01-02,7391.88037109375,7421.64990234375,7444.9501953125,7333.0498046875,7405.0,265991
2025-01-03,7269.0751953125,7298.35009765625,7437.5498046875,7280.0,7427.9501953125,180636
2025-01-06,7399.35009765625,7429.14990234375,7473.0,7290.75,7298.35009765625,527272
2025-01-07,7406.919921875,7436.75,7545.35009765625,7345.2001953125,7466.25,398234
2025-01-08,7113.9990234375,7142.64990234375,7460.0,7131.0,7448.75,450295
2025-01-09,7063.1044921875,7091.5498046875,7163.7001953125,6991.10009765625,7140.0,305521
2025-01-10,7008.52392578125,7036.75,7139.0,7016.85009765625,7090.0,185381
2025-01-13,6812.1650390625,6839.60009765625,7000.0,6756.0498046875,7000.0,431086
2025-01-14,6679.947265625,6706.85009765625,6899.0,6683.10009765625,6854.60009765625,362659
2025-01-15,6665.0078125,6691.85009765625,6759.9501953125,6608.0,6749.60009765625,547360
2025-01-16,6762.4150390625,6789.64990234375,6807.7998046875,6700.0498046875,6760.0,579821
2025-01-17,6800.71142578125,6828.10009765625,6845.0,6762.2998046875,6819.9501953125,166710
2025-01-20,6753.650390625,6780.85009765625,6910.0,6740.0,6901.0,120356
2025-01-21,6891.3955078125,6919.14990234375,7014.9501953125,6838.0,6838.0,799900
2025-01-22,6865.2509765625,6892.89990234375,6941.9501953125,6829.89990234375,6908.0,247081
2025-01-23,6893.08935546875,6920.85009765625,6963.10009765625,6823.2001953125,6892.25,271085
2025-01-24,6717.99365234375,6745.0498046875,6915.25,6728.4501953125,6915.25,317194
2025-01-27,6668.59326171875,6695.4501953125,6729.7998046875,6674.35009765625,6700.0,191705
2025-01-28,6682.0390625,6708.9501953125,6747.5,6635.0498046875,6699.0,202194
2025-01-29,6757.08642578125,6784.2998046875,6798.75,6697.25,6741.0,146288
2025-01-30,6797.27490234375,6824.64990234375,6895.0,6770.35009765625,6786.25,204648
2025-01-31,6783.181640625,6810.5,6880.0,6789.14990234375,6822.25,187712
2025-02-01,6813.6591796875,6841.10009765625,6940.0,6810.25,6810.2998046875,117096
2025-02-03,6771.37939453125,6798.64990234375,6886.75,6724.9501953125,6781.60009765625,250589
2025-02-04,6764.955078125,6792.2001953125,6816.60009765625,6706.2998046875,6785.0,223642
2025-02-05,6916.79345703125,6944.64990234375,7008.0,6796.4501953125,6826.14990234375,389639
2025-02-06,6846.67578125,6874.25,6925.0,6785.5498046875,6837.39990234375,334197
2025-02-07,6763.3115234375,6790.5498046875,6929.85009765625,6750.0,6921.4501953125,259335
2025-02-10,6734.12890625,6761.25,6834.35009765625,6686.0,6817.2001953125,213808
2025-02-11,6292.009765625,6317.35009765625,6815.0,6282.5,6799.89990234375,1728723
2025-02-12,6348.97998046875,6374.5498046875,6494.0498046875,6215.0,6349.60009765625,1133586
2025-02-13,6346.6396484375,6372.2001953125,6425.0,6344.4501953125,6372.25,636246
2025-02-14,6254.18115234375,6270.5,6379.89990234375,6230.60009765625,6377.25,320088
2025-02-17,6283.80419921875,6300.2001953125,6317.0,6150.0,6150.0,482329
2025-02-18,6360.25439453125,6376.85009765625,6390.0,6320.0,6320.0,220118
2025-02-19,6405.93505859375,6422.64990234375,6435.0,6284.25,6348.25,195067
2025-02-20,6374.31787109375,6390.9501953125,6469.4501953125,6377.89990234375,6384.25,165304
2025-02-21,6301.1083984375,6317.5498046875,6395.60009765625,6292.9501953125,6362.2998046875,220428
2025-02-24,6235.130859375,6251.39990234375,6275.0,6236.0,6275.0,458224
2025-02-25,6235.0810546875,6251.35009765625,6279.9501953125,6213.0498046875,6251.0,421160
2025-02-27,6169.103515625,6185.2001953125,6282.25,6145.4501953125,6261.0,397857
2025-02-28,6036.84814453125,6052.60009765625,6145.0498046875,6001.35009765625,6145.0498046875,845516
2025-03-03,6154.541015625,6170.60009765625,6195.0,6001.0,6025.60009765625,373515
2025-03-04,6172.04541015625,6188.14990234375,6220.5,6112.2998046875,6133.0,445246
2025-03-05,6198.2265625,6214.39990234375,6235.0498046875,6130.64990234375,6200.0,345922
2025-03-06,6257.77197265625,6274.10009765625,6292.0,6217.0498046875,6255.0,284475
2025-03-07,6199.9228515625,6216.10009765625,6314.75,6197.2998046875,6292.25,299433
2025-03-10,6133.595703125,6149.60009765625,6212.0,6133.89990234375,6206.39990234375,266043
2025-03-11,6118.833984375,6134.7998046875,6155.7001953125,6040.0,6130.0,526709
2025-03-12,6127.7607421875,6143.75,6157.9501953125,6063.75,6134.10009765625,250139
2025-03-13,6089.759765625,6105.64990234375,6200.0,6082.10009765625,6155.10009765625,247628
2025-03-17,6140.62744140625,6156.64990234375,6204.2001953125,6002.0,6002.0,287639
2025-03-18,6140.62744140625,6156.64990234375,6156.64990234375,6156.64990234375,6156.64990234375,0
2025-03-19,6410.82177734375,6427.5498046875,6434.89990234375,6227.10009765625,6275.25,579880
2025-03-20,6457.50048828125,6474.35009765625,6484.64990234375,6363.75,6465.0,457285
2025-03-21,6594.34326171875,6611.5498046875,6634.10009765625,6470.0498046875,6494.0,496635
2025-03-24,6598.58251953125,6615.7998046875,6699.9501953125,6600.4501953125,6649.39990234375,389998
2025-03-25,6627.4072265625,6644.7001953125,6667.14990234375,6562.0498046875,6596.5,223668
2025-03-26,6502.83203125,6519.7998046875,6680.0,6491.0498046875,6653.7998046875,281646
2025-03-27,6475.154296875,6492.0498046875,6559.9501953125,6430.25,6500.0498046875,728926
2025-03-28,6598.98193359375,6616.2001953125,6649.75,6432.9501953125,6492.0498046875,413873
2025-04-01,6615.0390625,6632.2998046875,6661.89990234375,6545.64990234375,6599.0,319668
2025-04-02,6714.62939453125,6732.14990234375,6746.39990234375,6632.2998046875,6632.2998046875,292940
2025-04-03,6653.98779296875,6671.35009765625,6774.9501953125,6660.0498046875,6675.0498046875,312519
2025-04-04,6697.0751953125,6714.5498046875,6735.0,6582.0,6672.0,279891
2025-04-07,6665.90673828125,6683.2998046875,6725.7001953125,6490.85009765625,6565.0,744140
2025-04-08,6738.01904296875,6755.60009765625,6790.0,6716.25,6725.0,578124
2025-04-09,6816.314453125,6834.10009765625,6851.4501953125,6665.0,6665.0,680834
2025-04-11,6763.302734375,6780.9501953125,6870.9501953125,6765.5,6822.7001953125,651996
2025-04-15,6887.02978515625,6905.0,6965.0,6835.0,6965.0,778401
2025-04-16,6987.26806640625,7005.5,7034.5,6865.0,6870.0,621996
2025-04-17,7055.09130859375,7073.5,7092.0,7000.0,7038.0,533349
2025-04-21,7123.912109375,7142.5,7189.0,7058.0,7150.0,244570
2025-04-22,7070.05224609375,7088.5,7172.5,7070.0,7141.5,305540
2025-04-23,7123.4130859375,7142.0,7169.0,7071.5,7088.5,287593
2025-04-24,7140.8671875,7159.5,7184.5,7093.5,7141.5,277769
2025-04-25,6934.90478515625,6953.0,7243.0,6898.0,7169.5,550158
2025-04-28,7026.66552734375,7045.0,7056.0,6954.5,6954.5,379519
2025-04-29,6974.3017578125,6992.5,7090.0,6976.0,7049.0,174253
2025-04-30,6958.84228515625,6977.0,7035.5,6920.0,6992.0,499567
2025-05-02,6909.9697265625,6928.0,7098.0,6918.0,6922.0,207912
2025-05-05,6955.85009765625,6974.0,7031.0,6950.0,6960.0,259097
2025-05-06,6990.75927734375,7009.0,7074.0,6950.0,6999.5,292595
2025-05-07,6964.82666015625,6983.0,7056.0,6950.0,6970.0,338311
2025-05-08,6833.6689453125,6851.5,6979.0,6806.0,6950.0,383274
2025-05-09,6704.50634765625,6722.0,6844.0,6677.5,6735.5,428193
2025-05-12,6907.97509765625,6926.0,6940.5,6758.5,6800.0,237009
2025-05-13,6899.49755859375,6917.5,7013.0,6900.0,6908.0,323598
2025-05-14,6898.49951171875,6916.5,6993.0,6862.5,6930.0,324593
2025-05-15,7054.09375,7072.5,7096.5,6870.0,6942.0,656146
2025-05-16,6996.7431640625,7015.0,7105.0,6993.0,7080.0,270772
2025-05-19,6956.3486328125,6974.5,7061.0,6965.5,6985.0,307173
2025-05-20,6894.01171875,6912.0,7007.0,6891.0,6985.5,365507
2025-05-21,6965.82421875,6984.0,7043.0,6928.5,6928.5,449740
2025-05-22,6936.40087890625,6954.5,7001.0,6915.0,6984.0,229993
2025-05-23,7046.11474609375,7064.5,7088.0,6930.0,6987.5,321466
2025-05-26,7078.03125,7096.5,7120.0,7080.0,7095.0,228090
2025-05-27,7055.09130859375,7073.5,7124.5,7029.5,7118.5,218088
2025-05-28,6938.39599609375,6956.5,7101.0,6932.5,7100.0,278102
2025-05-29,6904.98291015625,6923.0,6981.0,6886.5,6965.5,308885
2025-05-30,6862.59375,6880.5,6993.0,6853.5,6950.0,911209
2025-06-02,6897.50244140625,6915.5,7090.0,6883.5,6944.0,1217905
2025-06-03,6794.7705078125,6812.5,6950.5,6799.5,6950.0,489548
2025-06-04,6837.15966796875,6855.0,6868.0,6772.0,6812.5,629518
2025-06-05,6858.10498046875,6876.0,6919.5,6842.0,6868.5,488647
2025-06-06,6924.43212890625,6942.5,6955.0,6808.0,6867.0,269399
2025-06-09,6913.95947265625,6932.0,6976.5,6886.0,6976.5,239444
2025-06-10,6900.49462890625,6918.5,6992.5,6911.0,6951.5,559472
2025-06-11,6909.4716796875,6927.5,6947.0,6863.0,6918.0,526939
2025-06-12,6978.29150390625,6996.5,7055.0,6930.0,6932.0,552007
2025-06-13,6976.296875,6994.5,7037.5,6923.0,6979.0,367775
2025-06-16,7095.48583984375,7114.0,7138.0,6982.0,7010.5,589027
2025-06-17,6988.265625,7006.5,7134.5,6999.5,7120.0,264117
2025-06-18,6915.45556640625,6933.5,7030.0,6917.0,7006.5,394355
2025-06-19,6991.2578125,7009.5,7035.0,6912.0,6937.0,462080
2025-06-20,7045.1171875,7063.5,7077.0,6974.5,7005.0,378436
2025-06-23,6989.26318359375,7007.5,7049.5,6995.5,7000.0,137379
2025-06-24,6987.76708984375,7006.0,7076.0,6993.5,7034.5,238243
2025-06-25,7023.67333984375,7042.0,7061.0,6995.0,6995.0,378904
2025-06-26,7083.0185546875,7101.5,7122.5,7020.5,7054.5,426516
2025-06-27,7289.4794921875,7308.5,7324.0,7117.5,7130.0,523582
2025-06-30,7223.15283203125,7242.0,7336.5,7203.5,7336.5,353888
2025-07-01,7476.49169921875,7496.0,7584.5,7404.5,7475.0,1872535
2025-07-02,7421.634765625,7441.0,7532.0,7416.5,7470.0,910865
2025-07-03,7545.3125,7565.0,7600.5,7440.0,7474.0,894597
2025-07-04,7533.84228515625,7553.5,7593.0,7525.0,7593.0,349076
2025-07-07,7596.17919921875,7616.0,7625.5,7535.5,7562.5,449086
2025-07-08,7545.3125,7565.0,7635.0,7554.0,7605.0,481581
2025-07-09,7449.56201171875,7469.0,7568.5,7448.5,7545.0,266815
2025-07-10,7339.84814453125,7359.0,7455.0,7348.0,7455.0,384661
2025-07-11,7170.78955078125,7189.5,7384.0,7159.0,7355.0,578061
2025-07-14,7201.2099609375,7220.0,7256.5,7173.0,7200.0,670246
2025-07-15,7341.34423828125,7360.5,7374.0,7227.5,7260.5,517978
2025-07-16,7333.365234375,7352.5,7410.0,7310.0,7374.5,527782
2025-07-17,7331.3701171875,7350.5,7408.5,7331.5,7361.0,378666
2025-07-18,7284.49267578125,7303.5,7384.5,7255.0,7384.5,192649
2025-07-21,7235.6201171875,7254.5,7322.5,7246.0,7303.5,217270
2025-07-22,7227.64111328125,7246.5,7291.5,7216.5,7270.0,300768
2025-07-23,7354.310546875,7373.5,7390.0,7244.0,7251.0,508883
2025-07-24,7344.33642578125,7363.5,7485.5,7349.5,7373.0,454916
2025-07-25,7449.06298828125,7468.5,7483.5,7343.5,7365.0,434232
2025-07-28,7337.3544921875,7356.5,7502.0,7323.0,7480.0,240740
2025-07-29,7436.595703125,7456.0,7469.0,7310.5,7356.5,336770
2025-07-30,7430.61181640625,7450.0,7474.5,7400.0,7460.0,266922
2025-07-31,7478.486328125,7498.0,7525.0,7355.0,7378.0,342605
2025-08-01,7332.36767578125,7351.5,7538.0,7331.5,7538.0,215243
2025-08-04,7288.98095703125,7308.0,7388.0,7295.0,7387.0,260996
2025-08-05,7255.0693359375,7274.0,7342.0,7235.5,7312.0,282791
2025-08-06,7170.78955078125,7189.5,7279.0,7164.5,7270.0,296623
2025-08-07,7151.34033203125,7170.0,7197.5,7053.5,7164.0,407857
2025-08-08,7066.0625,7084.5,7198.5,7066.0,7170.0,327102
2025-08-11,7240.10888671875,7259.0,7320.0,7020.5,7101.0,498598
2025-08-12,7217.66748046875,7236.5,7285.0,7205.0,7259.0,342006
2025-08-13,7788.17822265625,7808.5,7840.0,7389.0,7403.0,2291645
2025-08-14,7801.14453125,7821.5,7859.5,7749.0,7830.0,673142
2025-08-18,7802.1416015625,7822.5,7917.5,7806.0,7850.0,633876
2025-08-19,7813.12744140625,7823.5,7864.5,7800.0,7830.5,384598
2025-08-20,7872.54833984375,7883.0,7918.0,7812.5,7830.0,452843
2025-08-21,7915.99072265625,7926.5,7947.0,7853.0,7893.0,482016
2025-08-22,7911.99609375,7922.5,7980.0,7852.0,7895.0,843648
2025-08-25,7840.5908203125,7851.0,7950.0,7838.5,7926.0,402979
2025-08-26,7783.1669921875,7793.5,7834.0,7720.5,7827.5,671659
2025-08-28,7717.75390625,7728.0,7828.0,7714.5,7755.0,418353
2025-08-29,7599.91015625,7610.0,7744.0,7586.0,7670.0,481590
2025-09-01,7661.32861328125,7671.5,7684.5,7595.5,7595.5,255894
2025-09-02,7671.81494140625,7682.0,7699.0,7631.5,7631.5,195907
2025-09-03,7725.7431640625,7736.0,7775.5,7656.0,7685.0,321268
2025-09-04,7889.52587890625,7900.0,7918.5,7751.0,7790.0,386286
2025-09-05,7794.15234375,7804.5,7915.0,7795.5,7900.0,228324
2025-09-08,7776.17626953125,7786.5,7849.5,7740.5,7834.5,314960
2025-09-09,7815.12451171875,7825.5,7848.0,7755.0,7755.0,303494
2025-09-10,7918.4873046875,7929.0,7939.0,7805.0,7805.0,337313
2025-09-11,7869.05322265625,7879.5,7941.5,7860.0,7875.5,161041
2025-09-12,7864.0595703125,7874.5,7915.0,7841.5,7875.0,117761
2025-09-15,7806.13671875,7816.5,7956.0,7796.0,7900.0,214626
2025-09-16,7842.0888671875,7852.5,7862.0,7805.5,7805.5,194911
2025-09-17,7877.54150390625,7888.0,7911.0,7860.0,7869.0,249447
2025-09-18,7840.09130859375,7850.5,7886.0,7821.0,7875.0,264065
2025-09-19,7796.14990234375,7806.5,7876.5,7798.5,7850.5,207129
2025-09-22,7728.7392578125,7739.0,7796.5,7611.5,7611.5,302818
2025-09-23,7673.81201171875,7684.0,7749.0,7664.5,7725.0,443181
2025-09-24,7633.36572265625,7643.5,7730.0,7634.5,7698.0,201984
2025-09-25,7613.8916015625,7624.0,7704.0,7615.0,7649.0,374239
2025-09-26,7500.04296875,7510.0,7630.5,7491.0,7550.0,207170
2025-09-29,7434.13037109375,7444.0,7595.0,7426.0,7550.0,388214
2025-09-30,7399.1767578125,7409.0,7478.0,7400.0,7444.0,369272
2025-10-01,7431.13427734375,7441.0,7482.0,7359.0,7409.5,220764
2025-10-03,7439.623046875,7449.5,7484.0,7404.0,7441.0,478143
2025-10-06,7651.84130859375,7662.0,7730.0,7550.0,7550.0,423558
2025-10-07,7689.791015625,7700.0,7706.5,7633.5,7674.5,210121
2025-10-08,7651.84130859375,7662.0,7762.0,7643.5,7697.5,188810
2025-10-09,7684.7978515625,7695.0,7750.0,7620.0,7690.0,295802
2025-10-10,7670.81640625,7681.0,7739.0,7660.0,7694.5,273853
2025-10-13,7660.82958984375,7671.0,7744.0,7643.0,7709.0,191488
2025-10-14,7748.712890625,7759.0,7848.5,7675.0,7848.5,413862
2025-10-15,7815.6240234375,7826.0,7850.0,7740.5,7800.0,212807
2025-10-16,7823.11376953125,7833.5,7870.0,7807.5,7814.0,178563
2025-10-17,7891.02392578125,7901.5,8030.0,7840.5,7850.0,610960
2025-10-20,7999.3798828125,8010.0,8065.0,7921.5,7950.0,498555
2025-10-21,8001.37744140625,8012.0,8058.5,7992.5,8038.0,31082
2025-10-23,7957.93505859375,7968.5,8099.5,7920.0,7950.0,456860
2025-10-24,7827.10888671875,7837.5,7982.0,7824.5,7975.0,287555
2025-10-27,7835.09814453125,7845.5,7903.0,7834.0,7837.5,266541
2025-10-28,7870.0517578125,7880.5,7901.0,7828.5,7864.0,348079
2025-10-29,7848.0810546875,7858.5,7905.0,7846.0,7890.5,199897
2025-10-30,7779.671875,7790.0,7837.5,7765.0,7767.0,209452
2025-10-31,7670.81640625,7681.0,7833.0,7651.0,7833.0,347031
2025-11-03,7814.1259765625,7824.5,7845.0,7661.5,7675.0,332284
2025-11-04,7800.14453125,7810.5,7883.5,7780.5,7824.5,384562
2025-11-06,7771.68212890625,7782.0,7850.5,7700.0,7732.5,425649
2025-11-07,7631.86767578125,7642.0,7891.0,7625.5,7789.0,486385
2025-11-10,7519.51708984375,7529.5,7652.5,7515.0,7631.5,377719
2025-11-11,7491.0546875,7501.0,7569.0,7441.0,7501.5,306736
2025-11-12,7488.05859375,7498.0,7539.0,7458.0,7520.0,420561
2025-11-13,7430.63525390625,7440.5,7509.0,7425.0,7480.0,448567
2025-11-14,7410.66162109375,7420.5,7467.0,7375.0,7440.0,218565
2025-11-17,7477.57275390625,7487.5,7504.5,7425.0,7475.0,248470
2025-11-18,7375.7080078125,7385.5,7474.0,7373.0,7450.0,285148
2025-11-19,7449.1103515625,7459.0,7482.0,7332.0,7419.0,454714
2025-11-20,7413.158203125,7423.0,7491.0,7415.0,7481.0,228411
2025-11-21,7381.20068359375,7391.0,7435.0,7381.5,7425.5,138622
2025-11-24,7344.7490234375,7354.5,7421.0,7332.0,7399.0,751685
2025-11-25,7320.78076171875,7330.5,7409.5,7314.5,7409.0,237415
2025-11-26,7383.1982421875,7393.0,7402.0,7308.5,7341.5,272489
2025-11-27,7312.79150390625,7322.5,7396.0,7310.0,7390.0,243681
2025-11-28,7325.7744140625,7335.5,7359.0,7300.0,7330.0,299937
2025-12-01,7277.837890625,7287.5,7381.5,7282.0,7375.0,227568
2025-12-02,7232.3984375,7242.0,7299.0,7230.0,7287.5,329723
2025-12-03,7174.47509765625,7184.0,7257.0,7150.5,7200.0,329160
2025-12-04,7191.45263671875,7201.0,7227.5,7158.0,7184.0,306183
2025-12-05,7179.9677734375,7189.5,7219.5,7147.0,7201.0,260117
2025-12-08,7086.591796875,7096.0,7219.0,7082.0,7157.0,287363
2025-12-09,7081.5986328125,7091.0,7181.5,7059.0,7100.0,560843
2025-12-10,7009.1943359375,7018.5,7116.0,7005.5,7101.0,266098
2025-12-11,7000.20654296875,7009.5,7065.5,6973.0,7028.0,350620
2025-12-12,7091.5849609375,7101.0,7130.0,6996.0,7015.0,306662
2025-12-15,7077.1044921875,7086.5,7098.0,7015.5,7075.0,205982
2025-12-16,7042.15087890625,7051.5,7148.0,7025.0,7110.0,385236
2025-12-17,6912.3232421875,6921.5,7109.0,6911.5,7109.0,358023
2025-12-18,6909.3271484375,6918.5,6949.5,6881.0,6921.5,384579
2025-12-19,7003.20263671875,7012.5,7024.0,6902.0,6919.0,235742
2025-12-22,7044.6474609375,7054.0,7104.0,7013.0,7014.0,358776
2025-12-23,7064.12158203125,7073.5,7098.0,7016.0,7069.5,286197
2025-12-24,7162.4912109375,7172.0,7209.5,7044.5,7070.0,351381
2025-12-26,7146.51220703125,7156.0,7202.0,7131.5,7182.0,228172
2025-12-29,7075.10693359375,7084.5,7180.0,7070.0,7168.0,234376
2025-12-30,6980.732421875,6990.0,7065.0,6937.0,7055.0,433130
2025-12-31,7033.16259765625,7042.5,7053.5,6955.0,6990.0,226286
2026-01-01,7102.0712890625,7111.5,7125.0,7023.5,7063.0,81987
2026-01-02,7120.04736328125,7129.5,7151.0,7075.5,7130.0,353245
2026-01-05,7073.60888671875,7083.0,7134.5,7063.5,7129.5,349588
2026-01-06,7338.2578125,7348.0,7360.0,7040.0,7040.0,581189
2026-01-07,7437.6259765625,7447.5,7488.0,7315.0,7349.0,567878
2026-01-08,7354.73583984375,7364.5,7443.0,7325.0,7425.0,778407
2026-01-09,7246.87890625,7256.5,7360.5,7225.0,7348.0,312461
2026-01-12,7258.86328125,7268.5,7289.5,7111.0,7203.0,333583
2026-01-13,7301.80615234375,7311.5,7321.5,7240.0,7299.0,275363
2026-01-14,7262.85791015625,7272.5,7325.5,7242.5,7258.0,383251
2026-01-15,7262.85791015625,7272.5,7272.5,7272.5,7272.5,0
2026-01-16,7225.90673828125,7235.5,7299.0,6950.0,6950.0,501597
2026-01-19,7123.54296875,7133.0,7260.0,7104.0,7254.0,364331
2026-01-20,6903.3349609375,6912.5,7129.0,6885.0,7129.0,499367
2026-01-21,6817.44921875,6826.5,6911.5,6738.0,6880.0,620592
2026-01-22,6787.98828125,6797.0,6914.5,6780.5,6878.5,714732
2026-01-23,6793.98046875,6803.0,6836.0,6696.5,6810.0,458099
2026-01-27,6784.49267578125,6793.5,6842.0,6708.5,6802.0,515312
2026-01-28,6868.38134765625,6877.5,6890.0,6784.5,6798.5,399249
2026-01-29,6791.98291015625,6801.0,6899.0,6756.0,6899.0,517720
2026-01-30,6951.271484375,6960.5,6974.5,6767.0,6787.0,489138
2026-02-02,6924.30712890625,6933.5,6950.0,6831.0,6915.0,343776
2026-02-03,7079.1015625,7088.5,7163.5,7002.5,7070.0,438009
2026-02-04,7106.5654296875,7116.0,7160.0,7050.0,7080.0,216137
2026-02-05,7112.55712890625,7122.0,7133.0,7043.0,7116.0,234707
2026-02-06,7143.01708984375,7152.5,7176.5,6994.0,7080.0,668962
2026-02-09,7201.439453125,7211.0,7280.0,7163.5,7199.0,412161
2026-02-10,7209.4287109375,7219.0,7280.5,7185.0,7250.0,277132
2026-02-11,7497.046875,7507.0,7640.0,7405.0,7405.0,1496488
2026-02-12,7529.00439453125,7539.0,7579.5,7410.0,7512.0,434146
2026-02-13,7532.5,7542.5,7598.0,7485.0,7518.0,431623
2026-02-16,7618.0,7618.0,7631.0,7478.0,7526.5,494924
2026-02-17,7601.5,7601.5,7615.0,7554.5,7590.0,525344
2026-02-18,7647.5,7647.5,7670.0,7590.0,7590.0,385965
2026-02-19,7592.5,7592.5,7649.0,7551.5,7610.0,186713
2026-02-20,7615.5,7615.5,7635.0,7540.0,7540.0,256304
2026-02-23,7693.0,7693.0,7710.0,7615.5,7680.0,399710
2026-02-24,7720.5,7720.5,7729.5,7658.0,7658.0,377143
2026-02-25,7783.0,7783.0,7800.0,7714.0,7770.5,383833
2026-02-26,7775.0,7775.0,7831.0,7729.0,7800.0,361759
2026-02-27,7821.5,7821.5,7870.5,7731.5,7735.5,698131
2026-03-02,7791.5,7791.5,7819.0,7605.0,7621.0,533503
2026-03-04,7666.0,7666.0,7715.0,7476.0,7620.0,625428
2026-03-05,7775.0,7775.0,7796.5,7635.0,7700.0,446578
2026-03-06,7724.5,7724.5,7781.0,7669.0,7770.0,225749
2026-03-09,7779.0,7779.0,7809.0,7556.0,7588.0,358612
2026-03-10,7803.0,7803.0,7870.0,7770.0,7865.0,381453
2026-03-11,7684.0,7684.0,7798.5,7659.0,7770.5,331690
2026-03-12,7574.5,7574.5,7662.5,7542.5,7590.0,550020
2026-03-13,7550.0,7550.0,7616.0,7485.5,7556.0,394082
2026-03-16,7490.0,7490.0,7750.0,7410.0,7565.0,481339
2026-03-17,7500.0,7500.0,7574.5,7470.0,7490.0,343558
2026-03-18,7471.0,7471.0,7605.0,7455.5,7511.5,497712
2026-03-19,7252.0,7252.0,7407.0,7229.0,7407.0,264884
2026-03-20,7364.5,7364.5,7447.5,7202.5,7231.5,696455
2026-03-23,7145.0,7145.0,7288.0,7080.0,7288.0,464969
2026-03-24,7413.0,7413.0,7464.0,7199.0,7210.0,653790
2026-03-25,7580.5,7580.5,7612.5,7437.5,7461.0,450043
2026-03-27,7549.0,7549.0,7621.0,7510.0,7510.0,533512
2026-03-30,7419.0,7419.0,7509.5,7360.5,7470.0,764508
2026-04-01,7305.5,7305.5,7587.0,7250.5,7549.0,618068
2026-04-02,7317.5,7317.5,7368.0,7150.5,7150.5,338111
2026-04-06,7373.0,7373.0,7397.0,7243.0,7350.0,360086
2026-04-07,7326.5,7326.5,7370.5,7220.5,7370.5,311560
2026-04-08,7401.5,7401.5,7518.0,7332.5,7385.0,387242
2026-04-09,7481.5,7481.5,7512.0,7364.0,7400.0,416753
2026-04-10,7511.5,7511.5,7563.0,7461.5,7500.0,437163
2026-04-13,7516.5,7516.5,7566.0,7403.5,7420.0,310575
2026-04-15,7642.0,7642.0,7686.0,7500.0,7516.5,464570
2026-04-16,7553.0,7553.0,7678.0,7510.0,7678.0,400487
2026-04-17,7699.0,7699.0,7710.0,7515.0,7553.0,343875
2026-04-20,7657.0,7657.0,7730.5,7622.0,7705.0,344019
2026-04-21,7744.0,7744.0,7765.0,7667.5,7686.5,312758
2026-04-22,7662.0,7662.0,7801.5,7615.0,7702.0,608446
2026-04-23,7781.0,7781.0,7815.0,7601.0,7685.0,304110
2026-04-24,7732.5,7732.5,7845.0,7684.5,7814.0,407458
2026-04-27,7825.0,7825.0,7850.0,7735.0,7759.0,289661
2026-04-28,7753.0,7753.0,7878.5,7711.0,7840.0,353826
2026-04-29,7709.0,7709.0,7799.0,7681.0,7745.0,321242
2026-04-30,7636.5,7636.5,7680.0,7561.5,7634.5,392016
2026-05-01,7636.5,7636.5,7636.5,7636.5,7636.5,0
2026-05-04,7737.5,7737.5,7790.0,7673.0,7699.5,328426
2026-05-05,7772.0,7772.0,7780.5,7678.0,7724.5,254331
2026-05-06,7760.5,7760.5,7815.0,7742.5,7810.5,437084
2026-05-07,7837.0,7837.0,7855.0,7744.0,7760.5,405862
2026-05-08,8097.0,8097.0,8115.0,7812.5,7837.0,922866
2026-05-11,8082.0,8082.0,8144.0,8022.5,8046.0,466135
2026-05-12,8022.5,8022.5,8078.0,7995.0,8050.0,390002
2026-05-13,8004.5,8004.5,8112.0,7981.0,7981.0,329337
2026-05-14,8119.0,8119.0,8180.0,8011.0,8011.0,431011
2026-05-15,8082.5,8082.5,8170.0,8028.5,8170.0,300134
2026-05-18,8020.5,8020.5,8099.0,8006.0,8062.5,323387
2026-05-19,8026.0,8026.0,8093.5,7983.0,8030.0,396261
2026-05-20,8078.5,8078.5,8140.0,7814.5,7924.0,492013
2026-05-21,8308.5,8308.5,8388.0,8051.5,8198.5,1425124
2026-05-22,8362.5,8362.5,8440.5,8255.0,8308.5,564876
2026-05-25,8404.0,8404.0,8443.0,8375.0,8430.0,364945
2026-05-26,8258.5,8258.5,8434.0,8228.0,8404.0,310581
2026-05-27,8272.5,8272.5,8305.0,8170.0,8243.0,293786
2026-05-28,8272.5,8272.5,8272.5,8272.5,8272.5,0
2026-05-29,8176.5,8176.5,8325.0,8146.0,8176.5,1042419
2026-06-01,8108.5,8108.5,8249.5,8081.0,8221.5,217401
2026-06-02,8089.5,8089.5,8120.0,7816.0,7816.0,556161
2026-06-03,8290.5,8290.5,8317.5,8109.5,8109.5,724687
2026-06-04,8249.0,8249.0,8301.5,8225.0,8270.0,345278
2026-06-05,8304.5,8304.5,8341.0,8240.0,8265.0,187969
2026-06-08,8358.5,8358.5,8490.0,8211.0,8211.0,539009
2026-06-09,8524.0,8524.0,8538.5,8365.5,8420.0,818210
2026-06-10,8488.5,8488.5,8624.0,8470.5,8527.0,487815
2026-06-11,8493.0,8493.0,8531.0,8425.0,8478.0,314597
