Date,Adj Close,Close,High,Low,Open,Volume
,ASIANPAINT.NS,ASIANPAINT.NS,ASIANPAINT.NS,ASIANPAINT.NS,ASIANPAINT.NS,ASIANPAINT.NS
2021-01-01,2656.677001953125,2775.550048828125,2792.0,2750.0,2759.0,1246698
2021-01-04,2635.761962890625,2753.699951171875,2791.10009765625,2745.0,2781.10009765625,1360486
2021-01-05,2674.19287109375,2793.85009765625,2804.60009765625,2732.0,2753.699951171875,1299589
2021-01-06,2685.200439453125,2805.35009765625,2822.449951171875,2780.0,2801.300048828125,1697884
2021-01-07,2672.66162109375,2792.25,2831.85009765625,2781.5,2801.0,1142806
2021-01-08,2722.864990234375,2844.699951171875,2849.800048828125,2789.050048828125,2818.0,1660967
2021-01-11,2727.267578125,2849.300048828125,2873.449951171875,2824.60009765625,2845.0,1517995
2021-01-12,2604.031982421875,2720.550048828125,2850.0,2712.14990234375,2849.60009765625,6674890
2021-01-13,2587.90380859375,2703.699951171875,2763.0,2678.0,2760.0,2862676
2021-01-14,2549.80810546875,2663.89990234375,2736.64990234375,2648.0,2713.0,2124950
2021-01-15,2479.935302734375,2590.89990234375,2661.85009765625,2580.550048828125,2660.89990234375,2570436
2021-01-18,2477.350830078125,2588.199951171875,2619.85009765625,2555.39990234375,2592.0,2395168
2021-01-19,2531.765625,2645.050048828125,2676.60009765625,2590.0,2615.0,2558693
2021-01-20,2581.73046875,2697.25,2707.14990234375,2645.050048828125,2654.0,2065439
2021-01-21,2600.01220703125,2716.35009765625,2816.949951171875,2695.0,2726.949951171875,5015712
2021-01-22,2485.43896484375,2596.64990234375,2768.85009765625,2590.0,2750.0,4945564
2021-01-25,2406.28076171875,2513.949951171875,2631.5,2501.0,2612.85009765625,3520087
2021-01-27,2332.243408203125,2436.60009765625,2525.0,2430.550048828125,2525.0,2700415
2021-01-28,2337.125244140625,2441.699951171875,2453.949951171875,2401.050048828125,2420.0,3035457
2021-01-29,2304.24609375,2407.35009765625,2484.0,2400.0,2456.0,2768673
2021-02-01,2342.963623046875,2447.800048828125,2467.75,2376.89990234375,2426.60009765625,1797359
2021-02-02,2358.135009765625,2463.64990234375,2520.0,2425.10009765625,2460.0,2679428
2021-02-03,2348.56298828125,2453.64990234375,2503.85009765625,2438.35009765625,2503.85009765625,2409356
2021-02-04,2298.933837890625,2401.800048828125,2456.0,2398.0,2456.0,3478562
2021-02-05,2274.956787109375,2376.75,2423.89990234375,2370.800048828125,2420.0,3303319
2021-02-08,2313.339599609375,2416.85009765625,2434.89990234375,2373.39990234375,2394.0,3666313
2021-02-09,2399.485107421875,2506.85009765625,2532.449951171875,2423.64990234375,2432.5,7178572
2021-02-10,2403.073974609375,2510.60009765625,2555.0,2475.0,2529.0,4473123
2021-02-11,2398.1923828125,2505.5,2540.0,2495.10009765625,2524.949951171875,1446286
2021-02-12,2379.623291015625,2486.10009765625,2523.0,2464.199951171875,2518.0,1376085
2021-02-15,2351.530517578125,2456.75,2517.5,2448.550048828125,2495.0,1634576
2021-02-16,2345.30859375,2450.25,2475.10009765625,2422.0,2472.0,1615849
2021-02-17,2285.8681640625,2388.14990234375,2455.050048828125,2382.0,2436.0,3178784
2021-02-18,2364.9306640625,2470.75,2479.60009765625,2395.25,2424.0,4253843
2021-02-19,2312.95654296875,2416.449951171875,2470.89990234375,2400.0,2470.89990234375,2244567
2021-02-22,2284.8154296875,2387.050048828125,2448.0,2380.0,2428.75,2002642
2021-02-23,2270.6015625,2372.199951171875,2400.0,2315.0,2375.0,3267268
2021-02-24,2260.216552734375,2361.35009765625,2409.35009765625,2347.199951171875,2373.0,1708526
2021-02-25,2272.084716796875,2373.75,2386.25,2336.199951171875,2375.0,2839515
2021-02-26,2179.67041015625,2277.199951171875,2360.0,2260.0,2338.050048828125,3933813
2021-03-01,2261.12548828125,2362.300048828125,2369.89990234375,2300.0,2300.0,2545806
2021-03-02,2288.021728515625,2390.39990234375,2402.550048828125,2359.0,2386.0,2033586
2021-03-03,2299.22119140625,2402.10009765625,2417.699951171875,2375.800048828125,2406.0,1591567
2021-03-04,2313.57861328125,2417.10009765625,2435.0,2350.0,2380.0,2149984
2021-03-05,2284.863525390625,2387.10009765625,2423.89990234375,2377.10009765625,2399.0,1953642
2021-03-08,2280.65185546875,2382.699951171875,2413.5,2360.050048828125,2383.0,1593838
2021-03-09,2318.9384765625,2422.699951171875,2444.0,2396.14990234375,2400.0,1800442
2021-03-10,2327.79248046875,2431.949951171875,2446.0,2415.550048828125,2446.0,1056102
2021-03-12,2298.503662109375,2401.35009765625,2464.64990234375,2397.0,2442.800048828125,1279203
2021-03-15,2254.138427734375,2355.0,2427.550048828125,2343.050048828125,2402.550048828125,1524449
2021-03-16,2362.873046875,2468.60009765625,2480.0,2375.35009765625,2379.199951171875,4230564
2021-03-17,2319.17822265625,2422.949951171875,2460.0,2411.10009765625,2460.0,1623187
2021-03-18,2301.566162109375,2404.550048828125,2468.85009765625,2390.0,2468.85009765625,1851739
2021-03-19,2307.979248046875,2411.25,2434.0,2355.35009765625,2393.0,3738079
2021-03-22,2321.810302734375,2425.699951171875,2438.10009765625,2390.0,2390.0,1489853
2021-03-23,2307.070068359375,2410.300048828125,2433.949951171875,2398.199951171875,2430.0,1745466
2021-03-24,2338.895751953125,2443.550048828125,2470.0,2410.0,2410.300048828125,4132092
2021-03-25,2299.31689453125,2402.199951171875,2469.0,2392.0,2450.949951171875,2272545
2021-03-26,2397.857421875,2505.14990234375,2513.949951171875,2409.10009765625,2425.0,3084607
2021-03-30,2467.635009765625,2578.050048828125,2583.449951171875,2521.5,2539.10009765625,2332884
2021-03-31,2428.72607421875,2537.39990234375,2582.949951171875,2531.0,2578.050048828125,1616044
2021-04-01,2442.461669921875,2551.75,2564.550048828125,2532.0,2532.0,1219588
2021-04-05,2403.121826171875,2510.64990234375,2558.0,2484.5,2558.0,1268939
2021-04-06,2499.748291015625,2611.60009765625,2620.0,2504.5,2526.0,3372846
2021-04-07,2516.0205078125,2628.60009765625,2668.050048828125,2600.10009765625,2605.0,1937977
2021-04-08,2537.125732421875,2650.64990234375,2658.39990234375,2628.0,2630.0,897483
2021-04-09,2518.1259765625,2630.800048828125,2655.0,2610.14990234375,2635.0,1185017
2021-04-12,2490.750732421875,2602.199951171875,2610.0,2555.0,2578.199951171875,1427691
2021-04-13,2460.599853515625,2570.699951171875,2626.0,2564.300048828125,2600.0,1200230
2021-04-15,2476.871826171875,2587.699951171875,2593.550048828125,2537.0,2590.0,1209829
2021-04-16,2549.617431640625,2663.699951171875,2693.5,2581.699951171875,2587.60009765625,2760777
2021-04-19,2461.748779296875,2571.89990234375,2650.0,2566.85009765625,2650.0,1552036
2021-04-20,2444.2802734375,2553.64990234375,2604.699951171875,2528.800048828125,2600.0,1489287
2021-04-22,2403.696533203125,2511.25,2557.0,2488.0,2555.64990234375,1690758
2021-04-23,2410.109375,2517.949951171875,2565.0,2496.199951171875,2527.10009765625,1614593
2021-04-26,2448.348388671875,2557.89990234375,2575.0,2530.0,2530.0,1103980
2021-04-27,2464.093994140625,2574.35009765625,2579.89990234375,2534.0,2545.0,866331
2021-04-28,2502.57177734375,2614.550048828125,2620.25,2575.0,2588.0,1065561
2021-04-29,2501.5185546875,2613.449951171875,2642.0,2570.0,2630.0,1295346
2021-04-30,2427.76904296875,2536.39990234375,2605.800048828125,2524.050048828125,2595.0,1384907
2021-05-03,2471.559814453125,2582.14990234375,2595.10009765625,2505.60009765625,2510.0,1034774
2021-05-04,2476.345458984375,2587.14990234375,2617.949951171875,2571.550048828125,2605.0,1058140
2021-05-05,2457.6806640625,2567.64990234375,2617.0,2546.10009765625,2617.0,1220186
2021-05-06,2439.877197265625,2549.050048828125,2581.85009765625,2528.0,2579.85009765625,1518119
2021-05-07,2442.365966796875,2551.64990234375,2590.0,2541.5,2555.0,1416102
2021-05-10,2447.43896484375,2556.949951171875,2589.0,2542.14990234375,2589.0,1526814
2021-05-11,2446.76953125,2556.25,2562.0,2521.300048828125,2533.0,1168363
2021-05-12,2446.720947265625,2556.199951171875,2588.949951171875,2530.0,2577.0,2085630
2021-05-14,2655.67138671875,2774.5,2835.25,2601.550048828125,2620.0,10543708
2021-05-17,2663.568359375,2782.75,2824.199951171875,2747.550048828125,2782.0,2134352
2021-05-18,2700.94580078125,2821.800048828125,2845.0,2789.0,2797.0,1328605
2021-05-19,2695.2509765625,2815.85009765625,2849.0,2798.64990234375,2805.14990234375,1219067
2021-05-20,2674.4326171875,2794.10009765625,2845.0,2778.5,2814.0,1211975
2021-05-21,2711.1875,2832.5,2854.0,2795.0,2807.0,1328308
2021-05-24,2698.45703125,2819.199951171875,2849.0,2808.199951171875,2846.0,813091
2021-05-25,2789.579833984375,2914.39990234375,2922.64990234375,2822.75,2836.89990234375,2730112
2021-05-26,2815.615234375,2941.60009765625,2947.89990234375,2910.39990234375,2939.85009765625,1250531
2021-05-27,2823.032958984375,2949.35009765625,2965.0,2902.25,2950.0,2415085
2021-05-28,2814.753173828125,2940.699951171875,2963.800048828125,2931.14990234375,2958.14990234375,711383
2021-05-31,2849.9775390625,2977.5,2989.949951171875,2936.10009765625,2938.0,2093635
2021-06-01,2805.46875,2931.0,2982.60009765625,2915.10009765625,2965.0,1194073
2021-06-02,2779.338134765625,2903.699951171875,2933.75,2877.14990234375,2918.85009765625,2067842
2021-06-03,2809.632568359375,2935.35009765625,2942.0,2904.050048828125,2919.60009765625,1404434
2021-06-04,2799.630126953125,2924.89990234375,2990.0,2908.0,2953.0,1509084
2021-06-07,2807.47900390625,2933.10009765625,2941.0,2903.949951171875,2930.0,802415
2021-06-08,2800.92236328125,2926.25,2944.25,2907.5,2928.0,762931
2021-06-09,2817.481689453125,2943.550048828125,2965.0,2919.60009765625,2930.800048828125,1340352
2021-06-10,2838.21044921875,2950.60009765625,2959.300048828125,2920.64990234375,2945.0,1344559
2021-06-11,2843.645263671875,2956.25,2971.60009765625,2938.60009765625,2960.0,878445
2021-06-14,2837.536865234375,2949.89990234375,2970.0,2916.5,2955.10009765625,746823
2021-06-15,2926.321044921875,3042.199951171875,3050.0,2960.949951171875,2970.0,2262031
2021-06-16,2903.716796875,3018.699951171875,3042.199951171875,3005.5,3029.0,859505
2021-06-17,2943.73193359375,3060.300048828125,3073.949951171875,3000.5,3017.949951171875,1533864
2021-06-18,2931.130859375,3047.199951171875,3077.800048828125,3016.050048828125,3061.550048828125,2293860
2021-06-21,2951.66796875,3068.550048828125,3079.14990234375,3021.050048828125,3024.199951171875,720491
2021-06-22,2896.1171875,3010.800048828125,3092.85009765625,3004.199951171875,3085.0,1199238
2021-06-23,2873.56103515625,2987.35009765625,3030.0,2983.5,3030.0,1009007
2021-06-24,2927.33154296875,3043.25,3049.699951171875,2975.449951171875,2987.35009765625,985596
2021-06-25,2889.480224609375,3003.89990234375,3053.5,2985.0,3030.199951171875,786964
2021-06-28,2869.32861328125,2982.949951171875,3038.85009765625,2976.25,3024.0,891695
2021-06-29,2887.172119140625,3001.5,3023.85009765625,2973.050048828125,2989.0,1242734
2021-06-30,2878.706787109375,2992.699951171875,3030.0,2985.64990234375,2999.0,924522
2021-07-01,2906.505859375,3021.60009765625,3026.89990234375,2997.0,3008.0,848235
2021-07-02,2890.538330078125,3005.0,3038.800048828125,2999.75,3032.949951171875,805542
2021-07-05,2899.965087890625,3014.800048828125,3050.0,3007.10009765625,3020.0,863343
2021-07-06,2888.133544921875,3002.5,3029.5,2996.0,3003.0,762630
2021-07-07,2924.30126953125,3040.10009765625,3069.0,3011.25,3065.0,1234865
2021-07-08,2912.951171875,3028.300048828125,3059.0,3018.800048828125,3050.0,907391
2021-07-09,2895.925048828125,3010.60009765625,3039.14990234375,3007.0,3022.0,547082
2021-07-12,2885.1513671875,2999.39990234375,3042.85009765625,2991.050048828125,3034.89990234375,765566
2021-07-13,2879.813232421875,2993.85009765625,3021.10009765625,2985.35009765625,3020.0,703484
2021-07-14,2887.6044921875,3001.949951171875,3007.75,2984.199951171875,3003.0,470744
2021-07-15,2869.953857421875,2983.60009765625,3011.0,2971.10009765625,3010.0,635535
2021-07-16,2875.436279296875,2989.300048828125,3006.0,2965.0,2994.0,1062548
2021-07-19,2868.366455078125,2981.949951171875,2999.699951171875,2965.0,2989.300048828125,837836
2021-07-20,3038.720458984375,3159.050048828125,3179.5,2979.550048828125,2996.0,6755922
2021-07-22,2988.412841796875,3106.75,3165.0,3090.0,3130.0,1982572
2021-07-23,2966.288818359375,3083.75,3129.60009765625,3078.050048828125,3106.0,815329
2021-07-26,2944.597900390625,3061.199951171875,3119.0,3051.199951171875,3079.949951171875,1136884
2021-07-27,2913.287109375,3028.64990234375,3081.5,3021.300048828125,3079.39990234375,904289
2021-07-28,2889.673095703125,3004.10009765625,3033.0,2984.0,3030.35009765625,996594
2021-07-29,2883.2763671875,2997.449951171875,3039.949951171875,2990.300048828125,3004.10009765625,762683
2021-07-30,2845.761474609375,2958.449951171875,3008.64990234375,2951.89990234375,3008.0,1067423
2021-08-02,2860.767333984375,2974.050048828125,2986.800048828125,2960.64990234375,2985.60009765625,832285
2021-08-03,2911.700439453125,3027.0,3065.0,2994.199951171875,3020.0,2433031
2021-08-04,2903.62060546875,3018.60009765625,3053.300048828125,3012.0,3040.60009765625,659295
2021-08-05,2874.570556640625,2988.39990234375,3040.0,2980.050048828125,3034.0,693694
2021-08-06,2853.45654296875,2966.449951171875,3001.0,2961.449951171875,2995.0,744159
2021-08-09,2878.5625,2992.550048828125,3015.0,2973.050048828125,2994.64990234375,825462
2021-08-10,2863.7490234375,2977.14990234375,3008.300048828125,2960.550048828125,2998.0,724335
2021-08-11,2859.372802734375,2972.60009765625,3001.449951171875,2952.550048828125,2987.39990234375,987941
2021-08-12,2862.162109375,2975.5,2985.25,2958.0,2974.0,438552
2021-08-13,2874.859375,2988.699951171875,3002.0,2973.10009765625,2980.89990234375,572250
2021-08-16,2858.218017578125,2971.39990234375,2984.14990234375,2960.0,2980.0,461742
2021-08-17,2900.44677734375,3015.300048828125,3044.0,2973.10009765625,2974.0,2036757
2021-08-18,2887.219970703125,3001.550048828125,3048.0,2992.550048828125,3048.0,1375320
2021-08-20,2994.376708984375,3112.949951171875,3124.050048828125,3001.5,3001.5,3931334
2021-08-23,2960.228759765625,3077.449951171875,3163.85009765625,3051.0,3159.050048828125,1578949
2021-08-24,2929.928955078125,3045.949951171875,3092.800048828125,3034.550048828125,3092.800048828125,763704
2021-08-25,2922.32958984375,3038.050048828125,3070.0,3012.60009765625,3026.0,797870
2021-08-26,2923.8681640625,3039.64990234375,3084.5,3026.199951171875,3064.0,1319516
2021-08-27,2921.126953125,3036.800048828125,3057.949951171875,3020.5,3040.449951171875,634375
2021-08-30,2990.336181640625,3108.75,3114.25,3048.050048828125,3056.699951171875,1051747
2021-08-31,3079.409423828125,3201.35009765625,3210.0,3103.050048828125,3108.75,2283290
2021-09-01,3176.947021484375,3302.75,3333.0,3215.0,3230.050048828125,2423168
2021-09-02,3175.841064453125,3301.60009765625,3319.0,3266.64990234375,3312.949951171875,847517
2021-09-03,3211.623779296875,3338.800048828125,3344.949951171875,3286.5,3301.60009765625,832039
2021-09-06,3189.25927734375,3315.550048828125,3347.699951171875,3305.89990234375,3342.0,664394
2021-09-07,3209.1708984375,3336.25,3394.60009765625,3323.85009765625,3333.5,1285818
2021-09-08,3209.508056640625,3336.60009765625,3361.550048828125,3297.0,3345.0,702598
2021-09-09,3218.886474609375,3346.35009765625,3359.0,3305.0,3305.0,591745
2021-09-13,3238.798095703125,3367.050048828125,3374.0,3330.35009765625,3346.60009765625,610920
2021-09-14,3234.421142578125,3362.5,3388.60009765625,3356.85009765625,3384.89990234375,569412
2021-09-15,3224.60986328125,3352.300048828125,3383.949951171875,3346.949951171875,3361.85009765625,587855
2021-09-16,3214.798583984375,3342.10009765625,3371.0,3335.0,3350.0,516746
2021-09-17,3177.235595703125,3303.050048828125,3382.0,3285.050048828125,3352.0,1545695
2021-09-20,3146.935791015625,3271.550048828125,3315.0,3265.0,3299.949951171875,689288
2021-09-21,3183.1513671875,3309.199951171875,3335.0,3271.0,3271.550048828125,922057
2021-09-22,3191.13525390625,3317.5,3329.949951171875,3288.25,3328.5,825945
2021-09-23,3194.164794921875,3320.64990234375,3340.0,3315.0,3340.0,694716
2021-09-24,3317.24169921875,3448.60009765625,3505.0,3320.85009765625,3330.0,2775975
2021-09-27,3299.975341796875,3430.64990234375,3470.0,3417.64990234375,3461.60009765625,902449
2021-09-28,3250.966064453125,3379.699951171875,3429.699951171875,3350.0,3424.89990234375,961271
2021-09-29,3196.473388671875,3323.050048828125,3381.699951171875,3310.0,3365.0,973387
2021-09-30,3121.06005859375,3244.64990234375,3347.699951171875,3220.0,3329.89990234375,2077896
2021-10-01,3056.8046875,3177.85009765625,3252.949951171875,3170.0,3248.0,1512332
2021-10-04,3079.64990234375,3201.60009765625,3230.5,3178.0,3202.800048828125,921241
2021-10-05,3130.775390625,3254.75,3260.0,3191.64990234375,3208.550048828125,909337
2021-10-06,3089.89404296875,3212.25,3280.0,3200.64990234375,3262.0,786378
2021-10-07,3165.500244140625,3290.85009765625,3318.0,3220.0,3220.0,1177283
2021-10-08,3180.938720703125,3306.89990234375,3329.0,3264.10009765625,3307.0,882436
2021-10-11,3180.12158203125,3306.050048828125,3344.35009765625,3297.75,3326.39990234375,460197
2021-10-12,3196.666015625,3323.25,3335.0,3280.0,3280.0,564524
2021-10-13,3196.90673828125,3323.5,3358.89990234375,3291.39990234375,3343.0,770144
2021-10-14,3172.185791015625,3297.800048828125,3352.949951171875,3290.0,3342.0,648597
2021-10-18,3118.0302734375,3241.5,3283.949951171875,3232.0,3252.5,1576121
2021-10-19,3062.47998046875,3183.75,3269.10009765625,3176.10009765625,3260.89990234375,1042069
2021-10-20,3048.868896484375,3169.60009765625,3219.949951171875,3136.64990234375,3190.0,1205540
2021-10-21,2887.65283203125,3002.0,3195.449951171875,2920.449951171875,3194.0,5103543
2021-10-22,2868.799072265625,2982.39990234375,3002.949951171875,2912.14990234375,2975.0,2855592
2021-10-25,2806.900390625,2918.050048828125,2950.0,2857.25,2950.0,2161537
2021-10-26,2856.67919921875,2969.800048828125,3024.0,2898.0,2918.050048828125,1988263
2021-10-27,2976.7734375,3094.64990234375,3145.0,3029.199951171875,3029.199951171875,4609951
2021-10-28,3001.138916015625,3116.300048828125,3147.60009765625,3062.0,3103.0,1791065
2021-10-29,2985.537353515625,3100.10009765625,3144.699951171875,3083.300048828125,3125.0,1118903
2021-11-01,3006.435302734375,3121.800048828125,3142.25,3091.64990234375,3128.0,750393
2021-11-02,2988.667236328125,3103.35009765625,3139.800048828125,3080.0,3120.0,881916
2021-11-03,3053.47998046875,3170.64990234375,3182.89990234375,3095.0,3102.10009765625,879227
2021-11-04,3042.501708984375,3159.25,3190.0,3145.0,3179.0,263595
2021-11-08,3022.037109375,3138.0,3181.0,3095.14990234375,3165.0,787824
2021-11-09,3028.922607421875,3145.14990234375,3155.0,3120.0,3140.0,668840
2021-11-10,2993.4345703125,3108.300048828125,3136.64990234375,3080.5,3132.0,872975
2021-11-11,2950.2900390625,3063.5,3106.64990234375,3052.0,3090.0,958143
2021-11-12,3007.49462890625,3122.89990234375,3128.0,3075.800048828125,3089.0,682344
2021-11-15,3051.60205078125,3168.699951171875,3180.0,3126.0,3126.0,696377
2021-11-16,3035.23046875,3151.699951171875,3209.0,3120.10009765625,3165.0,1400107
2021-11-17,3110.8779296875,3230.25,3239.89990234375,3165.050048828125,3170.0,1616452
2021-11-18,3107.603515625,3226.85009765625,3260.0,3214.0,3249.85009765625,1609821
2021-11-22,3140.732177734375,3261.25,3308.35009765625,3215.050048828125,3241.0,2146970
2021-11-23,3067.82958984375,3185.550048828125,3288.300048828125,3171.550048828125,3261.25,1482618
2021-11-24,3040.334228515625,3157.0,3208.89990234375,3150.0,3186.050048828125,1056213
2021-11-25,3028.056396484375,3144.25,3173.35009765625,3113.0,3156.5,728825
2021-11-26,3026.948486328125,3143.10009765625,3167.35009765625,3091.0,3101.0,1029110
2021-11-29,3028.103515625,3144.300048828125,3178.89990234375,3071.89990234375,3131.0,876651
2021-11-30,3027.477783203125,3143.64990234375,3189.0,3116.14990234375,3116.14990234375,2340489
2021-12-01,3022.181396484375,3138.14990234375,3199.75,3124.10009765625,3155.89990234375,1741820
2021-12-02,3063.0625,3180.60009765625,3194.0,3152.25,3160.0,939320
2021-12-03,2995.504638671875,3110.449951171875,3187.449951171875,3106.0,3185.0,1216263
2021-12-06,2926.021240234375,3038.300048828125,3115.0,3028.25,3115.0,1107363
2021-12-07,2918.365234375,3030.35009765625,3069.0,3016.449951171875,3040.0,2056459
2021-12-08,2993.627197265625,3108.5,3123.0,3031.0,3031.89990234375,1171484
2021-12-09,3061.233154296875,3178.699951171875,3183.050048828125,3111.0,3152.39990234375,1287243
2021-12-10,3161.82275390625,3283.14990234375,3292.0,3178.699951171875,3184.0,2554394
2021-12-13,3158.645263671875,3279.85009765625,3341.0,3270.949951171875,3285.10009765625,1265832
2021-12-14,3175.642578125,3297.5,3305.0,3249.0,3274.0,863179
2021-12-15,3179.927978515625,3301.949951171875,3313.949951171875,3266.5,3278.14990234375,811946
2021-12-16,3176.701904296875,3298.60009765625,3325.0,3270.60009765625,3325.0,502930
2021-12-17,3123.83056640625,3243.699951171875,3293.300048828125,3227.699951171875,3275.0,1019403
2021-12-20,3119.73779296875,3239.449951171875,3275.0,3181.0,3227.0,948872
2021-12-21,3150.458984375,3271.35009765625,3296.0,3240.0,3247.0,712026
2021-12-22,3158.885498046875,3280.10009765625,3285.64990234375,3241.0,3275.699951171875,619865
2021-12-23,3147.13623046875,3267.89990234375,3307.89990234375,3250.0,3290.0,1051596
2021-12-24,3163.411865234375,3284.800048828125,3300.0,3261.0,3280.0,651404
2021-12-27,3151.469970703125,3272.39990234375,3284.75,3226.199951171875,3280.10009765625,640701
2021-12-28,3243.7294921875,3368.199951171875,3375.0,3273.0,3275.949951171875,1211648
2021-12-29,3243.00732421875,3367.449951171875,3386.0,3346.199951171875,3372.199951171875,598421
2021-12-30,3241.322265625,3365.699951171875,3390.0,3350.300048828125,3363.25,691223
2021-12-31,3257.934814453125,3382.949951171875,3405.0,3361.39990234375,3390.0,570671
2022-01-03,3295.9267578125,3422.39990234375,3440.89990234375,3383.0,3383.0,696276
2022-01-04,3331.46337890625,3459.300048828125,3472.449951171875,3415.050048828125,3434.0,790886
2022-01-05,3396.468994140625,3526.800048828125,3540.0,3452.050048828125,3470.0,1024506
2022-01-06,3384.767578125,3514.64990234375,3537.550048828125,3452.14990234375,3491.14990234375,1312743
2022-01-07,3444.1396484375,3576.300048828125,3582.0,3496.550048828125,3514.64990234375,964364
2022-01-10,3422.1826171875,3553.5,3590.0,3527.0,3580.0,657511
2022-01-11,3407.977294921875,3538.75,3564.0,3495.050048828125,3550.60009765625,734344
2022-01-12,3412.84033203125,3543.800048828125,3582.449951171875,3534.0,3556.89990234375,594543
2022-01-13,3328.526123046875,3456.25,3560.0,3450.0,3560.0,1153984
2022-01-14,3240.0703125,3364.39990234375,3462.0,3346.0,3462.0,1558978
2022-01-17,3253.793701171875,3378.64990234375,3399.0,3321.0,3364.39990234375,1103159
2022-01-18,3249.026611328125,3373.699951171875,3396.449951171875,3351.0,3379.050048828125,558543
2022-01-19,3159.17431640625,3280.39990234375,3370.0,3267.75,3370.0,1495218
2022-01-20,3184.213623046875,3306.39990234375,3364.89990234375,3222.0,3282.0,3075678
2022-01-21,3153.829833984375,3274.85009765625,3324.949951171875,3241.75,3300.050048828125,1441694
2022-01-24,3038.552734375,3155.14990234375,3270.0,3135.0,3268.0,1575665
2022-01-25,3030.800048828125,3147.10009765625,3156.949951171875,3010.75,3100.0,2699779
2022-01-27,3001.764404296875,3116.949951171875,3143.0,3071.25,3140.10009765625,1834684
2022-01-28,2995.889892578125,3110.85009765625,3170.0,3103.0,3130.0,892060
2022-01-31,3035.76025390625,3152.25,3193.449951171875,3136.39990234375,3140.0,944530
2022-02-01,3078.134033203125,3196.25,3212.35009765625,3141.60009765625,3194.0,1008915
2022-02-02,3079.5302734375,3197.699951171875,3244.14990234375,3192.14990234375,3204.800048828125,667265
2022-02-03,3084.635009765625,3203.0,3241.60009765625,3190.199951171875,3212.85009765625,899753
2022-02-04,3117.041259765625,3236.64990234375,3248.800048828125,3176.050048828125,3188.0,705765
2022-02-07,3057.380615234375,3174.699951171875,3251.199951171875,3143.10009765625,3234.0,860393
2022-02-08,3097.491455078125,3216.35009765625,3223.5,3166.199951171875,3179.0,799206
2022-02-09,3109.0478515625,3228.35009765625,3259.0,3222.75,3230.0,472725
2022-02-10,3119.063720703125,3238.75,3248.0,3176.0,3220.0,728666
2022-02-11,3097.443115234375,3216.300048828125,3229.949951171875,3182.5,3229.949951171875,587840
2022-02-14,3027.285400390625,3143.449951171875,3182.699951171875,3120.0,3140.0,681236
2022-02-15,3143.958251953125,3264.60009765625,3270.0,3132.85009765625,3140.0,676844
2022-02-16,3132.642578125,3252.85009765625,3285.10009765625,3223.0,3280.0,624320
2022-02-17,3145.162353515625,3265.85009765625,3294.949951171875,3236.39990234375,3273.0,636735
2022-02-18,3138.03564453125,3258.449951171875,3272.0,3230.050048828125,3236.14990234375,423801
2022-02-21,3131.486572265625,3251.64990234375,3278.449951171875,3204.14990234375,3235.0,547472
2022-02-22,3107.89208984375,3227.14990234375,3236.800048828125,3120.0,3120.0,1147209
2022-02-23,3117.57080078125,3237.199951171875,3296.89990234375,3230.0,3236.89990234375,935896
2022-02-24,2955.635009765625,3069.050048828125,3197.800048828125,3051.5,3130.0,1823450
2022-02-25,3003.931396484375,3119.199951171875,3141.449951171875,3083.050048828125,3105.0,1239456
2022-02-28,3057.332275390625,3174.64990234375,3190.5,3015.0,3090.0,1678348
2022-03-02,2917.016845703125,3028.949951171875,3111.199951171875,2991.10009765625,3107.0,3014206
2022-03-03,2765.7705078125,2871.89990234375,3051.0,2862.0,3029.0,4406840
2022-03-04,2636.962890625,2738.14990234375,2863.800048828125,2662.050048828125,2863.800048828125,6979253
2022-03-07,2608.360595703125,2708.449951171875,2727.949951171875,2599.35009765625,2649.89990234375,3233760
2022-03-08,2622.758056640625,2723.39990234375,2736.949951171875,2638.0,2690.0,2611102
2022-03-09,2768.707275390625,2874.949951171875,2890.0,2665.050048828125,2750.0,4076068
2022-03-10,2805.1591796875,2912.800048828125,3040.0,2891.199951171875,3000.0,3971987
2022-03-11,2823.6494140625,2932.0,2939.949951171875,2882.35009765625,2917.0,1265493
2022-03-14,2853.310791015625,2962.800048828125,2972.35009765625,2917.300048828125,2950.0,1214217
2022-03-15,2876.761474609375,2987.14990234375,3032.0,2966.0,2998.0,1857685
2022-03-16,2929.58447265625,3042.0,3050.0,3010.75,3043.0,1287234
2022-03-17,3020.688720703125,3136.60009765625,3163.300048828125,3076.5,3113.5,2867519
2022-03-21,2933.195556640625,3045.75,3117.300048828125,3030.10009765625,3117.300048828125,1259015
2022-03-22,2938.396484375,3051.14990234375,3062.699951171875,2975.0,3024.0,1515772
2022-03-23,2905.31591796875,3016.800048828125,3079.89990234375,3005.0,3060.0,948403
2022-03-24,2913.549560546875,3025.35009765625,3038.949951171875,2950.550048828125,2969.5,1243917
2022-03-25,2934.351318359375,3046.949951171875,3064.550048828125,2991.0,3025.35009765625,1083275
2022-03-28,2915.571533203125,3027.449951171875,3058.60009765625,2995.64990234375,3046.949951171875,680332
2022-03-29,2930.16259765625,3042.60009765625,3087.699951171875,3012.699951171875,3069.0,1120936
2022-03-30,2967.673095703125,3081.550048828125,3094.35009765625,3055.89990234375,3078.0,849545
2022-03-31,2966.1318359375,3079.949951171875,3129.25,3066.10009765625,3115.0,1464862
2022-04-01,2999.068115234375,3114.14990234375,3121.0,3087.64990234375,3110.0,637392
2022-04-04,3002.775634765625,3118.0,3143.0,3093.5,3124.949951171875,873264
2022-04-05,3024.7333984375,3140.800048828125,3157.0,3080.0,3110.0,805874
2022-04-06,3037.445556640625,3154.0,3165.0,3113.0,3137.0,736379
2022-04-07,3038.408447265625,3155.0,3208.949951171875,3145.5,3154.0,1025244
2022-04-08,3087.7646484375,3206.25,3220.0,3151.199951171875,3168.0,678898
2022-04-11,3040.767822265625,3157.449951171875,3222.0,3150.0,3184.0,672652
2022-04-12,3013.0322265625,3128.64990234375,3162.10009765625,3114.14990234375,3154.699951171875,794265
2022-04-13,2966.80615234375,3080.64990234375,3121.89990234375,3066.10009765625,3117.199951171875,1121350
2022-04-18,2909.89013671875,3021.550048828125,3058.0,3013.0,3056.0,1032504
2022-04-19,2880.661376953125,2991.199951171875,3059.199951171875,2970.0,3030.0,749782
2022-04-20,2969.069580078125,3083.0,3089.5,2980.0,2991.300048828125,838182
2022-04-21,3041.538330078125,3158.25,3174.39990234375,3086.050048828125,3089.800048828125,1069035
2022-04-22,3047.4609375,3164.39990234375,3173.300048828125,3113.25,3121.5,681191
2022-04-25,3014.910400390625,3130.60009765625,3155.10009765625,3095.10009765625,3134.0,1096774
2022-04-26,3010.142822265625,3125.64990234375,3148.699951171875,3105.800048828125,3130.0,1703441
2022-04-27,3032.004150390625,3148.35009765625,3164.0,3085.949951171875,3096.0,963536
2022-04-28,3127.682861328125,3247.699951171875,3268.0,3170.0,3190.0,2001838
2022-04-29,3117.57080078125,3237.199951171875,3278.0,3221.300048828125,3249.0,1088970
2022-05-02,3081.74560546875,3200.0,3211.5,3154.050048828125,3195.0,595522
2022-05-04,2986.259765625,3100.85009765625,3194.699951171875,3081.449951171875,3178.0,1120002
2022-05-05,2962.857666015625,3076.550048828125,3126.949951171875,3070.0,3104.75,724601
2022-05-06,2904.7861328125,3016.25,3052.39990234375,3003.89990234375,3020.0,923941
2022-05-09,2894.192626953125,3005.25,3038.800048828125,2975.0,3000.85009765625,998324
2022-05-10,2972.295654296875,3086.35009765625,3138.75,3036.0,3051.0,2460016
2022-05-11,2940.803955078125,3053.64990234375,3109.550048828125,2979.0,3090.39990234375,1883969
2022-05-12,2927.6103515625,3039.949951171875,3078.0,2988.0,3042.0,1254245
2022-05-13,2950.771484375,3064.0,3116.25,3035.300048828125,3074.39990234375,1121729
2022-05-16,2889.040283203125,2999.89990234375,3089.89990234375,2985.199951171875,3089.89990234375,733044
2022-05-17,2937.288818359375,3050.0,3056.60009765625,2951.0,2998.89990234375,1179081
2022-05-18,2985.537353515625,3100.10009765625,3128.800048828125,3026.0,3030.0,1379763
2022-05-19,2934.30322265625,3046.89990234375,3071.699951171875,3000.449951171875,3000.5,772390
2022-05-20,2995.023681640625,3109.949951171875,3125.0,3070.0,3080.0,778957
2022-05-23,3056.89892578125,3174.199951171875,3188.0,3130.050048828125,3143.949951171875,813294
2022-05-24,2972.77734375,3086.85009765625,3183.64990234375,3070.0,3174.75,691307
2022-05-25,2733.171142578125,2838.050048828125,3039.0,2826.300048828125,3039.0,3381427
2022-05-26,2735.193603515625,2840.14990234375,2860.0,2718.550048828125,2850.0,3212196
2022-05-27,2730.089599609375,2834.85009765625,2869.0,2781.0,2868.0,1879534
2022-05-30,2738.901611328125,2844.0,2884.0,2817.0,2880.0,2525482
2022-05-31,2753.972900390625,2859.64990234375,2878.0,2811.0,2844.0,2408221
2022-06-01,2747.08740234375,2852.5,2939.89990234375,2832.050048828125,2859.64990234375,1770795
2022-06-02,2801.065673828125,2908.550048828125,2919.0,2848.0,2870.199951171875,1164197
2022-06-03,2780.2158203125,2886.89990234375,2919.449951171875,2856.0,2905.0,1228489
2022-06-06,2713.33251953125,2817.449951171875,2872.0,2807.699951171875,2871.10009765625,1193698
2022-06-07,2643.27099609375,2744.699951171875,2804.0,2731.0,2800.0,1403598
2022-06-08,2605.23095703125,2705.199951171875,2775.0,2700.0,2771.89990234375,1743575
2022-06-09,2602.421875,2686.800048828125,2697.60009765625,2633.75,2680.0,1857501
2022-06-10,2623.6826171875,2708.75,2736.0,2652.0,2665.0,1592920
2022-06-13,2577.18994140625,2660.75,2683.0,2642.5,2669.949951171875,1674206
2022-06-14,2552.6357421875,2635.39990234375,2666.35009765625,2585.0,2617.0,2296040
2022-06-15,2577.5771484375,2661.14990234375,2683.60009765625,2627.10009765625,2650.0,928842
2022-06-16,2573.993408203125,2657.449951171875,2725.449951171875,2640.0,2694.949951171875,1280628
2022-06-17,2499.16943359375,2580.199951171875,2657.0,2560.0,2650.10009765625,2043251
2022-06-20,2577.1416015625,2660.699951171875,2673.35009765625,2588.35009765625,2600.0,1595360
2022-06-21,2594.2373046875,2678.35009765625,2710.0,2640.0,2674.949951171875,1042074
2022-06-22,2582.6142578125,2666.35009765625,2707.949951171875,2626.35009765625,2688.0,1871760
2022-06-23,2671.579833984375,2758.199951171875,2767.949951171875,2674.949951171875,2674.949951171875,1612872
2022-06-24,2674.194580078125,2760.89990234375,2784.800048828125,2726.0,2775.0,2215583
2022-06-27,2732.35888671875,2820.949951171875,2827.64990234375,2765.0,2779.89990234375,1295734
2022-06-28,2640.875,2726.5,2784.800048828125,2704.300048828125,2780.0,1838358
2022-06-29,2613.076416015625,2697.800048828125,2719.0,2678.0,2706.5,1066354
2022-06-30,2610.55810546875,2695.199951171875,2726.949951171875,2680.0,2714.85009765625,1291447
2022-07-01,2686.059814453125,2773.14990234375,2780.0,2685.0,2704.89990234375,1477191
2022-07-04,2702.671630859375,2790.300048828125,2798.0,2744.800048828125,2775.14990234375,653147
2022-07-05,2679.715576171875,2766.60009765625,2812.300048828125,2760.0,2785.0,1073043
2022-07-06,2771.538818359375,2861.39990234375,2869.0,2805.14990234375,2830.550048828125,2085735
2022-07-07,2800.596435546875,2891.39990234375,2932.0,2876.800048828125,2901.39990234375,1469087
2022-07-08,2789.360595703125,2879.800048828125,2888.0,2840.5,2880.0,1274148
2022-07-11,2840.9384765625,2933.050048828125,2940.550048828125,2851.35009765625,2874.0,1081885
2022-07-12,2802.33984375,2893.199951171875,2923.25,2885.39990234375,2920.0,1115524
2022-07-13,2848.83251953125,2941.199951171875,2968.949951171875,2926.050048828125,2949.0,2153712
2022-07-14,2846.8466796875,2939.14990234375,2954.85009765625,2912.39990234375,2952.10009765625,882479
2022-07-15,2884.621826171875,2978.14990234375,2985.0,2940.449951171875,2949.949951171875,1668006
2022-07-18,2923.0751953125,3017.85009765625,3025.0,2988.39990234375,2994.75,823390
2022-07-19,2924.28564453125,3019.10009765625,3023.0,2978.14990234375,2983.449951171875,638171
2022-07-20,2912.033447265625,3006.449951171875,3044.699951171875,3000.0,3033.0,867436
2022-07-21,2969.810302734375,3066.10009765625,3084.949951171875,2981.0,2981.0,1184060
2022-07-22,2971.0693359375,3067.39990234375,3092.75,3048.0,3066.10009765625,1268141
2022-07-25,3007.43994140625,3104.949951171875,3117.199951171875,3051.64990234375,3069.5,985844
2022-07-26,3010.878662109375,3108.5,3149.800048828125,3053.0,3096.0,2876310
2022-07-27,3085.993408203125,3186.050048828125,3193.0,3096.0,3118.949951171875,1976407
2022-07-28,3169.63134765625,3272.39990234375,3280.0,3182.0,3198.0,1332572
2022-07-29,3229.054443359375,3333.75,3354.35009765625,3275.0,3285.39990234375,1836550
2022-08-01,3220.1435546875,3324.550048828125,3355.0,3314.5,3340.050048828125,1076122
2022-08-02,3289.494873046875,3396.14990234375,3404.75,3325.60009765625,3331.0,1650536
2022-08-03,3331.62841796875,3439.64990234375,3448.0,3371.25,3404.0,1169005
2022-08-04,3351.82421875,3460.5,3476.949951171875,3410.89990234375,3455.0,981434
2022-08-05,3364.802978515625,3473.89990234375,3491.949951171875,3451.550048828125,3475.0,792478
2022-08-08,3349.838134765625,3458.449951171875,3476.949951171875,3436.550048828125,3465.0,724644
2022-08-10,3304.5078125,3411.64990234375,3449.85009765625,3396.0,3441.0,1089295
2022-08-11,3298.2607421875,3405.199951171875,3477.949951171875,3390.0,3450.0,1410533
2022-08-12,3320.19970703125,3427.85009765625,3434.800048828125,3383.0,3399.0,548472
2022-08-16,3391.052490234375,3501.0,3509.449951171875,3455.300048828125,3470.0,911189
2022-08-17,3413.0390625,3523.699951171875,3545.64990234375,3504.60009765625,3517.949951171875,817912
2022-08-18,3424.32373046875,3535.35009765625,3542.699951171875,3515.550048828125,3525.0,599877
2022-08-19,3373.181640625,3482.550048828125,3538.5,3464.0,3520.0,581829
2022-08-22,3244.55224609375,3349.75,3485.550048828125,3333.199951171875,3462.10009765625,2336567
2022-08-23,3251.18701171875,3356.60009765625,3383.949951171875,3316.85009765625,3333.0,831446
2022-08-24,3272.73828125,3378.85009765625,3385.0,3302.0,3339.60009765625,1182154
2022-08-25,3256.901611328125,3362.5,3405.14990234375,3351.199951171875,3375.0,615392
2022-08-26,3219.1748046875,3323.550048828125,3384.5,3305.64990234375,3379.35009765625,1384783
2022-08-29,3238.256103515625,3343.25,3348.35009765625,3236.699951171875,3247.0,1031166
2022-08-30,3285.087890625,3391.60009765625,3409.75,3331.0,3331.0,1426459
2022-09-01,3338.311767578125,3446.550048828125,3474.39990234375,3315.0,3315.0,1417762
2022-09-02,3323.298828125,3431.050048828125,3489.0,3425.0,3489.0,740821
2022-09-05,3317.245361328125,3424.800048828125,3450.0,3405.550048828125,3425.050048828125,518438
2022-09-06,3288.623291015625,3395.25,3434.550048828125,3384.0,3420.0,540937
2022-09-07,3293.56298828125,3400.35009765625,3435.0,3385.949951171875,3392.0,682921
2022-09-08,3341.799072265625,3450.14990234375,3484.64990234375,3427.39990234375,3450.0,1143090
2022-09-09,3333.759765625,3441.85009765625,3483.699951171875,3433.449951171875,3483.699951171875,702805
2022-09-12,3324.41259765625,3432.199951171875,3453.64990234375,3423.0,3441.85009765625,641280
2022-09-13,3314.72705078125,3422.199951171875,3459.0,3414.64990234375,3432.0,776044
2022-09-14,3330.95068359375,3438.949951171875,3448.5,3380.0,3380.0,816678
2022-09-15,3288.7685546875,3395.39990234375,3458.75,3389.10009765625,3440.0,590182
2022-09-16,3218.20654296875,3322.550048828125,3420.0,3309.550048828125,3412.39990234375,1598265
2022-09-19,3212.10400390625,3316.25,3342.10009765625,3231.300048828125,3320.64990234375,1013563
2022-09-20,3286.637451171875,3393.199951171875,3410.0,3334.0,3335.60009765625,708184
2022-09-21,3250.654541015625,3356.050048828125,3424.89990234375,3348.0,3405.0,605378
2022-09-22,3328.09326171875,3436.0,3440.0,3315.64990234375,3356.050048828125,829396
2022-09-23,3288.623291015625,3395.25,3437.949951171875,3382.699951171875,3435.0,513370
2022-09-26,3330.0791015625,3438.050048828125,3468.0,3354.0,3370.0,1429914
2022-09-27,3361.655029296875,3470.64990234375,3500.0,3431.050048828125,3454.85009765625,1455383
2022-09-28,3458.5146484375,3570.64990234375,3582.89990234375,3420.0,3451.0,1843428
2022-09-29,3278.50146484375,3384.800048828125,3563.449951171875,3372.39990234375,3563.449951171875,2624894
2022-09-30,3237.481201171875,3342.449951171875,3411.89990234375,3285.25,3402.0,2159720
2022-10-03,3199.173095703125,3302.89990234375,3352.5,3285.75,3348.0,934543
2022-10-04,3232.92919921875,3337.75,3368.35009765625,3312.050048828125,3330.0,994382
2022-10-06,3224.4052734375,3328.949951171875,3366.75,3311.699951171875,3337.75,922770
2022-10-07,3238.6923828125,3343.699951171875,3359.60009765625,3287.25,3318.0,774544
2022-10-10,3175.0068359375,3277.949951171875,3299.0,3260.199951171875,3280.0,734377
2022-10-11,3195.10546875,3298.699951171875,3360.0,3274.0,3290.5,1411316
2022-10-12,3146.19091796875,3248.199951171875,3339.5,3206.0,3335.0,1812549
2022-10-13,3108.22216796875,3209.0,3258.199951171875,3193.89990234375,3230.10009765625,779890
2022-10-14,3085.46044921875,3185.5,3246.0,3180.0,3235.0,845765
2022-10-17,3097.180419921875,3197.60009765625,3218.0,3170.10009765625,3185.5,1067773
2022-10-18,3124.54345703125,3225.85009765625,3250.0,3212.0,3218.0,1015424
2022-10-19,3111.854248046875,3212.75,3245.699951171875,3196.35009765625,3242.0,943543
2022-10-20,3042.2607421875,3140.89990234375,3241.85009765625,3101.800048828125,3198.0,2284352
2022-10-21,2995.2841796875,3092.39990234375,3164.75,3072.64990234375,3140.0,1738731
2022-10-24,3023.615478515625,3121.64990234375,3159.0,3116.0,3150.0,178709
2022-10-25,2988.01953125,3084.89990234375,3135.0,3079.89990234375,3134.0,1016316
2022-10-27,2947.87158203125,3043.449951171875,3123.0,3033.0,3123.0,2005709
2022-10-28,2957.5087890625,3053.39990234375,3071.60009765625,3040.0,3058.699951171875,715736
2022-10-31,3014.447265625,3107.699951171875,3113.0,3061.050048828125,3082.0,814364
2022-11-01,3064.595947265625,3159.39990234375,3164.39990234375,3110.5,3110.5,939335
2022-11-02,3037.921142578125,3131.89990234375,3159.949951171875,3122.10009765625,3158.0,787012
2022-11-03,3047.038818359375,3141.300048828125,3148.75,3105.0,3105.0,563798
2022-11-04,3085.8876953125,3181.35009765625,3185.0,3125.89990234375,3148.0,609757
2022-11-07,3010.421875,3103.550048828125,3198.0,3097.449951171875,3186.0,1669943
2022-11-09,2993.883544921875,3086.5,3146.0,3080.0,3146.0,1391333
2022-11-10,2953.774169921875,3045.14990234375,3086.0,3033.5,3086.0,1375007
2022-11-11,2963.716796875,3055.39990234375,3098.0,3048.0,3090.699951171875,810288
2022-11-14,2961.582763671875,3053.199951171875,3077.949951171875,3041.050048828125,3056.0,811702
2022-11-15,2986.899658203125,3079.300048828125,3095.0,3042.0,3068.5,873840
2022-11-16,2990.537109375,3083.050048828125,3093.0,3051.0,3079.300048828125,770953
2022-11-17,2979.4306640625,3071.60009765625,3096.550048828125,3060.0,3092.0,706271
2022-11-18,3002.61328125,3095.5,3114.85009765625,3055.75,3095.0,1258576
2022-11-21,3002.419677734375,3095.300048828125,3110.35009765625,3066.199951171875,3105.0,612194
2022-11-22,3010.713134765625,3103.85009765625,3119.5,3072.300048828125,3104.0,764079
2022-11-23,3007.75439453125,3100.800048828125,3114.800048828125,3090.0,3111.0,488341
2022-11-24,3021.819091796875,3115.300048828125,3120.25,3092.0,3117.949951171875,571872
2022-11-25,3014.883544921875,3108.14990234375,3119.800048828125,3075.25,3115.300048828125,898769
2022-11-28,3056.64208984375,3151.199951171875,3159.0,3096.699951171875,3108.14990234375,914689
2022-11-29,3040.9765625,3135.050048828125,3169.0,3127.14990234375,3157.0,877720
2022-11-30,3079.873291015625,3175.14990234375,3199.949951171875,3133.300048828125,3139.89990234375,2547283
2022-12-01,3083.94775390625,3179.35009765625,3197.0,3161.25,3191.0,761717
2022-12-02,3049.124755859375,3143.449951171875,3174.300048828125,3134.0,3173.14990234375,932259
2022-12-05,3062.1708984375,3156.89990234375,3168.699951171875,3112.5,3130.0,926122
2022-12-06,3066.82666015625,3161.699951171875,3169.0,3125.0,3125.0,958365
2022-12-07,3129.6826171875,3226.5,3234.699951171875,3176.39990234375,3180.0,1832282
2022-12-08,3124.7841796875,3221.449951171875,3240.89990234375,3202.64990234375,3230.0,851312
2022-12-09,3130.119140625,3226.949951171875,3242.35009765625,3206.0,3235.0,847879
2022-12-12,3071.337890625,3166.35009765625,3230.0,3141.89990234375,3227.0,1323816
2022-12-13,3083.122802734375,3178.5,3185.0,3142.64990234375,3185.0,886601
2022-12-14,3051.5498046875,3145.949951171875,3195.0,3125.0,3179.0,1103870
2022-12-15,3036.660400390625,3130.60009765625,3161.199951171875,3116.699951171875,3142.0,799124
2022-12-16,2964.20166015625,3055.89990234375,3117.0,3050.300048828125,3115.0,1192821
2022-12-19,2988.500244140625,3080.949951171875,3088.0,3041.0,3062.0,655594
2022-12-20,2989.6640625,3082.14990234375,3088.64990234375,3018.0,3075.050048828125,739257
2022-12-21,2977.539306640625,3069.64990234375,3112.449951171875,3050.050048828125,3085.0,616324
2022-12-22,2995.8720703125,3088.550048828125,3093.5,3038.050048828125,3074.0,663202
2022-12-23,2966.1416015625,3057.89990234375,3086.85009765625,3036.0,3078.949951171875,1230858
2022-12-26,2964.34765625,3056.050048828125,3071.89990234375,3028.800048828125,3057.89990234375,536884
2022-12-27,3019.20068359375,3112.60009765625,3129.0,3056.300048828125,3060.0,729041
2022-12-28,3029.967529296875,3123.699951171875,3143.800048828125,3105.0,3109.949951171875,972274
2022-12-29,3021.673828125,3115.14990234375,3125.0,3092.550048828125,3101.0,596265
2022-12-30,2995.2412109375,3087.89990234375,3130.75,3071.300048828125,3130.75,836220
2023-01-02,2955.811279296875,3047.25,3087.89990234375,3021.0,3087.89990234375,1015990
2023-01-03,2937.381591796875,3028.25,3059.949951171875,3025.0,3047.0,860367
2023-01-04,2926.323486328125,3016.85009765625,3050.0,3001.550048828125,3035.0,836382
2023-01-05,2914.19873046875,3004.35009765625,3046.60009765625,2995.39990234375,3039.550048828125,1113920
2023-01-06,2889.02734375,2978.39990234375,3023.5,2952.0,3010.0,1045526
2023-01-09,2894.604736328125,2984.14990234375,3017.64990234375,2951.0,2993.300048828125,808263
2023-01-10,2871.51904296875,2960.35009765625,2985.0,2952.199951171875,2984.14990234375,864325
2023-01-11,2852.167724609375,2940.39990234375,2974.89990234375,2935.0,2974.89990234375,890426
2023-01-12,2828.451416015625,2915.949951171875,2939.85009765625,2896.0,2939.0,1558620
2023-01-13,2821.85498046875,2909.14990234375,2925.0,2871.75,2925.0,1507864
2023-01-16,2828.548095703125,2916.050048828125,2929.60009765625,2896.0,2925.0,644073
2023-01-17,2852.652587890625,2940.89990234375,2944.85009765625,2911.14990234375,2925.0,716489
2023-01-18,2856.871826171875,2945.25,2960.0,2929.35009765625,2947.949951171875,893808
2023-01-19,2780.145263671875,2866.14990234375,2973.60009765625,2843.60009765625,2954.89990234375,2379947
2023-01-20,2704.146728515625,2787.800048828125,2848.0,2781.0,2848.0,3171005
2023-01-23,2700.897216796875,2784.449951171875,2800.0,2767.85009765625,2800.0,1402260
2023-01-24,2726.262451171875,2810.60009765625,2827.10009765625,2784.449951171875,2795.0,1061471
2023-01-25,2691.730712890625,2775.0,2811.0,2767.10009765625,2810.89990234375,857953
2023-01-27,2640.95166015625,2722.64990234375,2772.85009765625,2685.85009765625,2766.60009765625,1801498
2023-01-30,2683.19482421875,2766.199951171875,2776.0,2696.25,2724.0,1171912
2023-01-31,2644.055908203125,2725.85009765625,2779.949951171875,2718.050048828125,2760.0,1961805
2023-02-01,2661.418701171875,2743.75,2778.0,2704.800048828125,2749.800048828125,1176872
2023-02-02,2624.461669921875,2705.64990234375,2741.0,2694.0,2741.0,1308570
2023-02-03,2677.568603515625,2760.39990234375,2763.89990234375,2700.0,2705.64990234375,1278409
2023-02-06,2671.554931640625,2754.199951171875,2765.0,2718.0,2760.39990234375,1120284
2023-02-07,2675.28955078125,2758.050048828125,2774.5,2748.14990234375,2762.0,732250
2023-02-08,2682.61279296875,2765.60009765625,2784.0,2744.300048828125,2768.0,811956
2023-02-09,2730.142578125,2814.60009765625,2820.35009765625,2766.14990234375,2781.949951171875,946372
2023-02-10,2720.442138671875,2804.60009765625,2830.949951171875,2793.0,2830.0,700072
2023-02-13,2707.00830078125,2790.75,2829.0,2780.0,2814.5,467228
2023-02-14,2693.670654296875,2777.0,2804.75,2765.0,2804.75,524746
2023-02-15,2702.546142578125,2786.14990234375,2798.300048828125,2754.0,2777.0,817717
2023-02-16,2721.751708984375,2805.949951171875,2834.35009765625,2790.10009765625,2797.0,788964
2023-02-17,2748.572509765625,2833.60009765625,2845.85009765625,2785.5,2802.949951171875,840526
2023-02-20,2740.764404296875,2825.550048828125,2852.0,2812.10009765625,2845.0,646218
2023-02-21,2732.567626953125,2817.10009765625,2838.699951171875,2805.0,2837.0,631934
2023-02-22,2712.0517578125,2795.949951171875,2813.949951171875,2780.0,2809.949951171875,580270
2023-02-23,2624.75244140625,2705.949951171875,2805.550048828125,2700.10009765625,2805.0,1790570
2023-02-24,2656.325927734375,2738.5,2762.0,2710.0,2712.10009765625,1429040
2023-02-27,2667.3837890625,2749.89990234375,2758.64990234375,2725.050048828125,2740.39990234375,561317
2023-02-28,2743.91650390625,2828.800048828125,2839.0,2727.449951171875,2750.0,1815923
2023-03-01,2755.6533203125,2840.89990234375,2853.300048828125,2816.050048828125,2828.0,816598
2023-03-02,2748.86328125,2833.89990234375,2849.0,2811.0,2831.0,604523
2023-03-03,2743.96484375,2828.85009765625,2852.0,2810.64990234375,2837.050048828125,679295
2023-03-06,2778.593994140625,2864.550048828125,2884.0,2830.25,2843.0,1050267
2023-03-08,2773.74365234375,2859.550048828125,2870.0,2827.0,2870.0,580250
2023-03-09,2767.923583984375,2853.550048828125,2872.449951171875,2836.85009765625,2862.0,774224
2023-03-10,2745.2744140625,2830.199951171875,2844.0,2807.0,2844.0,489978
2023-03-13,2700.654541015625,2784.199951171875,2849.449951171875,2772.199951171875,2823.5,813217
2023-03-14,2663.213134765625,2745.60009765625,2786.949951171875,2740.050048828125,2782.949951171875,1060450
2023-03-15,2742.558349609375,2827.39990234375,2866.35009765625,2765.199951171875,2772.199951171875,2170346
2023-03-16,2806.4326171875,2893.25,2900.0,2828.699951171875,2850.0,1755487
2023-03-17,2776.75048828125,2862.64990234375,2923.949951171875,2855.050048828125,2923.949951171875,1848073
2023-03-20,2769.4755859375,2855.14990234375,2915.0,2831.050048828125,2915.0,1074367
2023-03-21,2753.9072265625,2839.10009765625,2887.0,2835.0,2858.14990234375,691891
2023-03-22,2754.634521484375,2839.85009765625,2853.14990234375,2814.85009765625,2825.0,731807
2023-03-23,2713.846435546875,2797.800048828125,2823.0,2767.75,2817.10009765625,1016581
2023-03-24,2714.525390625,2798.5,2815.64990234375,2772.85009765625,2797.800048828125,784111
2023-03-27,2719.617919921875,2803.75,2820.0,2786.5,2798.5,791560
2023-03-28,2700.897216796875,2784.449951171875,2810.60009765625,2765.0,2791.0,558581
2023-03-29,2687.36572265625,2770.5,2793.75,2755.0,2784.449951171875,1087648
2023-03-31,2678.78125,2761.64990234375,2775.0,2747.5,2756.050048828125,1967803
2023-04-03,2693.670654296875,2777.0,2781.64990234375,2708.64990234375,2746.949951171875,1035295
2023-04-05,2724.2255859375,2808.5,2811.550048828125,2752.25,2760.0,668643
2023-04-06,2725.53515625,2809.85009765625,2825.0,2786.800048828125,2807.449951171875,627554
2023-04-10,2693.04052734375,2776.35009765625,2810.0,2755.10009765625,2810.0,1215461
2023-04-11,2671.167236328125,2753.800048828125,2790.0,2750.050048828125,2790.0,1246379
2023-04-12,2703.1279296875,2786.75,2806.199951171875,2751.0,2755.550048828125,2235399
2023-04-13,2725.43798828125,2809.75,2813.300048828125,2782.0,2786.699951171875,602597
2023-04-17,2757.787353515625,2843.10009765625,2845.60009765625,2806.0,2825.0,754555
2023-04-18,2768.9423828125,2854.60009765625,2858.449951171875,2830.10009765625,2848.0,717724
2023-04-19,2725.389404296875,2809.699951171875,2852.699951171875,2800.64990234375,2836.35009765625,799624
2023-04-20,2758.514892578125,2843.85009765625,2851.0,2813.14990234375,2820.0,761101
2023-04-21,2795.6171875,2882.10009765625,2887.0,2847.10009765625,2847.10009765625,894930
2023-04-24,2804.3466796875,2891.10009765625,2898.0,2852.0,2882.10009765625,782967
2023-04-25,2811.0400390625,2898.0,2901.75,2864.14990234375,2891.050048828125,636120
2023-04-26,2822.68017578125,2910.0,2916.449951171875,2888.050048828125,2896.949951171875,569221
2023-04-27,2812.931396484375,2899.949951171875,2920.0,2893.85009765625,2915.5,599461
2023-04-28,2815.259521484375,2902.35009765625,2919.949951171875,2846.60009765625,2919.949951171875,1080665
2023-05-02,2812.54345703125,2899.550048828125,2933.699951171875,2893.0,2910.949951171875,663800
2023-05-03,2841.788330078125,2929.699951171875,2962.39990234375,2897.0,2918.0,1237193
2023-05-04,2893.34375,2982.85009765625,2986.14990234375,2922.14990234375,2948.0,1008540
2023-05-05,2922.54052734375,3012.949951171875,3025.0,2951.050048828125,2971.0,1326561
2023-05-08,2928.845458984375,3019.449951171875,3035.699951171875,2993.0,3015.0,941879
2023-05-09,2943.735107421875,3034.800048828125,3074.800048828125,3010.75,3016.050048828125,1025850
2023-05-10,2950.136962890625,3041.39990234375,3057.0,3018.89990234375,3042.949951171875,751851
2023-05-11,3045.53564453125,3139.75,3156.14990234375,3031.5,3052.050048828125,3229605
2023-05-12,3037.1455078125,3131.10009765625,3179.75,3086.0,3139.0,1998170
2023-05-15,3038.018310546875,3132.0,3168.0,3121.050048828125,3134.199951171875,810281
2023-05-16,3043.935302734375,3138.10009765625,3165.699951171875,3122.35009765625,3132.0,822404
2023-05-17,2999.65478515625,3092.449951171875,3147.949951171875,3075.550048828125,3136.0,835371
2023-05-18,3015.757080078125,3109.050048828125,3125.0,3093.25,3105.64990234375,498067
2023-05-19,2991.894775390625,3084.449951171875,3127.949951171875,3068.050048828125,3124.0,633262
2023-05-22,2992.331298828125,3084.89990234375,3105.60009765625,3046.0,3070.0,659425
2023-05-23,3026.96044921875,3120.60009765625,3127.949951171875,3085.0,3087.0,581204
2023-05-24,3008.43310546875,3101.5,3133.14990234375,3098.0,3115.0,439465
2023-05-25,3029.82177734375,3123.550048828125,3129.0,3086.0,3101.5,500313
2023-05-26,3034.5263671875,3128.39990234375,3136.949951171875,3111.75,3123.0,568249
2023-05-29,3043.256103515625,3137.39990234375,3155.0,3116.050048828125,3147.199951171875,535712
2023-05-30,3050.0458984375,3144.39990234375,3155.0,3127.550048828125,3146.89990234375,506026
2023-05-31,3097.139404296875,3192.949951171875,3219.35009765625,3136.449951171875,3151.949951171875,2349066
2023-06-01,3143.456298828125,3240.699951171875,3249.89990234375,3207.0,3235.35009765625,1104861
2023-06-02,3140.110107421875,3237.25,3249.949951171875,3219.0,3239.39990234375,781973
2023-06-05,3103.735107421875,3199.75,3239.949951171875,3195.0,3239.949951171875,492565
2023-06-06,3116.344970703125,3212.75,3238.89990234375,3195.0,3207.75,577698
2023-06-07,3128.033447265625,3224.800048828125,3229.25,3206.25,3217.0,470038
2023-06-08,3115.8603515625,3212.25,3247.0,3193.0,3220.0,561161
2023-06-09,3105.656494140625,3180.550048828125,3238.89990234375,3168.550048828125,3209.800048828125,1239045
2023-06-12,3119.521484375,3194.75,3202.35009765625,3151.14990234375,3185.199951171875,1029156
2023-06-13,3186.018310546875,3262.85009765625,3272.0,3205.14990234375,3210.0,1598821
2023-06-14,3193.1953125,3270.199951171875,3289.89990234375,3253.0,3265.0,741615
2023-06-15,3216.77685546875,3294.35009765625,3304.0,3273.35009765625,3276.0,806994
2023-06-16,3238.74658203125,3316.85009765625,3322.0,3286.550048828125,3291.75,984671
2023-06-19,3231.764892578125,3309.699951171875,3344.949951171875,3303.25,3318.85009765625,516915
2023-06-20,3240.55322265625,3318.699951171875,3326.85009765625,3277.10009765625,3315.0,866290
2023-06-21,3238.0146484375,3316.10009765625,3333.0,3300.0,3318.699951171875,742456
2023-06-22,3171.56689453125,3248.050048828125,3326.85009765625,3242.449951171875,3325.0,871640
2023-06-23,3220.0478515625,3297.699951171875,3304.14990234375,3253.050048828125,3265.0,1260659
2023-06-26,3230.25146484375,3308.14990234375,3315.35009765625,3271.39990234375,3295.0,592801
2023-06-27,3247.681396484375,3326.0,3344.5,3273.35009765625,3275.0,914141
2023-06-28,3269.4072265625,3348.25,3355.25,3323.5,3331.0,713110
2023-06-30,3282.88232421875,3362.050048828125,3449.60009765625,3343.75,3353.0,1436363
2023-07-03,3279.611083984375,3358.699951171875,3379.949951171875,3337.199951171875,3365.0,474224
2023-07-04,3268.8701171875,3347.699951171875,3387.0,3331.0,3358.699951171875,473663
2023-07-05,3294.94140625,3374.39990234375,3400.0,3340.75,3351.35009765625,632406
2023-07-06,3319.3525390625,3399.39990234375,3410.0,3367.800048828125,3410.0,693995
2023-07-07,3264.96435546875,3343.699951171875,3414.0,3337.14990234375,3385.0,620761
2023-07-10,3264.42724609375,3343.14990234375,3372.050048828125,3293.949951171875,3345.0,548838
2023-07-11,3312.664306640625,3392.550048828125,3399.949951171875,3345.0,3349.949951171875,772158
2023-07-12,3326.52978515625,3406.75,3414.39990234375,3362.25,3408.0,1025127
2023-07-13,3318.52294921875,3398.550048828125,3425.0,3384.35009765625,3425.0,750126
2023-07-14,3348.988037109375,3429.75,3439.0,3387.0,3398.550048828125,832843
2023-07-17,3378.916259765625,3460.39990234375,3473.0,3425.0,3429.75,817694
2023-07-18,3430.71728515625,3513.449951171875,3523.0,3455.60009765625,3460.0,962485
2023-07-19,3431.88916015625,3514.64990234375,3530.0,3482.5,3520.0,620289
2023-07-20,3442.971923828125,3526.0,3535.0,3494.949951171875,3510.050048828125,589848
2023-07-21,3434.866943359375,3517.699951171875,3537.949951171875,3505.0,3535.949951171875,857975
2023-07-24,3460.255126953125,3543.699951171875,3568.0,3498.5,3506.0,680246
2023-07-25,3320.329345703125,3400.39990234375,3547.89990234375,3350.0,3547.89990234375,2555630
2023-07-26,3293.574462890625,3373.0,3413.0,3365.0,3399.85009765625,959076
2023-07-27,3290.059326171875,3369.39990234375,3414.0,3351.0,3390.0,874078
2023-07-28,3310.857666015625,3390.699951171875,3399.0,3364.5,3375.0,553750
2023-07-31,3297.822265625,3377.35009765625,3388.0,3323.14990234375,3323.199951171875,933890
2023-08-01,3264.231689453125,3342.949951171875,3385.0,3338.0,3372.0,698667
2023-08-02,3283.712158203125,3362.89990234375,3371.949951171875,3330.64990234375,3341.199951171875,857218
2023-08-03,3257.78759765625,3336.35009765625,3379.949951171875,3317.949951171875,3370.0,711067
2023-08-04,3261.009521484375,3339.64990234375,3373.300048828125,3323.0,3338.14990234375,519248
2023-08-07,3264.281005859375,3343.0,3350.0,3316.0,3316.050048828125,360358
2023-08-08,3269.21240234375,3348.050048828125,3359.949951171875,3332.64990234375,3343.0,500258
2023-08-09,3252.5634765625,3331.0,3356.949951171875,3303.0,3332.550048828125,643222
2023-08-10,3161.65576171875,3237.89990234375,3320.0,3230.0,3310.0,1253219
2023-08-11,3110.34326171875,3185.35009765625,3248.949951171875,3180.0,3237.89990234375,919023
2023-08-14,3127.18701171875,3202.60009765625,3209.89990234375,3152.25,3185.35009765625,815534
2023-08-16,3118.838134765625,3194.050048828125,3208.85009765625,3176.89990234375,3194.89990234375,597686
2023-08-17,3108.29248046875,3183.25,3224.0,3162.0,3223.89990234375,873392
2023-08-18,3089.056396484375,3163.550048828125,3185.5,3155.0,3174.89990234375,592652
2023-08-21,3107.365234375,3182.300048828125,3187.5,3152.14990234375,3159.89990234375,353330
2023-08-22,3104.826416015625,3179.699951171875,3198.60009765625,3171.0,3198.60009765625,377068
2023-08-23,3094.1826171875,3168.800048828125,3196.0,3165.25,3186.0,370811
2023-08-24,3149.6455078125,3225.60009765625,3232.89990234375,3170.89990234375,3185.0,1167742
2023-08-25,3182.5517578125,3259.300048828125,3265.0,3216.199951171875,3224.89990234375,1363431
2023-08-28,3182.942626953125,3259.699951171875,3272.0,3231.050048828125,3264.949951171875,707315
2023-08-29,3208.330322265625,3285.699951171875,3289.0,3255.050048828125,3261.0,533163
2023-08-30,3217.1181640625,3294.699951171875,3302.85009765625,3276.39990234375,3301.300048828125,599080
2023-08-31,3179.42724609375,3256.10009765625,3302.0,3220.0,3300.050048828125,1601967
2023-09-01,3182.7958984375,3259.550048828125,3264.199951171875,3217.10009765625,3241.10009765625,650131
2023-09-04,3159.361328125,3235.550048828125,3266.25,3216.10009765625,3259.550048828125,696213
2023-09-05,3147.399658203125,3223.300048828125,3248.85009765625,3220.0,3245.0,597022
2023-09-06,3149.3525390625,3225.300048828125,3230.0,3195.0,3209.0,754106
2023-09-07,3169.906982421875,3246.35009765625,3253.75,3201.25,3225.300048828125,923108
2023-09-08,3161.802490234375,3238.050048828125,3263.050048828125,3232.0,3250.550048828125,395918
2023-09-11,3182.6494140625,3259.39990234375,3265.0,3242.0,3242.0,359345
2023-09-12,3180.15966796875,3256.85009765625,3279.800048828125,3243.0,3260.0,554905
2023-09-13,3200.5673828125,3277.75,3284.64990234375,3225.300048828125,3245.0,880907
2023-09-14,3163.95068359375,3240.25,3294.199951171875,3223.25,3282.0,1102554
2023-09-15,3121.376953125,3196.64990234375,3240.0,3185.0,3235.0,1568607
2023-09-18,3130.800048828125,3206.300048828125,3229.89990234375,3190.0,3200.0,673602
2023-09-20,3138.660400390625,3214.35009765625,3228.0,3195.0,3206.300048828125,901084
2023-09-21,3167.80712890625,3244.199951171875,3261.199951171875,3180.550048828125,3210.0,845739
2023-09-22,3197.735595703125,3274.85009765625,3283.60009765625,3221.14990234375,3234.949951171875,896521
2023-09-25,3244.99609375,3323.25,3334.800048828125,3271.14990234375,3272.300048828125,1422084
2023-09-26,3215.26318359375,3292.800048828125,3324.89990234375,3260.35009765625,3323.0,834560
2023-09-27,3224.05126953125,3301.800048828125,3309.0,3271.699951171875,3288.0,516326
2023-09-28,3095.696533203125,3170.35009765625,3289.0,3155.0,3281.800048828125,2104381
2023-09-29,3086.615478515625,3161.050048828125,3195.0,3134.0,3195.0,1550585
2023-10-03,3092.27880859375,3166.85009765625,3227.800048828125,3162.0,3166.10009765625,1219145
2023-10-04,3095.2568359375,3169.89990234375,3189.0,3151.35009765625,3164.949951171875,892584
2023-10-05,3130.751220703125,3206.25,3232.10009765625,3174.300048828125,3210.0,1002610
2023-10-06,3120.49853515625,3195.75,3217.0,3190.0,3214.75,814257
2023-10-09,3078.5595703125,3152.800048828125,3163.0,3132.699951171875,3140.050048828125,700012
2023-10-10,3077.290283203125,3151.5,3164.89990234375,3140.050048828125,3150.0,847367
2023-10-11,3089.39794921875,3163.89990234375,3185.0,3152.050048828125,3169.0,1025317
2023-10-12,3084.711181640625,3159.10009765625,3188.5,3150.050048828125,3186.0,992531
2023-10-13,3074.654052734375,3148.800048828125,3172.0,3128.25,3150.0,854688
2023-10-16,3038.76904296875,3112.050048828125,3128.0,3096.10009765625,3124.0,853011
2023-10-17,3040.23388671875,3113.550048828125,3137.0,3091.800048828125,3137.0,792640
2023-10-18,3023.53662109375,3096.449951171875,3115.199951171875,3090.0,3110.0,481985
2023-10-19,3028.7607421875,3101.800048828125,3110.89990234375,3076.10009765625,3087.699951171875,568124
2023-10-20,3032.71533203125,3105.85009765625,3115.10009765625,3064.550048828125,3092.5,711434
2023-10-23,2999.662353515625,3072.0,3108.89990234375,3064.0,3096.050048828125,374476
2023-10-25,2988.72607421875,3060.800048828125,3108.0,3052.0,3093.39990234375,669290
2023-10-26,2890.5927734375,2960.300048828125,3055.0,2940.0,3051.10009765625,1834111
2023-10-27,2885.563720703125,2955.14990234375,2974.64990234375,2931.0,2932.800048828125,1708185
2023-10-30,2897.232421875,2967.10009765625,2991.949951171875,2939.10009765625,2974.0,878885
2023-10-31,2925.158935546875,2995.699951171875,3012.75,2966.0,2969.0,1152306
2023-11-01,2865.448974609375,2934.550048828125,3008.89990234375,2930.0,2997.949951171875,1029990
2023-11-02,2885.807861328125,2955.39990234375,2962.0,2934.0,2961.050048828125,900125
2023-11-03,2912.805419921875,2977.85009765625,2982.89990234375,2942.0,2957.0,715997
2023-11-06,2963.131103515625,3029.300048828125,3034.050048828125,2983.85009765625,2998.0,620959
2023-11-07,2967.093017578125,3033.35009765625,3038.949951171875,3002.199951171875,3029.300048828125,757998
2023-11-08,3027.640869140625,3095.25,3098.949951171875,3046.199951171875,3058.0,783400
2023-11-09,3012.919189453125,3080.199951171875,3111.39990234375,3074.050048828125,3100.0,849702
2023-11-10,3009.25146484375,3076.449951171875,3085.0,3040.10009765625,3070.0,364232
2023-11-13,3018.201904296875,3085.60009765625,3098.0,3065.0,3098.0,405941
2023-11-15,3048.13330078125,3116.199951171875,3118.85009765625,3078.699951171875,3085.699951171875,700017
2023-11-16,3061.92529296875,3130.300048828125,3140.89990234375,3097.60009765625,3119.0,675454
2023-11-17,3099.681884765625,3168.89990234375,3228.25,3145.64990234375,3150.0,1430175
2023-11-20,3071.756103515625,3140.35009765625,3171.89990234375,3132.0,3168.89990234375,406431
2023-11-21,3064.810791015625,3133.25,3156.89990234375,3127.0,3156.89990234375,409069
2023-11-22,3064.56591796875,3133.0,3157.0,3121.199951171875,3140.0,489889
2023-11-23,3054.735595703125,3122.949951171875,3171.39990234375,3115.14990234375,3148.0,792460
2023-11-24,3067.6474609375,3136.14990234375,3139.800048828125,3111.0,3118.0,756329
2023-11-28,3079.5810546875,3148.35009765625,3160.0,3136.14990234375,3141.14990234375,647883
2023-11-29,3079.5810546875,3148.35009765625,3170.0,3142.0,3148.35009765625,620725
2023-11-30,3051.752197265625,3119.89990234375,3153.949951171875,3108.35009765625,3148.35009765625,1793116
2023-12-01,3104.083740234375,3173.39990234375,3190.60009765625,3140.25,3146.949951171875,960196
2023-12-04,3124.77197265625,3194.550048828125,3204.449951171875,3166.5,3190.0,1018189
2023-12-05,3155.779296875,3226.25,3247.64990234375,3180.0,3197.0,1005550
2023-12-06,3181.5048828125,3252.550048828125,3289.0,3232.949951171875,3265.0,1229158
2023-12-07,3180.771240234375,3251.800048828125,3299.949951171875,3246.85009765625,3284.0,1071725
2023-12-08,3161.40380859375,3232.0,3269.800048828125,3227.800048828125,3255.0,895852
2023-12-11,3162.382080078125,3233.0,3245.0,3185.5,3230.0,910426
2023-12-12,3154.31201171875,3224.75,3257.050048828125,3210.0,3228.0,1019030
2023-12-13,3172.799072265625,3243.64990234375,3254.949951171875,3190.300048828125,3240.0,1052079
2023-12-14,3170.5498046875,3241.35009765625,3258.60009765625,3218.0,3255.0,923107
2023-12-15,3241.5146484375,3313.89990234375,3326.35009765625,3242.0,3250.0,1631687
2023-12-18,3259.2685546875,3332.050048828125,3335.800048828125,3296.0,3313.0,911936
2023-12-19,3263.180908203125,3336.050048828125,3353.89990234375,3300.14990234375,3335.949951171875,780448
2023-12-20,3225.130615234375,3297.14990234375,3359.949951171875,3282.64990234375,3336.050048828125,979762
2023-12-21,3230.80419921875,3302.949951171875,3320.0,3271.85009765625,3280.0,1585879
2023-12-22,3268.31640625,3341.300048828125,3350.800048828125,3287.0,3309.89990234375,930563
2023-12-26,3309.447998046875,3383.35009765625,3391.89990234375,3345.199951171875,3349.949951171875,600190
2023-12-27,3330.0869140625,3404.449951171875,3409.949951171875,3354.0,3381.050048828125,837182
2023-12-28,3323.04443359375,3397.25,3419.949951171875,3373.050048828125,3405.0,779250
2023-12-29,3328.08154296875,3402.39990234375,3422.949951171875,3383.89990234375,3410.0,615676
2024-01-01,3321.919189453125,3396.10009765625,3411.800048828125,3389.14990234375,3403.0,283951
2024-01-02,3317.273193359375,3391.35009765625,3398.89990234375,3345.0,3396.0,552394
2024-01-03,3299.910888671875,3373.60009765625,3399.0,3365.0,3391.35009765625,379131
2024-01-04,3306.1220703125,3379.949951171875,3401.25,3363.800048828125,3372.0,777127
2024-01-05,3282.255126953125,3355.550048828125,3380.39990234375,3348.0,3379.949951171875,416956
2024-01-08,3226.353271484375,3298.39990234375,3376.5,3294.85009765625,3355.0,545884
2024-01-09,3196.12841796875,3267.5,3315.0,3262.25,3310.0,670704
2024-01-10,3215.0556640625,3286.85009765625,3293.0,3258.199951171875,3292.0,691087
2024-01-11,3216.3759765625,3288.199951171875,3309.199951171875,3270.699951171875,3286.85009765625,537469
2024-01-12,3206.203369140625,3277.800048828125,3294.949951171875,3244.0,3294.949951171875,673004
2024-01-15,3202.388671875,3273.89990234375,3287.199951171875,3258.60009765625,3282.199951171875,728116
2024-01-16,3224.885986328125,3296.89990234375,3320.0,3273.89990234375,3274.949951171875,748215
2024-01-17,3171.47900390625,3242.300048828125,3304.35009765625,3193.050048828125,3294.10009765625,2239241
2024-01-18,3094.742431640625,3163.85009765625,3257.949951171875,3048.60009765625,3257.949951171875,1979174
2024-01-19,3096.69873046875,3165.85009765625,3201.550048828125,3148.60009765625,3177.800048828125,936201
2024-01-23,2987.9765625,3054.699951171875,3109.0,3021.550048828125,3087.550048828125,2365225
2024-01-24,2933.93310546875,2999.449951171875,3055.0,2976.10009765625,3055.0,2665932
2024-01-25,2884.781005859375,2949.199951171875,3016.0,2942.300048828125,3010.050048828125,2001961
2024-01-29,2911.04443359375,2976.050048828125,2988.449951171875,2940.050048828125,2940.050048828125,1862723
2024-01-30,2889.573974609375,2954.10009765625,3005.0,2951.050048828125,2990.0,1273188
2024-01-31,2893.241943359375,2957.85009765625,2971.89990234375,2948.050048828125,2966.0,1771244
2024-02-01,2865.364501953125,2929.35009765625,2972.85009765625,2919.949951171875,2961.0,3006472
2024-02-02,2872.16259765625,2936.300048828125,2962.35009765625,2924.050048828125,2950.0,1881911
2024-02-05,2853.626708984375,2917.35009765625,2965.0,2912.0,2950.0,923435
2024-02-06,2866.929443359375,2930.949951171875,2947.0,2902.64990234375,2931.0,1471312
2024-02-07,2916.033203125,2981.14990234375,3002.949951171875,2936.050048828125,2957.0,1134012
2024-02-08,2865.609130859375,2929.60009765625,2999.75,2919.800048828125,2999.75,1633654
2024-02-09,2887.17724609375,2951.64990234375,2959.0,2910.550048828125,2930.0,1144765
2024-02-12,2889.280517578125,2953.800048828125,2964.949951171875,2920.050048828125,2951.64990234375,614469
2024-02-13,2906.69189453125,2971.60009765625,2981.25,2945.699951171875,2964.949951171875,717118
2024-02-14,2911.38671875,2976.39990234375,2980.800048828125,2936.050048828125,2969.89990234375,750339
2024-02-15,2950.659912109375,3016.550048828125,3024.5,2967.449951171875,2980.0,1068730
2024-02-16,2942.198486328125,3007.89990234375,3035.0,3000.0,3035.0,1179473
2024-02-19,2932.61279296875,2998.10009765625,3018.699951171875,2987.5,3007.89990234375,560700
2024-02-20,2945.86669921875,3011.64990234375,3017.10009765625,2972.10009765625,2998.10009765625,729371
2024-02-21,2936.232177734375,3001.800048828125,3026.75,2983.5,3012.050048828125,927130
2024-02-22,2951.490966796875,3017.39990234375,3027.199951171875,2932.10009765625,2983.0,2615821
2024-02-23,2920.72802734375,2985.949951171875,3005.0,2966.199951171875,2999.0,1650523
2024-02-26,2805.794677734375,2868.449951171875,2930.0,2847.800048828125,2920.0,3524491
2024-02-27,2797.08935546875,2859.550048828125,2870.0,2850.10009765625,2855.0,1296180
2024-02-28,2733.313232421875,2794.35009765625,2859.39990234375,2785.5,2850.14990234375,2472196
2024-02-29,2760.261474609375,2821.89990234375,2838.0,2776.75,2785.0,2284424
2024-03-01,2769.896240234375,2831.75,2845.949951171875,2815.050048828125,2832.89990234375,978174
2024-03-04,2769.896240234375,2831.75,2860.949951171875,2828.0,2860.0,971299
2024-03-05,2758.794189453125,2820.39990234375,2834.85009765625,2805.0,2834.0,736381
2024-03-06,2765.5439453125,2827.300048828125,2839.0,2777.75,2827.949951171875,1723066
2024-03-07,2807.84912109375,2870.550048828125,2894.0,2825.0,2825.0,1564364
2024-03-11,2814.01123046875,2876.85009765625,2896.550048828125,2853.10009765625,2895.550048828125,866546
2024-03-12,2813.326416015625,2876.14990234375,2899.89990234375,2865.449951171875,2880.0,663186
2024-03-13,2797.67578125,2860.14990234375,2887.25,2835.0,2878.60009765625,955841
2024-03-14,2829.074951171875,2892.25,2898.050048828125,2841.0,2860.0,1381741
2024-03-15,2804.91455078125,2867.550048828125,2896.949951171875,2850.0,2895.0,1356226
2024-03-18,2784.32421875,2846.5,2866.0,2817.25,2866.0,940424
2024-03-19,2753.610107421875,2815.10009765625,2840.0,2801.0,2840.0,1199135
2024-03-20,2763.19580078125,2824.89990234375,2837.050048828125,2797.550048828125,2815.10009765625,818910
2024-03-21,2759.52783203125,2821.14990234375,2845.39990234375,2806.0,2845.0,1167680
2024-03-22,2779.433349609375,2841.5,2855.14990234375,2808.0,2821.14990234375,1652689
2024-03-26,2753.169677734375,2814.64990234375,2844.14990234375,2810.0,2820.0,1372390
2024-03-27,2768.673828125,2830.5,2842.85009765625,2817.699951171875,2817.949951171875,1156231
2024-03-28,2784.568603515625,2846.75,2868.0,2819.0,2835.050048828125,1864623
2024-04-01,2808.289306640625,2871.0,2886.449951171875,2852.35009765625,2860.949951171875,558086
2024-04-02,2811.419189453125,2874.199951171875,2892.39990234375,2856.0,2874.050048828125,562473
2024-04-03,2806.675048828125,2869.35009765625,2884.550048828125,2845.0,2845.0,816676
2024-04-04,2854.555908203125,2918.300048828125,2943.25,2851.25,2870.0,1831347
2024-04-05,2820.466796875,2883.449951171875,2927.75,2880.0,2924.0,1155672
2024-04-08,2828.830322265625,2892.0,2908.949951171875,2873.800048828125,2908.0,570695
2024-04-09,2794.74169921875,2857.14990234375,2916.449951171875,2845.0,2893.0,1017670
2024-04-10,2833.4765625,2896.75,2899.10009765625,2858.0,2883.300048828125,740495
2024-04-12,2792.149658203125,2854.5,2893.0,2845.0,2890.0,1766311
2024-04-15,2782.269775390625,2844.39990234375,2853.5,2812.35009765625,2830.199951171875,884519
2024-04-16,2768.1845703125,2830.0,2841.449951171875,2820.0,2827.64990234375,911249
2024-04-18,2746.37158203125,2807.699951171875,2859.199951171875,2800.10009765625,2855.0,1732434
2024-04-19,2747.203125,2808.550048828125,2822.10009765625,2766.14990234375,2790.0,1337807
2024-04-22,2779.776123046875,2841.85009765625,2846.60009765625,2814.050048828125,2846.60009765625,676040
2024-04-23,2812.103759765625,2874.89990234375,2877.949951171875,2844.0,2852.0,929062
2024-04-24,2805.10986328125,2867.75,2883.10009765625,2860.0,2882.949951171875,718441
2024-04-25,2798.94775390625,2861.449951171875,2869.89990234375,2829.050048828125,2865.0,1594152
2024-04-26,2782.025634765625,2844.14990234375,2878.199951171875,2837.050048828125,2870.0,625507
2024-04-29,2805.55029296875,2868.199951171875,2873.949951171875,2839.0,2844.14990234375,566219
2024-04-30,2813.08203125,2875.89990234375,2912.0,2855.0,2855.0,1290649
2024-05-02,2910.40869140625,2975.39990234375,2988.0,2875.10009765625,2875.10009765625,2493406
2024-05-03,2865.755859375,2929.75,2997.0,2909.25,2983.050048828125,1594445
2024-05-06,2868.103271484375,2932.14990234375,2959.0,2911.199951171875,2950.0,768806
2024-05-07,2849.37158203125,2913.0,2967.949951171875,2904.0,2947.0,629534
2024-05-08,2781.194091796875,2843.300048828125,2905.0,2821.0,2900.0,1652877
2024-05-09,2650.90380859375,2710.10009765625,2853.949951171875,2703.800048828125,2828.0,3547959
2024-05-10,2710.7177734375,2771.25,2792.60009765625,2670.10009765625,2699.0,2478584
2024-05-13,2816.35888671875,2879.25,2895.0,2754.10009765625,2771.25,2748823
2024-05-14,2803.544921875,2866.14990234375,2888.0,2842.0,2879.0,999330
2024-05-15,2752.240478515625,2813.699951171875,2874.25,2806.14990234375,2866.14990234375,1230520
2024-05-16,2752.5830078125,2814.050048828125,2837.60009765625,2786.550048828125,2821.050048828125,1534319
2024-05-17,2748.523681640625,2809.89990234375,2838.199951171875,2786.10009765625,2814.60009765625,1325150
2024-05-21,2789.508544921875,2851.800048828125,2866.949951171875,2801.0,2815.0,921822
2024-05-22,2822.716796875,2885.75,2895.0,2836.60009765625,2851.800048828125,933846
2024-05-23,2840.32373046875,2903.75,2921.25,2877.300048828125,2885.0,1181894
2024-05-24,2811.957275390625,2874.75,2910.199951171875,2867.0,2910.199951171875,755822
2024-05-27,2809.560546875,2872.300048828125,2898.300048828125,2855.550048828125,2887.89990234375,817091
2024-05-28,2847.61083984375,2911.199951171875,2921.0,2864.0,2875.85009765625,1084544
2024-05-29,2836.80224609375,2900.14990234375,2921.699951171875,2881.10009765625,2896.0,1758297
2024-05-30,2820.711669921875,2883.699951171875,2910.85009765625,2875.0,2875.25,1344426
2024-05-31,2818.266357421875,2881.199951171875,2906.0,2855.60009765625,2883.699951171875,2520363
2024-06-03,2803.838623046875,2866.449951171875,2950.0,2860.050048828125,2950.0,952701
2024-06-04,2795.23046875,2857.64990234375,2897.0,2775.75,2880.0,2683847
2024-06-05,2897.056640625,2961.75,3027.300048828125,2864.5,2864.5,2410576
2024-06-06,2841.3505859375,2904.800048828125,2961.75,2882.25,2960.0,1689408
2024-06-07,2863.75048828125,2927.699951171875,2943.10009765625,2888.85009765625,2904.800048828125,1600180
2024-06-10,2873.3857421875,2937.550048828125,2951.89990234375,2915.0,2928.0,876867
2024-06-11,2866.521484375,2902.449951171875,2920.35009765625,2895.0,2915.0,855430
2024-06-12,2869.830078125,2905.800048828125,2918.0,2865.64990234375,2909.0,1701770
2024-06-13,2873.97802734375,2910.0,2929.0,2905.0,2929.0,726380
2024-06-14,2885.4345703125,2921.60009765625,2931.35009765625,2905.10009765625,2910.0,982815
2024-06-18,2882.37255859375,2918.5,2928.0,2905.0,2921.60009765625,741098
2024-06-19,2855.904541015625,2891.699951171875,2920.0,2882.64990234375,2918.0,1018294
2024-06-20,2879.409912109375,2915.5,2924.5,2872.39990234375,2885.0,1129752
2024-06-21,2855.065185546875,2890.85009765625,2928.0,2880.10009765625,2925.0,1722379
2024-06-24,2860.20068359375,2896.050048828125,2899.949951171875,2871.39990234375,2883.0,892125
2024-06-25,2823.066162109375,2858.449951171875,2894.949951171875,2856.0,2876.0,1217792
2024-06-26,2827.905517578125,2863.35009765625,2873.85009765625,2844.050048828125,2860.199951171875,960622
2024-06-27,2845.188720703125,2880.85009765625,2903.0,2845.0,2860.75,1628022
2024-06-28,2880.940673828125,2917.050048828125,2932.0,2862.199951171875,2865.0,1206712
2024-07-01,2891.5576171875,2927.800048828125,2939.0,2888.0,2889.300048828125,1104110
2024-07-02,2889.384765625,2925.60009765625,2936.0,2912.0,2927.800048828125,1064295
2024-07-03,2889.33544921875,2925.550048828125,2948.949951171875,2916.0,2929.699951171875,925189
2024-07-04,2898.56982421875,2934.89990234375,2968.449951171875,2923.0,2940.0,968666
2024-07-05,2899.55712890625,2935.89990234375,2946.89990234375,2913.10009765625,2937.14990234375,817429
2024-07-08,2862.274658203125,2898.14990234375,2935.89990234375,2890.699951171875,2935.89990234375,828260
2024-07-09,2869.0400390625,2905.0,2913.199951171875,2890.0,2908.949951171875,685431
2024-07-10,2959.35791015625,2996.449951171875,3014.5,2894.35009765625,2900.050048828125,2299950
2024-07-11,2984.640869140625,3022.050048828125,3030.0,2973.0,2999.0,1968980
2024-07-12,2962.0244140625,2999.14990234375,3052.0,2970.89990234375,3025.0,1879930
2024-07-15,2919.90234375,2956.5,2999.0,2932.550048828125,2999.0,2425341
2024-07-16,2937.6298828125,2974.449951171875,3015.949951171875,2941.5,2959.0,2085611
2024-07-18,2895.26123046875,2931.550048828125,2957.89990234375,2842.0,2875.0,5384611
2024-07-19,2909.581787109375,2946.050048828125,2980.0,2917.25,2925.0,2164746
2024-07-22,2897.977294921875,2934.300048828125,2973.35009765625,2917.14990234375,2937.0,1616347
2024-07-23,2861.23779296875,2897.10009765625,2947.300048828125,2886.0,2934.300048828125,1906312
2024-07-24,2876.743408203125,2912.800048828125,2927.0,2886.199951171875,2901.0,1476148
2024-07-25,2865.484375,2901.39990234375,2908.699951171875,2885.25,2892.050048828125,1239922
2024-07-26,2913.630859375,2950.14990234375,2964.449951171875,2900.699951171875,2902.199951171875,1359780
2024-07-29,2918.124267578125,2954.699951171875,2965.10009765625,2936.0,2953.050048828125,854408
2024-07-30,2967.851318359375,3005.050048828125,3032.800048828125,2970.0,2973.5,2144591
2024-07-31,3046.2685546875,3084.449951171875,3098.0,3005.050048828125,3005.050048828125,3549501
2024-08-01,3060.98388671875,3099.35009765625,3128.949951171875,3062.800048828125,3088.0,1675122
2024-08-02,3068.242919921875,3106.699951171875,3129.050048828125,3060.0,3070.0,1348780
2024-08-05,3055.107666015625,3093.39990234375,3145.0,3055.300048828125,3069.949951171875,2019141
2024-08-06,3063.3544921875,3101.75,3135.0,3086.050048828125,3101.699951171875,885743
2024-08-07,3063.05810546875,3101.449951171875,3118.5,3060.050048828125,3101.75,1907105
2024-08-08,2968.197021484375,3005.39990234375,3089.699951171875,2990.39990234375,3080.0,1280109
2024-08-09,3002.96142578125,3040.60009765625,3052.75,2966.0,3039.0,1665414
2024-08-12,3015.4052734375,3053.199951171875,3084.0,3003.699951171875,3020.0,1736881
2024-08-13,2986.122314453125,3023.550048828125,3059.800048828125,3013.0,3054.89990234375,502260
2024-08-14,2988.393798828125,3025.85009765625,3034.800048828125,2994.050048828125,3034.800048828125,454671
2024-08-16,3010.417724609375,3048.14990234375,3054.0,3003.0,3054.0,514229
2024-08-19,3038.21923828125,3076.300048828125,3087.85009765625,3038.35009765625,3053.949951171875,542858
2024-08-20,3064.78662109375,3103.199951171875,3106.35009765625,3078.0,3096.0,668282
2024-08-21,3112.537841796875,3151.550048828125,3170.60009765625,3084.050048828125,3101.0,1186536
2024-08-22,3147.15380859375,3186.60009765625,3198.64990234375,3156.050048828125,3167.0,1540888
2024-08-23,3115.599365234375,3154.64990234375,3198.60009765625,3148.75,3190.0,779284
2024-08-26,3132.093017578125,3171.35009765625,3177.449951171875,3141.5,3155.0,472874
2024-08-27,3127.006591796875,3166.199951171875,3203.64990234375,3150.0,3154.0,1003501
2024-08-28,3086.810302734375,3125.5,3165.5,3118.800048828125,3152.949951171875,538366
2024-08-29,3077.280029296875,3115.85009765625,3143.949951171875,3092.699951171875,3125.5,849866
2024-08-30,3088.09423828125,3126.800048828125,3166.75,3110.699951171875,3130.050048828125,1567031
2024-09-02,3111.9453125,3150.949951171875,3184.0,3139.60009765625,3148.0,702358
2024-09-03,3115.79736328125,3154.85009765625,3174.550048828125,3147.5,3164.949951171875,577471
2024-09-04,3191.646240234375,3231.64990234375,3252.0,3155.5,3155.5,2379110
2024-09-05,3198.16455078125,3238.25,3257.0,3217.0,3240.0,1482119
2024-09-06,3233.17578125,3273.699951171875,3285.89990234375,3225.35009765625,3238.0,2131256
2024-09-09,3240.138671875,3280.75,3314.0,3258.0,3273.699951171875,1272289
2024-09-10,3254.261474609375,3295.050048828125,3310.0,3270.89990234375,3290.0,928920
2024-09-11,3325.76513671875,3367.449951171875,3382.949951171875,3315.0,3315.0,2561892
2024-09-12,3341.36962890625,3383.25,3393.0,3340.300048828125,3370.0,1643536
2024-09-13,3316.48193359375,3358.050048828125,3369.699951171875,3320.89990234375,3355.550048828125,1029400
2024-09-16,3294.507080078125,3335.800048828125,3394.89990234375,3330.60009765625,3360.0,1019280
2024-09-17,3271.791748046875,3312.800048828125,3349.89990234375,3301.800048828125,3335.800048828125,586834
2024-09-18,3234.114013671875,3274.64990234375,3324.85009765625,3251.550048828125,3312.800048828125,410510
2024-09-19,3253.07666015625,3293.85009765625,3320.0,3275.0,3294.0,963456
2024-09-20,3266.01416015625,3306.949951171875,3324.800048828125,3266.050048828125,3304.0,1504277
2024-09-23,3236.87939453125,3277.449951171875,3324.89990234375,3273.199951171875,3316.949951171875,522775
2024-09-24,3208.18896484375,3248.39990234375,3297.75,3241.10009765625,3277.449951171875,1057933
2024-09-25,3204.583984375,3244.75,3252.0,3206.75,3252.0,740636
2024-09-26,3236.484375,3277.050048828125,3285.85009765625,3227.10009765625,3250.0,951080
2024-09-27,3269.767333984375,3310.75,3337.949951171875,3277.050048828125,3290.949951171875,1315996
2024-09-30,3287.89013671875,3329.10009765625,3358.0,3305.14990234375,3310.75,1088162
2024-10-01,3236.78076171875,3277.35009765625,3328.949951171875,3244.050048828125,3317.0,968660
2024-10-03,3110.315673828125,3149.300048828125,3225.89990234375,3126.5,3192.300048828125,1741363
2024-10-04,3034.466552734375,3072.5,3156.75,3054.550048828125,3135.0,1551818
2024-10-07,3024.343505859375,3062.25,3098.550048828125,3038.0,3075.0,909812
2024-10-08,3049.823974609375,3088.050048828125,3099.0,3045.64990234375,3058.0,817718
2024-10-09,3040.738037109375,3078.85009765625,3146.699951171875,3071.75,3095.550048828125,1225598
2024-10-10,3021.232421875,3059.10009765625,3095.0,3043.0,3090.050048828125,1161933
2024-10-11,2999.603271484375,3037.199951171875,3064.0,3026.0,3059.199951171875,976017
2024-10-14,3001.529052734375,3039.14990234375,3055.0,3017.199951171875,3037.0,716011
2024-10-15,3029.13330078125,3067.10009765625,3096.800048828125,3047.64990234375,3075.0,1242322
2024-10-16,3043.947509765625,3082.10009765625,3103.550048828125,3066.10009765625,3088.0,764001
2024-10-17,3018.022705078125,3055.85009765625,3085.0,3037.0,3082.89990234375,674481
2024-10-18,2955.11083984375,2992.14990234375,3069.0,2980.60009765625,3057.0,899318
2024-10-21,3011.45458984375,3049.199951171875,3057.0,3000.550048828125,3007.050048828125,806970
2024-10-22,2969.62939453125,3006.85009765625,3057.949951171875,2995.25,3054.0,541838
2024-10-23,2952.69140625,2989.699951171875,3026.5,2972.050048828125,2999.949951171875,624689
2024-10-24,2935.21044921875,2972.0,3002.300048828125,2951.0,2989.699951171875,571259
2024-10-25,2921.3837890625,2958.0,3015.550048828125,2952.0,2975.5,1047769
2024-10-28,2964.69091796875,3001.85009765625,3021.699951171875,2963.050048828125,2987.89990234375,504961
2024-10-29,2955.802490234375,2992.85009765625,3028.0,2941.10009765625,3020.0,613459
2024-10-30,2959.555419921875,2996.64990234375,3006.0,2963.550048828125,3006.0,812725
2024-10-31,2899.310546875,2935.64990234375,2996.5,2919.0,2994.199951171875,1031171
2024-11-01,2903.45849609375,2939.85009765625,2965.75,2930.0,2958.0,112249
2024-11-04,2879.21240234375,2915.300048828125,2962.14990234375,2885.5,2962.14990234375,1146008
2024-11-05,2851.55908203125,2887.300048828125,2918.800048828125,2872.699951171875,2895.0,935417
2024-11-06,2861.43505859375,2897.300048828125,2907.85009765625,2860.0,2890.5,1817087
2024-11-07,2807.6591796875,2842.85009765625,2904.949951171875,2825.0,2900.0,1112489
2024-11-08,2735.167724609375,2769.449951171875,2847.0,2762.39990234375,2842.85009765625,2060410
2024-11-11,2511.61962890625,2543.10009765625,2598.75,2506.0,2565.050048828125,8854840
2024-11-12,2444.214599609375,2474.85009765625,2535.0,2470.0,2535.0,3445898
2024-11-13,2439.91845703125,2470.5,2498.0,2451.10009765625,2470.0,1803766
2024-11-14,2452.41162109375,2483.14990234375,2501.75,2466.199951171875,2482.800048828125,1206967
2024-11-18,2452.955078125,2483.699951171875,2520.0,2470.800048828125,2520.0,945471
2024-11-19,2457.15966796875,2483.699951171875,2503.199951171875,2472.35009765625,2488.0,941508
2024-11-21,2402.202880859375,2428.14990234375,2465.949951171875,2425.0,2454.699951171875,1377572
2024-11-22,2445.782470703125,2472.199951171875,2493.949951171875,2422.949951171875,2430.0,3805843
2024-11-25,2433.416015625,2459.699951171875,2507.949951171875,2450.050048828125,2505.0,1857124
2024-11-26,2478.23193359375,2505.0,2518.0,2457.60009765625,2459.89990234375,1152258
2024-11-27,2465.271728515625,2491.89990234375,2517.64990234375,2480.0,2517.5,864653
2024-11-28,2431.78369140625,2458.050048828125,2506.0,2453.300048828125,2500.0,1506133
2024-11-29,2453.103515625,2479.60009765625,2491.5,2455.050048828125,2458.050048828125,1030854
2024-12-02,2452.55908203125,2479.050048828125,2486.0,2461.35009765625,2479.60009765625,914624
2024-12-03,2443.01220703125,2469.39990234375,2494.0,2463.5,2494.0,1341985
2024-12-04,2433.16845703125,2459.449951171875,2479.10009765625,2453.199951171875,2478.89990234375,1005012
2024-12-05,2425.99609375,2452.199951171875,2466.89990234375,2423.89990234375,2465.0,3190834
2024-12-06,2403.736328125,2429.699951171875,2468.0,2427.0,2468.0,1735948
2024-12-09,2366.291259765625,2391.85009765625,2439.0,2387.0,2438.14990234375,2301281
2024-12-10,2363.37255859375,2388.89990234375,2404.64990234375,2385.050048828125,2399.89990234375,1657888
2024-12-11,2391.468994140625,2417.300048828125,2428.0,2392.64990234375,2399.75,1337700
2024-12-12,2364.015869140625,2389.550048828125,2415.0,2380.699951171875,2413.0,1089028
2024-12-13,2381.922119140625,2407.64990234375,2412.0,2354.0,2389.550048828125,1150861
2024-12-16,2376.579833984375,2402.25,2419.949951171875,2386.14990234375,2419.949951171875,987775
2024-12-17,2330.82421875,2356.0,2399.89990234375,2350.5,2388.0,1258218
2024-12-18,2320.38671875,2345.449951171875,2372.699951171875,2341.0,2356.800048828125,855682
2024-12-19,2267.359619140625,2291.85009765625,2325.0,2265.35009765625,2325.0,2784409
2024-12-20,2257.961181640625,2282.35009765625,2318.0,2276.0,2297.0,1719502
2024-12-23,2254.8447265625,2279.199951171875,2302.550048828125,2266.050048828125,2300.0,855647
2024-12-24,2259.593505859375,2284.0,2295.0,2277.14990234375,2282.10009765625,601558
2024-12-26,2238.22412109375,2262.39990234375,2287.449951171875,2256.5,2284.0,1267334
2024-12-27,2247.128173828125,2271.39990234375,2290.800048828125,2260.050048828125,2270.25,821790
2024-12-30,2263.798095703125,2288.25,2298.800048828125,2256.800048828125,2280.25,1076940
2024-12-31,2256.971923828125,2281.35009765625,2297.64990234375,2273.0,2280.0,685486
2025-01-01,2280.022705078125,2304.64990234375,2323.199951171875,2280.0,2280.0,1067328
2025-01-02,2318.21044921875,2343.25,2347.949951171875,2294.0,2314.0,1342922
2025-01-03,2310.98828125,2335.949951171875,2348.949951171875,2322.14990234375,2344.0,1355319
2025-01-06,2242.923583984375,2267.14990234375,2340.0,2256.699951171875,2335.949951171875,1190987
2025-01-07,2268.1015625,2292.60009765625,2316.0,2272.0,2272.0,740798
2025-01-08,2309.405517578125,2334.35009765625,2338.0,2272.699951171875,2287.050048828125,1439632
2025-01-09,2325.086181640625,2350.199951171875,2361.39990234375,2321.300048828125,2341.89990234375,1362304
2025-01-10,2295.950927734375,2320.75,2348.89990234375,2316.0,2335.60009765625,1214334
2025-01-13,2228.578369140625,2252.64990234375,2301.89990234375,2246.39990234375,2291.75,1181928
2025-01-14,2216.01416015625,2239.949951171875,2286.35009765625,2237.0,2269.0,1316807
2025-01-15,2205.873779296875,2229.699951171875,2253.75,2220.0,2249.0,1308999
2025-01-16,2191.924560546875,2215.60009765625,2239.85009765625,2207.800048828125,2239.0,1936087
2025-01-17,2236.83935546875,2261.0,2269.050048828125,2212.5,2225.64990234375,878848
2025-01-20,2256.180419921875,2280.550048828125,2286.89990234375,2251.0,2272.25,555716
2025-01-21,2236.1962890625,2260.35009765625,2315.0,2255.0,2280.550048828125,1410294
2025-01-22,2237.927490234375,2262.10009765625,2270.0,2244.89990234375,2270.0,835523
2025-01-23,2252.025390625,2276.35009765625,2301.800048828125,2246.199951171875,2262.10009765625,1142465
2025-01-24,2238.22412109375,2262.39990234375,2296.550048828125,2255.050048828125,2283.0,543202
2025-01-27,2227.44091796875,2251.5,2277.75,2246.199951171875,2255.300048828125,1097939
2025-01-28,2217.844482421875,2241.800048828125,2267.050048828125,2234.10009765625,2260.0,897501
2025-01-29,2199.393798828125,2223.14990234375,2246.800048828125,2212.050048828125,2241.800048828125,1281088
2025-01-30,2225.808349609375,2249.85009765625,2259.25,2215.0,2223.14990234375,1155718
2025-01-31,2276.214111328125,2300.800048828125,2305.0,2234.85009765625,2255.0,1292909
2025-02-01,2326.02587890625,2351.14990234375,2389.0,2285.300048828125,2312.0,1318619
2025-02-03,2267.75537109375,2292.25,2364.449951171875,2277.699951171875,2351.14990234375,1070382
2025-02-04,2329.19189453125,2354.35009765625,2418.60009765625,2263.75,2304.64990234375,5373733
2025-02-05,2250.887451171875,2275.199951171875,2295.550048828125,2237.25,2269.0,3474642
2025-02-06,2239.213623046875,2263.39990234375,2298.89990234375,2260.25,2287.199951171875,1285954
2025-02-07,2246.732421875,2271.0,2276.300048828125,2243.199951171875,2266.0,1336756
2025-02-10,2245.8916015625,2270.14990234375,2278.0,2254.0,2271.050048828125,1181565
2025-02-11,2216.90478515625,2240.85009765625,2282.89990234375,2226.0,2279.0,1607942
2025-02-12,2204.439208984375,2228.25,2247.949951171875,2185.699951171875,2241.85009765625,1181706
2025-02-13,2212.501953125,2236.39990234375,2249.949951171875,2220.0,2228.25,921923
2025-02-14,2207.456787109375,2231.300048828125,2250.550048828125,2203.0,2236.39990234375,1380052
2025-02-17,2226.7978515625,2250.85009765625,2260.0,2226.050048828125,2231.300048828125,923900
2025-02-18,2213.689208984375,2237.60009765625,2251.949951171875,2218.75,2248.0,735853
2025-02-19,2215.17333984375,2239.10009765625,2249.800048828125,2226.10009765625,2237.60009765625,645234
2025-02-20,2225.016845703125,2249.050048828125,2257.10009765625,2231.050048828125,2239.10009765625,637442
2025-02-21,2233.475830078125,2257.60009765625,2265.800048828125,2237.0,2249.050048828125,755585
2025-02-24,2222.197265625,2246.199951171875,2259.0,2241.0,2245.89990234375,765042
2025-02-25,2200.9765625,2224.75,2257.10009765625,2217.699951171875,2246.199951171875,947702
2025-02-27,2189.9951171875,2213.64990234375,2228.39990234375,2198.0,2214.0,1027196
2025-02-28,2156.45751953125,2179.75,2211.35009765625,2175.800048828125,2210.0,1701193
2025-03-03,2143.25,2166.39990234375,2193.35009765625,2129.0,2179.75,959068
2025-03-04,2109.31689453125,2132.10009765625,2159.85009765625,2124.75,2154.050048828125,2180989
2025-03-05,2141.024169921875,2164.14990234375,2182.800048828125,2124.75,2132.0,1535212
2025-03-06,2243.467529296875,2267.699951171875,2275.0,2183.10009765625,2189.85009765625,1985096
2025-03-07,2245.7431640625,2270.0,2277.949951171875,2248.0,2267.699951171875,921429
2025-03-10,2254.25146484375,2278.60009765625,2293.0,2261.85009765625,2270.0,1072395
2025-03-11,2262.957275390625,2287.39990234375,2290.89990234375,2257.89990234375,2274.0,601228
2025-03-12,2227.242919921875,2251.300048828125,2295.949951171875,2247.0,2287.39990234375,749216
2025-03-13,2207.456787109375,2231.300048828125,2257.199951171875,2222.5,2255.25,747470
2025-03-17,2195.832275390625,2219.550048828125,2239.25,2196.050048828125,2205.0,838015
2025-03-18,2195.832275390625,2219.550048828125,2219.550048828125,2219.550048828125,2219.550048828125,0
2025-03-19,2256.32861328125,2280.699951171875,2287.949951171875,2267.85009765625,2274.0,663292
2025-03-20,2262.75927734375,2287.199951171875,2307.0,2268.75,2290.0,1166849
2025-03-21,2275.818359375,2300.39990234375,2314.5,2277.85009765625,2291.64990234375,1624115
2025-03-24,2297.681884765625,2322.5,2330.25,2302.10009765625,2302.39990234375,1100353
2025-03-25,2305.843994140625,2330.75,2344.5,2308.0,2325.0,1828005
2025-03-26,2298.324951171875,2323.14990234375,2340.949951171875,2304.0,2340.0,1934287
2025-03-27,2313.115478515625,2338.10009765625,2350.10009765625,2290.5,2315.0,1497861
2025-03-28,2315.63818359375,2340.64990234375,2364.0,2325.0,2343.949951171875,1281871
2025-04-01,2291.25146484375,2316.0,2361.699951171875,2305.75,2342.0,970583
2025-04-02,2282.00146484375,2306.64990234375,2328.39990234375,2292.14990234375,2328.0,792693
2025-04-03,2324.294677734375,2349.39990234375,2354.89990234375,2289.800048828125,2295.0,608846
2025-04-04,2330.87353515625,2356.050048828125,2363.949951171875,2302.800048828125,2349.39990234375,1163188
2025-04-07,2316.330810546875,2341.35009765625,2354.0,2190.0,2190.0,1745817
2025-04-08,2368.615966796875,2394.199951171875,2420.0,2356.0,2356.0,1876867
2025-04-09,2385.384765625,2411.14990234375,2429.449951171875,2390.89990234375,2400.0,1186937
2025-04-11,2368.0224609375,2393.60009765625,2448.0,2380.25,2439.5,968152
2025-04-15,2389.88623046875,2415.699951171875,2425.0,2385.0,2414.89990234375,1141122
2025-04-16,2433.61376953125,2459.89990234375,2468.5,2403.699951171875,2405.10009765625,1166695
2025-04-17,2441.528076171875,2467.89990234375,2476.39990234375,2431.0,2459.89990234375,885840
2025-04-21,2418.873046875,2445.0,2470.89990234375,2441.0,2465.89990234375,541913
2025-04-22,2406.011962890625,2432.0,2450.0,2413.5,2445.0,543647
2025-04-23,2426.88671875,2453.10009765625,2456.60009765625,2425.60009765625,2437.0,744684
2025-04-24,2438.065673828125,2464.39990234375,2491.0,2435.89990234375,2450.0,1203452
2025-04-25,2405.6162109375,2431.60009765625,2468.699951171875,2413.699951171875,2464.300048828125,702217
2025-04-28,2425.99609375,2452.199951171875,2459.800048828125,2405.0,2419.89990234375,554920
2025-04-29,2424.907958984375,2451.10009765625,2472.0,2441.60009765625,2460.0,1235066
2025-04-30,2399.779296875,2425.699951171875,2462.199951171875,2401.5,2450.0,1479669
2025-05-02,2384.2470703125,2410.0,2444.89990234375,2398.0,2425.0,744673
2025-05-05,2410.859375,2436.89990234375,2475.0,2423.10009765625,2423.10009765625,1229588
2025-05-06,2392.16162109375,2418.0,2449.89990234375,2391.10009765625,2442.0,702802
2025-05-07,2309.158203125,2334.10009765625,2405.699951171875,2318.5,2388.0,1711738
2025-05-08,2277.99462890625,2302.60009765625,2349.10009765625,2293.5,2322.0,2292261
2025-05-09,2275.02685546875,2299.60009765625,2331.800048828125,2245.0,2246.60009765625,1503010
2025-05-12,2331.2197265625,2356.39990234375,2378.5,2321.0,2330.0,940135
2025-05-13,2299.759765625,2324.60009765625,2358.0,2315.10009765625,2354.0,1220489
2025-05-14,2257.91162109375,2282.300048828125,2319.0,2277.10009765625,2319.0,1549845
2025-05-15,2305.0029296875,2329.89990234375,2335.5,2268.0,2285.0,1675015
2025-05-16,2328.449951171875,2353.60009765625,2355.0,2315.0,2333.89990234375,785113
2025-05-19,2306.487060546875,2331.39990234375,2378.89990234375,2326.60009765625,2353.60009765625,552961
2025-05-20,2271.069580078125,2295.60009765625,2347.699951171875,2291.39990234375,2347.5,1095824
2025-05-21,2287.68994140625,2312.39990234375,2316.199951171875,2290.0,2296.0,469330
2025-05-22,2274.630859375,2299.199951171875,2310.0,2283.10009765625,2309.199951171875,916504
2025-05-23,2290.7568359375,2315.5,2329.0,2295.0,2301.800048828125,458035
2025-05-26,2302.331787109375,2327.199951171875,2338.0,2302.800048828125,2316.0,1258062
2025-05-27,2302.727783203125,2327.60009765625,2351.60009765625,2301.10009765625,2313.10009765625,2485428
2025-05-28,2278.58837890625,2303.199951171875,2333.0,2300.300048828125,2327.60009765625,774808
2025-05-29,2269.783447265625,2294.300048828125,2309.0,2286.5,2303.199951171875,1414643
2025-05-30,2234.959716796875,2259.10009765625,2304.0,2255.0,2296.5,3610431
2025-06-02,2242.478515625,2266.699951171875,2272.300048828125,2257.89990234375,2259.10009765625,702789
2025-06-03,2231.595947265625,2255.699951171875,2287.300048828125,2246.699951171875,2272.60009765625,792587
2025-06-04,2224.967529296875,2249.0,2261.0,2240.89990234375,2249.5,768079
2025-06-05,2219.5263671875,2243.5,2261.0,2233.0,2251.10009765625,996614
2025-06-06,2221.2080078125,2245.199951171875,2252.60009765625,2239.0,2249.10009765625,822087
2025-06-09,2223.879150390625,2247.89990234375,2255.800048828125,2236.0,2240.0,1041851
2025-06-10,2215.4423828125,2218.89990234375,2240.0,2215.199951171875,2240.0,1809051
2025-06-11,2205.358154296875,2208.800048828125,2225.89990234375,2207.199951171875,2209.0,1430888
2025-06-12,2215.941650390625,2219.39990234375,2263.0,2208.10009765625,2224.0,3417373
2025-06-13,2210.749755859375,2214.199951171875,2217.10009765625,2174.800048828125,2175.0,1786807
2025-06-16,2241.302001953125,2244.800048828125,2250.0,2209.300048828125,2214.199951171875,1301826
2025-06-17,2261.27099609375,2264.800048828125,2281.0,2227.0,2231.0,1540986
2025-06-18,2277.844970703125,2281.39990234375,2284.0,2255.0,2257.0,1131156
2025-06-19,2264.4658203125,2268.0,2285.0,2264.0,2270.0,524926
2025-06-20,2282.13818359375,2285.699951171875,2289.89990234375,2263.0,2267.0,1945026
2025-06-23,2260.572021484375,2264.10009765625,2272.800048828125,2253.89990234375,2261.199951171875,596186
2025-06-24,2271.754638671875,2275.300048828125,2309.699951171875,2268.89990234375,2305.0,1044179
2025-06-25,2276.34716796875,2279.89990234375,2294.300048828125,2275.39990234375,2276.10009765625,807368
2025-06-26,2286.23193359375,2289.800048828125,2292.60009765625,2280.199951171875,2287.0,921519
2025-06-27,2355.0244140625,2358.699951171875,2364.5,2277.10009765625,2283.0,1555059
2025-06-30,2337.4521484375,2341.10009765625,2369.89990234375,2326.10009765625,2362.0,785414
2025-07-01,2365.807861328125,2369.5,2400.0,2350.199951171875,2380.5,1232160
2025-07-02,2415.6298828125,2419.39990234375,2430.0,2327.0,2340.0,1936030
2025-07-03,2427.112060546875,2430.89990234375,2464.39990234375,2425.0,2428.89990234375,1547480
2025-07-04,2420.42236328125,2424.199951171875,2443.0,2412.0,2430.89990234375,602309
2025-07-07,2438.99365234375,2442.800048828125,2465.10009765625,2421.0,2423.300048828125,869054
2025-07-08,2480.728515625,2484.60009765625,2488.0,2437.300048828125,2440.5,1136367
2025-07-09,2495.006103515625,2498.89990234375,2535.0,2492.89990234375,2520.5,2328636
2025-07-10,2447.38037109375,2451.199951171875,2512.0,2445.10009765625,2507.300048828125,932859
2025-07-11,2435.399169921875,2439.199951171875,2484.800048828125,2435.5,2447.5,1050411
2025-07-14,2397.85791015625,2401.60009765625,2448.60009765625,2391.0,2431.10009765625,891618
2025-07-15,2389.770263671875,2393.5,2415.0,2386.300048828125,2409.89990234375,610228
2025-07-16,2406.743896484375,2410.5,2422.39990234375,2371.0,2381.0,1200909
2025-07-17,2395.161865234375,2398.89990234375,2414.0,2394.0,2404.10009765625,526163
2025-07-18,2378.6875,2382.39990234375,2405.0,2372.300048828125,2400.60009765625,599552
2025-07-21,2371.698486328125,2375.39990234375,2408.0,2360.800048828125,2382.39990234375,390931
2025-07-22,2361.514404296875,2365.199951171875,2380.800048828125,2361.300048828125,2375.39990234375,411317
2025-07-23,2371.698486328125,2375.39990234375,2384.699951171875,2352.60009765625,2363.0,368999
2025-07-24,2348.43505859375,2352.10009765625,2380.0,2341.0,2375.39990234375,506960
2025-07-25,2332.5595703125,2336.199951171875,2350.5,2325.800048828125,2340.0,383636
2025-07-28,2355.92333984375,2359.60009765625,2366.39990234375,2320.0,2336.199951171875,650364
2025-07-29,2397.7578125,2401.5,2418.300048828125,2325.0,2359.0,1742815
2025-07-30,2412.03564453125,2415.800048828125,2443.800048828125,2366.5,2409.0,1685818
2025-07-31,2392.366455078125,2396.10009765625,2417.199951171875,2373.5,2401.39990234375,1274735
2025-08-01,2427.2119140625,2431.0,2472.0,2378.0,2378.0,2225293
2025-08-04,2445.982666015625,2449.800048828125,2467.0,2439.60009765625,2443.199951171875,1165898
2025-08-05,2433.0029296875,2436.800048828125,2463.699951171875,2409.10009765625,2461.89990234375,659094
2025-08-06,2487.318115234375,2491.199951171875,2505.60009765625,2440.0,2440.0,2019109
2025-08-07,2502.59423828125,2506.5,2510.0,2466.89990234375,2484.10009765625,1502806
2025-08-08,2471.742431640625,2475.60009765625,2511.699951171875,2468.5,2506.5,1178226
2025-08-11,2485.221435546875,2489.10009765625,2504.199951171875,2452.0,2463.89990234375,721135
2025-08-12,2474.438232421875,2478.300048828125,2502.800048828125,2474.0,2489.10009765625,608984
2025-08-13,2496.303955078125,2500.199951171875,2504.39990234375,2461.199951171875,2479.800048828125,350844
2025-08-14,2524.759521484375,2528.699951171875,2534.89990234375,2497.699951171875,2505.0,1088550
2025-08-18,2583.3681640625,2587.39990234375,2595.0,2536.60009765625,2550.0,1755615
2025-08-19,2575.380615234375,2579.39990234375,2595.0,2561.199951171875,2587.39990234375,698587
2025-08-20,2566.09521484375,2570.10009765625,2579.300048828125,2563.39990234375,2578.0,308028
2025-08-21,2562.6005859375,2566.60009765625,2576.0,2559.300048828125,2574.89990234375,781082
2025-08-22,2500.597412109375,2504.5,2569.300048828125,2501.10009765625,2562.800048828125,523774
2025-08-25,2489.015380859375,2492.89990234375,2522.5,2476.0,2516.0,766497
2025-08-26,2477.533203125,2481.39990234375,2523.300048828125,2468.0,2481.10009765625,7106393
2025-08-28,2485.12158203125,2489.0,2528.0,2465.0,2465.0,1485769
2025-08-29,2514.675537109375,2518.60009765625,2531.60009765625,2490.0,2491.0,1798653
2025-09-01,2566.195068359375,2570.199951171875,2577.800048828125,2515.10009765625,2518.0,1314833
2025-09-02,2536.0419921875,2540.0,2571.89990234375,2531.0,2569.0,1024054
2025-09-03,2549.92041015625,2553.89990234375,2565.10009765625,2527.300048828125,2530.0,925847
2025-09-04,2564.59765625,2568.60009765625,2583.0,2553.0,2553.89990234375,933071
2025-09-05,2575.8798828125,2579.89990234375,2602.0,2565.0,2565.0,1153436
2025-09-08,2526.8564453125,2530.800048828125,2589.60009765625,2526.39990234375,2579.89990234375,742880
2025-09-09,2533.346435546875,2537.300048828125,2551.60009765625,2524.800048828125,2540.0,702450
2025-09-10,2539.3369140625,2543.300048828125,2555.0,2525.10009765625,2537.300048828125,520584
2025-09-11,2551.917236328125,2555.89990234375,2559.5,2535.699951171875,2541.0,423961
2025-09-12,2542.332275390625,2546.300048828125,2568.300048828125,2537.199951171875,2560.0,547539
2025-09-15,2498.700439453125,2502.60009765625,2543.5,2498.0,2535.10009765625,583051
2025-09-16,2477.033935546875,2480.89990234375,2509.89990234375,2474.5,2495.0,760790
2025-09-17,2489.71435546875,2493.60009765625,2496.89990234375,2480.800048828125,2482.0,359627
2025-09-18,2474.837646484375,2478.699951171875,2506.199951171875,2469.300048828125,2497.89990234375,400796
2025-09-19,2477.832763671875,2481.699951171875,2509.5,2468.5,2475.0,3731525
2025-09-22,2478.831298828125,2482.699951171875,2503.0,2474.10009765625,2494.10009765625,872806
2025-09-23,2443.0869140625,2446.89990234375,2483.800048828125,2428.0,2472.10009765625,1332111
2025-09-24,2453.37109375,2457.199951171875,2475.0,2443.199951171875,2446.0,637749
2025-09-25,2400.25390625,2404.0,2462.699951171875,2388.0,2458.5,1518215
2025-09-26,2339.1494140625,2342.800048828125,2400.0,2339.0,2397.5,1089446
2025-09-29,2338.94970703125,2342.60009765625,2363.699951171875,2329.199951171875,2342.89990234375,950369
2025-09-30,2346.338134765625,2350.0,2388.800048828125,2340.0,2352.0,778874
2025-10-01,2332.160400390625,2335.800048828125,2357.0,2321.199951171875,2353.39990234375,648279
2025-10-03,2354.1259765625,2357.800048828125,2362.699951171875,2336.10009765625,2342.199951171875,659872
2025-10-06,2351.130615234375,2354.800048828125,2359.199951171875,2334.10009765625,2355.0,362107
2025-10-07,2349.1337890625,2352.800048828125,2371.39990234375,2346.0,2355.0,498524
2025-10-08,2324.87158203125,2328.5,2369.39990234375,2320.0,2360.0,701799
2025-10-09,2332.75927734375,2336.39990234375,2341.0,2323.800048828125,2328.5,587567
2025-10-10,2336.553466796875,2340.199951171875,2357.800048828125,2336.60009765625,2338.89990234375,1117236
2025-10-13,2338.849853515625,2342.5,2366.60009765625,2337.0,2340.199951171875,667732
2025-10-14,2314.488037109375,2318.10009765625,2355.0,2308.0,2342.39990234375,353345
2025-10-15,2371.399169921875,2375.10009765625,2384.0,2325.0,2330.0,753640
2025-10-16,2405.945068359375,2409.699951171875,2420.800048828125,2366.89990234375,2377.0,715890
2025-10-17,2503.892333984375,2507.800048828125,2544.0,2421.0,2421.0,3719960
2025-10-20,2512.079345703125,2516.0,2537.10009765625,2500.699951171875,2507.800048828125,714986
2025-10-21,2500.697265625,2504.60009765625,2519.199951171875,2484.0,2513.0,107942
2025-10-23,2498.50048828125,2502.39990234375,2546.0,2496.800048828125,2518.89990234375,811738
2025-10-24,2497.701904296875,2501.60009765625,2506.699951171875,2486.300048828125,2495.0,327596
2025-10-27,2514.875244140625,2518.800048828125,2530.0,2499.60009765625,2501.60009765625,550089
2025-10-28,2505.389892578125,2509.300048828125,2528.60009765625,2492.0,2515.0,1103957
2025-10-29,2534.744140625,2538.699951171875,2550.800048828125,2512.5,2520.0,615292
2025-10-30,2519.56787109375,2523.5,2538.699951171875,2513.300048828125,2535.5,736486
2025-10-31,2506.8876953125,2510.800048828125,2530.0,2505.300048828125,2523.39990234375,609128
2025-11-03,2508.285400390625,2512.199951171875,2515.300048828125,2495.0,2496.199951171875,425210
2025-11-04,2482.824951171875,2486.699951171875,2521.0,2479.699951171875,2510.0,527087
2025-11-06,2598.843994140625,2602.89990234375,2631.0,2560.10009765625,2560.10009765625,4448622
2025-11-07,2609.72705078125,2613.800048828125,2618.89990234375,2585.0,2602.89990234375,791663
2025-11-10,2646.27001953125,2650.39990234375,2666.800048828125,2611.10009765625,2613.800048828125,1706880
2025-11-11,2653.059326171875,2657.199951171875,2664.89990234375,2633.39990234375,2650.39990234375,776404
2025-11-12,2765.484130859375,2769.800048828125,2838.699951171875,2642.10009765625,2660.0,2859196
2025-11-13,2874.9130859375,2879.39990234375,2897.10009765625,2840.0,2858.89990234375,5933630
2025-11-14,2901.87109375,2906.39990234375,2909.89990234375,2862.0,2865.10009765625,2494076
2025-11-17,2883.39990234375,2887.89990234375,2926.89990234375,2880.0,2906.39990234375,1230683
2025-11-18,2906.0,2906.0,2916.0,2862.10009765625,2886.0,1819066
2025-11-19,2893.699951171875,2893.699951171875,2916.0,2887.199951171875,2914.0,1387906
2025-11-20,2859.800048828125,2859.800048828125,2906.10009765625,2852.5,2897.39990234375,1062883
2025-11-21,2876.60009765625,2876.60009765625,2895.60009765625,2854.10009765625,2869.0,857340
2025-11-24,2879.199951171875,2879.199951171875,2896.5,2864.5,2876.0,5404326
2025-11-25,2875.800048828125,2875.800048828125,2908.5,2869.0,2899.89990234375,972417
2025-11-26,2874.0,2874.0,2896.199951171875,2857.60009765625,2880.0,570376
2025-11-27,2879.10009765625,2879.10009765625,2914.5,2871.39990234375,2880.0,1158685
2025-11-28,2874.39990234375,2874.39990234375,2889.89990234375,2855.800048828125,2880.0,748446
2025-12-01,2867.60009765625,2867.60009765625,2887.5,2848.0,2877.699951171875,499153
2025-12-02,2954.39990234375,2954.39990234375,2962.0,2861.199951171875,2867.0,2102147
2025-12-03,2953.5,2953.5,2969.199951171875,2932.60009765625,2969.0,1252456
2025-12-04,2957.199951171875,2957.199951171875,2985.699951171875,2934.0,2950.0,1466098
2025-12-05,2968.5,2968.5,2973.5,2941.0,2955.0,944978
2025-12-08,2928.300048828125,2928.300048828125,2974.5,2914.800048828125,2970.0,983544
2025-12-09,2796.0,2796.0,2913.5,2788.5,2910.0,1839391
2025-12-10,2804.5,2804.5,2824.0,2796.699951171875,2810.0,845073
2025-12-11,2779.39990234375,2779.39990234375,2811.60009765625,2763.199951171875,2800.0,777422
2025-12-12,2764.800048828125,2764.800048828125,2797.0,2746.0,2795.0,977696
2025-12-15,2780.199951171875,2780.199951171875,2802.0,2758.699951171875,2773.10009765625,1029674
2025-12-16,2790.89990234375,2790.89990234375,2808.0,2776.10009765625,2793.0,916244
2025-12-17,2785.699951171875,2785.699951171875,2806.5,2772.0,2800.0,636499
2025-12-18,2759.699951171875,2759.699951171875,2793.800048828125,2755.300048828125,2780.0,417994
2025-12-19,2799.89990234375,2799.89990234375,2812.39990234375,2759.699951171875,2766.39990234375,3895542
2025-12-22,2807.60009765625,2807.60009765625,2823.10009765625,2780.300048828125,2785.800048828125,463953
2025-12-23,2807.800048828125,2807.800048828125,2819.0,2783.10009765625,2798.0,431068
2025-12-24,2785.5,2785.5,2824.699951171875,2782.0,2807.800048828125,512144
2025-12-26,2746.5,2746.5,2794.39990234375,2743.0,2785.0,532078
2025-12-29,2775.39990234375,2775.39990234375,2793.800048828125,2735.0,2746.5,815529
2025-12-30,2758.300048828125,2758.300048828125,2792.39990234375,2741.0,2770.300048828125,4833527
2025-12-31,2769.5,2769.5,2796.800048828125,2754.89990234375,2755.0,1274705
2026-01-01,2752.0,2752.0,2782.699951171875,2746.10009765625,2775.89990234375,327945
2026-01-02,2772.60009765625,2772.60009765625,2799.0,2755.800048828125,2755.800048828125,508884
2026-01-05,2815.60009765625,2815.60009765625,2828.0,2769.0,2770.0,866733
2026-01-06,2845.800048828125,2845.800048828125,2848.39990234375,2811.60009765625,2820.0,875891
2026-01-07,2809.39990234375,2809.39990234375,2854.699951171875,2801.10009765625,2845.800048828125,636748
2026-01-08,2786.5,2786.5,2804.699951171875,2770.10009765625,2795.0,620031
2026-01-09,2825.5,2825.5,2856.699951171875,2786.199951171875,2789.89990234375,1657381
2026-01-12,2896.39990234375,2896.39990234375,2900.0,2808.0,2826.0,1743901
2026-01-13,2886.300048828125,2886.300048828125,2914.5,2870.800048828125,2900.0,1051986
2026-01-14,2813.89990234375,2813.89990234375,2884.0,2807.300048828125,2884.0,958254
2026-01-15,2813.89990234375,2813.89990234375,2813.89990234375,2813.89990234375,2813.89990234375,0
2026-01-16,2756.89990234375,2756.89990234375,2826.5,2750.5,2787.89990234375,1143463
2026-01-19,2754.0,2754.0,2786.300048828125,2724.699951171875,2756.89990234375,1342048
2026-01-20,2675.60009765625,2675.60009765625,2740.10009765625,2669.300048828125,2740.0,911151
2026-01-21,2661.10009765625,2661.10009765625,2688.0,2648.0,2670.0,914318
2026-01-22,2703.800048828125,2703.800048828125,2729.89990234375,2665.300048828125,2665.300048828125,1290346
2026-01-23,2703.699951171875,2703.699951171875,2782.89990234375,2690.800048828125,2703.800048828125,1786635
2026-01-27,2622.800048828125,2622.800048828125,2734.699951171875,2546.0,2719.89990234375,3818761
2026-01-28,2511.800048828125,2511.800048828125,2548.5,2451.0,2535.0,3430002
2026-01-29,2416.0,2416.0,2514.89990234375,2410.0,2511.800048828125,3488159
2026-01-30,2428.300048828125,2428.300048828125,2445.0,2400.5,2417.0,2048843
2026-02-02,2402.0,2402.0,2429.5,2372.0,2374.89990234375,1183482
2026-02-03,2426.0,2426.0,2525.0,2391.0,2525.0,2233860
2026-02-04,2452.699951171875,2452.699951171875,2463.800048828125,2417.10009765625,2430.0,970973
2026-02-05,2432.10009765625,2432.10009765625,2455.800048828125,2402.60009765625,2445.0,1047405
2026-02-06,2401.10009765625,2401.10009765625,2444.0,2386.10009765625,2432.0,1043982
2026-02-09,2417.39990234375,2417.39990234375,2426.199951171875,2396.800048828125,2404.0,669839
2026-02-10,2393.60009765625,2393.60009765625,2420.0,2386.89990234375,2419.0,1513620
2026-02-11,2392.5,2392.5,2405.699951171875,2376.300048828125,2399.0,3177710
2026-02-12,2410.5,2410.5,2413.89990234375,2377.0,2398.0,607767
2026-02-13,2366.39990234375,2366.39990234375,2411.800048828125,2360.10009765625,2408.89990234375,675635
2026-02-16,2397.199951171875,2397.199951171875,2405.10009765625,2356.800048828125,2360.0,683108
2026-02-17,2437.39990234375,2437.39990234375,2452.39990234375,2399.5,2399.5,1004356
2026-02-18,2432.10009765625,2432.10009765625,2448.199951171875,2416.5,2440.0,551809
2026-02-19,2400.800048828125,2400.800048828125,2428.0,2391.10009765625,2420.0,971600
2026-02-20,2428.10009765625,2428.10009765625,2435.699951171875,2376.10009765625,2378.199951171875,790329
2026-02-23,2429.699951171875,2429.699951171875,2446.60009765625,2411.5,2424.699951171875,634365
2026-02-24,2413.10009765625,2413.10009765625,2441.5,2403.699951171875,2413.0,499660
2026-02-25,2416.39990234375,2416.39990234375,2427.89990234375,2400.0,2416.0,526764
2026-02-26,2394.89990234375,2394.89990234375,2422.199951171875,2382.0,2416.10009765625,588742
2026-02-27,2376.199951171875,2376.199951171875,2397.60009765625,2359.0,2385.0,2531619
2026-03-02,2307.10009765625,2307.10009765625,2337.89990234375,2283.5,2300.0,2528308
2026-03-04,2285.199951171875,2285.199951171875,2290.89990234375,2216.300048828125,2260.699951171875,1610358
2026-03-05,2287.800048828125,2287.800048828125,2313.0,2253.699951171875,2285.199951171875,925040
2026-03-06,2279.5,2279.5,2307.89990234375,2253.699951171875,2261.699951171875,979742
2026-03-09,2220.800048828125,2220.800048828125,2230.0,2162.60009765625,2200.0,2198153
2026-03-10,2280.39990234375,2280.39990234375,2305.10009765625,2251.60009765625,2251.60009765625,1192174
2026-03-11,2232.0,2232.0,2302.0,2226.0,2290.0,687786
2026-03-12,2221.199951171875,2221.199951171875,2249.89990234375,2201.0,2208.0,1384055
2026-03-13,2196.800048828125,2196.800048828125,2219.699951171875,2190.0,2204.699951171875,949233
2026-03-16,2217.699951171875,2217.699951171875,2227.800048828125,2175.10009765625,2185.39990234375,1111587
2026-03-17,2238.199951171875,2238.199951171875,2261.5,2217.199951171875,2217.699951171875,875461
2026-03-18,2262.10009765625,2262.10009765625,2270.39990234375,2228.60009765625,2235.10009765625,844912
2026-03-19,2186.0,2186.0,2239.0,2180.60009765625,2220.0,889334
2026-03-20,2195.39990234375,2195.39990234375,2224.5,2185.0,2210.89990234375,875920
2026-03-23,2121.300048828125,2121.300048828125,2180.0,2115.0,2180.0,978398
2026-03-24,2217.300048828125,2217.300048828125,2224.5,2153.300048828125,2184.0,1561016
2026-03-25,2270.199951171875,2270.199951171875,2289.699951171875,2222.0,2225.10009765625,1270855
2026-03-27,2207.39990234375,2207.39990234375,2269.0,2201.10009765625,2246.300048828125,1089010
2026-03-30,2165.199951171875,2165.199951171875,2202.89990234375,2151.0,2185.300048828125,1513565
2026-04-01,2225.800048828125,2225.800048828125,2246.60009765625,2198.39990234375,2224.800048828125,1209900
2026-04-02,2169.0,2169.0,2185.10009765625,2142.39990234375,2185.0,1854061
2026-04-06,2184.300048828125,2184.300048828125,2193.199951171875,2145.89990234375,2169.0,2048228
2026-04-07,2186.199951171875,2186.199951171875,2198.699951171875,2145.0,2167.699951171875,1793007
2026-04-08,2282.39990234375,2282.39990234375,2336.89990234375,2245.199951171875,2284.5,2914767
2026-04-09,2269.60009765625,2269.60009765625,2289.60009765625,2252.0,2275.0,1980060
2026-04-10,2360.699951171875,2360.699951171875,2376.89990234375,2267.699951171875,2267.699951171875,3018178
2026-04-13,2352.39990234375,2352.39990234375,2362.5,2262.0,2279.89990234375,1734562
2026-04-15,2423.10009765625,2423.10009765625,2426.0,2381.0,2400.5,1182431
2026-04-16,2440.300048828125,2440.300048828125,2446.60009765625,2411.60009765625,2435.0,1496210
2026-04-17,2464.0,2464.0,2486.10009765625,2417.5,2425.0,1286575
2026-04-20,2516.800048828125,2516.800048828125,2523.800048828125,2456.5,2470.0,1203157
2026-04-21,2543.60009765625,2543.60009765625,2582.0,2513.699951171875,2516.300048828125,1681872
2026-04-22,2562.89990234375,2562.89990234375,2572.0,2500.0,2500.0,1126584
2026-04-23,2521.39990234375,2521.39990234375,2541.699951171875,2510.0,2530.0,1378614
2026-04-24,2485.10009765625,2485.10009765625,2538.89990234375,2470.699951171875,2521.39990234375,436871
2026-04-27,2485.199951171875,2485.199951171875,2519.800048828125,2475.5,2503.0,452134
2026-04-28,2462.60009765625,2462.60009765625,2499.0,2456.10009765625,2475.0,556571
2026-04-29,2447.300048828125,2447.300048828125,2477.89990234375,2438.60009765625,2469.89990234375,603585
2026-04-30,2444.5,2444.5,2455.89990234375,2385.5,2426.699951171875,823684
2026-05-01,2444.5,2444.5,2444.5,2444.5,2444.5,0
2026-05-04,2448.10009765625,2448.10009765625,2507.0,2442.300048828125,2460.0,581159
2026-05-05,2430.0,2430.0,2454.89990234375,2415.0,2430.0,327682
2026-05-06,2519.0,2519.0,2529.0,2440.39990234375,2460.0,1395987
2026-05-07,2530.60009765625,2530.60009765625,2555.800048828125,2511.300048828125,2534.60009765625,1053513
2026-05-08,2599.89990234375,2599.89990234375,2607.39990234375,2515.39990234375,2540.0,2327900
2026-05-11,2566.10009765625,2566.10009765625,2607.89990234375,2555.0,2578.89990234375,1271257
2026-05-12,2505.5,2505.5,2555.699951171875,2500.0,2546.199951171875,628802
2026-05-13,2617.60009765625,2617.60009765625,2642.39990234375,2554.0,2554.0,3515018
2026-05-14,2622.199951171875,2622.199951171875,2665.699951171875,2610.0,2620.0,1040916
2026-05-15,2605.60009765625,2605.60009765625,2640.0,2592.800048828125,2622.199951171875,796240
2026-05-18,2614.0,2614.0,2619.39990234375,2556.0,2580.10009765625,898479
2026-05-19,2600.699951171875,2600.699951171875,2646.0,2595.10009765625,2629.0,688639
2026-05-20,2598.60009765625,2598.60009765625,2614.0,2562.0,2562.0,586190
2026-05-21,2598.800048828125,2598.800048828125,2648.300048828125,2590.800048828125,2625.0,1031843
2026-05-22,2639.800048828125,2639.800048828125,2664.699951171875,2600.199951171875,2606.10009765625,1556434
2026-05-25,2657.800048828125,2657.800048828125,2684.10009765625,2653.199951171875,2672.0,815621
2026-05-26,2647.0,2647.0,2664.300048828125,2635.89990234375,2650.0,486267
2026-05-27,2671.89990234375,2671.89990234375,2689.60009765625,2642.0,2644.800048828125,858457
2026-05-28,2671.89990234375,2671.89990234375,2671.89990234375,2671.89990234375,2671.89990234375,0
2026-05-29,2671.60009765625,2671.60009765625,2748.199951171875,2631.60009765625,2676.10009765625,5062328
2026-06-01,2632.39990234375,2632.39990234375,2778.800048828125,2626.699951171875,2732.60009765625,2224344
2026-06-02,2660.699951171875,2660.699951171875,2672.10009765625,2607.89990234375,2626.10009765625,1026319
2026-06-03,2662.39990234375,2662.39990234375,2676.0,2624.699951171875,2652.10009765625,958774
2026-06-04,2661.60009765625,2661.60009765625,2698.800048828125,2644.89990234375,2663.89990234375,1840743
2026-06-05,2686.699951171875,2686.699951171875,2699.800048828125,2665.0,2666.0,1615011
2026-06-08,2659.199951171875,2659.199951171875,2675.0,2630.10009765625,2643.300048828125,1262904
2026-06-09,2708.10009765625,2708.10009765625,2719.0,2661.5,2666.199951171875,1416560
2026-06-10,2715.10009765625,2715.10009765625,2744.0,2700.0,2711.10009765625,1395772
2026-06-11,2690.89990234375,2690.89990234375,2706.699951171875,2671.0,2693.89990234375,771558
