Date,Adj Close,Close,High,Low,Open,Volume
,AXISBANK.NS,AXISBANK.NS,AXISBANK.NS,AXISBANK.NS,AXISBANK.NS,AXISBANK.NS
2021-01-01,621.2062377929688,623.7999877929688,625.4500122070312,617.5499877929688,620.25,6047062
2021-01-04,622.1024780273438,624.7000122070312,633.0,621.2999877929688,627.7999877929688,14068156
2021-01-05,661.6871948242188,664.4500122070312,667.9000244140625,618.0,618.0,37973963
2021-01-06,651.5296630859375,654.25,667.1500244140625,649.1500244140625,662.0,20829645
2021-01-07,668.3095703125,671.0999755859375,676.5,659.0,659.0,17887570
2021-01-08,669.90283203125,672.7000122070312,678.8499755859375,668.5,678.0,12272794
2021-01-11,664.1768798828125,666.9500122070312,676.6500244140625,660.1500244140625,676.0,7928365
2021-01-12,672.8904418945312,675.7000122070312,685.0,659.25,661.2999877929688,13301893
2021-01-13,684.9400634765625,687.7999877929688,691.2000122070312,669.0499877929688,676.0,15645903
2021-01-14,673.1891479492188,676.0,687.7999877929688,674.6500244140625,678.5,9337503
2021-01-15,672.0439453125,674.8499755859375,682.9500122070312,669.5999755859375,677.5999755859375,12339771
2021-01-18,654.2681884765625,657.0,675.0,651.1500244140625,674.4500122070312,13460603
2021-01-19,665.9692993164062,668.75,671.9500122070312,659.75,663.5499877929688,9010539
2021-01-20,672.9402465820312,675.75,680.9500122070312,664.0,664.0,9980614
2021-01-21,673.039794921875,675.8499755859375,695.0,669.75,680.75,15849438
2021-01-22,641.820068359375,644.5,673.9000244140625,638.7999877929688,670.0,21392223
2021-01-25,655.662353515625,658.4000244140625,668.0,639.3499755859375,654.0,21325345
2021-01-27,629.4717407226562,632.0999755859375,663.7999877929688,627.4000244140625,659.9500122070312,24462588
2021-01-28,667.9112548828125,670.7000122070312,674.7000122070312,616.0,622.0,64303975
2021-01-29,660.1436767578125,662.9000244140625,675.8499755859375,653.0,671.0,31273252
2021-02-01,706.4004516601562,709.3499755859375,717.0,654.3499755859375,665.0,30648270
2021-02-02,711.2303466796875,714.2000122070312,744.9500122070312,704.2000122070312,719.25,28703320
2021-02-03,730.7488403320312,733.7999877929688,736.7999877929688,715.5499877929688,720.0,23541361
2021-02-04,740.806884765625,743.9000244140625,745.5,720.5999755859375,730.0,20490289
2021-02-05,716.60791015625,719.5999755859375,766.2999877929688,717.0,749.0,31121503
2021-02-08,733.089111328125,736.1500244140625,747.7999877929688,726.0,726.0,15662890
2021-02-09,739.4126586914062,742.5,750.0,726.2000122070312,735.75,22307807
2021-02-10,731.74462890625,734.7999877929688,746.4000244140625,726.0999755859375,741.5499877929688,15140744
2021-02-11,737.0226440429688,740.0999755859375,744.1500244140625,731.0,731.0,11897710
2021-02-12,747.2798461914062,750.4000244140625,754.7000122070312,734.5499877929688,735.5,15668442
2021-02-15,790.698486328125,794.0,799.0,753.9000244140625,759.9000244140625,20648115
2021-02-16,771.8273315429688,775.0499877929688,799.0,767.0,799.0,23968943
2021-02-17,774.51611328125,777.75,785.0,764.2999877929688,774.0,16956357
2021-02-18,773.7692260742188,777.0,782.0,764.0,775.0,19685663
2021-02-19,746.532958984375,749.6500244140625,777.2000122070312,741.3499755859375,772.9000244140625,15634787
2021-02-22,716.4585571289062,719.4500122070312,749.8499755859375,715.0,749.6500244140625,18123202
2021-02-23,712.9730834960938,715.9500122070312,734.9500122070312,712.5999755859375,732.3499755859375,16804763
2021-02-24,746.2839965820312,749.4000244140625,754.9000244140625,717.0499877929688,722.0,11207286
2021-02-25,767.4456176757812,770.6500244140625,783.5,762.1500244140625,765.0,26635119
2021-02-26,721.7861938476562,724.7999877929688,758.7000122070312,718.6500244140625,746.0,31306177
2021-03-01,725.5206909179688,728.5499877929688,743.5,722.25,738.0,14301187
2021-03-02,728.20947265625,731.25,740.5,722.0,730.4500122070312,14503453
2021-03-03,750.8150634765625,753.9500122070312,760.7999877929688,735.0999755859375,740.5,13603791
2021-03-04,733.7363891601562,736.7999877929688,751.4500122070312,731.0999755859375,731.0999755859375,16896947
2021-03-05,727.7114868164062,730.75,744.0999755859375,720.5,732.0,16358252
2021-03-08,740.2092895507812,743.2999877929688,752.5,732.0,735.0,13898556
2021-03-09,742.3504028320312,745.4500122070312,758.7000122070312,740.0,758.7000122070312,18951683
2021-03-10,757.5868530273438,760.75,765.7000122070312,749.1500244140625,750.5,13377990
2021-03-12,747.4789428710938,750.5999755859375,776.5999755859375,745.0,772.5999755859375,16343307
2021-03-15,741.3048095703125,744.4000244140625,754.0,716.6500244140625,754.0,22466579
2021-03-16,734.682373046875,737.75,752.0,735.9500122070312,751.0,11358574
2021-03-17,724.8734130859375,727.9000244140625,742.0,724.7000122070312,739.0,12380976
2021-03-18,715.761474609375,718.75,743.0999755859375,707.25,736.0,12261544
2021-03-19,723.230224609375,726.25,729.3499755859375,703.5,709.0,20377672
2021-03-22,713.2220458984375,716.2000122070312,730.0,709.2999877929688,719.0,14802230
2021-03-23,727.5123291015625,730.5499877929688,739.5,714.0999755859375,718.0,15949688
2021-03-24,703.4628295898438,706.4000244140625,725.0,703.2999877929688,723.25,14379147
2021-03-25,691.7118530273438,694.5999755859375,710.9000244140625,680.0,709.5,21179280
2021-03-26,695.296875,698.2000122070312,707.0,693.1500244140625,707.0,13143312
2021-03-30,692.4586791992188,695.3499755859375,713.2999877929688,691.0,705.0,25965218
2021-03-31,694.5499877929688,697.4500122070312,703.5499877929688,692.0999755859375,696.0,14924620
2021-04-01,710.0353393554688,713.0,717.0,695.5499877929688,706.2999877929688,13090326
2021-04-05,682.4006958007812,685.25,708.4500122070312,677.4500122070312,707.2000122070312,16239521
2021-04-06,675.0813598632812,677.9000244140625,693.5,675.5,690.0999755859375,12062011
2021-04-07,685.3883056640625,688.25,691.9000244140625,668.4000244140625,680.5,14433515
2021-04-08,678.765869140625,681.5999755859375,695.5,679.3499755859375,691.5,9026398
2021-04-09,665.421630859375,668.2000122070312,686.7999877929688,667.0,679.2999877929688,12509114
2021-04-12,632.9571533203125,635.5999755859375,655.0,626.6500244140625,651.0,14649541
2021-04-13,658.2515869140625,661.0,664.8499755859375,630.0,635.5999755859375,12737650
2021-04-15,666.0689086914062,668.8499755859375,671.3499755859375,652.2999877929688,666.4500122070312,15195951
2021-04-16,666.4174194335938,669.2000122070312,675.25,662.3499755859375,668.6500244140625,12242522
2021-04-19,645.4550170898438,648.1500244140625,655.2999877929688,631.0,650.0,17292072
2021-04-20,649.0399780273438,651.75,662.0,643.0,656.0,12296248
2021-04-22,655.9611206054688,658.7000122070312,660.9500122070312,634.4000244140625,641.0,19385102
2021-04-23,668.5584716796875,671.3499755859375,677.5,650.9000244140625,656.0,19167768
2021-04-26,697.5375366210938,700.4500122070312,703.7999877929688,684.5,694.0,21646184
2021-04-27,696.6412353515625,699.5499877929688,703.9000244140625,684.0999755859375,691.0999755859375,46559967
2021-04-28,705.2055053710938,708.1500244140625,712.5,688.1500244140625,708.0,54060587
2021-04-29,716.40869140625,719.4000244140625,726.9000244140625,707.0,712.0,25939327
2021-04-30,711.927490234375,714.9000244140625,729.8499755859375,705.0,705.0,23011654
2021-05-03,699.8279418945312,702.75,708.0,692.0999755859375,706.0,13752878
2021-05-04,697.4379272460938,700.3499755859375,718.6500244140625,698.0999755859375,704.0,11980155
2021-05-05,714.2178344726562,717.2000122070312,719.0499877929688,700.0,709.0,11155033
2021-05-06,712.7738647460938,715.75,722.8499755859375,710.25,718.0,9484934
2021-05-07,713.769775390625,716.75,726.9000244140625,714.0,721.0,7131970
2021-05-10,712.2760620117188,715.25,725.0,714.0,723.5,7980462
2021-05-11,704.4088134765625,707.3499755859375,713.7000122070312,703.0,704.7999877929688,12736700
2021-05-12,688.425537109375,691.2999877929688,705.75,689.0499877929688,704.0,10856584
2021-05-14,682.1517944335938,685.0,698.5999755859375,681.4000244140625,695.0,9377968
2021-05-17,706.3009643554688,709.25,710.2999877929688,684.4000244140625,691.5,12099197
2021-05-18,708.6909790039062,711.6500244140625,726.0,708.5,720.0,19519055
2021-05-19,713.8195190429688,716.7999877929688,723.7000122070312,702.2000122070312,704.0,20244016
2021-05-20,702.96484375,705.9000244140625,714.4000244140625,704.5499877929688,708.5999755859375,18840413
2021-05-21,727.8609619140625,730.9000244140625,733.4000244140625,707.0,707.0,15883692
2021-05-24,738.0682983398438,741.1500244140625,747.5,726.75,730.4000244140625,15716900
2021-05-25,728.5082397460938,731.5499877929688,745.0,725.8499755859375,744.4000244140625,11344261
2021-05-26,732.0433959960938,735.0999755859375,741.4000244140625,729.5,738.0,9081086
2021-05-27,747.2300415039062,750.3499755859375,753.8499755859375,731.0,737.2000122070312,23040846
2021-05-28,736.773681640625,739.8499755859375,759.7000122070312,738.5,752.5999755859375,17149692
2021-05-31,747.57861328125,750.7000122070312,753.0,734.0,737.9000244140625,9275086
2021-06-01,742.0516357421875,745.1500244140625,754.0,741.1500244140625,753.5499877929688,6660243
2021-06-02,733.9356079101562,737.0,745.2999877929688,734.2000122070312,744.7999877929688,9973043
2021-06-03,747.5288696289062,750.6500244140625,752.25,739.0,743.0,8170508
2021-06-04,738.9645385742188,742.0499877929688,759.9000244140625,740.0999755859375,751.0,10336011
2021-06-07,747.9769287109375,751.0999755859375,753.9500122070312,741.5,743.0999755859375,6986728
2021-06-08,743.2466430664062,746.3499755859375,751.0999755859375,739.5,751.0,6426815
2021-06-09,733.6865844726562,736.75,751.25,730.1500244140625,746.0,8004726
2021-06-10,741.1553344726562,744.25,745.3499755859375,732.9000244140625,739.4500122070312,7795125
2021-06-11,735.3794555664062,738.4500122070312,746.25,737.0,746.25,4840759
2021-06-14,733.1886596679688,736.25,741.4000244140625,725.0,735.9000244140625,5190670
2021-06-15,747.7777709960938,750.9000244140625,752.0,732.0,736.0,9686490
2021-06-16,746.682373046875,749.7999877929688,756.8499755859375,746.25,748.7999877929688,8614096
2021-06-17,735.5288696289062,738.5999755859375,745.4000244140625,736.0,741.9500122070312,6674329
2021-06-18,733.2384033203125,736.2999877929688,743.2000122070312,722.25,742.1500244140625,8143792
2021-06-21,736.4749755859375,739.5499877929688,740.9000244140625,720.5,725.0,6464497
2021-06-22,736.2757568359375,739.3499755859375,749.0,737.0499877929688,743.2000122070312,6727233
2021-06-23,729.3048706054688,732.3499755859375,743.75,730.7999877929688,743.2000122070312,6154147
2021-06-24,736.0767211914062,739.1500244140625,742.9500122070312,731.0999755859375,735.9000244140625,5313822
2021-06-25,758.1842651367188,761.3499755859375,765.9500122070312,737.5499877929688,737.5499877929688,11170037
2021-06-28,759.22998046875,762.4000244140625,769.5999755859375,757.75,764.5499877929688,7672743
2021-06-29,748.8233642578125,751.9500122070312,763.5499877929688,750.0499877929688,761.0,7500655
2021-06-30,745.1885375976562,748.2999877929688,760.5,746.5499877929688,752.5,5459970
2021-07-01,743.3463134765625,746.4500122070312,754.4000244140625,744.5,750.0,5695690
2021-07-02,747.5288696289062,750.6500244140625,752.8499755859375,744.0,747.5999755859375,3557647
2021-07-05,757.1884765625,760.3499755859375,762.0,753.4000244140625,757.0999755859375,4680089
2021-07-06,755.1967163085938,758.3499755859375,767.0,755.2000122070312,757.0,5529485
2021-07-07,759.7279052734375,762.9000244140625,764.0,752.25,755.9000244140625,3573368
2021-07-08,751.2633056640625,754.4000244140625,767.1500244140625,751.7000122070312,760.0,4188267
2021-07-09,744.2424926757812,747.3499755859375,752.9000244140625,740.25,752.0,5782119
2021-07-12,750.4664916992188,753.5999755859375,757.7999877929688,748.2999877929688,752.5,4475466
2021-07-13,767.5452270507812,770.75,773.0,755.0,759.0,9810976
2021-07-14,766.8482055664062,770.0499877929688,773.4500122070312,764.0,770.9500122070312,5621924
2021-07-15,770.93115234375,774.1500244140625,778.25,766.5,770.5,4239868
2021-07-16,767.9435424804688,771.1500244140625,776.0,766.5499877929688,776.0,2913553
2021-07-19,752.0599365234375,755.2000122070312,766.6500244140625,749.5999755859375,752.2999877929688,5554486
2021-07-20,742.649169921875,745.75,755.2000122070312,744.2000122070312,755.0,5815740
2021-07-22,743.64501953125,746.75,758.5,741.0,750.0999755859375,7876163
2021-07-23,752.2590942382812,755.4000244140625,764.0,740.0999755859375,749.0,6604465
2021-07-26,753.1552734375,756.2999877929688,760.0,745.0,754.0,7890992
2021-07-27,728.6575927734375,731.7000122070312,756.0,729.0999755859375,750.5,15441543
2021-07-28,719.8942260742188,722.9000244140625,734.7999877929688,712.0999755859375,734.7999877929688,11102486
2021-07-29,714.2676391601562,717.25,728.5,716.0,720.0,6855673
2021-07-30,705.952392578125,708.9000244140625,718.6500244140625,707.1500244140625,718.0499877929688,10358450
2021-08-02,718.1514282226562,721.1500244140625,725.5499877929688,712.0,715.0,6823345
2021-08-03,735.5288696289062,738.5999755859375,740.8499755859375,719.2999877929688,724.0,9265839
2021-08-04,750.6656494140625,753.7999877929688,757.0,738.6500244140625,740.5,9744349
2021-08-05,746.1843872070312,749.2999877929688,755.0,743.5,753.0,7246991
2021-08-06,737.7694702148438,740.8499755859375,757.6500244140625,738.7999877929688,747.0,6522599
2021-08-09,752.358642578125,755.5,757.4000244140625,739.75,741.0,6064688
2021-08-10,758.3834838867188,761.5499877929688,764.0,755.0,755.5,8309248
2021-08-11,757.6365966796875,760.7999877929688,769.0,752.5,765.0,6429468
2021-08-12,754.2008666992188,757.3499755859375,763.4000244140625,753.3499755859375,759.0,3572081
2021-08-13,756.7403564453125,759.9000244140625,764.5,754.2000122070312,757.5,4239376
2021-08-16,758.8316040039062,762.0,765.7999877929688,756.0,756.0,3967629
2021-08-17,753.6034545898438,756.75,760.0,749.2999877929688,759.0,5576110
2021-08-18,751.2633056640625,754.4000244140625,763.7999877929688,750.5,763.7999877929688,5370460
2021-08-20,737.1719970703125,740.25,749.0,736.2000122070312,745.7999877929688,6092036
2021-08-23,733.0392456054688,736.0999755859375,749.5,734.4000244140625,749.5,3614761
2021-08-24,743.2466430664062,746.3499755859375,749.7000122070312,731.5,736.0,4537435
2021-08-25,735.9769897460938,739.0499877929688,751.4500122070312,735.2000122070312,748.2000122070312,6726509
2021-08-26,743.2466430664062,746.3499755859375,750.0,732.3499755859375,734.0999755859375,6492155
2021-08-27,749.271484375,752.4000244140625,759.5999755859375,741.0,746.5,5841967
2021-08-30,780.7899169921875,784.0499877929688,789.5,754.0,756.0,12517507
2021-08-31,783.229736328125,786.5,789.0,778.4000244140625,784.9000244140625,12114870
2021-09-01,795.5782470703125,798.9000244140625,819.0,795.4000244140625,798.0999755859375,19972195
2021-09-02,799.3623046875,802.7000122070312,806.0999755859375,792.4000244140625,795.5,6799617
2021-09-03,794.6819458007812,798.0,809.9000244140625,787.7000122070312,804.5,7509746
2021-09-06,797.47021484375,800.7999877929688,805.9000244140625,795.3499755859375,800.8499755859375,4539192
2021-09-07,784.5740356445312,787.8499755859375,799.4000244140625,782.0499877929688,798.0,6926921
2021-09-08,791.3956298828125,794.7000122070312,797.3499755859375,783.0,790.0,5903035
2021-09-09,786.8645629882812,790.1500244140625,793.7000122070312,784.2000122070312,789.0,4909325
2021-09-13,785.072021484375,788.3499755859375,790.4500122070312,783.5,786.0,4814443
2021-09-14,791.0968627929688,794.4000244140625,801.0,790.0,791.0,6301208
2021-09-15,788.109375,791.4000244140625,797.4500122070312,787.0,796.0,4075592
2021-09-16,799.2628173828125,802.5999755859375,807.4500122070312,789.0999755859375,792.5,15446511
2021-09-17,803.9930419921875,807.3499755859375,820.7000122070312,797.25,808.8499755859375,14641298
2021-09-20,792.5408325195312,795.8499755859375,808.5499877929688,791.5,800.0,6306484
2021-09-21,792.0429077148438,795.3499755859375,799.0,772.2999877929688,795.25,7833561
2021-09-22,785.072021484375,788.3499755859375,796.7999877929688,786.0,792.5,4359142
2021-09-23,808.7730102539062,812.1500244140625,814.5,792.5499877929688,794.3499755859375,9043492
2021-09-24,794.731689453125,798.0499877929688,816.9500122070312,795.0999755859375,812.5499877929688,5184626
2021-09-27,793.6362915039062,796.9500122070312,808.7999877929688,792.7999877929688,802.9000244140625,7715259
2021-09-28,785.9185180664062,789.2000122070312,805.5999755859375,778.0,802.0,7369680
2021-09-29,778.8978271484375,782.1500244140625,789.5,778.5,783.0,14241004
2021-09-30,763.3627319335938,766.5499877929688,787.3499755859375,764.8499755859375,779.9000244140625,9178187
2021-10-01,764.9560546875,768.1500244140625,771.7000122070312,754.0,763.4000244140625,6089895
2021-10-04,775.7609252929688,779.0,781.1500244140625,770.2999877929688,771.0999755859375,5845527
2021-10-05,779.345947265625,782.5999755859375,784.0,771.2000122070312,774.4000244140625,3945224
2021-10-06,775.7111206054688,778.9500122070312,794.2000122070312,776.0,782.25,5092479
2021-10-07,773.8687744140625,777.0999755859375,790.1500244140625,774.0999755859375,790.0,6622698
2021-10-08,778.6986694335938,781.9500122070312,785.0,776.0,781.9000244140625,4295686
2021-10-11,783.8770751953125,787.1500244140625,793.0,779.0,782.0,4417455
2021-10-12,793.83544921875,797.1500244140625,799.7000122070312,785.4500122070312,788.0,5098502
2021-10-13,791.2959594726562,794.5999755859375,804.5,793.2000122070312,799.9500122070312,4381414
2021-10-14,798.715087890625,802.0499877929688,804.0,788.0,799.0,7157116
2021-10-18,809.9182739257812,813.2999877929688,820.0,802.0499877929688,820.0,11014585
2021-10-19,798.3167724609375,801.6500244140625,827.0,798.5,820.0,10633732
2021-10-20,801.45361328125,804.7999877929688,813.7999877929688,792.0,800.5999755859375,9023067
2021-10-21,804.4411010742188,807.7999877929688,813.5,792.2999877929688,807.9500122070312,7405639
2021-10-22,813.3041381835938,816.7000122070312,825.0,806.7999877929688,812.0,10646970
2021-10-25,841.5860595703125,845.0999755859375,866.9000244140625,825.4500122070312,830.0999755859375,29193770
2021-10-26,838.3994140625,841.9000244140625,851.6500244140625,823.5,848.4000244140625,16771909
2021-10-27,784.2255859375,787.5,840.7999877929688,785.6500244140625,840.0,39606414
2021-10-28,755.1967163085938,758.3499755859375,789.0,754.6500244140625,787.5,19320926
2021-10-29,738.914794921875,742.0,762.0,714.0,762.0,21343427
2021-11-01,749.2216796875,752.3499755859375,760.0,740.0,755.0,11694854
2021-11-02,752.7071533203125,755.8499755859375,761.3499755859375,748.0499877929688,752.5,11812106
2021-11-03,747.4789428710938,750.5999755859375,762.6500244140625,748.5,759.4500122070312,10529505
2021-11-04,749.8192749023438,752.9500122070312,757.0499877929688,751.4000244140625,757.0,793433
2021-11-08,747.9271240234375,751.0499877929688,761.0,741.5,761.0,13872770
2021-11-09,741.9520263671875,745.0499877929688,753.9500122070312,743.3499755859375,750.0,12120207
2021-11-10,746.234130859375,749.3499755859375,753.3499755859375,732.0,742.7000122070312,10844883
2021-11-11,734.981201171875,738.0499877929688,748.0,735.0999755859375,748.0,6195359
2021-11-12,732.989501953125,736.0499877929688,742.7999877929688,733.5,742.7999877929688,9372897
2021-11-15,730.2011108398438,733.25,744.0,728.0,738.0,12849161
2021-11-16,723.1306762695312,726.1500244140625,733.2999877929688,721.2999877929688,733.25,8978763
2021-11-17,709.3880004882812,712.3499755859375,724.9000244140625,706.75,721.0,18083445
2021-11-18,703.4129638671875,706.3499755859375,716.0,701.9000244140625,715.0,13458109
2021-11-22,683.5460205078125,686.4000244140625,713.0,677.4000244140625,713.0,16741079
2021-11-23,682.7990112304688,685.6500244140625,692.6500244140625,677.3499755859375,681.0,16575348
2021-11-24,682.3012084960938,685.1500244140625,695.0999755859375,682.0499877929688,690.0,11463429
2021-11-25,677.072998046875,679.9000244140625,687.0,676.5499877929688,686.0,9760486
2021-11-26,658.9983520507812,661.75,674.9000244140625,660.4500122070312,669.0,10252753
2021-11-29,648.3926391601562,651.0999755859375,665.4500122070312,649.3499755859375,665.0499877929688,12084376
2021-11-30,652.923828125,655.6500244140625,677.4500122070312,648.0,648.0,24699809
2021-12-01,676.7742309570312,679.5999755859375,681.4000244140625,660.0,664.9000244140625,16184200
2021-12-02,673.288818359375,676.0999755859375,678.7999877929688,668.0499877929688,675.0,8612601
2021-12-03,670.20166015625,673.0,687.3499755859375,671.0,679.0999755859375,9505985
2021-12-06,660.3428344726562,663.0999755859375,678.75,661.1500244140625,674.0,8022785
2021-12-07,684.1434936523438,687.0,691.5499877929688,670.0,672.0,15123987
2021-12-08,694.201416015625,697.0999755859375,701.5499877929688,687.6500244140625,695.0,11670826
2021-12-09,691.0645751953125,693.9500122070312,699.9000244140625,688.0,698.1500244140625,7021395
2021-12-10,685.1890869140625,688.0499877929688,691.9500122070312,683.75,690.0999755859375,5549743
2021-12-13,701.07275390625,704.0,711.9000244140625,693.0999755859375,699.0,13634563
2021-12-14,707.9440307617188,710.9000244140625,714.0,697.5999755859375,701.0,8612512
2021-12-15,709.5374145507812,712.5,720.0,707.5499877929688,712.4000244140625,7692888
2021-12-16,706.6992797851562,709.6500244140625,721.9500122070312,705.0499877929688,719.0,7309187
2021-12-17,686.0355834960938,688.9000244140625,708.0,685.0999755859375,707.5,7844705
2021-12-20,671.5460205078125,674.3499755859375,681.8499755859375,660.0999755859375,680.9500122070312,9934646
2021-12-21,663.0813598632812,665.8499755859375,683.0,662.5,683.0,10116104
2021-12-22,666.5667724609375,669.3499755859375,676.8499755859375,664.0,670.0,7489534
2021-12-23,675.9776000976562,678.7999877929688,684.5,672.5999755859375,677.0,6884683
2021-12-24,664.7244873046875,667.5,682.0,662.4500122070312,681.1500244140625,6028893
2021-12-27,669.355224609375,672.1500244140625,674.5999755859375,655.9500122070312,663.0499877929688,6996729
2021-12-28,672.6415405273438,675.4500122070312,680.8499755859375,672.0,677.2999877929688,4645547
2021-12-29,667.7120361328125,670.5,679.5999755859375,667.25,674.5,3969894
2021-12-30,666.0689086914062,668.8499755859375,673.0999755859375,664.5,668.0,5119705
2021-12-31,675.7286376953125,678.5499877929688,686.5,671.2000122070312,672.9500122070312,5586980
2022-01-03,693.4545288085938,696.3499755859375,698.5,679.0,680.25,8550860
2022-01-04,706.2013549804688,709.1500244140625,711.0499877929688,700.0499877929688,701.0,9705906
2022-01-05,723.8775634765625,726.9000244140625,730.9000244140625,707.75,711.9000244140625,11312955
2022-01-06,727.2633666992188,730.2999877929688,733.5,719.0,719.9500122070312,7955578
2022-01-07,727.5620727539062,730.5999755859375,740.9000244140625,725.25,734.0,10454143
2022-01-10,739.7114868164062,742.7999877929688,744.0,733.2000122070312,733.6500244140625,9595787
2022-01-11,740.1595458984375,743.25,747.0499877929688,737.2999877929688,742.9000244140625,7252279
2022-01-12,743.7445678710938,746.8499755859375,751.4500122070312,743.1500244140625,749.6500244140625,5294563
2022-01-13,737.6201782226562,740.7000122070312,749.0,737.0499877929688,749.0,5196538
2022-01-14,718.6991577148438,721.7000122070312,735.9500122070312,716.0499877929688,734.7999877929688,16302342
2022-01-17,709.686767578125,712.6500244140625,720.5999755859375,709.5,719.0,19680557
2022-01-18,722.1846313476562,725.2000122070312,735.9000244140625,714.25,717.5,24055886
2022-01-19,726.5662841796875,729.5999755859375,731.9500122070312,718.7000122070312,725.2000122070312,7746270
2022-01-20,725.8692626953125,728.9000244140625,737.1500244140625,722.1500244140625,731.0499877929688,8505400
2022-01-21,709.5374145507812,712.5,725.25,708.0499877929688,722.0,10689060
2022-01-24,701.6702880859375,704.5999755859375,716.4000244140625,688.2000122070312,715.0,8812501
2022-01-25,749.0723266601562,752.2000122070312,755.0,708.5999755859375,714.0,38088158
2022-01-27,770.63232421875,773.8499755859375,777.0,738.0999755859375,744.0,34927774
2022-01-28,761.5204467773438,764.7000122070312,784.7000122070312,761.5,778.0999755859375,17765524
2022-01-31,769.8356323242188,773.0499877929688,777.7999877929688,762.3499755859375,775.4500122070312,12319200
2022-02-01,778.6488647460938,781.9000244140625,793.9000244140625,769.0999755859375,778.0999755859375,15457534
2022-02-02,800.7565307617188,804.0999755859375,805.9000244140625,787.3499755859375,790.0,13478899
2022-02-03,796.2254638671875,799.5499877929688,811.9000244140625,793.0499877929688,802.2000122070312,10802708
2022-02-04,795.2295532226562,798.5499877929688,804.5,791.1500244140625,796.9500122070312,10776387
2022-02-07,786.3168334960938,789.5999755859375,803.5999755859375,784.0999755859375,802.5,10939179
2022-02-08,795.2295532226562,798.5499877929688,801.0,776.1500244140625,794.0,12300670
2022-02-09,800.507568359375,803.8499755859375,809.5,800.1500244140625,801.0,9399830
2022-02-10,806.432861328125,809.7999877929688,815.9500122070312,803.0999755859375,807.5499877929688,12848281
2022-02-11,800.4578247070312,803.7999877929688,809.9000244140625,798.5,800.9500122070312,9717894
2022-02-14,770.1343994140625,773.3499755859375,803.0,769.9500122070312,790.0,8617389
2022-02-15,793.6362915039062,796.9500122070312,799.0999755859375,764.2999877929688,777.0,7426563
2022-02-16,793.7359008789062,797.0499877929688,808.2999877929688,789.2999877929688,795.0,7457765
2022-02-17,779.545166015625,782.7999877929688,802.0,780.5,797.0,6516308
2022-02-18,784.1259765625,787.4000244140625,790.5499877929688,779.0,781.1500244140625,5466662
2022-02-21,785.5699462890625,788.8499755859375,796.7999877929688,776.0999755859375,783.5499877929688,5635224
2022-02-22,775.9103393554688,779.1500244140625,787.0,766.0999755859375,766.0999755859375,6923558
2022-02-23,773.9684448242188,777.2000122070312,785.5,772.25,783.5,6303173
2022-02-24,727.2633666992188,730.2999877929688,769.1500244140625,725.2999877929688,752.4000244140625,13085009
2022-02-25,754.8980712890625,758.0499877929688,764.8499755859375,737.4000244140625,742.2999877929688,10066136
2022-02-28,739.3131103515625,742.4000244140625,749.9000244140625,736.2000122070312,749.9000244140625,14463418
2022-03-02,747.1304931640625,750.25,756.4500122070312,725.0,728.7000122070312,11691602
2022-03-03,734.5829467773438,737.6500244140625,759.4500122070312,732.4000244140625,756.0,8357181
2022-03-04,712.0270385742188,715.0,732.5,710.0499877929688,723.0,11660648
2022-03-07,664.7742309570312,667.5499877929688,705.0,655.5999755859375,693.0,20147061
2022-03-08,667.6124877929688,670.4000244140625,673.75,637.0,665.0,24828458
2022-03-09,671.3966674804688,674.2000122070312,680.5,659.0999755859375,671.5,20438651
2022-03-10,692.0603637695312,694.9500122070312,720.4000244140625,688.25,707.9000244140625,23224756
2022-03-11,687.9774169921875,690.8499755859375,706.6500244140625,687.4500122070312,691.9000244140625,14224356
2022-03-14,707.0975952148438,710.0499877929688,712.4000244140625,685.0,694.7000122070312,10720884
2022-03-15,695.2471313476562,698.1500244140625,718.0,695.0,713.0,12157425
2022-03-16,720.8401489257812,723.8499755859375,726.0,709.0999755859375,711.0,10038170
2022-03-17,736.1761474609375,739.25,746.75,736.4500122070312,737.0,13657428
2022-03-21,722.8817749023438,725.9000244140625,749.4000244140625,723.7000122070312,745.0,7495685
2022-03-22,728.3588256835938,731.4000244140625,736.0,706.3499755859375,729.0,11117081
2022-03-23,723.7282104492188,726.75,742.9000244140625,724.6500244140625,736.0999755859375,5886245
2022-03-24,719.2468872070312,722.25,730.4500122070312,719.0,719.0999755859375,7559843
2022-03-25,718.2510986328125,721.25,726.6500244140625,715.5,723.2999877929688,5430894
2022-03-28,732.939697265625,736.0,737.9000244140625,715.0499877929688,726.0,7077669
2022-03-29,734.7322387695312,737.7999877929688,741.6500244140625,731.0,741.6500244140625,6174137
2022-03-30,747.3296508789062,750.4500122070312,765.8499755859375,741.2999877929688,747.0,16618114
2022-03-31,757.9851684570312,761.1500244140625,763.0,751.2999877929688,763.0,20449544
2022-04-01,771.3294067382812,774.5499877929688,775.75,755.1500244140625,760.0,9321859
2022-04-04,780.8396606445312,784.0999755859375,785.5,767.0,780.0,10959783
2022-04-05,779.8438110351562,783.0999755859375,796.0,776.0,776.0,7334134
2022-04-06,770.4830322265625,773.7000122070312,779.9500122070312,769.2000122070312,777.0,9954921
2022-04-07,788.8064575195312,792.0999755859375,795.0,769.2000122070312,769.5,9820244
2022-04-08,791.5947875976562,794.9000244140625,800.7000122070312,789.0,794.9000244140625,8104237
2022-04-11,782.7815551757812,786.0499877929688,794.25,784.0499877929688,789.4500122070312,6340427
2022-04-12,795.1300659179688,798.4500122070312,801.0,777.7999877929688,780.0999755859375,7672215
2022-04-13,789.75244140625,793.0499877929688,805.7999877929688,790.8499755859375,805.7999877929688,7640132
2022-04-18,795.5283203125,798.8499755859375,801.6500244140625,776.0,780.0,11478317
2022-04-19,794.4827270507812,797.7999877929688,816.2000122070312,785.5499877929688,805.0,8711816
2022-04-20,791.3956298828125,794.7000122070312,802.4500122070312,788.5999755859375,800.8499755859375,6676491
2022-04-21,798.466064453125,801.7999877929688,804.0,790.5499877929688,795.0999755859375,6851615
2022-04-22,777.3541870117188,780.5999755859375,798.0,778.2000122070312,796.0,6255027
2022-04-25,777.453857421875,780.7000122070312,788.7999877929688,761.25,772.0,8023525
2022-04-26,771.777587890625,775.0,796.5999755859375,769.0,791.0,11087204
2022-04-27,762.7154541015625,765.9000244140625,772.9500122070312,749.0,765.5999755859375,11485697
2022-04-28,776.5576171875,779.7999877929688,785.4500122070312,766.3499755859375,776.9000244140625,11037317
2022-04-29,725.5704956054688,728.5999755859375,766.8499755859375,725.0,765.0,34401710
2022-05-02,724.32568359375,727.3499755859375,738.2000122070312,718.5,722.0,16136040
2022-05-04,704.2594604492188,707.2000122070312,735.1500244140625,704.0,733.0,14548684
2022-05-05,699.4295654296875,702.3499755859375,721.7999877929688,698.9000244140625,716.0,12726146
2022-05-06,670.60009765625,673.4000244140625,692.5,668.0999755859375,690.0,15511195
2022-05-09,660.9403686523438,663.7000122070312,669.0,648.7999877929688,660.2000122070312,13999329
2022-05-10,657.0067138671875,659.75,672.0999755859375,657.5499877929688,663.7000122070312,9523698
2022-05-11,669.5543212890625,672.3499755859375,676.0,655.4500122070312,661.7000122070312,9352398
2022-05-12,646.9487915039062,649.6500244140625,667.0,644.0,667.0,11166084
2022-05-13,633.3057250976562,635.9500122070312,659.4000244140625,633.4000244140625,656.4000244140625,9618627
2022-05-16,636.293212890625,638.9500122070312,649.2000122070312,630.0499877929688,639.8499755859375,6159695
2022-05-17,652.2266845703125,654.9500122070312,657.5,641.1500244140625,642.9000244140625,8152237
2022-05-18,656.7080688476562,659.4500122070312,670.4000244140625,650.2999877929688,654.75,13013873
2022-05-19,647.4964599609375,650.2000122070312,657.75,641.2000122070312,643.2999877929688,9216948
2022-05-20,670.3012084960938,673.0999755859375,675.75,658.0,659.75,9708672
2022-05-23,672.5418090820312,675.3499755859375,684.7999877929688,668.5499877929688,673.0,7919353
2022-05-24,661.288818359375,664.0499877929688,681.4500122070312,661.2000122070312,669.7000122070312,8088546
2022-05-25,662.2349243164062,665.0,672.6500244140625,660.0499877929688,668.0,5169619
2022-05-26,680.4090576171875,683.25,685.25,668.0,672.9500122070312,10114633
2022-05-27,685.43798828125,688.2999877929688,693.7999877929688,684.25,689.0,5539060
2022-05-30,690.7659301757812,693.6500244140625,698.0,690.0999755859375,695.0999755859375,3818060
2022-05-31,682.3510131835938,685.2000122070312,696.0,683.0499877929688,689.0,10410424
2022-06-01,683.1973266601562,686.0499877929688,692.4500122070312,680.5,683.0,6966674
2022-06-02,688.674560546875,691.5499877929688,693.1500244140625,682.0,682.0,6347433
2022-06-03,674.4837646484375,677.2999877929688,698.0,673.1500244140625,697.2999877929688,8475726
2022-06-06,669.405029296875,672.2000122070312,684.0,670.2999877929688,677.0,6756864
2022-06-07,663.0813598632812,665.8499755859375,678.0,661.0999755859375,672.2000122070312,8312778
2022-06-08,655.8615112304688,658.5999755859375,673.5499877929688,655.4500122070312,670.0,9282494
2022-06-09,658.5503540039062,661.2999877929688,662.75,650.0,656.9500122070312,5682743
2022-06-10,657.9528198242188,660.7000122070312,663.7000122070312,652.2000122070312,655.5,6758832
2022-06-13,646.2516479492188,648.9500122070312,652.0,640.0999755859375,646.9500122070312,6135431
2022-06-14,648.044189453125,650.75,655.7000122070312,643.0999755859375,645.0,5391833
2022-06-15,647.7952270507812,650.5,656.3499755859375,647.2000122070312,654.0,4638336
2022-06-16,632.2601318359375,634.9000244140625,658.2000122070312,631.0499877929688,657.5,5960283
2022-06-17,632.558837890625,635.2000122070312,640.7999877929688,626.5999755859375,630.0,6849201
2022-06-20,625.6875,628.2999877929688,637.1500244140625,622.2000122070312,635.25,5305222
2022-06-21,633.8533935546875,636.5,645.3499755859375,628.1500244140625,632.0,10333886
2022-06-22,624.1937255859375,626.7999877929688,633.6500244140625,621.25,632.5499877929688,5899024
2022-06-23,626.733154296875,629.3499755859375,640.8499755859375,618.25,627.4000244140625,8450777
2022-06-24,631.3638305664062,634.0,642.4500122070312,631.6500244140625,634.3499755859375,6918584
2022-06-27,634.450927734375,637.0999755859375,646.9000244140625,634.7000122070312,644.0,4552114
2022-06-28,639.6791381835938,642.3499755859375,644.7000122070312,632.0,634.0,10711123
2022-06-29,622.9489135742188,625.5499877929688,637.7999877929688,623.5,636.3499755859375,13620084
2022-06-30,634.1521606445312,636.7999877929688,639.2999877929688,623.6500244140625,624.0,10563138
2022-07-01,641.2724609375,643.9500122070312,646.5999755859375,631.7999877929688,633.0,6549359
2022-07-04,651.629150390625,654.3499755859375,655.1500244140625,640.5,641.5499877929688,3933384
2022-07-05,645.8035888671875,648.5,659.9000244140625,646.0,656.0999755859375,5044787
2022-07-06,655.2142944335938,657.9500122070312,659.4000244140625,651.0,652.0,6684686
2022-07-07,656.4110717773438,658.1500244140625,664.5,651.6500244140625,663.4500122070312,11171714
2022-07-08,667.3820190429688,669.1500244140625,676.7999877929688,661.4000244140625,667.0,12669533
2022-07-11,678.0536499023438,679.8499755859375,681.9500122070312,665.3499755859375,666.5499877929688,14864123
2022-07-12,674.413330078125,676.2000122070312,685.25,673.0,677.0,6446810
2022-07-13,678.1036376953125,679.9000244140625,685.0,676.9500122070312,680.0,9614674
2022-07-14,666.4844360351562,668.25,680.4500122070312,665.5999755859375,678.5999755859375,8026311
2022-07-15,660.4503784179688,662.2000122070312,674.2000122070312,659.0999755859375,670.0,6015057
2022-07-18,682.69140625,684.5,688.0,663.4500122070312,668.0499877929688,12464664
2022-07-19,698.7488403320312,700.5999755859375,703.8499755859375,678.5999755859375,678.5999755859375,10171314
2022-07-20,703.8353881835938,705.7000122070312,714.5,702.7000122070312,706.2999877929688,11620331
2022-07-21,713.6593627929688,715.5499877929688,718.4500122070312,704.3499755859375,707.9500122070312,8036515
2022-07-22,728.8192138671875,730.75,735.0,715.0999755859375,717.0,9713490
2022-07-25,725.42822265625,727.3499755859375,738.7999877929688,722.5,733.5,6230411
2022-07-26,704.58349609375,706.4500122070312,723.4500122070312,702.0499877929688,722.9000244140625,14135744
2022-07-27,717.0504150390625,718.9500122070312,720.5499877929688,703.5999755859375,707.9500122070312,6106880
2022-07-28,723.9821166992188,725.9000244140625,733.7000122070312,723.0499877929688,725.0,6964838
2022-07-29,722.8350830078125,724.75,734.9500122070312,723.0,733.9000244140625,6624854
2022-08-01,728.8690795898438,730.7999877929688,732.2999877929688,720.4000244140625,726.0,5493105
2022-08-02,728.52001953125,730.4500122070312,734.3499755859375,721.0999755859375,727.0,7275626
2022-08-03,728.5699462890625,730.5,738.5,727.5,730.0,9458761
2022-08-04,719.6934204101562,721.5999755859375,736.7000122070312,712.2000122070312,735.2000122070312,7466635
2022-08-05,726.5751953125,728.5,731.2000122070312,721.2000122070312,724.0,4583196
2022-08-08,743.5801391601562,745.5499877929688,747.3499755859375,728.0999755859375,730.0,8191870
2022-08-10,737.0474243164062,739.0,747.8499755859375,736.1500244140625,745.0,9069541
2022-08-11,756.844970703125,758.8499755859375,760.6500244140625,743.0499877929688,743.0499877929688,12384073
2022-08-12,758.54052734375,760.5499877929688,762.0,753.4000244140625,758.7000122070312,4614341
2022-08-16,762.6296997070312,764.6500244140625,772.0,758.4500122070312,765.0,7051498
2022-08-17,770.0599365234375,772.0999755859375,773.75,766.25,771.4000244140625,7674390
2022-08-18,763.0286254882812,765.0499877929688,776.0,762.0999755859375,772.0,9449924
2022-08-19,755.49853515625,757.5,772.6500244140625,750.25,772.0,7553270
2022-08-22,739.889892578125,741.8499755859375,754.4500122070312,739.2000122070312,753.4000244140625,4994311
2022-08-23,745.076171875,747.0499877929688,750.8499755859375,733.7999877929688,738.0,6594634
2022-08-24,748.1680297851562,750.1500244140625,752.0499877929688,742.0,745.0,6875820
2022-08-25,741.3859252929688,743.3499755859375,758.5999755859375,740.0,753.9000244140625,6320890
2022-08-26,742.931884765625,744.9000244140625,755.0,741.2999877929688,748.0,4613713
2022-08-29,726.774658203125,728.7000122070312,734.9000244140625,722.0499877929688,730.0,5904146
2022-08-30,749.514404296875,751.5,753.5499877929688,733.0,733.0,9193270
2022-09-01,742.183837890625,744.1500244140625,754.9000244140625,733.5,733.5,9353805
2022-09-02,748.2178344726562,750.2000122070312,754.5499877929688,740.25,749.0,7767812
2022-09-05,754.102294921875,756.0999755859375,758.7999877929688,749.3499755859375,750.2000122070312,5894055
2022-09-06,748.0183715820312,750.0,761.5499877929688,748.7999877929688,758.0,7606181
2022-09-07,753.4041748046875,755.4000244140625,758.0,739.0499877929688,743.1500244140625,10156460
2022-09-08,777.689697265625,779.75,782.2000122070312,757.0999755859375,761.75,13410790
2022-09-09,782.7762451171875,784.8499755859375,787.9500122070312,780.0,787.9500122070312,8732302
2022-09-12,798.8836669921875,801.0,805.0,786.7999877929688,789.0,15521649
2022-09-13,803.421630859375,805.5499877929688,808.9500122070312,803.1500244140625,805.0,9887516
2022-09-14,800.92822265625,803.0499877929688,811.3499755859375,794.4000244140625,794.4000244140625,10494713
2022-09-15,787.9126586914062,790.0,806.5,787.6500244140625,805.5,5996899
2022-09-16,787.2145385742188,789.2999877929688,792.5999755859375,776.0999755859375,786.0499877929688,11467351
2022-09-19,795.9912719726562,798.0999755859375,802.0,786.7000122070312,789.2999877929688,11427799
2022-09-20,810.6025390625,812.75,816.2000122070312,802.0,806.7999877929688,8274079
2022-09-21,804.4190063476562,806.5499877929688,816.0,803.3499755859375,809.25,6567084
2022-09-22,787.1148071289062,789.2000122070312,808.7999877929688,784.2999877929688,805.0,7804275
2022-09-23,766.5692138671875,768.5999755859375,789.0,764.25,789.0,10278805
2022-09-26,740.6378784179688,742.5999755859375,763.5,741.0,759.0,11090327
2022-09-27,735.5513916015625,737.5,754.1500244140625,730.5,746.3499755859375,11358306
2022-09-28,714.5570678710938,716.4500122070312,733.9000244140625,707.7000122070312,733.9000244140625,13170668
2022-09-29,717.1002807617188,719.0,730.7999877929688,711.0,722.25,12090981
2022-09-30,731.2628173828125,733.2000122070312,737.75,714.4000244140625,720.0,9536017
2022-10-03,720.8403930664062,722.75,742.0,721.0499877929688,731.0,6405645
2022-10-04,740.83740234375,742.7999877929688,744.5,732.0,733.4000244140625,5438934
2022-10-06,753.1048583984375,755.0999755859375,760.4000244140625,746.0,750.0,9376433
2022-10-07,753.7033081054688,755.7000122070312,757.5,742.2999877929688,753.7999877929688,7500540
2022-10-10,774.7974243164062,776.8499755859375,778.7000122070312,745.0,748.0,14106654
2022-10-11,783.4744262695312,785.5499877929688,795.5,774.5,780.0,15953495
2022-10-12,806.5632934570312,808.7000122070312,810.7999877929688,783.4500122070312,789.5,21228018
2022-10-13,799.8809814453125,802.0,814.9500122070312,795.5999755859375,807.0,13024911
2022-10-14,798.3849487304688,800.5,820.7000122070312,794.4500122070312,815.5499877929688,8220645
2022-10-17,811.9989013671875,814.1500244140625,817.0,797.0999755859375,803.5,9463827
2022-10-18,814.1930541992188,816.3499755859375,822.9000244140625,811.5499877929688,820.0,8470882
2022-10-19,827.6574096679688,829.8499755859375,838.4500122070312,816.9000244140625,818.4500122070312,10868663
2022-10-20,823.66796875,825.8499755859375,831.9000244140625,816.9500122070312,824.9000244140625,11813817
2022-10-21,898.02099609375,900.4000244140625,906.0,855.8499755859375,860.0999755859375,58057724
2022-10-24,907.047119140625,909.4500122070312,918.4500122070312,905.0,916.0,3085307
2022-10-25,900.4644775390625,902.8499755859375,910.5999755859375,891.5999755859375,905.7000122070312,13187308
2022-10-27,912.7320556640625,915.1500244140625,919.9500122070312,901.25,909.0,11967044
2022-10-28,900.6640014648438,903.0499877929688,917.9500122070312,898.9000244140625,915.0,7320207
2022-10-31,903.606201171875,906.0,918.0,902.0999755859375,908.0,9038777
2022-11-01,869.4466552734375,871.75,904.0,869.0,904.0,29191921
2022-11-02,861.2683715820312,863.5499877929688,877.0,861.5999755859375,875.0,11029140
2022-11-03,861.7670288085938,864.0499877929688,880.4000244140625,856.0,857.9000244140625,10185978
2022-11-04,865.8062744140625,868.0999755859375,872.9000244140625,862.2999877929688,869.0,7323879
2022-11-07,870.6435546875,872.9500122070312,876.7999877929688,861.2999877929688,876.25,9931261
2022-11-09,871.3915405273438,873.7000122070312,880.75,868.5,875.0499877929688,10190209
2022-11-10,841.4707641601562,843.7000122070312,856.7000122070312,841.0,843.7000122070312,18956575
2022-11-11,848.4523315429688,850.7000122070312,854.7000122070312,844.1500244140625,847.0,19329819
2022-11-14,848.75146484375,851.0,853.9000244140625,847.3499755859375,850.5,6985306
2022-11-15,856.38134765625,858.6500244140625,859.8499755859375,847.2000122070312,851.25,7124767
2022-11-16,853.139892578125,855.4000244140625,861.5999755859375,850.5999755859375,858.0,6521854
2022-11-17,855.9324951171875,858.2000122070312,861.4000244140625,852.7000122070312,855.4000244140625,4909607
2022-11-18,856.929931640625,859.2000122070312,865.7999877929688,855.0,859.2999877929688,7065304
2022-11-21,867.7511596679688,870.0499877929688,870.9500122070312,859.0,860.0,7209207
2022-11-22,867.7511596679688,870.0499877929688,877.0,868.3499755859375,874.9500122070312,5535233
2022-11-23,872.388916015625,874.7000122070312,877.7999877929688,868.75,873.9000244140625,5861417
2022-11-24,876.2286987304688,878.5499877929688,880.7999877929688,873.0999755859375,878.0,4928778
2022-11-25,885.4044189453125,887.75,891.7999877929688,880.9000244140625,883.0,7614047
2022-11-28,889.3440551757812,891.7000122070312,899.5,885.2999877929688,887.7000122070312,7928147
2022-11-29,890.1917114257812,892.5499877929688,901.9000244140625,890.0,894.4000244140625,5661158
2022-11-30,898.8687133789062,901.25,905.0999755859375,885.4500122070312,895.0,10452798
2022-12-01,901.4618530273438,903.8499755859375,909.5,899.5,909.5,7053100
2022-12-02,902.7584838867188,905.1500244140625,907.0,891.4000244140625,898.2999877929688,7988851
2022-12-05,896.8241577148438,899.2000122070312,907.2999877929688,897.5999755859375,907.0,5098164
2022-12-06,902.259765625,904.6500244140625,906.9000244140625,895.7000122070312,897.5,5351099
2022-12-07,912.2333374023438,914.6500244140625,918.0,899.8499755859375,902.7999877929688,9103656
2022-12-08,936.8681030273438,939.3499755859375,943.9500122070312,913.75,915.6500244140625,17466047
2022-12-09,931.2330322265625,933.7000122070312,945.0,927.5999755859375,944.0,8018981
2022-12-12,936.1699829101562,938.6500244140625,941.1500244140625,922.0,929.9000244140625,7621788
2022-12-13,942.1041870117188,944.5999755859375,949.2999877929688,936.5999755859375,940.2000122070312,8136559
2022-12-14,939.9100341796875,942.4000244140625,950.1500244140625,938.5,945.6500244140625,8573479
2022-12-15,935.6712646484375,938.1500244140625,944.9500122070312,932.5999755859375,939.75,7359261
2022-12-16,932.6292724609375,935.0999755859375,945.2000122070312,929.0999755859375,932.25,6926928
2022-12-19,943.699951171875,946.2000122070312,948.0999755859375,932.4000244140625,935.0999755859375,4842336
2022-12-20,947.2406005859375,949.75,952.75,940.4500122070312,943.75,9511818
2022-12-21,929.8367309570312,932.2999877929688,958.9000244140625,928.0,953.0999755859375,8368960
2022-12-22,917.120361328125,919.5499877929688,936.0,912.9500122070312,936.0,9202717
2022-12-23,904.20458984375,906.5999755859375,917.25,904.0,912.0,6371695
2022-12-26,926.2462768554688,928.7000122070312,932.9500122070312,905.0999755859375,908.0,4764440
2022-12-27,929.7369995117188,932.2000122070312,937.7999877929688,922.5999755859375,932.4500122070312,3346083
2022-12-28,922.2568359375,924.7000122070312,937.4500122070312,921.2999877929688,930.9500122070312,5956496
2022-12-29,932.0807495117188,934.5499877929688,944.0,915.7999877929688,922.7999877929688,12204113
2022-12-30,931.2828369140625,933.75,943.5,930.3499755859375,941.25,3704449
2023-01-02,939.112060546875,941.5999755859375,945.0,931.7999877929688,932.25,3498198
2023-01-03,959.7574462890625,962.2999877929688,965.5999755859375,942.5999755859375,944.75,6927819
2023-01-04,954.9202880859375,957.4500122070312,970.0,955.0,963.5,9059392
2023-01-05,947.0410766601562,949.5499877929688,961.9000244140625,938.25,960.0,6998980
2023-01-06,937.4166870117188,939.9000244140625,950.9500122070312,934.2999877929688,946.5499877929688,5787783
2023-01-09,956.2168579101562,958.75,960.0,941.3499755859375,946.7999877929688,7025747
2023-01-10,949.63427734375,952.1500244140625,964.0,942.75,964.0,7140150
2023-01-11,947.2406005859375,949.75,955.75,942.7999877929688,953.0,7100355
2023-01-12,933.078125,935.5499877929688,949.7000122070312,924.0,949.3499755859375,8661375
2023-01-13,931.6818237304688,934.1500244140625,937.4500122070312,923.0,935.5,9083608
2023-01-16,910.7373046875,913.1500244140625,941.75,911.7000122070312,940.4500122070312,10008273
2023-01-17,915.2752685546875,917.7000122070312,919.7000122070312,906.7000122070312,914.9500122070312,6904960
2023-01-18,921.55859375,924.0,925.5999755859375,913.25,921.9000244140625,5730939
2023-01-19,926.2462768554688,928.7000122070312,938.0,920.75,923.5999755859375,7721730
2023-01-20,928.0913696289062,930.5499877929688,934.8499755859375,924.6500244140625,931.25,4511360
2023-01-23,930.2357177734375,932.7000122070312,939.7000122070312,924.4500122070312,936.0,5236124
2023-01-24,907.7951049804688,910.2000122070312,935.0,903.75,935.0,18527897
2023-01-25,889.9922485351562,892.3499755859375,907.4500122070312,884.2000122070312,905.0,11921748
2023-01-27,871.4413452148438,873.75,892.5,851.0,892.3499755859375,17300736
2023-01-30,869.54638671875,871.8499755859375,885.5,846.1500244140625,851.9000244140625,21233998
2023-01-31,869.2970581054688,871.5999755859375,879.2999877929688,861.0999755859375,873.0,16856151
2023-02-01,854.9849853515625,857.25,895.2000122070312,833.2999877929688,876.2999877929688,12409819
2023-02-02,866.1554565429688,868.4500122070312,872.0,837.0499877929688,850.9500122070312,9567053
2023-02-03,880.2680053710938,882.5999755859375,885.0,859.25,873.0,7365732
2023-02-06,880.3179321289062,882.6500244140625,899.1500244140625,870.5999755859375,871.8499755859375,10129098
2023-02-07,876.7772827148438,879.0999755859375,888.4000244140625,871.5,886.8499755859375,5055187
2023-02-08,869.4466552734375,871.75,886.4500122070312,868.25,882.0999755859375,6572818
2023-02-09,865.4074096679688,867.7000122070312,876.1500244140625,862.5499877929688,876.1500244140625,5993312
2023-02-10,864.9585571289062,867.25,872.7000122070312,865.1500244140625,872.0499877929688,4603464
2023-02-13,856.830078125,859.0999755859375,870.4500122070312,856.5,867.25,5707194
2023-02-14,868.4493408203125,870.75,871.9000244140625,854.25,862.5499877929688,7527755
2023-02-15,866.005859375,868.2999877929688,872.2000122070312,861.5999755859375,872.0,7322266
2023-02-16,862.4652099609375,864.75,874.2999877929688,862.25,872.7999877929688,5843235
2023-02-17,852.6412353515625,854.9000244140625,868.25,850.0,861.0,8420479
2023-02-20,844.5127563476562,846.75,861.2000122070312,842.5,859.7000122070312,5992322
2023-02-21,841.8199462890625,844.0499877929688,849.0,837.4000244140625,849.0,9677064
2023-02-22,831.1481323242188,833.3499755859375,843.0,829.5499877929688,840.0,6984037
2023-02-23,842.1190795898438,844.3499755859375,848.25,830.2000122070312,833.0499877929688,8437003
2023-02-24,849.1505126953125,851.4000244140625,854.5999755859375,844.4500122070312,850.0999755859375,7763814
2023-02-27,852.0927124023438,854.3499755859375,858.4500122070312,845.9500122070312,851.8499755859375,8064267
2023-02-28,841.8697509765625,844.0999755859375,857.5999755859375,840.0,855.9500122070312,13012372
2023-03-01,862.8641357421875,865.1500244140625,868.75,845.0499877929688,846.0499877929688,12345125
2023-03-02,843.2161865234375,845.4500122070312,866.7999877929688,843.5,866.0,13900508
2023-03-03,850.3971557617188,852.6500244140625,858.5999755859375,845.5999755859375,849.75,7977804
2023-03-06,857.2291259765625,859.5,863.75,855.5999755859375,856.9500122070312,10781567
2023-03-08,858.6751708984375,860.9500122070312,862.5,853.0499877929688,858.5,8785735
2023-03-09,865.5071411132812,867.7999877929688,874.25,862.0,862.5,14746065
2023-03-10,849.649169921875,851.9000244140625,861.5999755859375,845.5,859.5999755859375,11198583
2023-03-13,830.1507568359375,832.3499755859375,857.0,828.4500122070312,845.5999755859375,8315798
2023-03-14,830.6494750976562,832.8499755859375,835.7000122070312,817.4000244140625,828.0,12573734
2023-03-15,821.8727416992188,824.0499877929688,843.5,819.3499755859375,838.0499877929688,6652641
2023-03-16,828.3555297851562,830.5499877929688,837.9000244140625,814.2999877929688,821.5,8791383
2023-03-17,835.1875,837.4000244140625,841.5,823.0,835.0,7762461
2023-03-20,835.3370361328125,837.5499877929688,841.0,825.5499877929688,836.0,10744023
2023-03-21,853.33935546875,855.5999755859375,857.3499755859375,838.75,840.0999755859375,11489951
2023-03-22,847.4050903320312,849.6500244140625,859.7999877929688,847.0499877929688,855.5999755859375,8018924
2023-03-23,846.5573120117188,848.7999877929688,861.1500244140625,845.0999755859375,847.0,9857892
2023-03-24,837.680908203125,839.9000244140625,852.5,837.25,846.25,8078718
2023-03-27,831.1481323242188,833.3499755859375,842.2000122070312,829.2000122070312,841.0499877929688,10602508
2023-03-28,830.2505493164062,832.4500122070312,837.4000244140625,826.0499877929688,837.4000244140625,11002402
2023-03-29,840.3737182617188,842.5999755859375,848.4500122070312,830.0,832.5,17121194
2023-03-31,856.231689453125,858.5,860.9000244140625,847.5,854.9000244140625,12946752
2023-04-03,862.3154907226562,864.5999755859375,866.7999877929688,856.4500122070312,864.0,13266882
2023-04-05,858.2264404296875,860.5,871.0,857.0,871.0,11890015
2023-04-06,849.6990356445312,851.9500122070312,863.25,849.0,861.7999877929688,19677316
2023-04-10,845.111083984375,847.3499755859375,854.9500122070312,843.9500122070312,854.7999877929688,15656078
2023-04-11,851.04541015625,853.2999877929688,855.7000122070312,844.0499877929688,848.25,23930907
2023-04-12,848.8013916015625,851.0499877929688,856.6500244140625,846.6500244140625,854.9000244140625,13480335
2023-04-13,862.0662231445312,864.3499755859375,867.7000122070312,845.0,853.6500244140625,23934570
2023-04-17,862.2656860351562,864.5499877929688,882.0,861.0,882.0,22577380
2023-04-18,861.06884765625,863.3499755859375,872.0,857.0999755859375,865.3499755859375,17238709
2023-04-19,871.09228515625,873.4000244140625,874.5,862.5499877929688,865.0,23494247
2023-04-20,866.45458984375,868.75,875.5999755859375,864.1500244140625,874.7999877929688,19444753
2023-04-21,861.9166259765625,864.2000122070312,873.8499755859375,857.5,870.7999877929688,15520786
2023-04-24,879.9688110351562,882.2999877929688,884.4000244140625,860.5,868.0,18201632
2023-04-25,876.0292358398438,878.3499755859375,895.7999877929688,874.4000244140625,885.0,36394389
2023-04-26,885.3046875,887.6500244140625,889.4500122070312,875.2000122070312,877.4000244140625,19468723
2023-04-27,879.0712890625,881.4000244140625,890.0,877.5,888.0,15992383
2023-04-28,857.7277221679688,860.0,890.0499877929688,853.6500244140625,885.0999755859375,23004117
2023-05-02,868.349609375,870.6500244140625,876.4000244140625,864.25,870.0,12947953
2023-05-03,857.578125,859.8499755859375,866.8499755859375,854.0499877929688,863.8499755859375,15103015
2023-05-04,863.6620483398438,865.9500122070312,867.1500244140625,857.5,860.0,9756391
2023-05-05,863.0137939453125,865.2999877929688,885.0,862.75,867.1500244140625,14343308
2023-05-08,876.1290283203125,878.4500122070312,881.4000244140625,865.2999877929688,865.2999877929688,7007882
2023-05-09,885.903076171875,888.25,890.2000122070312,880.0,882.2000122070312,12117151
2023-05-10,887.5487670898438,889.9000244140625,892.5,877.5499877929688,892.0,11893027
2023-05-11,893.582763671875,895.9500122070312,900.0,889.0,891.0,13816121
2023-05-12,908.2439575195312,910.6500244140625,913.5999755859375,894.0,895.2000122070312,10533272
2023-05-15,913.3803100585938,915.7999877929688,919.5,909.1500244140625,910.6500244140625,7339579
2023-05-16,915.3750610351562,917.7999877929688,922.5,912.0,916.2000122070312,12567615
2023-05-17,912.3829345703125,914.7999877929688,918.9000244140625,911.25,917.7000122070312,10248327
2023-05-18,912.2832641601562,914.7000122070312,929.5,912.5999755859375,920.0,13614127
2023-05-19,921.6085205078125,924.0499877929688,927.0,908.9500122070312,920.9000244140625,8393002
2023-05-22,915.1256713867188,917.5499877929688,927.75,914.4000244140625,923.0,9383158
2023-05-23,913.7293701171875,916.1500244140625,922.5,912.4000244140625,917.5499877929688,8273445
2023-05-24,915.2752685546875,917.7000122070312,920.8499755859375,910.2000122070312,911.1500244140625,6248545
2023-05-25,918.6163940429688,921.0499877929688,923.5499877929688,912.4500122070312,916.7000122070312,8149350
2023-05-26,924.5008544921875,926.9500122070312,927.9000244140625,915.0,918.0,4908462
2023-05-29,927.34326171875,929.7999877929688,937.7000122070312,928.0499877929688,931.0,7133871
2023-05-30,934.97314453125,937.4500122070312,939.7000122070312,928.0499877929688,930.7999877929688,7804403
2023-05-31,912.4328002929688,914.8499755859375,939.9000244140625,910.2000122070312,937.3499755859375,34757004
2023-06-01,917.27001953125,919.7000122070312,930.9500122070312,916.0499877929688,922.0,11817533
2023-06-02,923.653076171875,926.0999755859375,930.5,920.25,922.6500244140625,11616991
2023-06-05,948.3377075195312,950.8499755859375,953.9000244140625,927.5999755859375,927.5999755859375,14520005
2023-06-06,965.641845703125,968.2000122070312,970.75,951.0999755859375,951.0999755859375,14457988
2023-06-07,974.1692504882812,976.75,981.25,968.0999755859375,972.9500122070312,15795824
2023-06-08,959.5579833984375,962.0999755859375,974.8499755859375,959.9000244140625,973.0499877929688,10209982
2023-06-09,972.174560546875,974.75,981.7000122070312,963.2999877929688,967.0,12947464
2023-06-12,971.6260375976562,974.2000122070312,977.9000244140625,968.5999755859375,973.0,7465375
2023-06-13,983.2451782226562,985.8499755859375,989.7000122070312,974.2999877929688,974.2999877929688,15233785
2023-06-14,975.1167602539062,977.7000122070312,988.2000122070312,976.0,986.0,8644423
2023-06-15,974.5681762695312,977.1500244140625,989.0,972.2000122070312,988.3499755859375,15978311
2023-06-16,978.9566040039062,981.5499877929688,985.4500122070312,977.2000122070312,982.7999877929688,8860900
2023-06-19,963.0986328125,965.6500244140625,986.0,961.0,983.8499755859375,11025846
2023-06-20,972.2742919921875,974.8499755859375,977.0,958.5499877929688,965.9500122070312,7596593
2023-06-21,963.4476928710938,966.0,978.2999877929688,963.1500244140625,978.2999877929688,7805855
2023-06-22,964.0460815429688,966.5999755859375,973.4500122070312,958.7000122070312,962.2000122070312,10135883
2023-06-23,955.8677978515625,958.4000244140625,965.5,954.5499877929688,960.0,6188008
2023-06-26,958.0120239257812,960.5499877929688,963.5,953.0999755859375,959.5,5799528
2023-06-27,970.6785278320312,973.25,976.0,960.7999877929688,967.0,6921886
2023-06-28,975.615478515625,978.2000122070312,984.0,967.0,979.0,10010996
2023-06-30,984.8409423828125,987.4500122070312,989.8499755859375,976.0,977.0999755859375,7096350
2023-07-03,979.505126953125,982.0999755859375,990.0,978.0,990.0,5562743
2023-07-04,968.13525390625,970.7000122070312,984.8499755859375,969.0,982.0999755859375,7396806
2023-07-05,963.9462890625,966.5,975.5,962.0999755859375,969.0,8200047
2023-07-06,978.358154296875,980.9500122070312,986.0999755859375,961.0,961.0,10221727
2023-07-07,975.1134643554688,976.7000122070312,989.4500122070312,971.7999877929688,976.25,6236524
2023-07-10,962.4840087890625,964.0499877929688,986.0,960.4000244140625,976.7000122070312,7138850
2023-07-11,951.6516723632812,953.2000122070312,971.75,950.5999755859375,967.9000244140625,10616390
2023-07-12,948.456787109375,950.0,957.5499877929688,947.0,956.7000122070312,10141257
2023-07-13,958.59033203125,960.1500244140625,966.0,952.1500244140625,956.2999877929688,13079930
2023-07-14,955.495361328125,957.0499877929688,967.0,947.75,964.4500122070312,5383514
2023-07-17,963.28271484375,964.8499755859375,968.9000244140625,950.4500122070312,960.0,8472444
2023-07-18,962.0846557617188,963.6500244140625,979.9500122070312,951.2999877929688,964.0,14457717
2023-07-19,962.7335815429688,964.2999877929688,969.9000244140625,956.5,964.0,7574544
2023-07-20,976.3115234375,977.9000244140625,979.9000244140625,957.5999755859375,963.9000244140625,15329753
2023-07-21,969.72216796875,971.2999877929688,985.0,968.0,971.5999755859375,6230317
2023-07-24,969.921875,971.5,984.9500122070312,968.7999877929688,973.4500122070312,9167788
2023-07-25,960.9364624023438,962.5,977.6500244140625,953.7999877929688,977.6500244140625,13448045
2023-07-26,975.2132568359375,976.7999877929688,980.0,963.2999877929688,966.8499755859375,8298226
2023-07-27,958.3407592773438,959.9000244140625,990.0,955.75,989.3499755859375,17858061
2023-07-28,948.4069213867188,949.9500122070312,969.75,942.2000122070312,959.9000244140625,8504392
2023-07-31,952.3505249023438,953.9000244140625,958.5999755859375,948.2999877929688,954.7000122070312,6601991
2023-08-01,958.3407592773438,959.9000244140625,964.0,952.0,956.0,8409096
2023-08-02,943.7145385742188,945.25,958.9000244140625,936.5999755859375,951.5,9324465
2023-08-03,934.0302734375,935.5499877929688,946.5999755859375,927.1500244140625,944.0999755859375,17076611
2023-08-04,950.7031860351562,952.25,954.8499755859375,934.6500244140625,947.0,12376086
2023-08-07,945.861083984375,947.4000244140625,955.0,944.5499877929688,952.25,10922609
2023-08-08,951.3521728515625,952.9000244140625,959.9000244140625,944.0499877929688,950.0,11512735
2023-08-09,948.456787109375,950.0,953.2999877929688,944.2999877929688,952.0,7701831
2023-08-10,938.2235107421875,939.75,951.9500122070312,937.2999877929688,948.0,13590891
2023-08-11,935.6776123046875,937.2000122070312,945.7000122070312,933.0,937.5,9558237
2023-08-14,938.4231567382812,939.9500122070312,943.2999877929688,928.9000244140625,935.0,7172522
2023-08-16,931.5343017578125,933.0499877929688,940.0,931.2999877929688,935.9500122070312,7394623
2023-08-17,935.0286254882812,936.5499877929688,943.0,931.6500244140625,935.9500122070312,9336994
2023-08-18,941.5181274414062,943.0499877929688,945.9500122070312,931.0499877929688,934.8499755859375,6648744
2023-08-21,951.0525512695312,952.5999755859375,954.25,943.9500122070312,944.2000122070312,6822155
2023-08-22,955.495361328125,957.0499877929688,959.0999755859375,948.6500244140625,953.8499755859375,10860061
2023-08-23,977.6593017578125,979.25,980.4500122070312,958.4000244140625,962.0,12677151
2023-08-24,979.755859375,981.3499755859375,994.25,979.0999755859375,984.7999877929688,11899556
2023-08-25,981.5029907226562,983.0999755859375,988.2000122070312,970.7999877929688,974.0,6228241
2023-08-28,988.591552734375,990.2000122070312,992.5,980.0999755859375,980.0999755859375,8451441
2023-08-29,979.1069946289062,980.7000122070312,991.0,977.5,990.2000122070312,8114141
2023-08-30,981.7526245117188,983.3499755859375,998.0,980.0,983.0,9023083
2023-08-31,971.918701171875,973.5,994.7000122070312,968.5999755859375,981.7999877929688,21558300
2023-09-01,989.5400390625,991.1500244140625,993.0,969.0,974.25,10946742
2023-09-04,980.6544189453125,982.25,994.5499877929688,980.0,993.75,6727188
2023-09-05,979.855712890625,981.4500122070312,986.2000122070312,977.9000244140625,985.4500122070312,10548660
2023-09-06,963.4823608398438,965.0499877929688,983.1500244140625,961.7999877929688,981.4500122070312,16351052
2023-09-07,976.6110229492188,978.2000122070312,979.7999877929688,963.0999755859375,965.0499877929688,8686550
2023-09-08,978.7075805664062,980.2999877929688,987.2999877929688,972.5,978.2000122070312,6439351
2023-09-11,998.7749633789062,1000.4000244140625,1004.0,979.0,981.7999877929688,7130484
2023-09-12,999.274169921875,1000.9000244140625,1010.0,998.0499877929688,1010.0,8958327
2023-09-13,1012.8021850585938,1014.4500122070312,1017.0,993.7000122070312,1002.9500122070312,12254423
2023-09-14,1019.2416381835938,1020.9000244140625,1022.4000244140625,1009.0499877929688,1014.4500122070312,7855558
2023-09-15,1025.4815673828125,1027.1500244140625,1031.75,1014.5499877929688,1021.0,8986157
2023-09-18,1023.08544921875,1024.75,1029.9000244140625,1019.0,1021.5499877929688,6397319
2023-09-20,1025.63134765625,1027.300048828125,1047.5,1012.2999877929688,1012.2999877929688,13619788
2023-09-21,1012.8021850585938,1014.4500122070312,1033.5999755859375,1012.0999755859375,1026.5999755859375,8156588
2023-09-22,1016.595947265625,1018.25,1027.25,1008.0,1010.0,7108110
2023-09-25,1017.2948608398438,1018.9500122070312,1026.0,1005.1500244140625,1015.2000122070312,7123890
2023-09-26,1012.5026245117188,1014.1500244140625,1020.7000122070312,1011.0,1019.0,6387615
2023-09-27,1023.53466796875,1025.199951171875,1027.949951171875,1004.0,1009.9500122070312,5158686
2023-09-28,1029.2254638671875,1030.9000244140625,1037.949951171875,1025.199951171875,1027.0,15818489
2023-09-29,1035.015869140625,1036.699951171875,1041.0,1024.5,1030.9000244140625,9528626
2023-10-03,1039.3590087890625,1041.050048828125,1044.699951171875,1032.5999755859375,1035.0,11589322
2023-10-04,993.9328002929688,995.5499877929688,1037.0,988.8499755859375,1035.3499755859375,22584212
2023-10-05,1001.6203002929688,1003.25,1009.2000122070312,988.9000244140625,1000.0,7950412
2023-10-06,999.3240356445312,1000.9500122070312,1008.0,999.4000244140625,1005.0,5289753
2023-10-09,994.6316528320312,996.25,999.7000122070312,988.25,994.7999877929688,6823214
2023-10-10,1010.6056518554688,1012.25,1014.9500122070312,996.5,999.9000244140625,5728499
2023-10-11,1017.444580078125,1019.0999755859375,1025.6500244140625,1012.0,1019.0,7396783
2023-10-12,1016.795654296875,1018.4500122070312,1031.0,1014.9500122070312,1022.0,4920222
2023-10-13,992.4352416992188,994.0499877929688,1011.4500122070312,992.25,1009.0,12173162
2023-10-16,1003.1677856445312,1004.7999877929688,1009.4500122070312,990.0,990.0,4646960
2023-10-17,1006.4124755859375,1008.0499877929688,1014.7000122070312,1003.0999755859375,1008.8499755859375,6105067
2023-10-18,991.2371826171875,992.8499755859375,1014.0999755859375,989.3499755859375,1010.0,7818946
2023-10-19,989.7896118164062,991.4000244140625,999.0,979.7000122070312,979.7000122070312,4836625
2023-10-20,978.7575073242188,980.3499755859375,992.9000244140625,977.75,989.0,5664400
2023-10-23,962.7335815429688,964.2999877929688,984.9000244140625,961.0999755859375,980.0,5896695
2023-10-25,953.89794921875,955.4500122070312,974.0,951.4000244140625,960.0,6957048
2023-10-26,970.4710083007812,972.0499877929688,975.0,952.75,956.0,17540495
2023-10-27,1001.12109375,1002.75,1004.75,973.2999877929688,980.0,13443016
2023-10-30,987.5931396484375,989.2000122070312,1002.75,979.2000122070312,1002.75,5270567
2023-10-31,980.2550659179688,981.8499755859375,998.0,978.0,998.0,7816805
2023-11-01,970.2213745117188,971.7999877929688,979.2999877929688,968.0,977.8499755859375,5703984
2023-11-02,981.353271484375,982.9500122070312,988.3499755859375,974.0,978.0,5193982
2023-11-03,987.2437133789062,988.8499755859375,991.4000244140625,981.5,986.0,4268048
2023-11-06,1007.7603149414062,1009.4000244140625,1016.2000122070312,993.0999755859375,995.0,6552178
2023-11-07,1019.2416381835938,1020.9000244140625,1022.2000122070312,1005.25,1008.0,6559859
2023-11-08,1020.0403442382812,1021.7000122070312,1026.949951171875,1015.5999755859375,1024.0,7643314
2023-11-09,1020.2400512695312,1021.9000244140625,1028.8499755859375,1016.6500244140625,1024.75,4407935
2023-11-10,1027.5281982421875,1029.199951171875,1031.0,1016.6500244140625,1017.9000244140625,3294063
2023-11-13,1023.6844482421875,1025.3499755859375,1031.8499755859375,1023.5,1030.050048828125,5985481
2023-11-15,1039.658447265625,1041.3499755859375,1045.0,1031.550048828125,1045.0,7240388
2023-11-16,1024.682861328125,1026.3499755859375,1044.0,1022.1500244140625,1042.800048828125,6908825
2023-11-17,992.7347412109375,994.3499755859375,1020.0,991.8499755859375,1014.9000244140625,13268353
2023-11-20,987.093994140625,988.7000122070312,994.75,980.3499755859375,981.0,8215656
2023-11-21,990.1889038085938,991.7999877929688,997.5,986.6500244140625,989.9500122070312,7061614
2023-11-22,996.4786376953125,998.0999755859375,999.9000244140625,988.0,991.0,6103988
2023-11-23,997.4271240234375,999.0499877929688,1003.4000244140625,995.4000244140625,999.0,3112891
2023-11-24,1006.86181640625,1008.5,1010.75,999.7000122070312,1002.0,6956281
2023-11-28,1019.4912719726562,1021.1500244140625,1021.9500122070312,1009.25,1013.0499877929688,6173384
2023-11-29,1058.4278564453125,1060.1500244140625,1063.5,1021.1500244140625,1027.1500244140625,9422396
2023-11-30,1072.5048828125,1074.25,1080.9000244140625,1055.449951171875,1062.699951171875,24755589
2023-12-01,1102.8555908203125,1104.6500244140625,1109.0,1070.199951171875,1075.4000244140625,14428758
2023-12-04,1123.771484375,1125.5999755859375,1129.0,1099.0999755859375,1120.5,14043213
2023-12-05,1130.6103515625,1132.449951171875,1151.8499755859375,1127.1500244140625,1136.800048828125,15804808
2023-12-06,1118.6798095703125,1120.5,1145.699951171875,1117.949951171875,1135.0999755859375,7342767
2023-12-07,1116.0341796875,1117.8499755859375,1129.5999755859375,1108.5,1119.25,6439419
2023-12-08,1129.3624267578125,1131.199951171875,1134.3499755859375,1111.5,1115.8499755859375,7300989
2023-12-11,1114.6864013671875,1116.5,1139.4000244140625,1113.8499755859375,1129.0,6924589
2023-12-12,1129.162841796875,1131.0,1133.9000244140625,1109.0,1120.0,9044111
2023-12-13,1113.0389404296875,1114.8499755859375,1151.0,1111.449951171875,1150.0,8184523
2023-12-14,1118.6298828125,1120.449951171875,1138.5999755859375,1117.9000244140625,1132.4000244140625,9421193
2023-12-15,1118.530029296875,1120.3499755859375,1127.8499755859375,1108.5999755859375,1119.199951171875,12048410
2023-12-18,1109.544677734375,1111.3499755859375,1120.0,1107.199951171875,1119.699951171875,7922468
2023-12-19,1118.4302978515625,1120.25,1126.8499755859375,1114.199951171875,1123.800048828125,6824641
2023-12-20,1108.446533203125,1110.25,1123.8499755859375,1102.699951171875,1122.0,9848057
2023-12-21,1093.6207275390625,1095.4000244140625,1103.9000244140625,1077.199951171875,1103.9000244140625,10914682
2023-12-22,1086.5322265625,1088.300048828125,1106.300048828125,1085.800048828125,1095.4000244140625,10600025
2023-12-26,1092.4725341796875,1094.25,1100.6500244140625,1086.699951171875,1091.199951171875,5687517
2023-12-27,1104.5528564453125,1106.3499755859375,1110.550048828125,1089.6500244140625,1096.050048828125,6132936
2023-12-28,1106.05029296875,1107.8499755859375,1113.0,1098.0,1107.25,14097667
2023-12-29,1100.5093994140625,1102.300048828125,1106.8499755859375,1093.949951171875,1101.449951171875,8786731
2024-01-01,1095.916748046875,1097.699951171875,1104.0,1093.0,1095.0,4083732
2024-01-02,1091.47412109375,1093.25,1099.3499755859375,1082.300048828125,1095.0999755859375,7895577
2024-01-03,1096.8154296875,1098.5999755859375,1102.5999755859375,1081.300048828125,1091.0,10225290
2024-01-04,1121.5751953125,1123.4000244140625,1130.0,1100.050048828125,1103.0,11411683
2024-01-05,1135.1031494140625,1136.949951171875,1139.9000244140625,1119.0,1124.0,8025466
2024-01-08,1120.1773681640625,1122.0,1146.0,1118.5,1145.0,4735538
2024-01-09,1114.736328125,1116.550048828125,1135.550048828125,1112.3499755859375,1128.550048828125,6359362
2024-01-10,1105.2017822265625,1107.0,1116.0,1099.050048828125,1115.25,5934163
2024-01-11,1123.9212646484375,1125.75,1127.9000244140625,1111.050048828125,1111.050048828125,4683035
2024-01-12,1118.530029296875,1120.3499755859375,1129.449951171875,1118.050048828125,1126.3499755859375,5616755
2024-01-15,1117.6815185546875,1119.5,1130.449951171875,1116.5999755859375,1122.0,6719079
2024-01-16,1117.2821044921875,1119.0999755859375,1127.800048828125,1115.0999755859375,1116.6500244140625,5229753
2024-01-17,1080.5419921875,1082.300048828125,1115.0,1079.199951171875,1082.0,24913719
2024-01-18,1095.71728515625,1097.5,1108.75,1066.0,1066.0,11473135
2024-01-19,1114.736328125,1116.550048828125,1126.300048828125,1105.0,1107.1500244140625,12303696
2024-01-23,1087.480712890625,1089.25,1141.5999755859375,1078.800048828125,1125.9000244140625,18924087
2024-01-24,1057.4295654296875,1059.1500244140625,1073.199951171875,1020.9000244140625,1034.800048828125,20884046
2024-01-25,1040.556884765625,1042.25,1063.699951171875,1025.800048828125,1058.0,20835434
2024-01-29,1059.5260009765625,1061.25,1068.0,1036.0,1036.0,11188604
2024-01-30,1052.3876953125,1054.0999755859375,1070.449951171875,1050.800048828125,1060.050048828125,9426983
2024-01-31,1066.0155029296875,1067.75,1084.0999755859375,1042.699951171875,1048.199951171875,12600390
2024-02-01,1082.48876953125,1084.25,1087.6500244140625,1056.800048828125,1072.6500244140625,9756682
2024-02-02,1065.3167724609375,1067.050048828125,1096.199951171875,1065.0,1088.050048828125,8667415
2024-02-05,1059.7757568359375,1061.5,1079.5,1058.0,1067.050048828125,12569454
2024-02-06,1048.3443603515625,1050.050048828125,1065.0999755859375,1048.199951171875,1061.550048828125,8011171
2024-02-07,1067.3634033203125,1069.0999755859375,1073.699951171875,1057.5,1061.050048828125,7281793
2024-02-08,1034.21728515625,1035.9000244140625,1075.5999755859375,1031.6500244140625,1072.0,9869141
2024-02-09,1049.692138671875,1051.4000244140625,1054.9000244140625,1034.550048828125,1039.949951171875,8233454
2024-02-12,1044.9996337890625,1046.699951171875,1057.25,1035.3499755859375,1051.4000244140625,8694379
2024-02-13,1069.0106201171875,1070.75,1075.550048828125,1044.800048828125,1051.0,8413609
2024-02-14,1095.0682373046875,1096.8499755859375,1100.9000244140625,1060.550048828125,1061.300048828125,16609115
2024-02-15,1070.458251953125,1072.199951171875,1097.550048828125,1069.25,1097.5,11780823
2024-02-16,1067.013916015625,1068.75,1076.0,1058.0,1073.0,8660907
2024-02-19,1061.223388671875,1062.949951171875,1070.0,1060.0999755859375,1069.0,7562645
2024-02-20,1086.8316650390625,1088.5999755859375,1090.5,1057.699951171875,1059.0,8722800
2024-02-21,1082.4388427734375,1084.199951171875,1093.949951171875,1073.0999755859375,1093.8499755859375,9177213
2024-02-22,1099.1116943359375,1100.9000244140625,1110.699951171875,1081.5,1090.300048828125,14633340
2024-02-23,1095.0184326171875,1096.800048828125,1107.4000244140625,1090.0,1099.0,6250943
2024-02-26,1083.4371337890625,1085.199951171875,1094.800048828125,1079.6500244140625,1093.449951171875,5354189
2024-02-27,1077.2972412109375,1079.050048828125,1088.550048828125,1072.050048828125,1081.6500244140625,6546815
2024-02-28,1072.455078125,1074.199951171875,1085.0,1064.050048828125,1077.4000244140625,7643191
2024-02-29,1073.3536376953125,1075.0999755859375,1082.300048828125,1055.3499755859375,1071.0,13648997
2024-03-01,1097.4644775390625,1099.25,1101.699951171875,1076.0,1076.0,4819390
2024-03-04,1104.9521484375,1106.75,1108.9000244140625,1093.0999755859375,1099.25,5895441
2024-03-05,1099.011962890625,1100.800048828125,1110.9000244140625,1094.5,1102.199951171875,4851446
2024-03-06,1123.1724853515625,1125.0,1131.949951171875,1095.3499755859375,1100.199951171875,13787638
2024-03-07,1109.64453125,1111.449951171875,1126.9000244140625,1107.550048828125,1126.0,6943879
2024-03-11,1103.304931640625,1105.0999755859375,1120.0,1101.9000244140625,1112.25,6751641
2024-03-12,1095.218017578125,1097.0,1121.4000244140625,1084.25,1105.0,9817138
2024-03-13,1078.64501953125,1080.4000244140625,1099.550048828125,1070.75,1096.0,11503890
2024-03-14,1056.5308837890625,1058.25,1081.25,1055.5999755859375,1075.0,10253613
2024-03-15,1044.7001953125,1046.4000244140625,1056.25,1030.25,1056.25,17798175
2024-03-18,1059.6259765625,1061.3499755859375,1066.9000244140625,1043.5999755859375,1044.0,7612407
2024-03-19,1049.0931396484375,1050.800048828125,1060.949951171875,1046.699951171875,1055.550048828125,6728886
2024-03-20,1033.0692138671875,1034.75,1057.449951171875,1030.949951171875,1050.0,12619644
2024-03-21,1033.917724609375,1035.5999755859375,1050.550048828125,1028.1500244140625,1039.3499755859375,9903738
2024-03-22,1031.62158203125,1033.300048828125,1047.25,1029.949951171875,1040.0999755859375,9891194
2024-03-26,1038.8597412109375,1040.550048828125,1044.199951171875,1027.5,1029.0,9656767
2024-03-27,1051.1396484375,1052.8499755859375,1057.550048828125,1044.25,1045.800048828125,17027308
2024-03-28,1045.4989013671875,1047.199951171875,1058.4000244140625,1044.0999755859375,1052.8499755859375,10235318
2024-04-01,1051.3892822265625,1053.0999755859375,1063.75,1048.9000244140625,1052.3499755859375,5484556
2024-04-02,1045.4989013671875,1047.199951171875,1055.8499755859375,1040.199951171875,1051.0,13617893
2024-04-03,1061.5228271484375,1063.25,1070.300048828125,1043.75,1043.800048828125,11573590
2024-04-04,1061.223388671875,1062.949951171875,1080.699951171875,1059.1500244140625,1070.0,17964844
2024-04-05,1057.3795166015625,1059.0999755859375,1063.0,1048.0999755859375,1061.0999755859375,9210187
2024-04-08,1074.3021240234375,1076.050048828125,1079.449951171875,1063.550048828125,1067.0,4967186
2024-04-09,1078.24560546875,1080.0,1090.0,1071.3499755859375,1090.0,11385226
2024-04-10,1086.0330810546875,1087.800048828125,1093.0,1080.0,1086.199951171875,9064074
2024-04-12,1071.7061767578125,1073.449951171875,1096.4000244140625,1071.0999755859375,1079.5,18045983
2024-04-15,1056.2314453125,1057.949951171875,1071.0,1055.25,1063.0999755859375,8889435
2024-04-16,1050.1912841796875,1051.9000244140625,1057.8499755859375,1044.3499755859375,1049.949951171875,7107881
2024-04-18,1022.3366088867188,1024.0,1051.4000244140625,1013.8499755859375,1044.1500244140625,17832438
2024-04-19,1027.42822265625,1029.0999755859375,1036.949951171875,995.7000122070312,1015.0,21598007
2024-04-22,1052.23779296875,1053.949951171875,1058.5,1032.0,1039.0,9410832
2024-04-23,1054.0350341796875,1055.75,1060.25,1048.75,1058.0,8300012
2024-04-24,1061.5228271484375,1063.25,1068.949951171875,1056.0,1056.0,5641163
2024-04-25,1125.1693115234375,1127.0,1133.949951171875,1086.0999755859375,1100.0,46136295
2024-04-26,1128.4639892578125,1130.300048828125,1141.3499755859375,1123.0,1130.0,10133766
2024-04-29,1157.366943359375,1159.25,1164.0,1125.300048828125,1130.300048828125,15183242
2024-04-30,1164.006103515625,1165.9000244140625,1182.9000244140625,1155.1500244140625,1160.1500244140625,18965164
2024-05-02,1147.982177734375,1149.8499755859375,1174.0,1148.0,1156.0,12302236
2024-05-03,1139.645751953125,1141.5,1163.25,1134.0999755859375,1150.9000244140625,9993632
2024-05-06,1141.792236328125,1143.6500244140625,1156.0,1135.6500244140625,1143.9000244140625,7490104
2024-05-07,1125.8681640625,1127.699951171875,1148.800048828125,1124.050048828125,1146.050048828125,7115509
2024-05-08,1126.816650390625,1128.6500244140625,1135.449951171875,1118.25,1124.6500244140625,8175609
2024-05-09,1113.8377685546875,1115.6500244140625,1134.550048828125,1112.199951171875,1122.0,5226693
2024-05-10,1118.280517578125,1120.0999755859375,1140.0,1113.3499755859375,1123.699951171875,7242718
2024-05-13,1130.1612548828125,1132.0,1135.4000244140625,1105.050048828125,1120.0999755859375,5513160
2024-05-14,1121.026123046875,1122.8499755859375,1136.0999755859375,1118.0999755859375,1129.949951171875,5471143
2024-05-15,1126.2176513671875,1128.050048828125,1131.199951171875,1118.5999755859375,1125.550048828125,5436338
2024-05-16,1137.4493408203125,1139.300048828125,1143.949951171875,1111.300048828125,1134.1500244140625,10750526
2024-05-17,1139.4959716796875,1141.3499755859375,1146.0,1126.0999755859375,1132.0,9909986
2024-05-21,1135.802001953125,1137.6500244140625,1145.75,1129.199951171875,1136.0,8162017
2024-05-22,1124.1708984375,1126.0,1142.0,1117.949951171875,1142.0,9094033
2024-05-23,1163.357177734375,1165.25,1169.6500244140625,1125.75,1126.0,12818081
2024-05-24,1172.093017578125,1174.0,1177.0,1160.5999755859375,1165.5,8814997
2024-05-27,1185.0718994140625,1187.0,1196.0,1168.0,1178.9000244140625,10450046
2024-05-28,1181.4776611328125,1183.4000244140625,1192.4000244140625,1179.0,1188.0,4018776
2024-05-29,1157.8660888671875,1159.75,1185.9000244140625,1156.0,1172.0,9418064
2024-05-30,1166.052734375,1167.949951171875,1179.800048828125,1155.0,1155.199951171875,7232217
2024-05-31,1160.2623291015625,1162.1500244140625,1178.0,1153.4000244140625,1173.0,10057642
2024-06-03,1221.9119873046875,1223.9000244140625,1242.199951171875,1193.4000244140625,1197.050048828125,22197339
2024-06-04,1129.4124755859375,1131.25,1224.0,1101.550048828125,1224.0,24135989
2024-06-05,1182.5758056640625,1184.5,1193.0,1110.699951171875,1138.0,21039499
2024-06-06,1169.0478515625,1170.949951171875,1195.9000244140625,1163.25,1192.0999755859375,12006879
2024-06-07,1184.8721923828125,1186.800048828125,1195.199951171875,1166.75,1178.0,8583998
2024-06-10,1198.05078125,1200.0,1212.4000244140625,1185.0,1185.0,9995057
2024-06-11,1192.6595458984375,1194.5999755859375,1209.3499755859375,1190.449951171875,1204.449951171875,9390212
2024-06-12,1185.970458984375,1187.9000244140625,1206.1500244140625,1184.0999755859375,1192.0999755859375,7199718
2024-06-13,1172.741943359375,1174.6500244140625,1202.0,1173.449951171875,1201.800048828125,5321148
2024-06-14,1179.1314697265625,1181.050048828125,1184.6500244140625,1170.0,1180.949951171875,4451031
2024-06-18,1189.9639892578125,1191.9000244140625,1194.0,1181.1500244140625,1194.0,6837181
2024-06-19,1224.6573486328125,1226.6500244140625,1243.3499755859375,1185.5,1193.0,17987437
2024-06-20,1237.486572265625,1239.5,1241.5,1220.4000244140625,1230.0999755859375,8206858
2024-06-21,1235.4398193359375,1237.449951171875,1246.0,1223.75,1246.0,29311314
2024-06-24,1226.10498046875,1228.0999755859375,1235.75,1225.050048828125,1231.0,6676530
2024-06-25,1269.3846435546875,1271.449951171875,1278.75,1226.0,1234.449951171875,17607952
2024-06-26,1283.31201171875,1285.4000244140625,1292.949951171875,1259.199951171875,1281.0999755859375,13956370
2024-06-27,1286.856201171875,1288.949951171875,1310.0,1280.0,1310.0,22311393
2024-06-28,1263.1947021484375,1265.25,1289.9000244140625,1261.5999755859375,1283.0999755859375,7167069
2024-07-01,1259.8502197265625,1261.9000244140625,1273.0,1256.449951171875,1273.0,5797015
2024-07-02,1251.364013671875,1253.4000244140625,1267.8499755859375,1238.25,1265.0,9945447
2024-07-03,1277.9207763671875,1280.0,1288.5999755859375,1243.5999755859375,1260.0,15171347
2024-07-04,1278.8193359375,1280.9000244140625,1293.0,1268.5,1288.0,4817380
2024-07-05,1284.9593505859375,1287.050048828125,1295.4000244140625,1270.9000244140625,1272.0,8593502
2024-07-08,1285.7579345703125,1287.8499755859375,1297.4000244140625,1279.5999755859375,1285.0,4216951
2024-07-09,1287.305419921875,1289.4000244140625,1295.0,1279.199951171875,1284.0,6930340
2024-07-10,1289.5518798828125,1291.6500244140625,1294.0,1275.1500244140625,1284.199951171875,9020489
2024-07-11,1294.6435546875,1296.75,1301.4000244140625,1276.949951171875,1301.050048828125,7848846
2024-07-12,1316.1751708984375,1317.300048828125,1339.6500244140625,1293.9000244140625,1293.9000244140625,11278987
2024-07-15,1306.33349609375,1307.449951171875,1324.4000244140625,1305.0,1316.699951171875,11537127
2024-07-16,1302.886474609375,1304.0,1318.449951171875,1299.699951171875,1307.449951171875,5433264
2024-07-18,1308.281982421875,1309.4000244140625,1318.5999755859375,1294.5,1300.0,6787511
2024-07-19,1291.2464599609375,1292.3499755859375,1309.0,1288.199951171875,1305.6500244140625,4496066
2024-07-22,1281.4049072265625,1282.5,1292.3499755859375,1278.199951171875,1283.3499755859375,6695557
2024-07-23,1262.1712646484375,1263.25,1291.0999755859375,1251.0,1288.5,8789327
2024-07-24,1238.1917724609375,1239.25,1267.3499755859375,1226.6500244140625,1262.9000244140625,10344860
2024-07-25,1174.8958740234375,1175.9000244140625,1200.0,1155.5,1200.0,32979871
2024-07-26,1176.3446044921875,1177.3499755859375,1183.1500244140625,1155.25,1165.0,18554648
2024-07-29,1169.0509033203125,1170.050048828125,1194.5999755859375,1163.6500244140625,1182.3499755859375,19598573
2024-07-30,1169.0009765625,1170.0,1180.0,1160.199951171875,1164.0999755859375,18090045
2024-07-31,1165.104248046875,1166.0999755859375,1171.0,1154.0,1157.0,17347076
2024-08-01,1171.299072265625,1172.300048828125,1175.6500244140625,1165.449951171875,1168.0,11190500
2024-08-02,1159.8587646484375,1160.8499755859375,1167.800048828125,1156.0999755859375,1164.0,10581445
2024-08-05,1132.5321044921875,1133.5,1151.449951171875,1124.300048828125,1142.0,12013362
2024-08-06,1125.138427734375,1126.0999755859375,1151.0,1123.0999755859375,1140.0,8571122
2024-08-07,1135.829345703125,1136.800048828125,1144.800048828125,1127.0,1138.800048828125,8370312
2024-08-08,1137.17822265625,1138.1500244140625,1142.800048828125,1126.0,1133.0999755859375,7903428
2024-08-09,1141.774169921875,1142.75,1155.699951171875,1139.949951171875,1152.0,6262086
2024-08-12,1163.305908203125,1164.300048828125,1169.0999755859375,1135.8499755859375,1146.0,9078384
2024-08-13,1158.6097412109375,1159.5999755859375,1179.5999755859375,1155.4000244140625,1161.3499755859375,6180463
2024-08-14,1152.1153564453125,1153.0999755859375,1159.0,1148.6500244140625,1159.0,5021841
2024-08-16,1165.8536376953125,1166.8499755859375,1170.0,1149.5999755859375,1166.4000244140625,6107134
2024-08-19,1152.2652587890625,1153.25,1171.300048828125,1150.199951171875,1169.0,6691823
2024-08-20,1167.002685546875,1168.0,1177.0,1154.6500244140625,1158.0,6721749
2024-08-21,1173.397216796875,1174.4000244140625,1178.0,1161.5,1166.5999755859375,9480630
2024-08-22,1168.950927734375,1169.949951171875,1181.0,1168.949951171875,1179.699951171875,5841326
2024-08-23,1164.954345703125,1165.949951171875,1173.949951171875,1163.5,1170.0,5121962
2024-08-26,1169.30078125,1170.300048828125,1175.25,1166.0999755859375,1171.699951171875,3392612
2024-08-27,1180.2413330078125,1181.25,1184.8499755859375,1164.25,1170.0,8702113
2024-08-28,1169.9500732421875,1170.949951171875,1181.699951171875,1169.3499755859375,1177.0,5483503
2024-08-29,1174.3963623046875,1175.4000244140625,1179.9000244140625,1163.4000244140625,1169.0,7290114
2024-08-30,1174.2464599609375,1175.25,1182.949951171875,1171.8499755859375,1177.0,10190506
2024-09-02,1187.784912109375,1188.800048828125,1194.0,1174.0999755859375,1176.0,6432362
2024-09-03,1190.58251953125,1191.5999755859375,1193.550048828125,1176.699951171875,1188.0,7920246
2024-09-04,1176.6943359375,1177.699951171875,1189.6500244140625,1173.300048828125,1182.699951171875,6527941
2024-09-05,1179.5419921875,1180.550048828125,1182.8499755859375,1173.449951171875,1182.0,4234766
2024-09-06,1157.760498046875,1158.75,1181.3499755859375,1150.800048828125,1176.0,9874576
2024-09-09,1169.8502197265625,1170.8499755859375,1175.5999755859375,1145.0,1158.0,7700940
2024-09-10,1186.1861572265625,1187.199951171875,1190.8499755859375,1173.3499755859375,1178.9000244140625,8723854
2024-09-11,1185.087158203125,1186.0999755859375,1194.8499755859375,1181.0,1187.199951171875,6000329
2024-09-12,1202.3223876953125,1203.3499755859375,1205.699951171875,1176.75,1190.0999755859375,7592871
2024-09-13,1216.410400390625,1217.449951171875,1219.550048828125,1201.0,1209.9000244140625,6762566
2024-09-16,1229.9989013671875,1231.050048828125,1234.0,1215.0,1222.0,4039284
2024-09-17,1231.0478515625,1232.0999755859375,1240.5999755859375,1227.5999755859375,1235.199951171875,8030427
2024-09-18,1239.3907470703125,1240.449951171875,1250.4000244140625,1225.0,1231.9000244140625,8210034
2024-09-19,1241.6387939453125,1242.699951171875,1261.699951171875,1239.0,1248.449951171875,8449864
2024-09-20,1243.9368896484375,1245.0,1250.0,1229.9000244140625,1244.0,15009629
2024-09-23,1245.7353515625,1246.800048828125,1252.449951171875,1240.550048828125,1251.5,5462814
2024-09-24,1238.4915771484375,1239.550048828125,1247.0999755859375,1235.3499755859375,1241.0999755859375,9225946
2024-09-25,1267.01708984375,1268.0999755859375,1271.0,1231.0999755859375,1238.0,6853324
2024-09-26,1276.009521484375,1277.0999755859375,1281.6500244140625,1262.25,1267.550048828125,7270078
2024-09-27,1272.0628662109375,1273.1500244140625,1281.550048828125,1257.25,1273.0,13372027
2024-09-30,1231.1478271484375,1232.199951171875,1275.0,1229.3499755859375,1263.5,8466919
2024-10-01,1225.6025390625,1226.6500244140625,1242.949951171875,1224.6500244140625,1228.0999755859375,11164280
2024-10-03,1174.696044921875,1175.699951171875,1219.1500244140625,1173.0999755859375,1207.5,17300892
2024-10-04,1177.393798828125,1178.4000244140625,1202.800048828125,1174.0,1175.5,13064515
2024-10-07,1144.7216796875,1145.699951171875,1184.8499755859375,1130.9000244140625,1182.949951171875,20047013
2024-10-08,1152.3153076171875,1153.300048828125,1168.3499755859375,1142.5,1153.0,8464570
2024-10-09,1169.15087890625,1170.1500244140625,1185.0,1154.0,1154.0,9807734
2024-10-10,1183.23876953125,1184.25,1191.0,1175.050048828125,1177.0,6806243
2024-10-11,1171.4488525390625,1172.449951171875,1188.199951171875,1166.0,1182.5,4754158
2024-10-14,1163.355712890625,1164.3499755859375,1175.0,1156.5999755859375,1171.550048828125,9765296
2024-10-15,1152.86474609375,1153.8499755859375,1172.0,1149.5,1166.0999755859375,8741516
2024-10-16,1152.2152099609375,1153.199951171875,1162.949951171875,1148.0999755859375,1151.0,7739854
2024-10-17,1130.883544921875,1131.8499755859375,1151.3499755859375,1124.0,1151.0,6595231
2024-10-18,1195.8280029296875,1196.8499755859375,1203.8499755859375,1156.050048828125,1158.0,20829666
2024-10-21,1189.28369140625,1190.300048828125,1214.800048828125,1185.550048828125,1196.8499755859375,7456038
2024-10-22,1174.7459716796875,1175.75,1198.0,1173.3499755859375,1194.25,7256246
2024-10-23,1159.4091796875,1160.4000244140625,1183.1500244140625,1158.6500244140625,1175.0999755859375,6501834
2024-10-24,1166.3531494140625,1167.3499755859375,1175.199951171875,1154.6500244140625,1165.0,5046700
2024-10-25,1188.3343505859375,1189.3499755859375,1201.75,1170.0,1187.0,12798716
2024-10-28,1170.599609375,1171.5999755859375,1194.0,1167.050048828125,1194.0,8572243
2024-10-29,1185.8365478515625,1186.8499755859375,1191.199951171875,1157.5999755859375,1176.4000244140625,9908946
2024-10-30,1169.400634765625,1170.4000244140625,1187.6500244140625,1164.300048828125,1178.75,9686560
2024-10-31,1158.5599365234375,1159.550048828125,1178.0,1153.8499755859375,1165.5,8682294
2024-11-01,1168.5513916015625,1169.550048828125,1172.5,1164.0,1164.050048828125,460781
2024-11-04,1138.2772216796875,1139.25,1176.949951171875,1135.449951171875,1172.0,9288653
2024-11-05,1170.699462890625,1171.699951171875,1174.9000244140625,1133.449951171875,1138.949951171875,11701049
2024-11-06,1165.50390625,1166.5,1183.550048828125,1161.449951171875,1171.800048828125,10353506
2024-11-07,1158.9095458984375,1159.9000244140625,1172.9000244140625,1151.050048828125,1168.5999755859375,6252889
2024-11-08,1159.9586181640625,1160.949951171875,1167.75,1151.0999755859375,1156.0,3786168
2024-11-11,1170.0001220703125,1171.0,1176.800048828125,1142.949951171875,1152.0,6620678
2024-11-12,1157.1611328125,1158.1500244140625,1187.0,1153.800048828125,1171.6500244140625,9606088
2024-11-13,1138.1773681640625,1139.1500244140625,1165.5,1135.0999755859375,1151.9000244140625,8079113
2024-11-14,1139.7259521484375,1140.699951171875,1150.75,1131.5999755859375,1137.550048828125,5975873
2024-11-18,1125.23828125,1126.199951171875,1135.0,1121.550048828125,1131.199951171875,9474971
2024-11-19,1132.981689453125,1133.949951171875,1139.0,1122.050048828125,1130.0,19225966
2024-11-21,1138.1773681640625,1139.1500244140625,1152.0,1115.75,1138.0,8126248
2024-11-22,1141.424560546875,1142.4000244140625,1147.9000244140625,1127.550048828125,1136.6500244140625,16687505
2024-11-25,1154.9129638671875,1155.9000244140625,1164.5,1142.0,1160.0,12385823
2024-11-26,1143.822509765625,1144.800048828125,1159.5999755859375,1142.6500244140625,1157.0999755859375,5127437
2024-11-27,1148.6683349609375,1149.6500244140625,1155.449951171875,1133.550048828125,1145.199951171875,5989943
2024-11-28,1131.532958984375,1132.5,1154.449951171875,1129.4000244140625,1148.5,10731275
2024-11-29,1135.3297119140625,1136.300048828125,1140.9000244140625,1127.699951171875,1133.550048828125,6406277
2024-12-02,1136.1290283203125,1137.0999755859375,1141.4000244140625,1126.5999755859375,1132.699951171875,4785858
2024-12-03,1159.509033203125,1160.5,1164.9000244140625,1138.0,1144.4000244140625,8382042
2024-12-04,1158.4599609375,1159.449951171875,1168.0,1153.9000244140625,1157.5,18379798
2024-12-05,1165.404052734375,1166.4000244140625,1176.9000244140625,1150.0999755859375,1164.0,10640451
2024-12-06,1183.53857421875,1184.550048828125,1193.8499755859375,1160.0,1167.5,7542210
2024-12-09,1162.2567138671875,1163.25,1186.0,1161.0,1184.25,6308112
2024-12-10,1152.6649169921875,1153.6500244140625,1165.050048828125,1151.25,1157.0,4714389
2024-12-11,1146.2703857421875,1147.25,1158.3499755859375,1144.550048828125,1150.0,7788242
2024-12-12,1144.6717529296875,1145.6500244140625,1154.550048828125,1143.5999755859375,1145.0,4825283
2024-12-13,1147.169677734375,1148.1500244140625,1152.699951171875,1113.6500244140625,1141.0,8731618
2024-12-16,1149.917236328125,1150.9000244140625,1155.0,1141.75,1146.5,3975202
2024-12-17,1135.27978515625,1136.25,1151.8499755859375,1130.0,1145.25,7292817
2024-12-18,1121.291748046875,1122.25,1139.9000244140625,1115.949951171875,1136.199951171875,7222127
2024-12-19,1107.953125,1108.9000244140625,1119.050048828125,1101.050048828125,1104.9000244140625,11677610
2024-12-20,1070.9346923828125,1071.8499755859375,1105.8499755859375,1065.0,1103.949951171875,12623056
2024-12-23,1078.228515625,1079.1500244140625,1083.550048828125,1072.4000244140625,1075.0999755859375,3886921
2024-12-24,1077.978759765625,1078.9000244140625,1084.75,1076.0,1077.300048828125,4343694
2024-12-26,1075.780517578125,1076.699951171875,1092.5999755859375,1072.75,1083.0,4775460
2024-12-27,1076.5299072265625,1077.449951171875,1086.25,1076.0,1078.0999755859375,3801667
2024-12-30,1069.036376953125,1069.949951171875,1096.5,1063.949951171875,1074.0999755859375,9452155
2024-12-31,1063.790771484375,1064.699951171875,1070.449951171875,1058.5,1062.0,5292136
2025-01-01,1070.8848876953125,1071.800048828125,1076.949951171875,1053.949951171875,1064.1500244140625,2985355
2025-01-02,1085.672119140625,1086.5999755859375,1088.699951171875,1067.5,1072.0,6557076
2025-01-03,1083.9736328125,1084.9000244140625,1093.5,1079.800048828125,1086.0,7357220
2025-01-06,1062.491943359375,1063.4000244140625,1090.0,1059.9000244140625,1087.75,5283413
2025-01-07,1066.5885009765625,1067.5,1070.5,1056.0,1064.550048828125,4619462
2025-01-08,1074.0321044921875,1074.949951171875,1082.3499755859375,1059.0999755859375,1063.75,8780098
2025-01-09,1060.8433837890625,1061.75,1080.1500244140625,1054.25,1079.5999755859375,9054190
2025-01-10,1039.811279296875,1040.699951171875,1064.8499755859375,1037.0,1056.25,5612886
2025-01-13,1048.404052734375,1049.300048828125,1063.0,1023.25,1026.5999755859375,7180930
2025-01-14,1050.7520751953125,1051.6500244140625,1061.0,1045.5,1052.949951171875,6892897
2025-01-15,1025.9232177734375,1026.800048828125,1052.9000244140625,1014.6500244140625,1043.0,11418721
2025-01-16,1037.1136474609375,1038.0,1046.449951171875,1027.050048828125,1033.9000244140625,10261727
2025-01-17,990.2037353515625,991.0499877929688,1011.7000122070312,974.5999755859375,1000.0,33831617
2025-01-20,987.206298828125,988.0499877929688,994.2000122070312,976.5,992.0499877929688,33440507
2025-01-21,969.37158203125,970.2000122070312,994.4500122070312,963.0,993.5999755859375,11894500
2025-01-22,958.4808349609375,959.2999877929688,975.75,954.0,975.75,17303146
2025-01-23,950.2379150390625,951.0499877929688,963.7000122070312,948.0,954.0,24649522
2025-01-24,947.6900634765625,948.5,961.7999877929688,946.0999755859375,948.0,14421921
2025-01-27,947.2904052734375,948.0999755859375,949.75,933.5,943.0999755859375,12713296
2025-01-28,982.9598999023438,983.7999877929688,993.8499755859375,958.2000122070312,960.0,21781371
2025-01-29,982.560302734375,983.4000244140625,988.6500244140625,977.5999755859375,988.0,11175206
2025-01-30,983.8591918945312,984.7000122070312,991.4000244140625,974.7999877929688,984.6500244140625,10473118
2025-01-31,985.2579345703125,986.0999755859375,990.0,978.0499877929688,982.0,9036312
2025-02-01,997.2977294921875,998.1500244140625,1004.9500122070312,982.0,989.5,4830391
2025-02-03,988.55517578125,989.4000244140625,1000.5,983.3499755859375,987.0999755859375,7124605
2025-02-04,1014.4330444335938,1015.2999877929688,1017.0999755859375,987.7999877929688,994.0,16058171
2025-02-05,1012.4347534179688,1013.2999877929688,1022.0499877929688,1010.5,1020.5999755859375,7858373
2025-02-06,1019.8284301757812,1020.7000122070312,1021.8499755859375,1010.0499877929688,1012.0,5815563
2025-02-07,1023.2255249023438,1024.0999755859375,1027.3499755859375,1007.6500244140625,1019.5,8638651
2025-02-10,1010.8860473632812,1011.75,1026.75,1006.2000122070312,1021.0,3960565
2025-02-11,1006.539794921875,1007.4000244140625,1016.3499755859375,1002.5999755859375,1009.0,4808215
2025-02-12,1006.0402221679688,1006.9000244140625,1010.6500244140625,984.0,1000.0,7669283
2025-02-13,1007.339111328125,1008.2000122070312,1017.4500122070312,1001.0499877929688,1003.0,6348246
2025-02-14,996.6482543945312,997.5,1016.0,987.6500244140625,1010.5499877929688,5375755
2025-02-17,992.1021118164062,992.9500122070312,999.6500244140625,978.0499877929688,992.4500122070312,7166803
2025-02-18,993.3011474609375,994.1500244140625,997.3499755859375,986.5499877929688,992.9500122070312,3090004
2025-02-19,1010.4863891601562,1011.3499755859375,1013.4500122070312,988.1500244140625,991.6500244140625,6401381
2025-02-20,1016.3314208984375,1017.2000122070312,1019.6500244140625,1006.5,1008.4000244140625,5011212
2025-02-21,1008.0885009765625,1008.9500122070312,1021.9000244140625,1000.6500244140625,1012.0,5019937
2025-02-24,1009.1875,1010.0499877929688,1013.0,998.5499877929688,1001.3499755859375,4265454
2025-02-25,1008.23828125,1009.0999755859375,1013.7000122070312,997.0999755859375,1004.0,5708975
2025-02-27,1015.8318481445312,1016.7000122070312,1023.5499877929688,1005.1500244140625,1007.6500244140625,9777690
2025-02-28,1014.6828002929688,1015.5499877929688,1035.5,1009.9500122070312,1014.7999877929688,15026849
2025-03-03,1006.389892578125,1007.25,1019.4000244140625,992.0,1017.0499877929688,6763184
2025-03-04,1000.944580078125,1001.7999877929688,1011.0999755859375,998.5999755859375,1001.0999755859375,5786420
2025-03-05,1013.5838012695312,1014.4500122070312,1017.4000244140625,1002.5499877929688,1003.0,5133873
2025-03-06,1033.2169189453125,1034.0999755859375,1039.5,1015.1500244140625,1022.5999755859375,7861120
2025-03-07,1036.7640380859375,1037.6500244140625,1050.3499755859375,1030.699951171875,1033.699951171875,7597321
2025-03-10,1034.9654541015625,1035.8499755859375,1050.5,1032.3499755859375,1036.0,5995655
2025-03-11,1024.774169921875,1025.6500244140625,1036.800048828125,1021.0999755859375,1030.4000244140625,4771085
2025-03-12,1010.3365478515625,1011.2000122070312,1029.800048828125,999.2000122070312,1025.199951171875,7504702
2025-03-13,1009.33740234375,1010.2000122070312,1016.0,1005.0999755859375,1015.0,4004140
2025-03-17,1033.2669677734375,1034.1500244140625,1039.0,1011.0999755859375,1011.0999755859375,5938668
2025-03-18,1033.2669677734375,1034.1500244140625,1034.1500244140625,1034.1500244140625,1034.1500244140625,0
2025-03-19,1051.1517333984375,1052.050048828125,1058.550048828125,1043.5,1047.800048828125,4822365
2025-03-20,1053.44970703125,1054.3499755859375,1058.9000244140625,1046.9000244140625,1056.25,3742644
2025-03-21,1069.2362060546875,1070.1500244140625,1075.550048828125,1050.550048828125,1054.3499755859375,6848565
2025-03-24,1096.9124755859375,1097.8499755859375,1104.949951171875,1073.699951171875,1082.0,8284863
2025-03-25,1117.594970703125,1118.550048828125,1123.5,1096.3499755859375,1109.949951171875,11720528
2025-03-26,1095.31396484375,1096.25,1118.8499755859375,1089.050048828125,1115.0,7127060
2025-03-27,1097.412109375,1098.3499755859375,1108.0,1088.0999755859375,1092.0,8508917
2025-03-28,1101.0589599609375,1102.0,1107.0,1086.5,1098.4000244140625,4921190
2025-04-01,1084.6729736328125,1085.5999755859375,1101.25,1070.0,1093.199951171875,6638140
2025-04-02,1083.52392578125,1084.449951171875,1095.5999755859375,1080.75,1091.699951171875,4065344
2025-04-03,1088.9193115234375,1089.8499755859375,1091.949951171875,1075.300048828125,1078.9000244140625,5345660
2025-04-04,1090.3681640625,1091.300048828125,1101.9000244140625,1075.449951171875,1081.5,6059991
2025-04-07,1047.0550537109375,1047.949951171875,1069.0,1032.3499755859375,1035.0,9720457
2025-04-08,1076.9295654296875,1077.8499755859375,1084.949951171875,1060.300048828125,1061.0,8723357
2025-04-09,1060.7435302734375,1061.6500244140625,1081.8499755859375,1058.0,1073.0999755859375,6690201
2025-04-11,1068.0372314453125,1068.949951171875,1072.699951171875,1057.550048828125,1063.300048828125,8144072
2025-04-15,1111.849853515625,1112.800048828125,1117.0,1083.0,1090.0,9320299
2025-04-16,1160.3084716796875,1161.300048828125,1163.5,1112.5999755859375,1122.699951171875,12836428
2025-04-17,1189.783203125,1190.800048828125,1199.199951171875,1153.5999755859375,1155.5999755859375,13446336
2025-04-21,1221.9556884765625,1223.0,1238.699951171875,1198.0999755859375,1202.0,15166580
2025-04-22,1215.760986328125,1216.800048828125,1235.0,1212.0999755859375,1230.4000244140625,8461710
2025-04-23,1205.8695068359375,1206.9000244140625,1230.0,1194.9000244140625,1225.300048828125,9433911
2025-04-24,1206.0692138671875,1207.0999755859375,1220.0,1199.0999755859375,1199.0999755859375,9078137
2025-04-25,1165.30419921875,1166.300048828125,1179.9000244140625,1146.0,1177.0,17243807
2025-04-28,1191.781494140625,1192.800048828125,1196.0,1164.300048828125,1166.300048828125,5523502
2025-04-29,1186.2862548828125,1187.300048828125,1210.0,1184.4000244140625,1194.0,6074520
2025-04-30,1183.9881591796875,1185.0,1193.9000244140625,1175.0,1185.0999755859375,6288257
2025-05-02,1182.3895263671875,1183.4000244140625,1210.5,1180.0999755859375,1182.0999755859375,5249372
2025-05-05,1172.1981201171875,1173.199951171875,1190.0,1164.300048828125,1190.0,7236056
2025-05-06,1160.4083251953125,1161.4000244140625,1178.800048828125,1157.699951171875,1178.0,5348267
2025-05-07,1160.3084716796875,1161.300048828125,1168.5999755859375,1152.9000244140625,1159.0,4263817
2025-05-08,1171.198974609375,1172.199951171875,1179.0,1165.5999755859375,1170.0,9912347
2025-05-09,1150.1170654296875,1151.0999755859375,1172.199951171875,1148.5,1160.0,5379571
2025-05-12,1201.9727783203125,1203.0,1209.0,1175.199951171875,1185.0,7616208
2025-05-13,1192.580810546875,1193.5999755859375,1214.800048828125,1190.0,1205.199951171875,5569926
2025-05-14,1194.4791259765625,1195.5,1199.4000244140625,1185.9000244140625,1195.9000244140625,4084921
2025-05-15,1208.0675048828125,1209.0999755859375,1217.0,1185.0,1197.0,6705748
2025-05-16,1207.767822265625,1208.800048828125,1213.300048828125,1203.199951171875,1206.0,4016269
2025-05-19,1201.77294921875,1202.800048828125,1219.0,1201.0999755859375,1208.0,4550022
2025-05-20,1194.7789306640625,1195.800048828125,1210.699951171875,1192.9000244140625,1208.0,4724482
2025-05-21,1196.7772216796875,1197.800048828125,1204.9000244140625,1182.699951171875,1197.0999755859375,3712472
2025-05-22,1187.485107421875,1188.5,1196.699951171875,1177.5,1196.699951171875,4795583
2025-05-23,1209.066650390625,1210.0999755859375,1213.0999755859375,1188.0999755859375,1188.5,3676469
2025-05-26,1214.162353515625,1215.199951171875,1224.199951171875,1208.699951171875,1216.199951171875,3607612
2025-05-27,1194.5791015625,1195.5999755859375,1216.699951171875,1190.4000244140625,1215.199951171875,7249163
2025-05-28,1193.6798095703125,1194.699951171875,1202.199951171875,1191.699951171875,1195.5999755859375,3525421
2025-05-29,1200.673828125,1201.699951171875,1209.0,1189.0,1200.0,7788068
2025-05-30,1191.181884765625,1192.199951171875,1208.800048828125,1189.5999755859375,1201.4000244140625,9998488
2025-06-02,1193.380126953125,1194.4000244140625,1200.9000244140625,1179.199951171875,1189.800048828125,3761853
2025-06-03,1180.4910888671875,1181.5,1198.9000244140625,1174.9000244140625,1195.0,8155665
2025-06-04,1170.0001220703125,1171.0,1191.300048828125,1168.5999755859375,1181.800048828125,4306355
2025-06-05,1158.0103759765625,1159.0,1175.5,1157.0,1172.5,10481600
2025-06-06,1193.5799560546875,1194.5999755859375,1201.199951171875,1151.199951171875,1158.9000244140625,14715421
2025-06-09,1218.8583984375,1219.9000244140625,1224.5,1206.199951171875,1212.5,9138108
2025-06-10,1231.747314453125,1232.800048828125,1235.9000244140625,1218.4000244140625,1224.4000244140625,7747558
2025-06-11,1230.3485107421875,1231.4000244140625,1241.800048828125,1228.0999755859375,1232.5999755859375,4135775
2025-06-12,1211.8643798828125,1212.9000244140625,1237.0999755859375,1210.800048828125,1231.0,3461744
2025-06-13,1204.7703857421875,1205.800048828125,1211.699951171875,1195.5999755859375,1198.0,3906868
2025-06-16,1214.3621826171875,1215.4000244140625,1218.0,1196.0,1206.0999755859375,5697424
2025-06-17,1214.0623779296875,1215.0999755859375,1227.0,1211.300048828125,1215.4000244140625,4492946
2025-06-18,1219.9573974609375,1221.0,1223.300048828125,1203.9000244140625,1209.800048828125,3135662
2025-06-19,1216.4603271484375,1217.5,1227.800048828125,1213.800048828125,1218.0,4243763
2025-06-20,1219.6575927734375,1220.699951171875,1226.0,1214.199951171875,1217.5,4652390
2025-06-23,1213.063232421875,1214.0999755859375,1222.9000244140625,1205.5999755859375,1212.5999755859375,2312469
2025-06-24,1220.1572265625,1221.199951171875,1238.4000244140625,1215.5999755859375,1222.9000244140625,6745788
2025-06-25,1212.2640380859375,1213.300048828125,1226.300048828125,1211.0,1226.300048828125,4229259
2025-06-26,1232.44677734375,1233.5,1239.0,1211.199951171875,1215.199951171875,8678448
2025-06-27,1224.0538330078125,1225.0999755859375,1247.0,1220.4000244140625,1236.9000244140625,6068274
2025-06-30,1198.1759033203125,1199.199951171875,1236.0,1193.0999755859375,1228.9000244140625,6559872
2025-07-01,1172.2982177734375,1173.300048828125,1202.0,1167.0,1202.0,8702198
2025-07-02,1174.2965087890625,1175.300048828125,1181.9000244140625,1172.0,1180.0,5471100
2025-07-03,1170.0999755859375,1171.0999755859375,1181.0,1168.0,1178.0,6237185
2025-07-04,1177.5999755859375,1177.5999755859375,1179.5,1162.0,1174.0,3926186
2025-07-07,1175.0999755859375,1175.0999755859375,1177.5999755859375,1167.5999755859375,1177.5999755859375,5783402
2025-07-08,1165.4000244140625,1165.4000244140625,1180.0,1161.9000244140625,1180.0,9973619
2025-07-09,1164.699951171875,1164.699951171875,1171.0,1158.5999755859375,1160.0,8674795
2025-07-10,1164.300048828125,1164.300048828125,1176.5999755859375,1163.0,1170.0999755859375,4339755
2025-07-11,1173.800048828125,1173.800048828125,1175.9000244140625,1160.5999755859375,1162.0,4468654
2025-07-14,1172.699951171875,1172.699951171875,1179.9000244140625,1163.0,1179.0,4772502
2025-07-15,1165.9000244140625,1165.9000244140625,1179.0,1162.300048828125,1174.0,4776756
2025-07-16,1168.4000244140625,1168.4000244140625,1174.0,1157.0999755859375,1164.9000244140625,4388279
2025-07-17,1159.800048828125,1159.800048828125,1172.9000244140625,1154.800048828125,1170.0,5694428
2025-07-18,1099.300048828125,1099.300048828125,1115.9000244140625,1086.0,1090.0,38053695
2025-07-21,1099.5999755859375,1099.5999755859375,1101.5,1071.9000244140625,1086.0,15905500
2025-07-22,1098.0,1098.0,1110.5999755859375,1095.0,1102.0,9999957
2025-07-23,1104.800048828125,1104.800048828125,1110.5,1098.0999755859375,1099.5,6633979
2025-07-24,1095.0999755859375,1095.0999755859375,1105.0,1089.4000244140625,1104.0,9901209
2025-07-25,1086.0999755859375,1086.0999755859375,1101.0,1076.199951171875,1086.0999755859375,11779887
2025-07-28,1073.5999755859375,1073.5999755859375,1092.199951171875,1067.4000244140625,1080.9000244140625,9029557
2025-07-29,1064.199951171875,1064.199951171875,1078.699951171875,1055.4000244140625,1070.9000244140625,15599773
2025-07-30,1073.300048828125,1073.300048828125,1080.5999755859375,1062.0,1070.5,8247433
2025-07-31,1068.4000244140625,1068.4000244140625,1081.300048828125,1063.9000244140625,1066.0,7634413
2025-08-01,1062.4000244140625,1062.4000244140625,1070.9000244140625,1060.0,1065.0,5545447
2025-08-04,1068.5999755859375,1068.5999755859375,1070.0,1059.0,1064.4000244140625,4465845
2025-08-05,1070.800048828125,1070.800048828125,1079.9000244140625,1062.5,1068.0,5318081
2025-08-06,1071.0,1071.0,1077.699951171875,1065.5999755859375,1074.0,4216651
2025-08-07,1076.199951171875,1076.199951171875,1079.699951171875,1064.5,1067.800048828125,5321131
2025-08-08,1058.0999755859375,1058.0999755859375,1080.4000244140625,1054.199951171875,1073.0,5084903
2025-08-11,1073.300048828125,1073.300048828125,1075.4000244140625,1052.5999755859375,1058.0999755859375,5452775
2025-08-12,1070.0,1070.0,1076.5999755859375,1066.300048828125,1071.0999755859375,4573025
2025-08-13,1066.0,1066.0,1072.800048828125,1063.199951171875,1071.0999755859375,4966778
2025-08-14,1068.199951171875,1068.199951171875,1072.4000244140625,1062.0,1067.0,6761305
2025-08-18,1082.5999755859375,1082.5999755859375,1090.0,1079.4000244140625,1080.0,7964987
2025-08-19,1083.199951171875,1083.199951171875,1095.0,1075.800048828125,1078.0,5661531
2025-08-20,1080.199951171875,1080.199951171875,1083.699951171875,1077.800048828125,1081.0,3034728
2025-08-21,1078.9000244140625,1078.9000244140625,1090.0,1076.4000244140625,1090.0,6459262
2025-08-22,1070.9000244140625,1070.9000244140625,1078.5,1069.5,1076.0,3853718
2025-08-25,1070.0,1070.0,1074.5,1068.199951171875,1073.0,2711278
2025-08-26,1050.0999755859375,1050.0999755859375,1069.800048828125,1048.0,1068.0,7197666
2025-08-28,1051.9000244140625,1051.9000244140625,1059.5,1047.0,1057.0,8564803
2025-08-29,1045.199951171875,1045.199951171875,1063.0,1042.5,1052.0999755859375,4718016
2025-09-01,1061.5,1061.5,1064.0,1047.5999755859375,1047.5999755859375,3190426
2025-09-02,1056.199951171875,1056.199951171875,1064.9000244140625,1049.0,1061.5,4933541
2025-09-03,1054.699951171875,1054.699951171875,1064.9000244140625,1045.0,1056.199951171875,8303296
2025-09-04,1050.4000244140625,1050.4000244140625,1062.199951171875,1047.300048828125,1058.199951171875,8088417
2025-09-05,1055.9000244140625,1055.9000244140625,1058.0,1047.800048828125,1056.5999755859375,2849589
2025-09-08,1055.5,1055.5,1063.0,1054.0,1055.9000244140625,2260147
2025-09-09,1052.199951171875,1052.199951171875,1059.0,1048.699951171875,1057.5,4310419
2025-09-10,1070.0999755859375,1070.0999755859375,1074.0999755859375,1055.0999755859375,1058.0,5241075
2025-09-11,1087.4000244140625,1087.4000244140625,1093.0,1069.0,1069.0,5227539
2025-09-12,1105.300048828125,1105.300048828125,1108.699951171875,1088.4000244140625,1088.4000244140625,6014850
2025-09-15,1104.4000244140625,1104.4000244140625,1110.0,1100.0,1105.0,3881807
2025-09-16,1121.199951171875,1121.199951171875,1127.0999755859375,1104.0,1105.699951171875,7965606
2025-09-17,1126.0,1126.0,1128.5,1116.0999755859375,1121.300048828125,5590739
2025-09-18,1133.0,1133.0,1134.4000244140625,1121.199951171875,1129.0,5713032
2025-09-19,1135.9000244140625,1135.9000244140625,1144.0999755859375,1126.5999755859375,1133.0,8910732
2025-09-22,1144.4000244140625,1144.4000244140625,1147.5999755859375,1131.199951171875,1136.0,7689900
2025-09-23,1170.800048828125,1170.800048828125,1172.800048828125,1141.9000244140625,1146.0,16079093
2025-09-24,1158.9000244140625,1158.9000244140625,1172.800048828125,1154.0,1168.0,12812055
2025-09-25,1166.5999755859375,1166.5999755859375,1171.800048828125,1153.4000244140625,1154.699951171875,11188302
2025-09-26,1154.0,1154.0,1169.699951171875,1148.0,1161.5999755859375,5618932
2025-09-29,1132.199951171875,1132.199951171875,1158.300048828125,1126.699951171875,1155.4000244140625,9693881
2025-09-30,1131.5999755859375,1131.5999755859375,1137.0,1125.4000244140625,1130.0,8165203
2025-10-01,1159.5,1159.5,1164.800048828125,1131.0,1132.5,9655009
2025-10-03,1181.0,1181.0,1188.0,1169.5,1171.0,11095015
2025-10-06,1212.800048828125,1212.800048828125,1215.199951171875,1182.0999755859375,1185.0,20128505
2025-10-07,1186.800048828125,1186.800048828125,1212.0,1184.0,1212.0,8620156
2025-10-08,1180.5999755859375,1180.5999755859375,1194.800048828125,1174.0999755859375,1180.0999755859375,5160430
2025-10-09,1167.4000244140625,1167.4000244140625,1187.300048828125,1163.0999755859375,1178.0,7194651
2025-10-10,1180.4000244140625,1180.4000244140625,1191.699951171875,1165.199951171875,1168.0,6933035
2025-10-13,1189.5999755859375,1189.5999755859375,1193.5999755859375,1167.5,1171.0,4138448
2025-10-14,1176.800048828125,1176.800048828125,1191.800048828125,1166.5999755859375,1191.800048828125,5742538
2025-10-15,1169.5999755859375,1169.5999755859375,1181.699951171875,1164.0,1180.0,6328142
2025-10-16,1196.300048828125,1196.300048828125,1216.9000244140625,1185.300048828125,1216.4000244140625,17747171
2025-10-17,1200.199951171875,1200.199951171875,1212.9000244140625,1191.5999755859375,1196.300048828125,6404414
2025-10-20,1226.0,1226.0,1231.699951171875,1207.0,1207.9000244140625,7418616
2025-10-21,1237.300048828125,1237.300048828125,1238.800048828125,1222.0,1225.800048828125,1940248
2025-10-23,1258.800048828125,1258.800048828125,1276.0999755859375,1241.300048828125,1246.0,14611221
2025-10-24,1241.9000244140625,1241.9000244140625,1256.0,1240.0999755859375,1254.199951171875,4882046
2025-10-27,1254.0999755859375,1254.0999755859375,1258.5,1242.5999755859375,1243.4000244140625,6185072
2025-10-28,1246.300048828125,1246.300048828125,1258.9000244140625,1236.5999755859375,1249.0,8146777
2025-10-29,1248.800048828125,1248.800048828125,1251.0,1239.199951171875,1246.9000244140625,4578825
2025-10-30,1238.5999755859375,1238.5999755859375,1248.0,1235.0,1243.0,4017532
2025-10-31,1232.800048828125,1232.800048828125,1245.4000244140625,1231.0,1243.0,4106607
2025-11-03,1233.699951171875,1233.699951171875,1241.0,1222.300048828125,1226.0,6118907
2025-11-04,1226.5999755859375,1226.5999755859375,1235.9000244140625,1222.800048828125,1230.0999755859375,3299345
2025-11-06,1228.5,1228.5,1239.5999755859375,1225.0,1225.0,3733721
2025-11-07,1222.800048828125,1222.800048828125,1228.800048828125,1217.0,1227.0,3461466
2025-11-10,1217.0,1217.0,1232.800048828125,1215.5,1222.0,4140568
2025-11-11,1222.5,1222.5,1225.0,1209.4000244140625,1218.0999755859375,5615453
2025-11-12,1221.5999755859375,1221.5999755859375,1232.699951171875,1216.5,1227.9000244140625,6782513
2025-11-13,1225.199951171875,1225.199951171875,1234.800048828125,1213.199951171875,1219.0,3345231
2025-11-14,1241.5999755859375,1241.5999755859375,1246.0,1222.0,1224.0,5197740
2025-11-17,1249.5999755859375,1249.5999755859375,1261.0,1240.4000244140625,1243.9000244140625,4088026
2025-11-18,1265.4000244140625,1265.4000244140625,1273.5,1247.5999755859375,1250.0,10175969
2025-11-19,1270.4000244140625,1270.4000244140625,1273.0,1257.800048828125,1268.0,4101288
2025-11-20,1285.199951171875,1285.199951171875,1287.300048828125,1262.5999755859375,1275.0,4617594
2025-11-21,1275.800048828125,1275.800048828125,1284.5,1273.0,1284.0,6363593
2025-11-24,1269.0,1269.0,1290.9000244140625,1266.5999755859375,1279.199951171875,10491953
2025-11-25,1266.300048828125,1266.300048828125,1276.699951171875,1263.699951171875,1269.0999755859375,5290156
2025-11-26,1290.199951171875,1290.199951171875,1292.800048828125,1269.300048828125,1271.9000244140625,4842021
2025-11-27,1287.300048828125,1287.300048828125,1304.0,1281.0,1297.0,5924706
2025-11-28,1279.699951171875,1279.699951171875,1289.0,1275.0,1287.300048828125,3093636
2025-12-01,1275.699951171875,1275.699951171875,1289.0,1268.5,1288.0,4098016
2025-12-02,1258.0,1258.0,1281.0,1255.0999755859375,1270.699951171875,8115347
2025-12-03,1270.699951171875,1270.699951171875,1272.9000244140625,1255.0,1255.0,3582794
2025-12-04,1280.0,1280.0,1282.800048828125,1269.4000244140625,1270.699951171875,3216108
2025-12-05,1282.5,1282.5,1285.0,1267.300048828125,1275.199951171875,2728214
2025-12-08,1273.800048828125,1273.800048828125,1288.800048828125,1265.0999755859375,1284.0,2969478
2025-12-09,1275.9000244140625,1275.9000244140625,1281.4000244140625,1263.199951171875,1272.0,4239279
2025-12-10,1278.5999755859375,1278.5999755859375,1284.0,1268.300048828125,1273.0,2928746
2025-12-11,1272.699951171875,1272.699951171875,1282.0,1271.0,1277.4000244140625,2017404
2025-12-12,1286.0999755859375,1286.0999755859375,1291.0,1277.9000244140625,1278.0,2281078
2025-12-15,1284.800048828125,1284.800048828125,1290.4000244140625,1280.0,1285.0,1634472
2025-12-16,1219.5999755859375,1219.5999755859375,1277.5999755859375,1216.9000244140625,1277.0999755859375,11542048
2025-12-17,1224.699951171875,1224.699951171875,1236.0,1220.300048828125,1220.5999755859375,5147181
2025-12-18,1229.800048828125,1229.800048828125,1238.5,1220.199951171875,1226.0999755859375,3441592
2025-12-19,1230.5999755859375,1230.5999755859375,1241.5,1229.0999755859375,1236.699951171875,5055047
2025-12-22,1233.199951171875,1233.199951171875,1236.9000244140625,1226.800048828125,1235.0,2405809
2025-12-23,1225.0,1225.0,1239.0,1223.5,1239.0,2920318
2025-12-24,1226.300048828125,1226.300048828125,1235.4000244140625,1224.699951171875,1230.0,3155506
2025-12-26,1228.199951171875,1228.199951171875,1229.9000244140625,1222.0,1225.0,1665983
2025-12-29,1232.0,1232.0,1233.9000244140625,1219.0,1228.199951171875,2209655
2025-12-30,1246.0,1246.0,1252.0999755859375,1232.0,1233.0,5673233
2025-12-31,1269.4000244140625,1269.4000244140625,1271.5,1245.0,1246.0,3711090
2026-01-01,1274.4000244140625,1274.4000244140625,1279.199951171875,1263.800048828125,1270.0,2022412
2026-01-02,1266.9000244140625,1266.9000244140625,1281.800048828125,1264.300048828125,1273.9000244140625,5860547
2026-01-05,1285.800048828125,1285.800048828125,1289.699951171875,1270.0,1274.199951171875,6177100
2026-01-06,1293.800048828125,1293.800048828125,1304.5999755859375,1285.4000244140625,1304.5999755859375,6751769
2026-01-07,1295.5,1295.5,1299.0,1284.0,1293.0,5440002
2026-01-08,1286.800048828125,1286.800048828125,1303.199951171875,1283.800048828125,1291.0999755859375,3949654
2026-01-09,1272.0,1272.0,1295.300048828125,1270.0999755859375,1286.800048828125,5531427
2026-01-12,1274.199951171875,1274.199951171875,1279.5999755859375,1266.5,1274.699951171875,6489750
2026-01-13,1262.0,1262.0,1284.0,1258.699951171875,1274.0,5163166
2026-01-14,1298.800048828125,1298.800048828125,1308.0,1253.5,1255.0,7776704
2026-01-15,1298.800048828125,1298.800048828125,1298.800048828125,1298.800048828125,1298.800048828125,0
2026-01-16,1294.199951171875,1294.199951171875,1309.0,1286.5,1298.800048828125,5175495
2026-01-19,1307.5,1307.5,1327.0,1297.0999755859375,1307.0,8833223
2026-01-20,1293.5,1293.5,1310.9000244140625,1290.0,1306.0999755859375,6268527
2026-01-21,1284.9000244140625,1284.9000244140625,1297.699951171875,1267.4000244140625,1290.0,3854702
2026-01-22,1294.800048828125,1294.800048828125,1298.9000244140625,1281.4000244140625,1290.0,5949677
2026-01-23,1258.0,1258.0,1299.0,1248.0,1297.0,8885549
2026-01-27,1315.800048828125,1315.800048828125,1333.199951171875,1278.4000244140625,1288.800048828125,22715357
2026-01-28,1319.800048828125,1319.800048828125,1369.4000244140625,1310.199951171875,1348.0,15426403
2026-01-29,1363.699951171875,1363.699951171875,1367.0,1306.0,1318.0,16107684
2026-01-30,1370.4000244140625,1370.4000244140625,1378.699951171875,1352.0,1352.0,14758482
2026-02-02,1311.5,1311.5,1352.699951171875,1302.9000244140625,1339.0,8647298
2026-02-03,1356.199951171875,1356.199951171875,1418.300048828125,1345.5,1403.0,10384723
2026-02-04,1338.699951171875,1338.699951171875,1369.9000244140625,1336.5999755859375,1369.699951171875,6672251
2026-02-05,1330.5999755859375,1330.5999755859375,1340.0,1317.4000244140625,1340.0,3766488
2026-02-06,1341.5999755859375,1341.5999755859375,1346.4000244140625,1324.699951171875,1325.0,5876574
2026-02-09,1341.4000244140625,1341.4000244140625,1350.0,1330.699951171875,1350.0,4077536
2026-02-10,1356.699951171875,1356.699951171875,1360.0999755859375,1343.300048828125,1352.5999755859375,5478998
2026-02-11,1347.300048828125,1347.300048828125,1360.0,1344.800048828125,1358.0,3866272
2026-02-12,1340.0,1340.0,1357.699951171875,1336.199951171875,1347.9000244140625,4152620
2026-02-13,1332.300048828125,1332.300048828125,1346.5,1316.0999755859375,1341.300048828125,4624549
2026-02-16,1358.300048828125,1358.300048828125,1361.9000244140625,1324.0,1324.0,5082167
2026-02-17,1357.199951171875,1357.199951171875,1360.9000244140625,1350.4000244140625,1358.300048828125,4513065
2026-02-18,1377.0,1377.0,1378.5,1353.800048828125,1363.0,5556076
2026-02-19,1356.5999755859375,1356.5999755859375,1382.800048828125,1351.0,1381.0999755859375,2744704
2026-02-20,1368.300048828125,1368.300048828125,1376.5,1351.0,1351.0,3791536
2026-02-23,1386.699951171875,1386.699951171875,1402.0,1380.199951171875,1380.5,6160153
2026-02-24,1387.5999755859375,1387.5999755859375,1398.0,1383.5,1398.0,7888492
2026-02-25,1403.0,1403.0,1404.300048828125,1387.5999755859375,1394.0,4379373
2026-02-26,1395.5,1395.5,1405.699951171875,1386.0,1403.0,8979547
2026-02-27,1383.9000244140625,1383.9000244140625,1395.5,1381.0,1387.0,5840317
2026-03-02,1372.300048828125,1372.300048828125,1384.699951171875,1353.5999755859375,1369.0999755859375,5132511
2026-03-04,1351.300048828125,1351.300048828125,1357.5999755859375,1327.0,1344.5,5832353
2026-03-05,1349.0999755859375,1349.0999755859375,1355.800048828125,1335.300048828125,1354.9000244140625,6057499
2026-03-06,1315.800048828125,1315.800048828125,1347.9000244140625,1313.5,1347.0,11629935
2026-03-09,1288.300048828125,1288.300048828125,1291.0,1260.800048828125,1282.199951171875,7926265
2026-03-10,1314.699951171875,1314.699951171875,1319.5,1284.5999755859375,1295.199951171875,6289277
2026-03-11,1255.800048828125,1255.800048828125,1317.5,1252.699951171875,1310.0,6859908
2026-03-12,1234.5,1234.5,1251.0999755859375,1231.800048828125,1243.199951171875,9663320
2026-03-13,1197.300048828125,1197.300048828125,1234.5,1194.300048828125,1224.0,9098187
2026-03-16,1214.699951171875,1214.699951171875,1219.9000244140625,1180.0999755859375,1199.199951171875,8743794
2026-03-17,1228.0999755859375,1228.0999755859375,1232.300048828125,1210.0,1219.699951171875,5707317
2026-03-18,1253.199951171875,1253.199951171875,1260.0,1224.199951171875,1228.0,6018952
2026-03-19,1207.0,1207.0,1241.5,1202.0,1221.0,8264698
2026-03-20,1203.9000244140625,1203.9000244140625,1231.800048828125,1199.699951171875,1208.5999755859375,7518686
2026-03-23,1170.5999755859375,1170.5999755859375,1185.0999755859375,1165.0,1181.0,6697446
2026-03-24,1192.699951171875,1192.699951171875,1202.800048828125,1169.5999755859375,1187.0,8274701
2026-03-25,1222.0999755859375,1222.0999755859375,1239.0,1198.0,1200.0,9645791
2026-03-27,1205.199951171875,1205.199951171875,1213.5,1202.0,1209.5,9479301
2026-03-30,1161.300048828125,1161.300048828125,1188.800048828125,1153.9000244140625,1185.0999755859375,18534887
2026-04-01,1193.0999755859375,1193.0999755859375,1208.0,1175.0,1175.0,6595695
2026-04-02,1197.9000244140625,1197.9000244140625,1202.300048828125,1150.300048828125,1174.5999755859375,9501543
2026-04-06,1245.300048828125,1245.300048828125,1249.800048828125,1196.4000244140625,1202.0999755859375,7847086
2026-04-07,1250.0999755859375,1250.0999755859375,1255.5,1221.0,1237.800048828125,9248545
2026-04-08,1333.0,1333.0,1335.5999755859375,1300.0999755859375,1300.0999755859375,13519723
2026-04-09,1318.5,1318.5,1338.5999755859375,1312.800048828125,1322.300048828125,6542529
2026-04-10,1350.800048828125,1350.800048828125,1358.5999755859375,1326.0999755859375,1328.800048828125,6755589
2026-04-13,1353.5999755859375,1353.5999755859375,1366.9000244140625,1315.300048828125,1318.0,8974851
2026-04-15,1355.5,1355.5,1384.5,1349.0,1367.0,6789879
2026-04-16,1349.5999755859375,1349.5999755859375,1364.5,1343.0,1362.0,5232398
2026-04-17,1359.0999755859375,1359.0999755859375,1364.300048828125,1344.0999755859375,1353.0,4062181
2026-04-20,1354.699951171875,1354.699951171875,1374.0,1348.0,1359.5,4878641
2026-04-21,1377.699951171875,1377.699951171875,1380.300048828125,1354.699951171875,1361.0,5145338
2026-04-22,1379.5999755859375,1379.5999755859375,1391.0,1366.0,1370.0,3997911
2026-04-23,1369.5999755859375,1369.5999755859375,1384.199951171875,1365.4000244140625,1369.0,5671255
2026-04-24,1365.9000244140625,1365.9000244140625,1375.0,1350.0,1369.0,3648313
2026-04-27,1324.199951171875,1324.199951171875,1327.300048828125,1299.9000244140625,1325.0,10768267
2026-04-28,1289.0,1289.0,1321.4000244140625,1285.5,1312.0,9939787
2026-04-29,1296.4000244140625,1296.4000244140625,1309.199951171875,1279.0,1295.0,6228275
2026-04-30,1268.300048828125,1268.300048828125,1288.0,1257.300048828125,1288.0,16481853
2026-05-01,1268.300048828125,1268.300048828125,1268.300048828125,1268.300048828125,1268.300048828125,0
2026-05-04,1275.0999755859375,1275.0999755859375,1294.4000244140625,1264.5,1268.300048828125,9759479
2026-05-05,1259.699951171875,1259.699951171875,1273.699951171875,1252.0,1268.0,10163714
2026-05-06,1294.199951171875,1294.199951171875,1301.0,1255.199951171875,1275.0,7277673
2026-05-07,1292.699951171875,1292.699951171875,1308.0999755859375,1281.199951171875,1299.0,6785048
2026-05-08,1268.300048828125,1268.300048828125,1282.0,1264.5999755859375,1280.0,6358595
2026-05-11,1272.300048828125,1272.300048828125,1283.0,1251.699951171875,1258.699951171875,7341360
2026-05-12,1260.0999755859375,1260.0999755859375,1274.0,1256.9000244140625,1270.4000244140625,5727828
2026-05-13,1255.699951171875,1255.699951171875,1275.300048828125,1247.5,1256.0999755859375,6045406
2026-05-14,1254.5999755859375,1254.5999755859375,1269.0,1235.800048828125,1256.5999755859375,5822618
2026-05-15,1244.800048828125,1244.800048828125,1263.4000244140625,1242.0,1259.5999755859375,4805485
2026-05-18,1237.9000244140625,1237.9000244140625,1242.0,1222.0999755859375,1239.0,6052023
2026-05-19,1238.300048828125,1238.300048828125,1249.800048828125,1231.300048828125,1238.5,9200314
2026-05-20,1249.800048828125,1249.800048828125,1254.0999755859375,1226.5999755859375,1234.0,3562641
2026-05-21,1253.300048828125,1253.300048828125,1262.699951171875,1244.800048828125,1256.9000244140625,5171528
2026-05-22,1285.4000244140625,1285.4000244140625,1288.800048828125,1254.0999755859375,1254.0999755859375,5016900
2026-05-25,1311.199951171875,1311.199951171875,1314.5,1293.9000244140625,1300.4000244140625,5671455
2026-05-26,1299.300048828125,1299.300048828125,1317.0,1291.5,1309.800048828125,6455265
2026-05-27,1304.0999755859375,1304.0999755859375,1314.5,1293.0999755859375,1296.300048828125,7243174
2026-05-28,1304.0999755859375,1304.0999755859375,1304.0999755859375,1304.0999755859375,1304.0999755859375,0
2026-05-29,1286.5999755859375,1286.5999755859375,1312.5999755859375,1277.4000244140625,1296.0999755859375,15215715
2026-06-01,1275.9000244140625,1275.9000244140625,1293.199951171875,1267.0,1289.0,4311076
2026-06-02,1251.0999755859375,1251.0999755859375,1275.800048828125,1244.9000244140625,1263.0,11884695
2026-06-03,1255.199951171875,1255.199951171875,1264.800048828125,1230.300048828125,1245.0999755859375,7953326
2026-06-04,1253.300048828125,1253.300048828125,1259.9000244140625,1244.0999755859375,1246.0,6392593
2026-06-05,1272.300048828125,1272.300048828125,1276.0,1252.0999755859375,1260.0,7825303
2026-06-08,1268.0999755859375,1268.0999755859375,1279.199951171875,1262.0,1262.0,5034388
2026-06-09,1292.4000244140625,1292.4000244140625,1298.4000244140625,1271.5,1275.9000244140625,7533504
2026-06-10,1314.5,1314.5,1326.5,1283.5,1283.5,12262606
2026-06-11,1317.300048828125,1317.300048828125,1339.5,1307.300048828125,1308.800048828125,8196686
