Date,Adj Close,Close,High,Low,Open,Volume
,BAJAJFINSV.NS,BAJAJFINSV.NS,BAJAJFINSV.NS,BAJAJFINSV.NS,BAJAJFINSV.NS,BAJAJFINSV.NS
2021-01-01,885.0538940429688,887.0449829101562,895.8699951171875,884.0,893.0,2881010
2021-01-04,887.87744140625,889.875,906.5,884.1749877929688,894.0,6133060
2021-01-05,880.10498046875,882.0850219726562,892.0,873.6950073242188,890.0050048828125,4862140
2021-01-06,876.6627807617188,878.635009765625,890.0,863.5999755859375,890.0,5991930
2021-01-07,896.782470703125,898.7999877929688,906.9000244140625,881.2000122070312,882.0,6016480
2021-01-08,915.1012573242188,917.1599731445312,926.5,894.7999877929688,903.5999755859375,8242610
2021-01-11,896.5928955078125,898.6099853515625,926.2000122070312,895.5,920.0999755859375,5424440
2021-01-12,893.8889770507812,895.9000244140625,906.989990234375,892.25,900.4000244140625,5770450
2021-01-13,877.39111328125,879.364990234375,903.0,871.0150146484375,900.47998046875,5140780
2021-01-14,872.7715454101562,874.7349853515625,892.9949951171875,867.5,881.4000244140625,5684370
2021-01-15,861.67138671875,863.6099853515625,882.6199951171875,861.0,875.47998046875,5196510
2021-01-18,833.5846557617188,835.4600219726562,863.6099853515625,827.3699951171875,863.6099853515625,6344360
2021-01-19,890.4117431640625,892.4149780273438,897.7999877929688,840.0,840.0,13797180
2021-01-20,891.8186645507812,893.8250122070312,902.5,883.7999877929688,893.7999877929688,7864960
2021-01-21,903.2478637695312,905.280029296875,938.885009765625,895.0499877929688,899.5,16453770
2021-01-22,905.0639038085938,907.0999755859375,921.3499755859375,896.52001953125,907.0,8398220
2021-01-25,917.8251342773438,919.8900146484375,934.489990234375,908.0,914.4000244140625,7811220
2021-01-27,910.5614624023438,912.6099853515625,928.4949951171875,904.2050170898438,916.5,6166310
2021-01-28,893.5198364257812,895.530029296875,921.5250244140625,881.760009765625,902.0,8447360
2021-01-29,870.3170166015625,872.2750244140625,910.9349975585938,867.5549926757812,904.1950073242188,7273520
2021-02-01,969.9977416992188,972.1799926757812,983.8900146484375,863.7999877929688,875.0,15653650
2021-02-02,945.5029296875,947.6300048828125,999.0,931.5,982.77001953125,13943900
2021-02-03,951.46435546875,953.60498046875,963.9299926757812,943.5349731445312,956.1599731445312,6235450
2021-02-04,967.8775024414062,970.0549926757812,976.0,947.0499877929688,951.0,6047270
2021-02-05,970.03759765625,972.219970703125,994.0,955.5999755859375,978.0,9225610
2021-02-08,999.8555297851562,1002.10498046875,1011.0,973.8049926757812,975.0,9858550
2021-02-09,991.9334106445312,994.1649780273438,1006.7999877929688,988.2000122070312,1006.7000122070312,5126070
2021-02-10,1020.4991455078125,1022.7949829101562,1035.4599609375,990.0999755859375,990.0999755859375,14306670
2021-02-11,1019.3716430664062,1021.6649780273438,1041.7900390625,1010.5,1010.5,7155380
2021-02-12,1025.57275390625,1027.8800048828125,1033.114990234375,1016.7999877929688,1025.0,3802850
2021-02-15,1051.4046630859375,1053.77001953125,1057.9000244140625,1028.0,1033.02001953125,5364060
2021-02-16,1043.7119140625,1046.06005859375,1053.199951171875,1036.0999755859375,1050.0,3586040
2021-02-17,1016.2786254882812,1018.5650024414062,1049.8800048828125,1011.219970703125,1042.0,5822590
2021-02-18,1017.6056518554688,1019.89501953125,1031.0,1013.5,1031.0,4347410
2021-02-19,1022.7440185546875,1025.0450439453125,1042.7650146484375,1014.0,1015.0,6233430
2021-02-22,997.815185546875,1000.0599975585938,1024.9200439453125,996.0150146484375,1023.0,4269080
2021-02-23,998.6183471679688,1000.864990234375,1019.5,992.9149780273438,1005.0999755859375,3426100
2021-02-24,1017.6705322265625,1019.9600219726562,1025.0,1001.5050048828125,1003.0,2699760
2021-02-25,1024.140869140625,1026.4449462890625,1037.7950439453125,1013.1599731445312,1034.0,3548020
2021-02-26,962.6941528320312,964.8599853515625,1011.469970703125,960.0,995.0,8465050
2021-03-01,975.2110595703125,977.405029296875,984.8599853515625,961.3699951171875,979.9000244140625,3224370
2021-03-02,985.48291015625,987.7000122070312,996.5,977.9099731445312,985.0,2970010
2021-03-03,1037.2265625,1039.56005859375,1044.4949951171875,989.0399780273438,992.6400146484375,5041220
2021-03-04,1010.7211303710938,1012.9949951171875,1028.0,1007.7750244140625,1015.0,4121170
2021-03-05,993.5746459960938,995.8099975585938,1016.0999755859375,990.0050048828125,1008.0,3551260
2021-03-08,981.7014770507812,983.9099731445312,1004.5650024414062,980.530029296875,997.0,2640070
2021-03-09,994.6771850585938,996.9149780273438,1011.9949951171875,986.02001953125,1000.0,3062110
2021-03-10,996.9022216796875,999.14501953125,1009.469970703125,993.0599975585938,1002.5,2446320
2021-03-12,991.1800537109375,993.4099731445312,1021.6099853515625,984.0,1008.1500244140625,4543480
2021-03-15,966.7301025390625,968.905029296875,996.9000244140625,954.4000244140625,996.9000244140625,5459130
2021-03-16,959.172119140625,961.3300170898438,978.5650024414062,958.5,972.5,3705870
2021-03-17,950.3718872070312,952.510009765625,966.1849975585938,948.0050048828125,963.0,2934490
2021-03-18,940.8982543945312,943.0150146484375,973.5,937.2000122070312,960.0,4011350
2021-03-19,941.9458618164062,944.0650024414062,948.9849853515625,921.1599731445312,935.0,4881260
2021-03-22,938.4736938476562,940.5850219726562,949.4949951171875,931.2050170898438,945.0,2930290
2021-03-23,938.4088134765625,940.52001953125,950.6599731445312,938.22998046875,942.4000244140625,2964830
2021-03-24,918.1394653320312,920.2050170898438,937.864990234375,917.9249877929688,937.0,3354390
2021-03-25,903.721923828125,905.7550048828125,925.0,896.0050048828125,922.5,3820080
2021-03-26,944.619873046875,946.7449951171875,950.7000122070312,914.0,914.0,6786360
2021-03-30,948.1019897460938,950.2349853515625,964.5,944.0050048828125,954.7000122070312,3565110
2021-03-31,964.6896362304688,966.8599853515625,971.5599975585938,945.0,951.2349853515625,4241400
2021-04-01,976.7525634765625,978.9500122070312,982.5999755859375,966.75,973.0,3100650
2021-04-05,946.03662109375,948.1649780273438,976.3900146484375,915.0,976.0,6121660
2021-04-06,949.8131713867188,951.9500122070312,962.5,947.5050048828125,955.0999755859375,3441250
2021-04-07,951.818603515625,953.9600219726562,965.8400268554688,946.635009765625,951.9500122070312,3000030
2021-04-08,963.3128051757812,965.47998046875,973.5150146484375,957.5050048828125,959.0,3536340
2021-04-09,960.7435302734375,962.905029296875,971.5,956.0999755859375,961.0999755859375,3286990
2021-04-12,914.2581176757812,916.3150024414062,945.97998046875,903.5850219726562,941.9949951171875,5668360
2021-04-13,978.4686889648438,980.6699829101562,984.75,919.0050048828125,920.0,8309150
2021-04-15,971.78369140625,973.969970703125,983.4000244140625,959.7000122070312,975.1699829101562,5875040
2021-04-16,980.26953125,982.4749755859375,988.0,976.5,976.5,4001320
2021-04-19,944.8642578125,946.989990234375,965.4000244140625,939.260009765625,950.5499877929688,6974350
2021-04-20,979.7357788085938,981.9400024414062,994.5499877929688,960.0,960.0,7987320
2021-04-22,983.173095703125,985.385009765625,991.1900024414062,961.0,970.0,5822100
2021-04-23,989.4390258789062,991.6649780273438,1014.239990234375,974.0,974.0,6280250
2021-04-26,997.929931640625,1000.1749877929688,1012.5,990.219970703125,999.2000122070312,4195960
2021-04-27,1006.8698120117188,1009.135009765625,1013.2999877929688,996.469970703125,1000.0,3428470
2021-04-28,1046.5755615234375,1048.9300537109375,1061.594970703125,1015.114990234375,1020.0,11138810
2021-04-29,1115.1461181640625,1117.655029296875,1130.0,1052.0,1054.0,16964980
2021-04-30,1101.6864013671875,1104.1650390625,1122.5,1086.8699951171875,1100.0,8353550
2021-05-03,1101.69140625,1104.1700439453125,1111.0849609375,1081.4150390625,1090.0999755859375,3969310
2021-05-04,1096.1788330078125,1098.64501953125,1121.885009765625,1087.199951171875,1120.0,5221010
2021-05-05,1108.9501953125,1111.4449462890625,1119.4649658203125,1091.52001953125,1111.0999755859375,3077500
2021-05-06,1100.319580078125,1102.7950439453125,1119.4100341796875,1099.0,1110.0,2288400
2021-05-07,1129.30419921875,1131.844970703125,1139.2900390625,1100.989990234375,1105.0,3434430
2021-05-10,1130.656005859375,1133.199951171875,1154.9000244140625,1128.0,1139.0,4320370
2021-05-11,1116.79248046875,1119.3050537109375,1131.06494140625,1113.9150390625,1119.4000244140625,1986640
2021-05-12,1106.3060302734375,1108.7950439453125,1132.5,1105.239990234375,1119.0,2269530
2021-05-14,1094.687255859375,1097.1500244140625,1116.375,1086.800048828125,1111.0999755859375,3136030
2021-05-17,1122.409912109375,1124.93505859375,1137.5,1094.2650146484375,1097.0,3180210
2021-05-18,1137.121826171875,1139.6800537109375,1158.9000244140625,1129.010009765625,1134.56494140625,4039590
2021-05-19,1118.9976806640625,1121.5150146484375,1143.4000244140625,1117.0050048828125,1139.0,2275670
2021-05-20,1120.2696533203125,1122.7900390625,1129.9949951171875,1113.0699462890625,1126.0,1778970
2021-05-21,1123.986328125,1126.5150146484375,1141.5,1121.300048828125,1129.6700439453125,2775210
2021-05-24,1114.17333984375,1116.6800537109375,1136.5,1109.5,1126.5450439453125,2142290
2021-05-25,1135.0313720703125,1137.5849609375,1140.5,1120.1300048828125,1124.5,3941510
2021-05-26,1187.9674072265625,1190.6400146484375,1198.0,1138.5150146484375,1140.0,10152650
2021-05-27,1186.2113037109375,1188.8800048828125,1196.81494140625,1173.2049560546875,1191.0,4079730
2021-05-28,1168.6907958984375,1171.3199462890625,1202.4949951171875,1168.0,1192.5,2633150
2021-05-31,1177.979736328125,1180.6300048828125,1185.5050048828125,1161.800048828125,1171.3199462890625,2411520
2021-06-01,1180.334716796875,1182.989990234375,1194.760009765625,1162.7049560546875,1183.0,3024210
2021-06-02,1179.7059326171875,1182.3599853515625,1186.0,1170.155029296875,1170.9000244140625,1834210
2021-06-03,1179.331787109375,1181.9849853515625,1192.3900146484375,1178.0550537109375,1189.9000244140625,1838160
2021-06-04,1212.8363037109375,1215.56494140625,1219.0,1178.5,1185.5,4107690
2021-06-07,1180.1998291015625,1182.85498046875,1200.8800048828125,1168.4649658203125,1188.0,5147270
2021-06-08,1170.6763916015625,1173.31005859375,1190.0,1167.0,1190.0,2896090
2021-06-09,1153.2901611328125,1155.885009765625,1183.800048828125,1143.050048828125,1174.0,3082860
2021-06-10,1196.617919921875,1199.31005859375,1220.800048828125,1150.0350341796875,1155.0999755859375,6299980
2021-06-11,1188.0771484375,1190.75,1208.0,1185.2900390625,1200.0,3529940
2021-06-14,1189.93798828125,1192.614990234375,1201.5,1167.1650390625,1185.0999755859375,2887850
2021-06-15,1177.2216796875,1179.8699951171875,1208.489990234375,1176.5,1194.9000244140625,3148410
2021-06-16,1182.95361328125,1185.614990234375,1198.5,1177.5,1181.0,2475390
2021-06-17,1179.2021484375,1181.85498046875,1193.719970703125,1173.9949951171875,1175.0,2201700
2021-06-18,1197.2415771484375,1199.93505859375,1210.0,1172.0849609375,1186.0,4895670
2021-06-21,1212.9112548828125,1215.6400146484375,1219.9749755859375,1177.68505859375,1180.0,2948530
2021-06-22,1210.44189453125,1213.1650390625,1226.5999755859375,1208.0999755859375,1219.9000244140625,2749230
2021-06-23,1225.4678955078125,1228.2249755859375,1240.0,1208.0,1222.5,3785550
2021-06-24,1230.5565185546875,1233.324951171875,1239.5999755859375,1216.5,1228.2249755859375,2785730
2021-06-25,1245.8570556640625,1248.6600341796875,1252.0,1232.050048828125,1235.5,2187170
2021-06-28,1235.0115966796875,1237.7900390625,1251.9599609375,1232.0,1250.0,1655170
2021-06-29,1227.22900390625,1229.989990234375,1249.0,1227.10498046875,1238.9000244140625,1571780
2021-06-30,1208.1868896484375,1210.905029296875,1236.9549560546875,1206.5,1234.5999755859375,2315460
2021-07-01,1178.992431640625,1181.64501953125,1219.800048828125,1180.0999755859375,1219.800048828125,3215210
2021-07-02,1172.407470703125,1175.0450439453125,1196.9000244140625,1165.0999755859375,1196.9000244140625,3554370
2021-07-05,1189.6336669921875,1192.31005859375,1194.199951171875,1179.9000244140625,1179.9000244140625,1558690
2021-07-06,1206.365966796875,1209.0799560546875,1228.2349853515625,1187.1300048828125,1189.0,3205220
2021-07-07,1234.637451171875,1237.4150390625,1239.9000244140625,1200.0,1200.0,4048000
2021-07-08,1230.9197998046875,1233.3900146484375,1245.0,1224.0,1232.0,2066300
2021-07-09,1282.900390625,1285.4749755859375,1291.199951171875,1234.5,1235.0999755859375,7919220
2021-07-12,1288.3046875,1290.8900146484375,1294.5400390625,1273.89501953125,1288.89501953125,4091580
2021-07-13,1288.3544921875,1290.93994140625,1299.8800048828125,1280.5,1290.239990234375,2741810
2021-07-14,1296.51806640625,1299.1199951171875,1303.300048828125,1285.1500244140625,1286.25,2401510
2021-07-15,1293.299560546875,1295.89501953125,1311.0,1292.199951171875,1297.5999755859375,1779910
2021-07-16,1272.0172119140625,1274.5699462890625,1302.5,1272.574951171875,1295.89501953125,2527820
2021-07-19,1269.5623779296875,1272.1099853515625,1282.0,1264.3199462890625,1268.0,1881970
2021-07-20,1257.19189453125,1259.7149658203125,1277.0999755859375,1253.655029296875,1272.5,1451370
2021-07-22,1303.8433837890625,1306.4599609375,1310.0,1230.0050048828125,1231.010009765625,5248770
2021-07-23,1317.47607421875,1320.1199951171875,1324.39501953125,1294.5050048828125,1304.4000244140625,2898700
2021-07-26,1349.7962646484375,1352.5050048828125,1357.5450439453125,1315.489990234375,1319.9000244140625,4211700
2021-07-27,1378.0196533203125,1380.7850341796875,1384.4949951171875,1350.31494140625,1353.114990234375,4134150
2021-07-28,1394.257080078125,1397.0550537109375,1400.0999755859375,1375.5,1384.7850341796875,3194930
2021-07-29,1456.981201171875,1459.905029296875,1492.5,1394.010009765625,1396.0,7105140
2021-07-30,1419.3714599609375,1422.219970703125,1461.385009765625,1416.0999755859375,1460.5,3545430
2021-08-02,1409.6859130859375,1412.5150146484375,1439.9949951171875,1408.2550048828125,1437.5,2647090
2021-08-03,1426.636962890625,1429.5,1431.8349609375,1416.0,1425.0,2024300
2021-08-04,1415.8785400390625,1418.719970703125,1448.5,1415.6099853515625,1428.9949951171875,2831940
2021-08-05,1396.6871337890625,1399.489990234375,1424.8900146484375,1396.1600341796875,1420.780029296875,2915270
2021-08-06,1397.760009765625,1400.56494140625,1410.8699951171875,1397.5,1407.0,1374730
2021-08-09,1421.4375,1424.2900390625,1446.0,1400.760009765625,1400.760009765625,3188650
2021-08-10,1400.8388671875,1403.6500244140625,1433.375,1400.4000244140625,1427.0,2063630
2021-08-11,1417.77490234375,1420.6199951171875,1423.344970703125,1385.2750244140625,1409.9000244140625,2118500
2021-08-12,1431.19775390625,1434.0699462890625,1438.0,1413.0,1421.0,1609340
2021-08-13,1428.8824462890625,1431.75,1443.0899658203125,1426.5,1434.0,1538430
2021-08-16,1452.01611328125,1454.9300537109375,1460.699951171875,1430.9000244140625,1431.6400146484375,2432620
2021-08-17,1470.7734375,1473.7249755859375,1480.0,1436.0050048828125,1452.5,2420690
2021-08-18,1497.629638671875,1500.635009765625,1523.800048828125,1473.6700439453125,1473.7249755859375,3917340
2021-08-20,1494.8551025390625,1497.85498046875,1514.9000244140625,1480.0050048828125,1485.635009765625,2750520
2021-08-23,1524.13134765625,1527.18994140625,1542.0,1506.5,1514.800048828125,3266880
2021-08-24,1642.873046875,1646.1700439453125,1658.47998046875,1526.0,1536.7550048828125,12743930
2021-08-25,1587.2547607421875,1590.43994140625,1679.9000244140625,1585.0,1654.5,9745980
2021-08-26,1592.683837890625,1595.8800048828125,1612.4200439453125,1567.8299560546875,1600.050048828125,6068820
2021-08-27,1616.31640625,1619.56005859375,1625.1949462890625,1578.0050048828125,1608.0,4414750
2021-08-30,1652.7232666015625,1656.0400390625,1659.5,1626.0,1647.5,3360380
2021-08-31,1711.4405517578125,1714.875,1720.0,1642.824951171875,1650.0,6521270
2021-09-01,1675.26806640625,1678.6300048828125,1726.3499755859375,1674.0150146484375,1716.64501953125,4618430
2021-09-02,1666.979736328125,1670.324951171875,1690.0,1661.0,1686.5,2768790
2021-09-03,1670.0836181640625,1673.43505859375,1685.9849853515625,1656.0,1677.6800537109375,2485550
2021-09-06,1671.3458251953125,1674.699951171875,1696.89501953125,1667.5,1683.5,1769580
2021-09-07,1674.759033203125,1678.1199951171875,1694.469970703125,1663.094970703125,1674.9000244140625,1881930
2021-09-08,1652.7581787109375,1656.074951171875,1688.89501953125,1652.9000244140625,1676.0,1909320
2021-09-09,1671.6953125,1675.050048828125,1682.6949462890625,1648.405029296875,1659.4000244140625,1808160
2021-09-13,1690.4276123046875,1693.8199462890625,1699.4000244140625,1658.0,1674.0,2166140
2021-09-14,1679.754150390625,1683.125,1704.0,1679.5799560546875,1700.0,1592270
2021-09-15,1679.51953125,1682.8900146484375,1698.199951171875,1680.199951171875,1685.125,1231990
2021-09-16,1669.94873046875,1673.300048828125,1695.0400390625,1662.5,1689.0,1542090
2021-09-17,1680.6473388671875,1684.02001953125,1749.9000244140625,1675.0050048828125,1684.0,6549510
2021-09-20,1698.486572265625,1701.89501953125,1733.4000244140625,1670.010009765625,1677.5050048828125,3252040
2021-09-21,1755.20263671875,1758.7249755859375,1765.5,1681.405029296875,1710.0,3846940
2021-09-22,1757.947021484375,1761.4749755859375,1778.0,1750.5,1758.905029296875,2569820
2021-09-23,1846.67919921875,1850.385009765625,1875.0,1768.2049560546875,1778.75,7125510
2021-09-24,1848.8895263671875,1852.5999755859375,1881.300048828125,1831.739990234375,1859.9949951171875,3731750
2021-09-27,1799.4986572265625,1803.1099853515625,1874.760009765625,1793.0050048828125,1857.0,4071680
2021-09-28,1751.5201416015625,1755.0350341796875,1818.5999755859375,1743.010009765625,1818.5,3220580
2021-09-29,1739.8834228515625,1743.375,1764.7900390625,1730.780029296875,1749.8800048828125,3097120
2021-09-30,1775.11279296875,1778.675048828125,1785.9949951171875,1741.219970703125,1750.0,3430000
2021-10-01,1714.3397216796875,1717.780029296875,1773.60498046875,1705.0,1773.60498046875,4326770
2021-10-04,1777.0538330078125,1780.6199951171875,1793.5999755859375,1730.0999755859375,1735.9949951171875,4013250
2021-10-05,1781.175537109375,1784.75,1795.0,1752.5,1775.4000244140625,2681630
2021-10-06,1758.1318359375,1761.6600341796875,1814.5550537109375,1755.7950439453125,1797.4000244140625,3004210
2021-10-07,1743.526123046875,1747.0250244140625,1788.0,1742.5,1780.0,2241000
2021-10-08,1751.4300537109375,1754.9449462890625,1774.050048828125,1746.0,1762.0,1522380
2021-10-11,1767.8472900390625,1771.39501953125,1804.5,1760.699951171875,1766.56494140625,2340900
2021-10-12,1818.615478515625,1822.2650146484375,1847.5,1763.0999755859375,1771.39501953125,4545920
2021-10-13,1815.182373046875,1818.824951171875,1857.489990234375,1814.8599853515625,1835.5,3183880
2021-10-14,1845.1871337890625,1848.8900146484375,1854.0,1821.510009765625,1835.0,1968050
2021-10-18,1864.05419921875,1867.7950439453125,1910.0,1855.280029296875,1885.0,2939480
2021-10-19,1903.83447265625,1907.655029296875,1932.5,1860.050048828125,1900.0,3878460
2021-10-20,1856.59423828125,1860.3199462890625,1906.300048828125,1840.425048828125,1906.300048828125,2247980
2021-10-21,1854.239013671875,1857.9599609375,1878.9300537109375,1834.6700439453125,1878.800048828125,1925330
2021-10-22,1862.0780029296875,1865.81494140625,1925.0550537109375,1855.0,1860.0,5053300
2021-10-25,1805.092529296875,1808.7149658203125,1894.699951171875,1800.0,1870.0,3018040
2021-10-26,1831.6590576171875,1835.3349609375,1845.0,1797.5050048828125,1820.0,2967490
2021-10-27,1797.5926513671875,1801.199951171875,1859.9000244140625,1777.0,1859.9000244140625,3253010
2021-10-28,1795.16748046875,1798.77001953125,1837.2049560546875,1780.199951171875,1801.199951171875,3425500
2021-10-29,1778.5457763671875,1782.114990234375,1817.4000244140625,1713.9549560546875,1798.77001953125,3205360
2021-11-01,1753.052001953125,1756.5699462890625,1798.0,1717.0999755859375,1790.0,3849290
2021-11-02,1750.74658203125,1754.260009765625,1789.489990234375,1739.2550048828125,1765.0,2719290
2021-11-03,1747.4381103515625,1750.9449462890625,1775.4749755859375,1744.9100341796875,1757.969970703125,1838020
2021-11-04,1755.8763427734375,1759.4000244140625,1775.0,1750.0,1765.0,315060
2021-11-08,1828.305908203125,1831.9749755859375,1839.2950439453125,1751.5,1765.0899658203125,3161990
2021-11-09,1813.6104736328125,1817.25,1847.5,1808.0,1832.0,1980870
2021-11-10,1828.944580078125,1832.614990234375,1837.5,1800.25,1814.25,1784330
2021-11-11,1783.5556640625,1787.135009765625,1835.0,1781.0,1825.0,2155580
2021-11-12,1823.72021484375,1827.3800048828125,1834.9000244140625,1792.5050048828125,1813.5,2078020
2021-11-15,1809.4189453125,1813.050048828125,1834.5,1800.0,1827.5,1704610
2021-11-16,1817.3280029296875,1820.9749755859375,1851.0999755859375,1811.875,1823.0,2189550
2021-11-17,1821.8839111328125,1825.5400390625,1842.0,1811.18994140625,1818.5,1461000
2021-11-18,1788.5357666015625,1792.125,1847.199951171875,1781.1199951171875,1825.5999755859375,2745560
2021-11-22,1703.9554443359375,1707.375,1814.0,1683.0050048828125,1814.0,3707000
2021-11-23,1733.3316650390625,1736.81005859375,1743.7850341796875,1675.7249755859375,1688.0,2513150
2021-11-24,1737.3834228515625,1740.8699951171875,1764.699951171875,1714.0400390625,1743.199951171875,2740240
2021-11-25,1733.4063720703125,1736.885009765625,1752.199951171875,1722.5250244140625,1734.9000244140625,1616200
2021-11-26,1664.913818359375,1668.2550048828125,1723.719970703125,1661.0,1720.0,3424860
2021-11-29,1685.6573486328125,1689.0400390625,1709.800048828125,1627.364990234375,1667.0,3042180
2021-11-30,1720.28271484375,1723.7349853515625,1750.0,1688.0,1688.0,4586420
2021-12-01,1734.813720703125,1738.2950439453125,1754.6700439453125,1720.0999755859375,1744.4000244140625,2383490
2021-12-02,1772.25830078125,1775.81494140625,1789.0,1727.344970703125,1740.0,2138810
2021-12-03,1745.3671875,1748.8699951171875,1788.9749755859375,1745.0,1775.0,2034590
2021-12-06,1685.9615478515625,1689.344970703125,1759.89501953125,1685.0999755859375,1748.699951171875,2036900
2021-12-07,1707.473388671875,1710.9000244140625,1725.0,1693.1700439453125,1714.0,2300780
2021-12-08,1758.6358642578125,1762.1650390625,1767.425048828125,1716.5999755859375,1716.5999755859375,2842990
2021-12-09,1756.1358642578125,1759.6600341796875,1777.18994140625,1748.699951171875,1762.5350341796875,2103820
2021-12-10,1767.56298828125,1771.1099853515625,1776.35498046875,1730.06494140625,1758.0,2333140
2021-12-13,1728.9302978515625,1732.4000244140625,1783.594970703125,1725.0,1775.0,2199130
2021-12-14,1708.9205322265625,1712.3499755859375,1726.0,1686.5,1720.0,2420260
2021-12-15,1662.7332763671875,1666.0699462890625,1721.4949951171875,1662.0,1716.9000244140625,2532210
2021-12-16,1666.98974609375,1670.3349609375,1695.0,1657.5,1687.0,3253500
2021-12-17,1617.1746826171875,1620.4200439453125,1685.0,1613.300048828125,1665.0,3054350
2021-12-20,1579.450439453125,1582.6199951171875,1594.0,1545.0,1594.0,3371600
2021-12-21,1580.024169921875,1583.1949462890625,1615.0,1567.699951171875,1615.0,3368050
2021-12-22,1591.396240234375,1594.5899658203125,1618.4949951171875,1583.0,1593.0999755859375,2612920
2021-12-23,1613.75146484375,1616.989990234375,1621.9549560546875,1602.6500244140625,1610.0,1811180
2021-12-24,1588.8665771484375,1592.0550537109375,1625.0,1580.0,1625.0,2087360
2021-12-27,1598.1031494140625,1601.31005859375,1613.9949951171875,1556.10498046875,1561.0350341796875,2351140
2021-12-28,1606.8603515625,1610.0849609375,1624.9000244140625,1602.1650390625,1617.2349853515625,1457220
2021-12-29,1621.6507568359375,1624.905029296875,1633.0,1596.5999755859375,1610.030029296875,1724280
2021-12-30,1613.5169677734375,1616.7550048828125,1628.1800537109375,1597.449951171875,1620.0,2831460
2021-12-31,1637.334228515625,1640.6199951171875,1650.0,1617.0,1619.7550048828125,2300860
2022-01-03,1694.72900390625,1698.1300048828125,1704.0,1640.6500244140625,1640.6500244140625,2710610
2022-01-04,1710.11328125,1713.5450439453125,1719.0,1685.2099609375,1709.9000244140625,2300430
2022-01-05,1795.2373046875,1798.8399658203125,1805.0,1710.0,1710.0,6082100
2022-01-06,1795.0478515625,1798.6500244140625,1808.0,1770.0999755859375,1770.0999755859375,3511360
2022-01-07,1772.1336669921875,1775.68994140625,1814.2950439453125,1758.0,1807.5,3229140
2022-01-10,1776.3153076171875,1779.8800048828125,1800.0,1773.06494140625,1780.0,1697970
2022-01-11,1776.3851318359375,1779.949951171875,1793.5050048828125,1762.1099853515625,1770.0,1648180
2022-01-12,1789.93798828125,1793.530029296875,1819.0,1775.0,1790.0,2233940
2022-01-13,1818.8499755859375,1822.5,1827.489990234375,1790.0,1799.77001953125,2480130
2022-01-14,1817.322998046875,1820.969970703125,1833.344970703125,1800.0,1804.4000244140625,1553280
2022-01-17,1833.380859375,1837.06005859375,1843.5,1822.0999755859375,1829.0,1352730
2022-01-18,1811.71923828125,1815.35498046875,1855.875,1810.0050048828125,1837.68505859375,2056670
2022-01-19,1804.109619140625,1807.72998046875,1862.0999755859375,1787.5350341796875,1824.0,3481740
2022-01-20,1722.4384765625,1725.89501953125,1826.199951171875,1708.0,1807.5,5444730
2022-01-21,1630.2484130859375,1633.52001953125,1709.5,1622.0,1700.0,5582910
2022-01-24,1567.5692138671875,1570.7149658203125,1643.39501953125,1544.4000244140625,1638.8499755859375,4736430
2022-01-25,1549.784912109375,1552.89501953125,1568.2449951171875,1525.030029296875,1555.050048828125,4090640
2022-01-27,1532.90869140625,1535.9849853515625,1557.0400390625,1501.199951171875,1538.5999755859375,3497270
2022-01-28,1516.8310546875,1519.875,1578.7650146484375,1515.0,1560.0999755859375,3509310
2022-01-31,1565.8126220703125,1568.9549560546875,1574.0999755859375,1532.969970703125,1559.0,3129920
2022-02-01,1587.1998291015625,1590.385009765625,1601.4949951171875,1550.0,1582.89501953125,3571870
2022-02-02,1667.2540283203125,1670.5999755859375,1675.0,1592.5,1603.010009765625,5257450
2022-02-03,1631.535888671875,1634.81005859375,1671.699951171875,1626.3699951171875,1670.5999755859375,2891370
2022-02-04,1617.329345703125,1620.574951171875,1646.93505859375,1614.5,1634.800048828125,2945050
2022-02-07,1567.9884033203125,1571.135009765625,1636.405029296875,1565.0,1616.0,3566640
2022-02-08,1595.7127685546875,1598.9150390625,1611.97998046875,1572.0,1581.0,4103730
2022-02-09,1622.5238037109375,1625.780029296875,1641.489990234375,1612.0,1618.0,2510230
2022-02-10,1636.07666015625,1639.3599853515625,1655.0,1603.300048828125,1634.489990234375,2997700
2022-02-11,1608.0830078125,1611.31005859375,1620.0,1591.0,1600.0,2446960
2022-02-14,1564.27587890625,1567.4150390625,1588.7950439453125,1545.0999755859375,1580.5,2961150
2022-02-15,1634.2454833984375,1637.5250244140625,1642.75,1564.9000244140625,1589.0,3592130
2022-02-16,1623.9859619140625,1627.2449951171875,1658.989990234375,1619.010009765625,1642.800048828125,2738740
2022-02-17,1614.8792724609375,1618.1199951171875,1641.8299560546875,1608.0999755859375,1636.5999755859375,2144330
2022-02-18,1606.43115234375,1609.655029296875,1628.9000244140625,1602.5849609375,1606.0999755859375,1743270
2022-02-21,1598.01806640625,1601.2249755859375,1623.81494140625,1578.0,1603.800048828125,2275920
2022-02-22,1615.70263671875,1618.9449462890625,1627.0,1527.5,1530.0,3223740
2022-02-23,1610.1287841796875,1613.3599853515625,1639.0,1603.5050048828125,1639.0,2418300
2022-02-24,1521.466796875,1524.52001953125,1589.5899658203125,1520.0,1560.0,3615630
2022-02-25,1574.0562744140625,1577.2149658203125,1606.5,1557.0,1578.800048828125,3203370
2022-02-28,1598.048095703125,1601.2550048828125,1608.4849853515625,1536.5,1570.0,3732570
2022-03-02,1602.0850830078125,1605.300048828125,1615.7149658203125,1563.199951171875,1570.5,2817150
2022-03-03,1567.264892578125,1570.4100341796875,1634.7950439453125,1564.6800537109375,1630.0,3400140
2022-03-04,1530.2490234375,1533.3199462890625,1567.22998046875,1521.199951171875,1559.0,3380590
2022-03-07,1434.441162109375,1437.3199462890625,1499.4000244140625,1379.989990234375,1499.4000244140625,3715210
2022-03-08,1442.1756591796875,1445.0699462890625,1452.5,1395.10498046875,1440.0,4625690
2022-03-09,1498.5126953125,1501.52001953125,1519.9549560546875,1440.0,1450.1099853515625,3913410
2022-03-10,1543.647216796875,1546.7449951171875,1585.0,1530.5050048828125,1564.9000244140625,4764050
2022-03-11,1553.781982421875,1556.9000244140625,1575.0,1528.0,1540.0,3296320
2022-03-14,1564.7098388671875,1567.8499755859375,1573.5,1541.1500244140625,1547.56005859375,2852010
2022-03-15,1567.7437744140625,1570.8900146484375,1595.0,1553.405029296875,1574.9000244140625,2965110
2022-03-16,1609.255615234375,1612.4849853515625,1624.0,1585.10498046875,1590.06005859375,2983170
2022-03-17,1633.80126953125,1637.0799560546875,1658.9000244140625,1625.5,1639.9000244140625,4020680
2022-03-21,1614.83935546875,1618.0799560546875,1644.39501953125,1615.0,1639.9949951171875,2016350
2022-03-22,1646.156494140625,1649.4599609375,1659.0,1595.0999755859375,1625.0,2652790
2022-03-23,1637.4488525390625,1640.7349853515625,1672.875,1634.4200439453125,1660.0,2290790
2022-03-24,1634.5897216796875,1637.8699951171875,1651.199951171875,1627.0,1635.0,1839240
2022-03-25,1630.0587158203125,1633.3299560546875,1650.0,1624.0150146484375,1650.0,1477480
2022-03-28,1648.586669921875,1651.89501953125,1656.0,1610.10498046875,1640.0,1751870
2022-03-29,1646.8651123046875,1650.1700439453125,1662.0,1642.31494140625,1653.5999755859375,1981380
2022-03-30,1709.45947265625,1712.8900146484375,1724.9849853515625,1653.0999755859375,1660.0,4547640
2022-03-31,1702.628173828125,1706.0450439453125,1730.0,1698.199951171875,1710.0,2986920
2022-04-01,1710.4874267578125,1713.9200439453125,1720.0,1701.1199951171875,1703.0,2101410
2022-04-04,1716.1910400390625,1719.635009765625,1748.0,1695.5250244140625,1719.9000244140625,3243940
2022-04-05,1678.5164794921875,1681.885009765625,1730.0,1675.85498046875,1722.0,3855370
2022-04-06,1668.6513671875,1672.0,1689.9100341796875,1665.0999755859375,1681.885009765625,2465520
2022-04-07,1652.07470703125,1655.3900146484375,1670.0,1648.0,1665.0,2167900
2022-04-08,1671.545654296875,1674.9000244140625,1684.0,1651.72998046875,1670.0,2133830
2022-04-11,1654.46484375,1657.7850341796875,1684.5450439453125,1655.0050048828125,1667.5,1696860
2022-04-12,1628.536865234375,1631.8050537109375,1650.199951171875,1622.2099609375,1650.199951171875,2476470
2022-04-13,1605.7825927734375,1609.0050048828125,1650.0,1605.0,1640.4000244140625,2483900
2022-04-18,1579.5550537109375,1582.7249755859375,1604.0,1565.43505859375,1604.0,2818890
2022-04-19,1568.906494140625,1572.0550537109375,1608.0,1559.1500244140625,1599.9000244140625,2596960
2022-04-20,1547.82373046875,1550.9300537109375,1579.9949951171875,1532.3299560546875,1572.0999755859375,2517070
2022-04-21,1580.4033203125,1583.574951171875,1602.0999755859375,1559.2650146484375,1560.0999755859375,2364890
2022-04-22,1542.3248291015625,1545.4200439453125,1574.8499755859375,1543.0,1570.0050048828125,2148760
2022-04-25,1523.457763671875,1526.5150146484375,1540.0,1520.0,1535.0,1642190
2022-04-26,1540.3438720703125,1543.43505859375,1563.324951171875,1530.0050048828125,1555.0,2206380
2022-04-27,1479.6707763671875,1482.6400146484375,1534.1099853515625,1475.135009765625,1534.1099853515625,3411920
2022-04-28,1498.1785888671875,1501.18505859375,1525.0,1466.06494140625,1500.0,3475000
2022-04-29,1488.128662109375,1491.114990234375,1528.0,1485.0,1528.0,2211070
2022-05-02,1492.749267578125,1495.7449951171875,1502.2750244140625,1460.0050048828125,1461.2850341796875,1907980
2022-05-04,1429.37646484375,1432.2449951171875,1505.875,1427.0,1495.7349853515625,3164040
2022-05-05,1411.0931396484375,1413.925048828125,1471.0999755859375,1405.0,1449.9000244140625,2969280
2022-05-06,1361.3179931640625,1364.050048828125,1389.530029296875,1351.0,1380.0,3516160
2022-05-09,1375.624267578125,1378.385009765625,1401.1650390625,1336.2850341796875,1354.0,4034090
2022-05-10,1360.2802734375,1363.010009765625,1397.9200439453125,1356.199951171875,1382.0,2563120
2022-05-11,1330.310302734375,1332.97998046875,1383.06494140625,1315.2049560546875,1372.5,2918480
2022-05-12,1282.4962158203125,1285.0699462890625,1326.9000244140625,1275.0,1326.9000244140625,3256960
2022-05-13,1258.304931640625,1260.8299560546875,1323.4749755859375,1257.5,1312.9000244140625,3487640
2022-05-16,1262.9903564453125,1265.5250244140625,1277.8699951171875,1245.0,1270.0,4340040
2022-05-17,1294.612060546875,1297.2099609375,1302.0699462890625,1263.0,1270.47998046875,4286060
2022-05-18,1273.658935546875,1276.2149658203125,1314.9649658203125,1261.0050048828125,1308.0,3740540
2022-05-19,1238.898681640625,1241.385009765625,1255.1949462890625,1217.3800048828125,1248.18994140625,2864010
2022-05-20,1253.654296875,1256.1700439453125,1269.9000244140625,1243.1650390625,1263.9000244140625,3233300
2022-05-23,1254.77197265625,1257.2900390625,1279.4000244140625,1250.0,1265.0,2788860
2022-05-24,1233.255126953125,1235.72998046875,1262.1800537109375,1228.7750244140625,1259.0,2554750
2022-05-25,1238.120361328125,1240.60498046875,1258.81005859375,1233.300048828125,1244.5,2175990
2022-05-26,1245.2760009765625,1247.7750244140625,1258.5,1206.2249755859375,1245.0,3792040
2022-05-27,1273.2847900390625,1275.8399658203125,1289.0,1260.4549560546875,1265.0,3295340
2022-05-30,1289.816650390625,1292.405029296875,1299.0,1283.699951171875,1292.4000244140625,2803920
2022-05-31,1290.8096923828125,1293.4000244140625,1311.1949462890625,1277.3599853515625,1292.405029296875,4199190
2022-06-01,1257.13720703125,1259.6600341796875,1302.4949951171875,1253.199951171875,1295.9000244140625,2812330
2022-06-02,1291.0091552734375,1293.5999755859375,1303.0,1245.0050048828125,1254.4000244140625,3661460
2022-06-03,1266.6181640625,1269.1600341796875,1322.0,1265.2049560546875,1310.0,3171800
2022-06-06,1249.1331787109375,1251.6400146484375,1268.9000244140625,1228.2049560546875,1268.9000244140625,3097470
2022-06-07,1231.3988037109375,1233.8699951171875,1244.9949951171875,1223.2349853515625,1244.0,1765480
2022-06-08,1244.0035400390625,1246.5,1264.5,1225.0,1241.0999755859375,2368430
2022-06-09,1244.602294921875,1247.0999755859375,1251.7950439453125,1225.5,1232.550048828125,1742390
2022-06-10,1222.89599609375,1225.3499755859375,1238.094970703125,1217.56494140625,1230.0,2906700
2022-06-13,1136.3245849609375,1138.60498046875,1200.0,1135.0,1200.0,4877320
2022-06-14,1131.379638671875,1133.6500244140625,1157.7650146484375,1126.5050048828125,1138.5,3669480
2022-06-15,1178.604736328125,1180.969970703125,1187.0,1140.0,1140.0,4962890
2022-06-16,1144.8924560546875,1147.18994140625,1206.97998046875,1141.10498046875,1202.5,3940410
2022-06-17,1173.130859375,1175.4849853515625,1186.43994140625,1135.0,1136.0050048828125,4193620
2022-06-20,1168.6197509765625,1170.9649658203125,1185.0,1153.2049560546875,1185.0,2428580
2022-06-21,1172.63671875,1174.989990234375,1192.739990234375,1167.989990234375,1184.3800048828125,3079180
2022-06-22,1141.2647705078125,1143.5550537109375,1170.0,1135.0,1170.0,2848330
2022-06-23,1152.97119140625,1155.2850341796875,1158.9000244140625,1131.4849853515625,1153.75,2535530
2022-06-24,1155.9752197265625,1158.2950439453125,1168.594970703125,1143.0,1166.0,3662910
2022-06-27,1157.1927490234375,1159.5150146484375,1178.0,1155.0,1178.0,2463700
2022-06-28,1134.1688232421875,1136.4449462890625,1155.0,1129.0,1154.7550048828125,3490570
2022-06-29,1108.75,1110.9749755859375,1124.89501953125,1104.050048828125,1120.0,3902730
2022-06-30,1091.3785400390625,1093.175048828125,1119.5999755859375,1090.9000244140625,1114.9000244140625,3481840
2022-07-01,1130.3944091796875,1132.2550048828125,1134.300048828125,1072.719970703125,1092.0,4089830
2022-07-04,1136.95849609375,1138.8299560546875,1144.300048828125,1121.52001953125,1131.0,3004250
2022-07-05,1150.5760498046875,1152.469970703125,1174.800048828125,1140.9749755859375,1147.9749755859375,4223480
2022-07-06,1200.8734130859375,1202.8499755859375,1207.0,1153.0,1153.5,4782940
2022-07-07,1194.768310546875,1196.7349853515625,1220.0,1185.0,1216.800048828125,2729250
2022-07-08,1198.337646484375,1200.31005859375,1212.72998046875,1188.0,1205.0,1690110
2022-07-11,1191.8531494140625,1193.81494140625,1204.655029296875,1183.9549560546875,1189.5,1613680
2022-07-12,1184.525146484375,1186.4749755859375,1199.0,1174.0999755859375,1188.0,2272440
2022-07-13,1175.0858154296875,1177.02001953125,1212.0,1172.0,1189.0999755859375,2672490
2022-07-14,1170.697998046875,1172.625,1195.6800537109375,1163.27001953125,1186.31494140625,2405440
2022-07-15,1182.079345703125,1184.0250244140625,1187.0799560546875,1168.0,1179.699951171875,1711040
2022-07-18,1222.9869384765625,1225.0,1228.6600341796875,1192.0050048828125,1194.0,2834830
2022-07-19,1242.4349365234375,1244.47998046875,1247.0,1209.3050537109375,1220.0,4230630
2022-07-20,1240.033935546875,1242.074951171875,1263.800048828125,1237.199951171875,1263.800048828125,2721470
2022-07-21,1269.555419921875,1271.64501953125,1275.7349853515625,1238.10498046875,1240.0,2713300
2022-07-22,1273.3292236328125,1275.425048828125,1286.5,1265.77001953125,1282.56494140625,3024220
2022-07-25,1259.8812255859375,1261.9549560546875,1279.4949951171875,1257.0,1270.0,1747020
2022-07-26,1329.1124267578125,1331.300048828125,1354.885009765625,1279.0,1300.0,13270240
2022-07-27,1328.5181884765625,1330.7049560546875,1338.89501953125,1300.9549560546875,1334.9949951171875,5339660
2022-07-28,1461.798828125,1464.2049560546875,1522.324951171875,1350.699951171875,1350.699951171875,16276260
2022-07-29,1502.2872314453125,1504.760009765625,1520.0999755859375,1481.2149658203125,1500.0,10442350
2022-08-01,1504.8331298828125,1507.31005859375,1525.0,1493.0999755859375,1519.9949951171875,4320160
2022-08-02,1519.913330078125,1522.4150390625,1529.0,1486.135009765625,1500.0,4248930
2022-08-03,1521.8848876953125,1524.3900146484375,1533.800048828125,1511.5350341796875,1521.0,3096500
2022-08-04,1516.03466796875,1518.530029296875,1540.6949462890625,1505.5,1534.9000244140625,3113610
2022-08-05,1506.10595703125,1508.5849609375,1525.0999755859375,1502.3399658203125,1517.5999755859375,2078470
2022-08-08,1550.5128173828125,1553.06494140625,1558.9000244140625,1504.074951171875,1506.5,4870730
2022-08-10,1561.749267578125,1564.3199462890625,1567.4000244140625,1542.5999755859375,1553.0,4425480
2022-08-11,1571.10888671875,1573.6949462890625,1593.0,1570.1199951171875,1593.0,2536510
2022-08-12,1573.9542236328125,1576.5450439453125,1588.8399658203125,1568.0,1577.0,2052510
2022-08-16,1588.95947265625,1591.574951171875,1597.0,1581.0,1581.5,1522190
2022-08-17,1681.2628173828125,1684.030029296875,1714.1500244140625,1593.0,1597.699951171875,9435810
2022-08-18,1677.828125,1680.5899658203125,1698.9000244140625,1662.06494140625,1688.0,3616590
2022-08-19,1626.08349609375,1628.760009765625,1694.699951171875,1612.5,1688.0,5126830
2022-08-22,1584.5618896484375,1587.1700439453125,1629.875,1581.5849609375,1628.800048828125,3722010
2022-08-23,1627.7108154296875,1630.3900146484375,1652.050048828125,1567.1700439453125,1579.989990234375,7064070
2022-08-24,1630.7008056640625,1633.385009765625,1642.6400146484375,1618.0250244140625,1629.5,2649190
2022-08-25,1621.960205078125,1624.6300048828125,1659.5,1620.0,1641.5550537109375,3693150
2022-08-26,1625.923828125,1628.5999755859375,1650.655029296875,1625.635009765625,1642.300048828125,2071780
2022-08-29,1605.99658203125,1608.6400146484375,1619.0,1571.0999755859375,1572.5999755859375,3079400
2022-08-30,1693.4276123046875,1696.2149658203125,1700.0,1637.0,1639.0,7661440
2022-09-01,1737.7796630859375,1740.6400146484375,1768.6949462890625,1680.449951171875,1681.0,10171920
2022-09-02,1730.077392578125,1732.925048828125,1784.5,1725.0,1769.5,6944080
2022-09-05,1734.7545166015625,1737.6099853515625,1752.8900146484375,1720.5050048828125,1742.0,3700530
2022-09-06,1694.1064453125,1696.89501953125,1748.5999755859375,1693.1300048828125,1742.5,5077980
2022-09-07,1702.7574462890625,1705.56005859375,1714.4000244140625,1681.030029296875,1695.0,3207730
2022-09-08,1735.428466796875,1738.2850341796875,1749.0,1704.199951171875,1728.0,4301170
2022-09-09,1717.737548828125,1720.56494140625,1758.5,1715.405029296875,1755.0,3957300
2022-09-12,1710.98876953125,1713.8050537109375,1742.0,1705.219970703125,1738.0,4250820
2022-09-13,1781.817138671875,1784.75,1844.0,1750.0,1755.0,10413183
2022-09-14,1802.38330078125,1805.3499755859375,1813.449951171875,1752.0,1769.0,3784309
2022-09-15,1769.2877197265625,1772.199951171875,1823.949951171875,1770.0,1815.0,3051984
2022-09-16,1732.049072265625,1734.9000244140625,1785.5,1712.0,1772.199951171875,3277213
2022-09-19,1763.0479736328125,1765.949951171875,1779.300048828125,1737.0,1738.550048828125,2309647
2022-09-20,1796.6427001953125,1799.5999755859375,1812.949951171875,1780.0,1785.0,2832208
2022-09-21,1799.0386962890625,1802.0,1820.0,1778.050048828125,1800.0,2080898
2022-09-22,1769.4373779296875,1772.3499755859375,1788.0,1733.0,1786.800048828125,4480817
2022-09-23,1719.0704345703125,1721.9000244140625,1778.199951171875,1714.4000244140625,1772.0,2759913
2022-09-26,1674.0445556640625,1676.800048828125,1745.0999755859375,1661.5,1700.0,4915173
2022-09-27,1676.7900390625,1679.550048828125,1715.75,1665.0,1688.5,2624336
2022-09-28,1649.48486328125,1652.199951171875,1678.9000244140625,1645.25,1670.0,2114266
2022-09-29,1633.211669921875,1635.9000244140625,1685.0,1628.0,1671.949951171875,2418856
2022-09-30,1675.5919189453125,1678.3499755859375,1699.0,1621.0,1625.75,2788387
2022-10-03,1643.8941650390625,1646.5999755859375,1686.0,1638.0,1686.0,1464138
2022-10-04,1698.3544921875,1701.1500244140625,1705.0,1670.050048828125,1682.0,1806381
2022-10-06,1707.7391357421875,1710.550048828125,1724.1500244140625,1694.9000244140625,1718.0,1661891
2022-10-07,1696.2080078125,1699.0,1709.8499755859375,1684.5,1708.0,1150275
2022-10-10,1681.632080078125,1684.4000244140625,1693.949951171875,1657.0,1675.300048828125,1229639
2022-10-11,1669.9013671875,1672.6500244140625,1707.050048828125,1665.0,1684.4000244140625,1402150
2022-10-12,1691.865234375,1694.6500244140625,1701.5999755859375,1667.4000244140625,1681.050048828125,1538819
2022-10-13,1678.986328125,1681.75,1694.550048828125,1666.449951171875,1692.949951171875,1065166
2022-10-14,1685.525634765625,1688.300048828125,1709.0,1685.0999755859375,1709.0,1239168
2022-10-17,1716.4248046875,1719.25,1725.0,1674.0,1684.0,1551410
2022-10-18,1723.4132080078125,1726.25,1736.25,1712.0,1730.0,1661431
2022-10-19,1696.008544921875,1698.800048828125,1731.0,1692.4000244140625,1725.0,1804532
2022-10-20,1722.8641357421875,1725.699951171875,1730.0,1676.5,1687.0,1438398
2022-10-21,1681.6820068359375,1684.449951171875,1740.4000244140625,1675.0999755859375,1731.5,2734130
2022-10-24,1699.0035400390625,1701.800048828125,1724.199951171875,1693.0,1712.8499755859375,499690
2022-10-25,1655.824462890625,1658.550048828125,1700.9000244140625,1655.0,1700.0,1870289
2022-10-27,1628.2698974609375,1630.949951171875,1676.550048828125,1621.0,1671.6500244140625,2177395
2022-10-28,1650.68310546875,1653.4000244140625,1660.5,1635.0,1639.1500244140625,2115388
2022-10-31,1684.72705078125,1687.5,1689.8499755859375,1662.1500244140625,1665.0,2217631
2022-11-01,1706.24169921875,1709.050048828125,1714.699951171875,1691.0,1692.0,2002317
2022-11-02,1707.58935546875,1710.4000244140625,1722.5,1699.25,1705.0,2036615
2022-11-03,1720.667724609375,1723.5,1732.5,1694.0,1697.9000244140625,2205874
2022-11-04,1797.7408447265625,1800.699951171875,1805.0,1721.050048828125,1722.9000244140625,6981242
2022-11-07,1775.1282958984375,1778.050048828125,1817.9000244140625,1765.550048828125,1813.199951171875,2464569
2022-11-09,1749.8197021484375,1752.699951171875,1798.0,1745.550048828125,1797.699951171875,1762741
2022-11-10,1697.5557861328125,1700.3499755859375,1756.9000244140625,1694.0,1745.0,2030748
2022-11-11,1716.4248046875,1719.25,1748.0,1707.3499755859375,1740.0,1671510
2022-11-14,1715.5262451171875,1718.3499755859375,1735.0,1708.1500244140625,1724.0,1459293
2022-11-15,1705.6923828125,1708.5,1729.800048828125,1696.300048828125,1723.4000244140625,1401141
2022-11-16,1682.8800048828125,1685.6500244140625,1714.5,1675.0,1713.699951171875,2040699
2022-11-17,1661.864501953125,1664.5999755859375,1699.949951171875,1660.199951171875,1685.5999755859375,1875515
2022-11-18,1651.681396484375,1654.4000244140625,1674.6500244140625,1641.199951171875,1668.0,1581747
2022-11-21,1633.1617431640625,1635.8499755859375,1657.699951171875,1625.0,1654.4000244140625,1943750
2022-11-22,1640.6495361328125,1643.3499755859375,1659.9000244140625,1632.0,1635.050048828125,1508906
2022-11-23,1633.51123046875,1636.199951171875,1656.0,1630.050048828125,1651.5999755859375,1837952
2022-11-24,1631.3148193359375,1634.0,1647.449951171875,1620.0,1639.0,1660403
2022-11-25,1631.0152587890625,1633.699951171875,1646.949951171875,1624.5,1634.0,1140578
2022-11-28,1650.1339111328125,1652.8499755859375,1661.9000244140625,1628.8499755859375,1630.0,2005182
2022-11-29,1629.318115234375,1632.0,1652.8499755859375,1630.050048828125,1649.0,1346735
2022-11-30,1623.8272705078125,1626.5,1644.6500244140625,1623.300048828125,1634.199951171875,2900845
2022-12-01,1636.1070556640625,1638.800048828125,1642.5,1624.199951171875,1634.800048828125,2111362
2022-12-02,1639.9505615234375,1642.6500244140625,1653.0,1625.25,1632.199951171875,1682841
2022-12-05,1631.5145263671875,1634.199951171875,1655.0,1631.4000244140625,1650.0,1383542
2022-12-06,1632.562744140625,1635.25,1646.9000244140625,1628.0,1630.0,1177485
2022-12-07,1604.0596923828125,1606.699951171875,1642.0,1593.0,1635.4000244140625,2376490
2022-12-08,1615.9400634765625,1618.5999755859375,1621.800048828125,1600.199951171875,1610.0,1161239
2022-12-09,1595.9730224609375,1598.5999755859375,1626.949951171875,1582.0,1622.0,1766412
2022-12-12,1589.483642578125,1592.0999755859375,1603.949951171875,1570.0999755859375,1586.1500244140625,1365732
2022-12-13,1608.8018798828125,1611.449951171875,1616.9000244140625,1591.25,1600.0999755859375,1279634
2022-12-14,1620.3829345703125,1623.050048828125,1627.9000244140625,1613.300048828125,1619.75,1137059
2022-12-15,1602.2626953125,1604.9000244140625,1631.699951171875,1600.0,1620.0,1041690
2022-12-16,1584.491943359375,1587.0999755859375,1610.0,1581.1500244140625,1599.0,1533418
2022-12-19,1616.3895263671875,1619.050048828125,1627.0,1590.1500244140625,1595.050048828125,1508476
2022-12-20,1612.9951171875,1615.6500244140625,1618.5,1593.050048828125,1614.949951171875,866377
2022-12-21,1579.20068359375,1581.800048828125,1629.25,1575.5,1618.5,1397725
2022-12-22,1541.7623291015625,1544.300048828125,1594.199951171875,1530.0,1586.0999755859375,2100618
2022-12-23,1494.5899658203125,1497.050048828125,1543.300048828125,1492.0,1524.300048828125,1673592
2022-12-26,1532.4776611328125,1535.0,1544.949951171875,1483.1500244140625,1496.9000244140625,1329547
2022-12-27,1535.173095703125,1537.699951171875,1551.4000244140625,1518.0,1545.0,1102198
2022-12-28,1520.19775390625,1522.699951171875,1534.699951171875,1513.0,1534.699951171875,1411078
2022-12-29,1509.2158203125,1511.699951171875,1522.0,1503.050048828125,1515.0,3417120
2022-12-30,1545.3062744140625,1547.8499755859375,1573.0,1525.8499755859375,1528.0,2638505
2023-01-02,1549.94873046875,1552.5,1560.0,1528.550048828125,1550.0,1061404
2023-01-03,1560.4315185546875,1563.0,1570.0,1544.050048828125,1549.0,1306648
2023-01-04,1545.3062744140625,1547.8499755859375,1567.3499755859375,1540.4000244140625,1562.0,1036103
2023-01-05,1466.4361572265625,1468.8499755859375,1548.0,1454.699951171875,1548.0,5979381
2023-01-06,1427.99951171875,1430.3499755859375,1473.550048828125,1423.0,1473.550048828125,5207616
2023-01-09,1411.6763916015625,1414.0,1450.9000244140625,1408.6500244140625,1447.0,4513767
2023-01-10,1410.9776611328125,1413.300048828125,1429.0,1391.0,1429.0,2903001
2023-01-11,1397.3997802734375,1399.699951171875,1422.8499755859375,1397.050048828125,1418.0,2327598
2023-01-12,1385.51953125,1387.800048828125,1414.949951171875,1379.0,1405.0,3168742
2023-01-13,1388.8638916015625,1391.1500244140625,1399.8499755859375,1374.3499755859375,1394.75,3754686
2023-01-16,1381.6258544921875,1383.9000244140625,1418.449951171875,1379.199951171875,1398.1500244140625,3480545
2023-01-17,1370.6439208984375,1372.9000244140625,1391.5999755859375,1353.949951171875,1389.0,3681802
2023-01-18,1365.0531005859375,1367.300048828125,1380.0,1365.0,1379.800048828125,2589016
2023-01-19,1352.9232177734375,1355.1500244140625,1365.949951171875,1348.0999755859375,1365.0,1910318
2023-01-20,1331.009033203125,1333.199951171875,1361.6500244140625,1326.550048828125,1360.0,2091612
2023-01-23,1330.559814453125,1332.75,1345.0,1319.550048828125,1330.0,1832743
2023-01-24,1330.5098876953125,1332.699951171875,1349.0,1329.550048828125,1336.25,1311451
2023-01-25,1312.1900634765625,1314.3499755859375,1334.9000244140625,1310.0,1334.9000244140625,1549899
2023-01-27,1312.040283203125,1314.199951171875,1336.1500244140625,1302.050048828125,1315.0999755859375,1829556
2023-01-30,1341.6416015625,1343.8499755859375,1360.0,1317.8499755859375,1320.800048828125,4411750
2023-01-31,1340.2437744140625,1342.449951171875,1357.1500244140625,1323.800048828125,1354.4000244140625,2213909
2023-02-01,1266.2158203125,1268.300048828125,1360.0,1246.8499755859375,1348.0,4761664
2023-02-02,1269.8099365234375,1271.9000244140625,1288.6500244140625,1252.0999755859375,1269.0,2419664
2023-02-03,1335.2520751953125,1337.449951171875,1340.800048828125,1281.300048828125,1305.0,3271913
2023-02-06,1340.843017578125,1343.050048828125,1349.0,1322.0999755859375,1337.449951171875,1546926
2023-02-07,1348.180908203125,1350.4000244140625,1362.3499755859375,1337.0999755859375,1345.1500244140625,1604424
2023-02-08,1366.6505126953125,1368.9000244140625,1377.0,1345.199951171875,1356.949951171875,1516979
2023-02-09,1397.948974609375,1400.25,1409.9000244140625,1356.6500244140625,1370.0,2593600
2023-02-10,1399.446533203125,1401.75,1418.6500244140625,1394.0,1406.0,2069492
2023-02-13,1386.2681884765625,1388.550048828125,1415.0,1381.75,1404.0,1467695
2023-02-14,1396.3016357421875,1398.5999755859375,1405.0,1373.6500244140625,1390.0,1390992
2023-02-15,1418.4652099609375,1420.800048828125,1423.949951171875,1388.050048828125,1398.0,1518171
2023-02-16,1425.85302734375,1428.199951171875,1435.0,1413.050048828125,1429.0,2153424
2023-02-17,1411.726318359375,1414.050048828125,1427.199951171875,1410.0,1420.050048828125,994199
2023-02-20,1402.2918701171875,1404.5999755859375,1425.800048828125,1400.800048828125,1418.0,993735
2023-02-21,1392.0089111328125,1394.300048828125,1409.4000244140625,1390.0,1409.4000244140625,1117177
2023-02-22,1358.713623046875,1360.949951171875,1392.0,1356.0,1389.9000244140625,1402505
2023-02-23,1344.7364501953125,1346.949951171875,1365.949951171875,1341.0,1362.0,1095460
2023-02-24,1356.7667236328125,1359.0,1386.0,1350.3499755859375,1353.699951171875,1342454
2023-02-27,1355.16943359375,1357.4000244140625,1367.25,1345.0,1357.949951171875,972575
2023-02-28,1332.7064208984375,1334.9000244140625,1371.9000244140625,1330.0,1364.199951171875,1597380
2023-03-01,1341.691650390625,1343.9000244140625,1360.0,1334.9000244140625,1335.699951171875,1134472
2023-03-02,1341.34228515625,1343.550048828125,1385.949951171875,1337.199951171875,1375.0,3267851
2023-03-03,1353.122802734375,1355.3499755859375,1364.449951171875,1346.0999755859375,1357.0,1199487
2023-03-06,1378.531005859375,1380.800048828125,1399.449951171875,1357.25,1357.25,2466703
2023-03-08,1378.531005859375,1380.800048828125,1383.800048828125,1357.9000244140625,1375.0,1557533
2023-03-09,1350.327392578125,1352.550048828125,1378.949951171875,1350.0,1378.0,1545024
2023-03-10,1326.666259765625,1328.8499755859375,1342.0,1321.050048828125,1340.0,1389890
2023-03-13,1293.5706787109375,1295.699951171875,1341.199951171875,1291.9000244140625,1326.0,1668502
2023-03-14,1278.44580078125,1280.550048828125,1302.300048828125,1269.0,1300.0,2060607
2023-03-15,1280.4923095703125,1282.5999755859375,1309.699951171875,1278.0,1290.0,1376141
2023-03-16,1291.47412109375,1293.5999755859375,1304.0,1270.550048828125,1285.5,1539281
2023-03-17,1299.61083984375,1301.75,1316.300048828125,1293.0,1304.949951171875,1332869
2023-03-20,1243.3533935546875,1245.4000244140625,1307.949951171875,1231.0,1305.0,3970911
2023-03-21,1266.01611328125,1268.0999755859375,1271.5,1248.5999755859375,1259.0,2333183
2023-03-22,1292.422607421875,1294.550048828125,1314.949951171875,1270.550048828125,1271.0,2884348
2023-03-23,1287.8802490234375,1290.0,1310.5,1278.300048828125,1291.949951171875,1947186
2023-03-24,1238.6112060546875,1240.6500244140625,1290.0,1236.199951171875,1281.300048828125,2676573
2023-03-27,1237.063720703125,1239.0999755859375,1251.5999755859375,1226.6500244140625,1245.0,1553877
2023-03-28,1221.1400146484375,1223.1500244140625,1247.8499755859375,1215.0,1245.300048828125,1510246
2023-03-29,1244.00244140625,1246.050048828125,1252.0,1225.449951171875,1229.300048828125,1657420
2023-03-31,1264.418701171875,1266.5,1270.0,1250.0,1252.300048828125,1830686
2023-04-03,1280.8416748046875,1282.949951171875,1286.550048828125,1265.5,1273.0,1381342
2023-04-05,1277.19775390625,1279.300048828125,1324.0,1275.5,1296.0,3366621
2023-04-06,1301.8072509765625,1303.949951171875,1311.449951171875,1271.3499755859375,1279.300048828125,1819711
2023-04-10,1302.905517578125,1305.050048828125,1317.25,1295.6500244140625,1311.0,1297282
2023-04-11,1321.0255126953125,1323.199951171875,1325.0,1307.199951171875,1312.949951171875,1281834
2023-04-12,1319.37841796875,1321.550048828125,1329.0,1315.550048828125,1321.0,1105734
2023-04-13,1339.0958251953125,1341.300048828125,1346.0,1318.0,1320.9000244140625,1330391
2023-04-17,1338.9461669921875,1341.1500244140625,1352.949951171875,1330.550048828125,1345.0,1073923
2023-04-18,1333.005859375,1335.199951171875,1348.699951171875,1329.0,1340.0,1236391
2023-04-19,1329.162109375,1331.3499755859375,1338.949951171875,1322.050048828125,1335.0,590360
2023-04-20,1329.9110107421875,1332.0999755859375,1341.3499755859375,1325.050048828125,1333.949951171875,467602
2023-04-21,1315.7342529296875,1317.9000244140625,1338.0,1306.550048828125,1336.5,825513
2023-04-24,1317.5811767578125,1319.75,1322.9000244140625,1307.8499755859375,1315.0999755859375,1051329
2023-04-25,1343.5885009765625,1345.800048828125,1352.0,1322.0999755859375,1325.0,2725305
2023-04-26,1332.506591796875,1334.699951171875,1349.5,1328.6500244140625,1345.800048828125,889092
2023-04-27,1357.76513671875,1360.0,1374.0,1340.1500244140625,1352.5,3982526
2023-04-28,1352.4239501953125,1354.6500244140625,1368.949951171875,1318.800048828125,1368.949951171875,3376186
2023-05-02,1346.8331298828125,1349.050048828125,1370.9000244140625,1345.9000244140625,1360.0,1387425
2023-05-03,1344.7864990234375,1347.0,1350.949951171875,1330.0,1345.0,903123
2023-05-04,1372.1912841796875,1374.449951171875,1378.300048828125,1340.0,1342.300048828125,2213569
2023-05-05,1357.016357421875,1359.25,1394.0,1355.4000244140625,1371.5,2572062
2023-05-08,1402.4915771484375,1404.800048828125,1410.800048828125,1363.0999755859375,1367.800048828125,2912772
2023-05-09,1406.385009765625,1408.699951171875,1446.699951171875,1402.5,1410.949951171875,3772745
2023-05-10,1412.1256103515625,1414.449951171875,1420.8499755859375,1395.0,1419.0,1297980
2023-05-11,1418.06591796875,1420.4000244140625,1427.75,1413.050048828125,1421.0,915163
2023-05-12,1421.1107177734375,1423.449951171875,1428.0,1407.0,1420.0,1300969
2023-05-15,1419.0142822265625,1421.3499755859375,1430.0,1416.0,1424.0,1003664
2023-05-16,1426.0028076171875,1428.3499755859375,1438.0,1421.0,1429.9000244140625,1678746
2023-05-17,1413.07421875,1415.4000244140625,1430.4000244140625,1405.0,1430.4000244140625,804968
2023-05-18,1413.1239013671875,1415.449951171875,1430.0,1412.050048828125,1422.3499755859375,739262
2023-05-19,1412.7745361328125,1415.0999755859375,1422.699951171875,1397.050048828125,1422.0999755859375,754504
2023-05-22,1410.677978515625,1413.0,1418.699951171875,1405.0,1411.0,591903
2023-05-23,1434.8880615234375,1437.25,1447.800048828125,1415.5,1415.5999755859375,1991556
2023-05-24,1424.10595703125,1426.449951171875,1447.0,1421.1500244140625,1437.25,1047736
2023-05-25,1425.00439453125,1427.3499755859375,1429.6500244140625,1416.0,1421.0999755859375,688673
2023-05-26,1436.7850341796875,1439.1500244140625,1446.300048828125,1431.0,1431.0,1023550
2023-05-29,1447.16796875,1449.550048828125,1468.5,1444.5,1448.949951171875,1659680
2023-05-30,1463.441162109375,1465.8499755859375,1467.199951171875,1439.5,1453.449951171875,1506999
2023-05-31,1448.66552734375,1451.050048828125,1465.0,1447.25,1465.0,1704213
2023-06-01,1447.76708984375,1450.1500244140625,1459.0,1444.0,1455.5,939379
2023-06-02,1454.8553466796875,1457.25,1466.9000244140625,1448.4000244140625,1460.0,1129346
2023-06-05,1456.5025634765625,1458.9000244140625,1469.5,1456.199951171875,1469.0,829929
2023-06-06,1472.676025390625,1475.0999755859375,1478.9000244140625,1463.0999755859375,1466.5,1472972
2023-06-07,1478.4664306640625,1480.9000244140625,1483.199951171875,1472.0,1483.0,837622
2023-06-08,1464.9886474609375,1467.4000244140625,1485.0,1463.0,1483.0,722068
2023-06-09,1464.090087890625,1466.5,1476.0,1461.550048828125,1471.0,499104
2023-06-12,1463.5909423828125,1466.0,1473.0,1461.949951171875,1473.0,465964
2023-06-13,1483.757568359375,1486.199951171875,1492.0,1470.0,1470.0,1205104
2023-06-14,1477.9671630859375,1480.4000244140625,1491.9000244140625,1469.0,1490.0,763762
2023-06-15,1472.276611328125,1474.699951171875,1482.0,1469.5999755859375,1479.949951171875,853566
2023-06-16,1506.120849609375,1508.5999755859375,1515.0,1474.699951171875,1479.0,2090874
2023-06-19,1539.4161376953125,1541.949951171875,1553.300048828125,1516.6500244140625,1522.949951171875,3446484
2023-06-20,1518.550537109375,1521.050048828125,1543.199951171875,1502.1500244140625,1543.199951171875,1943763
2023-06-21,1516.7535400390625,1519.25,1535.0,1513.25,1525.9000244140625,799052
2023-06-22,1505.172607421875,1507.6500244140625,1527.199951171875,1504.8499755859375,1523.0,966522
2023-06-23,1499.481689453125,1501.949951171875,1519.699951171875,1483.949951171875,1507.5,1237464
2023-06-26,1505.0726318359375,1507.550048828125,1510.8499755859375,1487.199951171875,1504.449951171875,647496
2023-06-27,1520.4473876953125,1522.949951171875,1527.3499755859375,1503.0,1512.0,763062
2023-06-28,1516.35400390625,1518.8499755859375,1535.0,1515.800048828125,1530.0,1158136
2023-06-30,1526.29296875,1528.0,1536.5999755859375,1519.0,1521.0,934639
2023-07-03,1538.37939453125,1540.0999755859375,1544.5,1526.5999755859375,1528.0,1068533
2023-07-04,1627.6796875,1629.5,1634.949951171875,1565.0999755859375,1565.0999755859375,7337423
2023-07-05,1611.897216796875,1613.699951171875,1642.0,1607.550048828125,1631.0,2006206
2023-07-06,1618.09033203125,1619.9000244140625,1624.0,1607.0,1615.050048828125,937466
2023-07-07,1613.095947265625,1614.9000244140625,1626.6500244140625,1605.4000244140625,1611.8499755859375,1456642
2023-07-10,1596.0150146484375,1597.800048828125,1622.0,1579.75,1611.949951171875,1731894
2023-07-11,1590.62109375,1592.4000244140625,1632.0,1587.9000244140625,1598.0,1500679
2023-07-12,1591.4200439453125,1593.199951171875,1605.0999755859375,1581.25,1595.6500244140625,1281286
2023-07-13,1613.295654296875,1615.0999755859375,1625.0,1595.0,1595.0,1136620
2023-07-14,1612.396728515625,1614.199951171875,1635.0,1604.25,1623.1500244140625,1088010
2023-07-17,1608.4510498046875,1610.25,1621.949951171875,1603.0,1620.0,823296
2023-07-18,1616.4920654296875,1618.300048828125,1625.0,1602.0,1618.3499755859375,2077115
2023-07-19,1642.26318359375,1644.0999755859375,1649.800048828125,1614.0,1618.300048828125,1920501
2023-07-20,1633.9725341796875,1635.800048828125,1658.25,1625.0,1650.9000244140625,1159938
2023-07-21,1631.0257568359375,1632.8499755859375,1645.0,1620.300048828125,1633.0,1149031
2023-07-24,1655.6483154296875,1657.5,1660.0,1622.0,1630.0,1455663
2023-07-25,1647.0079345703125,1648.8499755859375,1664.9000244140625,1635.050048828125,1664.9000244140625,1378736
2023-07-26,1624.6329345703125,1626.449951171875,1664.9000244140625,1618.050048828125,1649.4000244140625,2225230
2023-07-27,1612.746337890625,1614.550048828125,1662.699951171875,1602.0,1641.5,3402069
2023-07-28,1583.0794677734375,1584.8499755859375,1630.0,1568.4000244140625,1625.0,3285744
2023-07-31,1596.5145263671875,1598.300048828125,1602.800048828125,1565.800048828125,1565.800048828125,1323373
2023-08-01,1570.5933837890625,1572.3499755859375,1599.949951171875,1569.6500244140625,1598.300048828125,1641917
2023-08-02,1525.2940673828125,1527.0,1572.3499755859375,1524.0,1572.0,2170178
2023-08-03,1491.9813232421875,1493.6500244140625,1522.9000244140625,1477.800048828125,1522.9000244140625,2785017
2023-08-04,1484.6396484375,1486.300048828125,1507.3499755859375,1470.75,1501.949951171875,2703607
2023-08-07,1506.7149658203125,1508.4000244140625,1512.25,1485.0,1498.0,1228780
2023-08-08,1514.056640625,1515.75,1520.300048828125,1492.9000244140625,1509.5,1409271
2023-08-09,1514.90576171875,1516.5999755859375,1529.75,1505.0,1525.0,1065831
2023-08-10,1517.70263671875,1519.4000244140625,1529.75,1505.0999755859375,1512.550048828125,900666
2023-08-11,1502.31982421875,1504.0,1521.800048828125,1497.6500244140625,1518.949951171875,792201
2023-08-14,1480.3944091796875,1482.050048828125,1497.949951171875,1467.050048828125,1496.0,1549409
2023-08-16,1468.2078857421875,1469.8499755859375,1482.0,1463.0,1482.0,834135
2023-08-17,1475.2000732421875,1476.8499755859375,1480.0,1465.4000244140625,1473.0,1048714
2023-08-18,1458.518798828125,1460.1500244140625,1478.300048828125,1456.0,1470.0,1053734
2023-08-21,1476.6485595703125,1478.300048828125,1484.5,1451.0,1455.0,1498685
2023-08-22,1466.1602783203125,1467.800048828125,1494.0,1464.3499755859375,1485.0,1557523
2023-08-23,1468.4576416015625,1470.0999755859375,1474.0,1458.050048828125,1474.0,961649
2023-08-24,1466.959228515625,1468.5999755859375,1492.0,1465.0,1480.0,847606
2023-08-25,1502.219970703125,1503.9000244140625,1509.5,1465.6500244140625,1468.5999755859375,3624097
2023-08-28,1498.2244873046875,1499.9000244140625,1514.0,1487.0,1513.5,1066459
2023-08-29,1501.770263671875,1503.449951171875,1514.0,1497.25,1509.8499755859375,1377001
2023-08-30,1499.822509765625,1501.5,1518.8499755859375,1499.0,1510.0,700372
2023-08-31,1487.2366943359375,1488.9000244140625,1507.800048828125,1480.199951171875,1501.050048828125,1542837
2023-09-01,1512.8079833984375,1514.5,1518.699951171875,1487.3499755859375,1494.0,904596
2023-09-04,1508.4129638671875,1510.0999755859375,1525.949951171875,1506.050048828125,1521.0,685689
2023-09-05,1508.762451171875,1510.449951171875,1519.800048828125,1506.0,1512.0,1298151
2023-09-06,1516.50390625,1518.199951171875,1522.449951171875,1504.199951171875,1510.949951171875,712220
2023-09-07,1517.8524169921875,1519.550048828125,1524.800048828125,1510.0999755859375,1524.800048828125,647590
2023-09-08,1539.278564453125,1541.0,1558.800048828125,1525.050048828125,1530.0,2168354
2023-09-11,1547.96875,1549.699951171875,1552.0,1540.0,1549.5,841557
2023-09-12,1540.726806640625,1542.449951171875,1558.9000244140625,1527.6500244140625,1558.9000244140625,1444688
2023-09-13,1551.0653076171875,1552.800048828125,1565.050048828125,1521.0,1542.0,1193072
2023-09-14,1549.1673583984375,1550.9000244140625,1563.5999755859375,1541.199951171875,1556.949951171875,920905
2023-09-15,1536.3817138671875,1538.0999755859375,1567.5999755859375,1531.300048828125,1548.050048828125,3116428
2023-09-18,1558.207275390625,1559.949951171875,1565.3499755859375,1532.9000244140625,1538.0999755859375,1403635
2023-09-20,1551.6146240234375,1553.3499755859375,1568.199951171875,1545.0999755859375,1554.9000244140625,1076887
2023-09-21,1524.4949951171875,1526.199951171875,1552.25,1514.0,1530.5,1772341
2023-09-22,1541.9754638671875,1543.699951171875,1551.0,1524.9000244140625,1528.0,1321743
2023-09-25,1575.6378173828125,1577.4000244140625,1591.0,1546.699951171875,1549.699951171875,2962182
2023-09-26,1565.9486083984375,1567.699951171875,1583.0,1551.0,1583.0,2472382
2023-09-27,1564.0008544921875,1565.75,1570.0,1554.199951171875,1567.699951171875,964400
2023-09-28,1537.9798583984375,1539.699951171875,1574.949951171875,1535.050048828125,1565.0,831496
2023-09-29,1538.529296875,1540.25,1552.949951171875,1532.050048828125,1548.0,1109857
2023-10-03,1559.30615234375,1561.050048828125,1564.199951171875,1527.0,1530.25,1083086
2023-10-04,1530.837890625,1532.550048828125,1555.8499755859375,1521.1500244140625,1555.0,1614123
2023-10-05,1540.8267822265625,1542.550048828125,1556.0,1532.300048828125,1540.0,1153064
2023-10-06,1632.8238525390625,1634.6500244140625,1640.699951171875,1551.050048828125,1559.3499755859375,7384628
2023-10-09,1619.738525390625,1621.550048828125,1628.0,1606.5999755859375,1617.1500244140625,1712235
2023-10-10,1631.2755126953125,1633.0999755859375,1643.949951171875,1617.0,1630.0,1453653
2023-10-11,1634.7216796875,1636.550048828125,1650.949951171875,1633.5,1641.4000244140625,952433
2023-10-12,1632.9736328125,1634.800048828125,1642.949951171875,1622.8499755859375,1637.0,1052767
2023-10-13,1644.7105712890625,1646.550048828125,1649.0,1620.0,1631.0,1212989
2023-10-16,1640.51513671875,1642.3499755859375,1649.4000244140625,1630.4000244140625,1644.0,859548
2023-10-17,1655.798095703125,1657.6500244140625,1676.75,1645.550048828125,1649.9000244140625,1689224
2023-10-18,1626.3809814453125,1628.199951171875,1665.0,1622.050048828125,1665.0,1230439
2023-10-19,1632.923828125,1634.75,1642.949951171875,1597.4000244140625,1625.0,1429935
2023-10-20,1633.223388671875,1635.050048828125,1639.75,1615.0,1627.800048828125,1191783
2023-10-23,1611.347900390625,1613.1500244140625,1651.699951171875,1605.5,1627.0,1093182
2023-10-25,1609.6497802734375,1611.449951171875,1630.0,1598.8499755859375,1612.9000244140625,1490405
2023-10-26,1558.2572021484375,1560.0,1608.4000244140625,1552.0,1590.0,1780025
2023-10-27,1564.6500244140625,1566.4000244140625,1593.25,1551.3499755859375,1575.5999755859375,2003579
2023-10-30,1559.35595703125,1561.0999755859375,1571.0999755859375,1528.0,1568.9000244140625,850025
2023-10-31,1567.796630859375,1569.550048828125,1581.449951171875,1552.4000244140625,1552.4000244140625,1592788
2023-11-01,1571.0927734375,1572.8499755859375,1580.0,1565.0,1574.9000244140625,770557
2023-11-02,1573.83984375,1575.5999755859375,1592.5999755859375,1566.0999755859375,1587.699951171875,1020303
2023-11-03,1534.4339599609375,1536.1500244140625,1593.6500244140625,1527.9000244140625,1584.25,2519096
2023-11-06,1562.65234375,1564.4000244140625,1566.0,1540.0,1547.0,917415
2023-11-07,1568.04638671875,1569.800048828125,1607.800048828125,1550.0,1602.0,2532282
2023-11-08,1573.7398681640625,1575.5,1579.949951171875,1559.199951171875,1576.0,831310
2023-11-09,1580.482421875,1582.25,1589.0,1569.0,1575.0,1108425
2023-11-10,1594.217041015625,1596.0,1598.800048828125,1572.6500244140625,1581.0,672720
2023-11-13,1583.428955078125,1585.199951171875,1597.949951171875,1568.699951171875,1594.5999755859375,853825
2023-11-15,1585.277099609375,1587.050048828125,1615.0,1579.949951171875,1600.0,1684967
2023-11-16,1618.8394775390625,1620.6500244140625,1628.0,1539.050048828125,1561.050048828125,3213352
2023-11-17,1614.0948486328125,1615.9000244140625,1620.6500244140625,1581.5999755859375,1593.050048828125,1783393
2023-11-20,1592.01953125,1593.800048828125,1616.550048828125,1586.1500244140625,1611.9000244140625,1256179
2023-11-21,1608.6009521484375,1610.4000244140625,1616.449951171875,1593.5999755859375,1593.800048828125,1714833
2023-11-22,1622.0859375,1623.9000244140625,1626.0,1602.5,1610.0,807316
2023-11-23,1622.1357421875,1623.949951171875,1636.8499755859375,1620.199951171875,1623.9000244140625,695592
2023-11-24,1615.4432373046875,1617.25,1628.949951171875,1612.0,1624.449951171875,625345
2023-11-28,1652.5517578125,1654.4000244140625,1657.0,1617.5,1617.5,1564478
2023-11-29,1651.65283203125,1653.5,1665.0,1649.0,1660.0,746796
2023-11-30,1671.6304931640625,1673.5,1679.9000244140625,1644.550048828125,1653.0,1577522
2023-12-01,1684.06640625,1685.949951171875,1688.699951171875,1669.949951171875,1680.0,1101136
2023-12-04,1694.35498046875,1696.25,1714.699951171875,1685.9000244140625,1700.0,1419178
2023-12-05,1690.808837890625,1692.699951171875,1713.4000244140625,1673.25,1696.300048828125,1778602
2023-12-06,1698.450439453125,1700.3499755859375,1710.0,1692.9000244140625,1701.0,737176
2023-12-07,1702.1463623046875,1704.050048828125,1724.0,1690.0,1700.3499755859375,941890
2023-12-08,1708.239501953125,1710.1500244140625,1714.550048828125,1692.5,1705.0,1376050
2023-12-11,1700.897705078125,1702.800048828125,1717.0,1698.25,1700.1500244140625,1003371
2023-12-12,1704.84326171875,1706.75,1719.75,1700.5,1704.800048828125,1390539
2023-12-13,1682.6680908203125,1684.550048828125,1709.5,1668.199951171875,1708.0,1168629
2023-12-14,1729.0162353515625,1730.949951171875,1733.9000244140625,1698.0,1700.0,2130836
2023-12-15,1731.2138671875,1733.1500244140625,1741.0,1718.75,1738.949951171875,1486079
2023-12-18,1722.67333984375,1724.5999755859375,1738.550048828125,1718.550048828125,1732.6500244140625,696124
2023-12-19,1707.83984375,1709.75,1726.550048828125,1696.800048828125,1725.0,1214352
2023-12-20,1679.0220947265625,1680.9000244140625,1741.0,1672.0,1715.699951171875,1540009
2023-12-21,1664.9879150390625,1666.8499755859375,1681.800048828125,1660.25,1663.0,988034
2023-12-22,1670.18212890625,1672.050048828125,1690.0,1663.5999755859375,1669.0,1279614
2023-12-26,1643.4619140625,1645.300048828125,1684.0,1637.050048828125,1675.0,1296291
2023-12-27,1667.5848388671875,1669.449951171875,1674.050048828125,1653.800048828125,1657.0,1181177
2023-12-28,1679.32177734375,1681.199951171875,1698.800048828125,1667.199951171875,1674.050048828125,1360425
2023-12-29,1683.916748046875,1685.800048828125,1692.699951171875,1674.5999755859375,1682.449951171875,738203
2024-01-01,1674.5272216796875,1676.4000244140625,1691.699951171875,1671.0,1685.800048828125,692280
2024-01-02,1684.316162109375,1686.199951171875,1689.8499755859375,1663.449951171875,1675.9000244140625,1099965
2024-01-03,1675.7757568359375,1677.6500244140625,1708.0,1676.0,1680.0,804258
2024-01-04,1700.048583984375,1701.949951171875,1723.949951171875,1690.0,1694.3499755859375,2268009
2024-01-05,1707.5902099609375,1709.5,1717.0999755859375,1697.6500244140625,1702.949951171875,835592
2024-01-08,1694.4549560546875,1696.3499755859375,1723.6500244140625,1690.199951171875,1715.949951171875,684254
2024-01-09,1680.5703125,1682.449951171875,1715.0,1674.300048828125,1710.449951171875,1235008
2024-01-10,1669.9822998046875,1671.8499755859375,1685.0,1658.6500244140625,1685.0,607010
2024-01-11,1667.3851318359375,1669.25,1702.6500244140625,1660.1500244140625,1679.0,861924
2024-01-12,1650.0545654296875,1651.9000244140625,1674.949951171875,1642.0,1670.25,1314964
2024-01-15,1630.576416015625,1632.4000244140625,1664.1500244140625,1630.050048828125,1655.0,1089891
2024-01-16,1621.686279296875,1623.5,1646.300048828125,1620.0,1634.0,1063676
2024-01-17,1584.3779296875,1586.1500244140625,1622.0,1578.050048828125,1614.949951171875,1488186
2024-01-18,1579.383544921875,1581.1500244140625,1605.3499755859375,1559.0,1586.0,1133236
2024-01-19,1598.7119140625,1600.5,1606.3499755859375,1581.0,1590.949951171875,1139473
2024-01-23,1580.7320556640625,1582.5,1615.25,1575.0,1597.449951171875,3028946
2024-01-24,1619.0391845703125,1620.8499755859375,1622.8499755859375,1578.3499755859375,1594.699951171875,1393463
2024-01-25,1628.328857421875,1630.1500244140625,1635.0,1613.699951171875,1621.75,1744604
2024-01-29,1635.1212158203125,1636.949951171875,1641.5999755859375,1618.5,1630.0,940220
2024-01-30,1588.773193359375,1590.550048828125,1629.0,1585.0,1629.0,4851835
2024-01-31,1625.4820556640625,1627.300048828125,1632.0,1585.0,1594.0,1486444
2024-02-01,1620.4376220703125,1622.25,1632.0,1613.0,1632.0,1352416
2024-02-02,1649.655029296875,1651.5,1664.0,1626.699951171875,1635.0,1514648
2024-02-05,1613.095947265625,1614.9000244140625,1659.9000244140625,1608.550048828125,1650.0,2578535
2024-02-06,1595.265869140625,1597.050048828125,1626.800048828125,1578.5999755859375,1626.800048828125,2376798
2024-02-07,1594.416748046875,1596.199951171875,1623.75,1589.4000244140625,1609.0,1477982
2024-02-08,1568.7955322265625,1570.550048828125,1607.949951171875,1565.0,1607.949951171875,1486674
2024-02-09,1569.1949462890625,1570.949951171875,1587.300048828125,1562.699951171875,1586.25,1049368
2024-02-12,1555.5103759765625,1557.25,1579.300048828125,1551.5,1578.75,803753
2024-02-13,1566.248291015625,1568.0,1586.449951171875,1552.199951171875,1560.0,1833289
2024-02-14,1577.9351806640625,1579.699951171875,1583.0,1555.0,1560.0,763689
2024-02-15,1567.646728515625,1569.4000244140625,1590.0,1564.550048828125,1589.949951171875,803588
2024-02-16,1574.139404296875,1575.9000244140625,1585.0,1567.050048828125,1583.0999755859375,850341
2024-02-19,1618.340087890625,1620.1500244140625,1625.0,1572.0,1576.0,1162373
2024-02-20,1601.059326171875,1602.8499755859375,1619.0,1597.5,1617.949951171875,1232581
2024-02-21,1585.177001953125,1586.949951171875,1618.5999755859375,1580.5999755859375,1604.0,674394
2024-02-22,1590.7708740234375,1592.550048828125,1599.0,1565.8499755859375,1599.0,1149519
2024-02-23,1614.744140625,1616.550048828125,1620.9000244140625,1596.0,1596.0,1199419
2024-02-26,1612.49658203125,1614.300048828125,1629.4000244140625,1610.0,1616.0,742382
2024-02-27,1598.8118896484375,1600.5999755859375,1623.449951171875,1595.0,1614.300048828125,931236
2024-02-28,1582.7298583984375,1584.5,1609.699951171875,1580.0,1603.0,790763
2024-02-29,1592.01953125,1593.800048828125,1603.5999755859375,1568.3499755859375,1584.949951171875,1352363
2024-03-01,1611.59765625,1613.4000244140625,1620.300048828125,1595.199951171875,1597.949951171875,740120
2024-03-04,1617.490966796875,1619.300048828125,1625.0,1603.300048828125,1616.0,589948
2024-03-05,1548.7679443359375,1550.5,1636.5999755859375,1541.1500244140625,1630.0,2343463
2024-03-06,1552.8631591796875,1554.5999755859375,1558.0,1530.800048828125,1558.0,1239370
2024-03-07,1581.0318603515625,1582.800048828125,1589.6500244140625,1557.1500244140625,1557.1500244140625,1380840
2024-03-11,1597.013916015625,1598.800048828125,1616.1500244140625,1583.0,1597.5,1285565
2024-03-12,1591.769775390625,1593.550048828125,1612.0,1565.1500244140625,1590.0999755859375,1587096
2024-03-13,1571.392578125,1573.1500244140625,1598.949951171875,1562.0,1592.300048828125,1279653
2024-03-14,1561.9530029296875,1563.699951171875,1580.0,1550.0999755859375,1565.5999755859375,1289823
2024-03-15,1569.6943359375,1571.449951171875,1589.5999755859375,1547.5,1547.5,1929597
2024-03-18,1575.2882080078125,1577.050048828125,1579.1500244140625,1561.0,1570.949951171875,645594
2024-03-19,1579.733154296875,1581.5,1590.0,1551.0999755859375,1574.050048828125,1385006
2024-03-20,1582.9295654296875,1584.699951171875,1593.5,1566.0999755859375,1582.5,723724
2024-03-21,1600.8096923828125,1602.5999755859375,1609.449951171875,1592.0,1596.0,1166497
2024-03-22,1585.7764892578125,1587.550048828125,1610.0,1583.4000244140625,1593.0,1570412
2024-03-26,1592.119384765625,1593.9000244140625,1619.0,1589.0,1589.0,1616192
2024-03-27,1580.8819580078125,1582.6500244140625,1609.9000244140625,1578.199951171875,1590.0,1205575
2024-03-28,1642.0135498046875,1643.8499755859375,1669.0,1588.0,1588.0,5210310
2024-04-01,1644.1611328125,1646.0,1674.0,1640.3499755859375,1659.050048828125,767676
2024-04-02,1654.699462890625,1656.550048828125,1662.9000244140625,1625.699951171875,1650.9000244140625,1605925
2024-04-03,1638.5174560546875,1640.3499755859375,1654.8499755859375,1635.0,1654.0,1055536
2024-04-04,1653.9503173828125,1655.800048828125,1662.5,1630.0,1650.0,1328509
2024-04-05,1676.075439453125,1677.949951171875,1681.5,1651.949951171875,1658.5,2364243
2024-04-08,1687.2630615234375,1689.1500244140625,1702.0,1684.8499755859375,1690.0,1345380
2024-04-09,1708.4892578125,1710.4000244140625,1715.0,1687.25,1694.949951171875,1284145
2024-04-10,1702.1962890625,1704.0999755859375,1722.0,1696.0,1717.0,1031729
2024-04-12,1696.75244140625,1698.6500244140625,1706.199951171875,1689.550048828125,1700.0,1312132
2024-04-15,1654.9989013671875,1656.8499755859375,1692.0,1654.199951171875,1672.0,828843
2024-04-16,1616.6917724609375,1618.5,1648.699951171875,1611.3499755859375,1640.0,1528544
2024-04-18,1592.119384765625,1593.9000244140625,1630.0999755859375,1589.300048828125,1625.0,1325537
2024-04-19,1617.1912841796875,1619.0,1628.75,1568.699951171875,1587.0,1242066
2024-04-22,1627.629638671875,1629.449951171875,1648.0,1617.5,1627.0,703167
2024-04-23,1619.2889404296875,1621.0999755859375,1652.0,1616.0,1628.5999755859375,1297705
2024-04-24,1628.528564453125,1630.3499755859375,1648.8499755859375,1618.050048828125,1625.0,578310
2024-04-25,1653.7005615234375,1655.550048828125,1672.0,1615.6500244140625,1630.0,1569437
2024-04-26,1595.5655517578125,1597.3499755859375,1649.050048828125,1578.449951171875,1649.050048828125,5325417
2024-04-29,1593.867431640625,1595.6500244140625,1603.0,1587.3499755859375,1603.0,1132800
2024-04-30,1613.19580078125,1615.0,1633.949951171875,1591.300048828125,1596.0,1748360
2024-05-02,1613.645263671875,1615.449951171875,1635.0,1611.0,1615.0,1304846
2024-05-03,1625.4820556640625,1627.300048828125,1725.0,1618.0,1650.199951171875,5227529
2024-05-06,1609.5498046875,1611.3499755859375,1637.9000244140625,1607.050048828125,1637.9000244140625,725360
2024-05-07,1613.345703125,1615.1500244140625,1625.0,1593.0,1621.0,1348125
2024-05-08,1601.2591552734375,1603.050048828125,1620.0,1598.75,1601.0,802342
2024-05-09,1562.85205078125,1564.5999755859375,1613.0999755859375,1559.5999755859375,1606.699951171875,1364729
2024-05-10,1570.9429931640625,1572.699951171875,1584.1500244140625,1556.0,1560.0,768117
2024-05-13,1578.7843017578125,1580.550048828125,1587.0,1556.300048828125,1574.0,466042
2024-05-14,1574.6888427734375,1576.449951171875,1589.9000244140625,1569.050048828125,1575.3499755859375,652248
2024-05-15,1567.2972412109375,1569.050048828125,1589.6500244140625,1566.5999755859375,1580.0,581805
2024-05-16,1594.217041015625,1596.0,1601.0,1560.449951171875,1575.050048828125,1212568
2024-05-17,1582.9796142578125,1584.75,1598.0,1580.050048828125,1595.0,699522
2024-05-21,1580.7821044921875,1582.550048828125,1595.300048828125,1572.0,1587.5,903561
2024-05-22,1582.180419921875,1583.949951171875,1590.0,1575.0,1582.550048828125,578669
2024-05-23,1606.6529541015625,1608.449951171875,1613.25,1581.25,1587.0999755859375,1547483
2024-05-24,1599.9105224609375,1601.699951171875,1620.0,1597.050048828125,1609.0,566278
2024-05-27,1594.017333984375,1595.800048828125,1612.8499755859375,1590.300048828125,1605.0,1365230
2024-05-28,1597.863037109375,1599.6500244140625,1605.0,1589.449951171875,1602.949951171875,1306333
2024-05-29,1568.1461181640625,1569.9000244140625,1602.3499755859375,1565.0999755859375,1594.1500244140625,1665575
2024-05-30,1522.3973388671875,1524.0999755859375,1575.199951171875,1517.0,1566.75,2285079
2024-05-31,1526.892333984375,1528.5999755859375,1552.050048828125,1518.9000244140625,1530.0,2794001
2024-06-03,1574.0396728515625,1575.800048828125,1583.0,1556.449951171875,1580.0,1826290
2024-06-04,1475.649658203125,1477.300048828125,1569.199951171875,1419.050048828125,1556.0,4388491
2024-06-05,1516.0045166015625,1517.699951171875,1528.0,1472.9000244140625,1490.0,1456768
2024-06-06,1524.7447509765625,1526.449951171875,1541.5,1510.800048828125,1521.5,2891789
2024-06-07,1565.9486083984375,1567.699951171875,1580.0,1530.550048828125,1538.949951171875,2787254
2024-06-10,1564.0509033203125,1565.800048828125,1589.0,1559.3499755859375,1586.050048828125,1154334
2024-06-11,1566.498046875,1568.25,1577.4000244140625,1558.0,1573.0,1184425
2024-06-12,1577.3359375,1579.0999755859375,1593.75,1562.0,1568.0,1799090
2024-06-13,1588.3236083984375,1590.0999755859375,1595.550048828125,1581.0,1586.949951171875,1095701
2024-06-14,1589.9718017578125,1591.75,1596.0,1575.3499755859375,1590.0999755859375,681385
2024-06-18,1596.164794921875,1597.949951171875,1604.9000244140625,1585.0,1599.0,1282756
2024-06-19,1593.1182861328125,1594.9000244140625,1600.0,1582.5,1600.0,1269273
2024-06-20,1584.2281494140625,1586.0,1595.0,1573.0999755859375,1592.5,1649421
2024-06-21,1578.131103515625,1578.9000244140625,1610.8499755859375,1570.5,1586.0,3345305
2024-06-24,1586.8768310546875,1587.6500244140625,1589.8499755859375,1561.0,1570.050048828125,822750
2024-06-25,1602.5692138671875,1603.3499755859375,1610.75,1571.0,1587.6500244140625,3093861
2024-06-26,1599.470703125,1600.25,1616.5,1593.75,1607.0,1310438
2024-06-27,1602.3193359375,1603.0999755859375,1614.699951171875,1595.050048828125,1600.25,2620064
2024-06-28,1587.3765869140625,1588.1500244140625,1622.0,1583.0999755859375,1603.0999755859375,2058302
2024-07-01,1579.430419921875,1580.199951171875,1590.949951171875,1578.0,1588.199951171875,2444681
2024-07-02,1578.980712890625,1579.75,1585.0,1561.0999755859375,1580.199951171875,2572175
2024-07-03,1593.373779296875,1594.1500244140625,1597.5,1573.5999755859375,1583.0,892102
2024-07-04,1584.927734375,1585.699951171875,1610.0,1580.800048828125,1610.0,1450706
2024-07-05,1578.830810546875,1579.5999755859375,1590.699951171875,1570.0999755859375,1587.0,1070592
2024-07-08,1569.3353271484375,1570.0999755859375,1579.5999755859375,1562.0,1579.5999755859375,1000005
2024-07-09,1580.829833984375,1581.5999755859375,1583.9000244140625,1567.0,1577.699951171875,1233946
2024-07-10,1581.7794189453125,1582.550048828125,1589.0,1570.75,1583.9000244140625,1355610
2024-07-11,1587.0767822265625,1587.8499755859375,1596.0,1576.0,1584.0,1848978
2024-07-12,1596.47216796875,1597.25,1604.8499755859375,1585.1500244140625,1604.8499755859375,1003699
2024-07-15,1601.419677734375,1602.199951171875,1605.0,1588.0,1597.0,1753186
2024-07-16,1608.7662353515625,1609.550048828125,1615.0,1598.4000244140625,1605.0,980434
2024-07-18,1650.4459228515625,1651.25,1654.0,1593.050048828125,1606.0,2999670
2024-07-19,1639.4512939453125,1640.25,1660.0,1635.0,1652.0,1865129
2024-07-22,1630.355712890625,1631.1500244140625,1651.800048828125,1623.050048828125,1625.0,784867
2024-07-23,1618.0616455078125,1618.8499755859375,1647.949951171875,1599.449951171875,1635.0,2718846
2024-07-24,1578.48095703125,1579.25,1611.9000244140625,1562.0,1600.5999755859375,3675430
2024-07-25,1571.1844482421875,1571.949951171875,1582.6500244140625,1558.0,1565.5999755859375,1694503
2024-07-26,1585.6773681640625,1586.449951171875,1592.75,1569.050048828125,1578.0,2768936
2024-07-29,1616.362548828125,1617.1500244140625,1625.0,1582.5,1588.1500244140625,2217892
2024-07-30,1641.85009765625,1642.6500244140625,1669.9000244140625,1595.199951171875,1614.0,3703774
2024-07-31,1650.845703125,1651.6500244140625,1656.25,1637.6500244140625,1650.9000244140625,1324150
2024-08-01,1634.00390625,1634.800048828125,1659.0,1630.0,1655.0,747329
2024-08-02,1622.659423828125,1623.449951171875,1629.0,1603.0,1620.0,1105569
2024-08-05,1566.9365234375,1567.699951171875,1605.0,1562.0,1590.0,2058076
2024-08-06,1563.3382568359375,1564.0999755859375,1598.0,1557.0999755859375,1575.1500244140625,1897942
2024-08-07,1570.634765625,1571.4000244140625,1584.800048828125,1563.6500244140625,1584.0999755859375,1443063
2024-08-08,1539.300048828125,1540.050048828125,1576.449951171875,1532.550048828125,1562.449951171875,1683534
2024-08-09,1559.440185546875,1560.199951171875,1562.550048828125,1545.5,1559.9000244140625,1014828
2024-08-12,1558.2408447265625,1559.0,1570.8499755859375,1548.0999755859375,1557.0,1125254
2024-08-13,1542.598388671875,1543.3499755859375,1569.0,1537.050048828125,1554.0,1817066
2024-08-14,1528.4053955078125,1529.1500244140625,1546.449951171875,1526.800048828125,1545.0,1173504
2024-08-16,1549.145263671875,1549.9000244140625,1552.449951171875,1523.25,1539.0,1841887
2024-08-19,1550.3446044921875,1551.0999755859375,1563.9000244140625,1545.050048828125,1563.9000244140625,940893
2024-08-20,1601.31982421875,1602.0999755859375,1624.9000244140625,1551.5,1554.949951171875,3149863
2024-08-21,1620.16064453125,1620.949951171875,1628.800048828125,1599.949951171875,1600.0,1966030
2024-08-22,1624.9083251953125,1625.699951171875,1630.0,1614.050048828125,1624.800048828125,1325535
2024-08-23,1639.1014404296875,1639.9000244140625,1644.949951171875,1623.199951171875,1627.9000244140625,1114056
2024-08-26,1685.3787841796875,1686.199951171875,1688.0,1638.75,1649.0,2446507
2024-08-27,1718.162841796875,1719.0,1729.0,1652.0,1686.199951171875,4205533
2024-08-28,1712.66552734375,1713.5,1735.0,1700.050048828125,1728.0,1444329
2024-08-29,1754.7950439453125,1755.6500244140625,1772.0,1711.550048828125,1716.0,5508206
2024-08-30,1782.1817626953125,1783.050048828125,1793.5,1750.050048828125,1769.949951171875,3865499
2024-09-02,1839.65380859375,1840.550048828125,1862.0,1787.800048828125,1796.4000244140625,5442576
2024-09-03,1864.6915283203125,1865.5999755859375,1870.949951171875,1811.949951171875,1850.0,4429269
2024-09-04,1870.988525390625,1871.9000244140625,1879.699951171875,1833.050048828125,1840.199951171875,2634954
2024-09-05,1864.041748046875,1864.949951171875,1874.699951171875,1850.0,1868.0,1441842
2024-09-06,1856.24560546875,1857.1500244140625,1898.0,1836.0,1864.0,2970645
2024-09-09,1859.5439453125,1860.449951171875,1873.75,1839.050048828125,1860.0,1576721
2024-09-10,1823.611572265625,1824.5,1874.800048828125,1815.25,1874.800048828125,2155688
2024-09-11,1832.25732421875,1833.1500244140625,1853.800048828125,1814.25,1829.0,1492450
2024-09-12,1853.94677734375,1854.8499755859375,1860.0,1816.800048828125,1850.699951171875,2040386
2024-09-13,1893.5274658203125,1894.449951171875,1906.9000244140625,1846.5,1874.800048828125,3078216
2024-09-16,1856.6954345703125,1857.5999755859375,1921.0,1838.050048828125,1902.0,3180768
2024-09-17,1847.7996826171875,1848.699951171875,1876.8499755859375,1838.550048828125,1859.0,1920113
2024-09-18,1887.2803955078125,1888.199951171875,1897.0,1843.199951171875,1848.699951171875,2960854
2024-09-19,1889.4794921875,1890.4000244140625,1902.0,1876.0,1890.0,1821882
2024-09-20,1915.8665771484375,1916.800048828125,1924.5,1884.3499755859375,1892.0999755859375,4225587
2024-09-23,1919.0150146484375,1919.949951171875,1934.0,1914.5999755859375,1929.8499755859375,1118846
2024-09-24,1903.7225341796875,1904.6500244140625,1923.5999755859375,1898.3499755859375,1920.0,1461016
2024-09-25,1927.5609130859375,1928.5,1938.800048828125,1896.050048828125,1905.0,901659
2024-09-26,1981.83447265625,1982.800048828125,1988.25,1930.1500244140625,1940.0,2541200
2024-09-27,2009.7208251953125,2010.699951171875,2029.9000244140625,1966.300048828125,1976.8499755859375,3718693
2024-09-30,1972.4390869140625,1973.4000244140625,2018.949951171875,1968.300048828125,2010.699951171875,1859917
2024-10-01,1974.2880859375,1975.25,2007.0999755859375,1969.050048828125,1973.0,1326900
2024-10-03,1912.46826171875,1913.4000244140625,1970.050048828125,1896.5,1961.0,1702709
2024-10-04,1883.63232421875,1884.550048828125,1935.0,1865.25,1913.300048828125,2423416
2024-10-07,1878.3848876953125,1879.300048828125,1901.5999755859375,1868.800048828125,1884.550048828125,1423722
2024-10-08,1837.2548828125,1838.1500244140625,1893.949951171875,1833.0999755859375,1873.199951171875,1423384
2024-10-09,1866.040771484375,1866.949951171875,1881.199951171875,1835.550048828125,1849.0,1411255
2024-10-10,1874.7864990234375,1875.699951171875,1887.8499755859375,1860.0,1874.800048828125,1209065
2024-10-11,1875.486328125,1876.4000244140625,1883.800048828125,1855.0999755859375,1875.949951171875,516757
2024-10-14,1866.2906494140625,1867.199951171875,1885.0999755859375,1862.550048828125,1885.0999755859375,809881
2024-10-15,1853.047119140625,1853.949951171875,1895.75,1842.0,1873.5999755859375,2072690
2024-10-16,1861.143310546875,1862.050048828125,1871.0,1847.25,1855.0,850008
2024-10-17,1814.915771484375,1815.800048828125,1869.449951171875,1809.0999755859375,1868.0,1115879
2024-10-18,1819.0137939453125,1819.9000244140625,1833.300048828125,1793.0,1815.0,990257
2024-10-21,1757.543701171875,1758.4000244140625,1823.9000244140625,1753.949951171875,1822.0,1663903
2024-10-22,1721.7611083984375,1722.5999755859375,1770.949951171875,1716.1500244140625,1758.550048828125,3142294
2024-10-23,1738.852783203125,1739.699951171875,1779.5,1727.550048828125,1727.550048828125,2585058
2024-10-24,1741.2515869140625,1742.0999755859375,1764.0,1718.6500244140625,1740.050048828125,1502718
2024-10-25,1706.568603515625,1707.4000244140625,1751.9000244140625,1698.0999755859375,1742.0999755859375,875973
2024-10-28,1729.6072998046875,1730.449951171875,1737.8499755859375,1701.949951171875,1710.75,653158
2024-10-29,1765.839599609375,1766.699951171875,1775.5,1703.0,1725.1500244140625,1561586
2024-10-30,1751.5965576171875,1752.449951171875,1777.449951171875,1740.199951171875,1766.699951171875,826677
2024-10-31,1749.8974609375,1750.75,1755.0,1725.050048828125,1745.199951171875,869480
2024-11-01,1753.845458984375,1754.699951171875,1772.1500244140625,1746.300048828125,1762.0,134827
2024-11-04,1711.666015625,1712.5,1758.0,1694.050048828125,1754.699951171875,1294236
2024-11-05,1734.8048095703125,1735.6500244140625,1744.300048828125,1686.0,1714.0999755859375,1646381
2024-11-06,1747.848388671875,1748.699951171875,1759.699951171875,1732.0999755859375,1732.0999755859375,926170
2024-11-07,1728.857666015625,1729.699951171875,1757.0,1705.050048828125,1745.0,855044
2024-11-08,1738.90283203125,1739.75,1743.5,1717.0,1739.0,869560
2024-11-11,1716.6136474609375,1717.449951171875,1751.949951171875,1713.050048828125,1727.550048828125,696798
2024-11-12,1690.9261474609375,1691.75,1732.949951171875,1688.75,1725.0,903492
2024-11-13,1663.639404296875,1664.449951171875,1695.949951171875,1657.449951171875,1690.0,668302
2024-11-14,1639.00146484375,1639.800048828125,1673.550048828125,1633.550048828125,1665.0,744472
2024-11-18,1615.2130126953125,1616.0,1641.949951171875,1610.0,1634.0,1618700
2024-11-19,1595.5726318359375,1596.3499755859375,1625.949951171875,1580.550048828125,1622.949951171875,2569730
2024-11-21,1568.48583984375,1569.25,1596.0,1565.25,1596.0,984265
2024-11-22,1600.0704345703125,1600.8499755859375,1606.0,1562.050048828125,1569.949951171875,2082813
2024-11-25,1604.1185302734375,1604.9000244140625,1638.800048828125,1600.0,1618.0,2191916
2024-11-26,1593.6236572265625,1594.4000244140625,1614.9000244140625,1582.0,1614.9000244140625,2483861
2024-11-27,1599.2708740234375,1600.050048828125,1608.5999755859375,1589.0,1595.949951171875,1335825
2024-11-28,1574.2830810546875,1575.050048828125,1610.050048828125,1567.6500244140625,1605.0,3458405
2024-11-29,1579.1805419921875,1579.949951171875,1587.949951171875,1574.949951171875,1581.9000244140625,1998058
2024-12-02,1595.87255859375,1596.6500244140625,1603.800048828125,1567.0,1588.0,1423549
2024-12-03,1606.3173828125,1607.0999755859375,1609.9000244140625,1595.050048828125,1597.0999755859375,1045367
2024-12-04,1627.30712890625,1628.0999755859375,1632.25,1606.0999755859375,1619.0,2271608
2024-12-05,1643.29931640625,1644.0999755859375,1654.0999755859375,1605.449951171875,1636.75,1706032
2024-12-06,1634.4036865234375,1635.199951171875,1649.949951171875,1625.050048828125,1640.0,1049225
2024-12-09,1636.2528076171875,1637.050048828125,1647.550048828125,1619.199951171875,1642.0,859106
2024-12-10,1662.5899658203125,1663.4000244140625,1673.0,1637.0999755859375,1644.75,1673974
2024-12-11,1685.6787109375,1686.5,1690.3499755859375,1649.0,1667.0999755859375,2131913
2024-12-12,1678.4822998046875,1679.300048828125,1690.5,1674.5999755859375,1685.0,1137744
2024-12-13,1678.8819580078125,1679.699951171875,1683.5999755859375,1635.0,1667.0999755859375,1389802
2024-12-16,1672.8349609375,1673.6500244140625,1683.949951171875,1660.4000244140625,1675.0,797240
2024-12-17,1642.349853515625,1643.1500244140625,1673.6500244140625,1633.050048828125,1673.0,1045630
2024-12-18,1629.9559326171875,1630.75,1647.4000244140625,1622.5999755859375,1642.0,952592
2024-12-19,1588.7760009765625,1589.550048828125,1624.1500244140625,1583.050048828125,1616.800048828125,1681562
2024-12-20,1568.8856201171875,1569.6500244140625,1603.5999755859375,1565.0,1589.550048828125,1806341
2024-12-23,1562.638671875,1563.4000244140625,1594.75,1560.550048828125,1583.0,1017438
2024-12-24,1563.7882080078125,1564.550048828125,1572.8499755859375,1551.6500244140625,1563.0999755859375,810638
2024-12-26,1558.540771484375,1559.300048828125,1574.9000244140625,1554.449951171875,1554.449951171875,760870
2024-12-27,1578.531005859375,1579.300048828125,1586.0,1561.0999755859375,1567.949951171875,1174865
2024-12-30,1575.93212890625,1576.699951171875,1587.8499755859375,1560.449951171875,1580.0,1307371
2024-12-31,1567.3363037109375,1568.0999755859375,1575.949951171875,1560.0,1569.949951171875,1041557
2025-01-01,1575.63232421875,1576.4000244140625,1584.050048828125,1565.0,1565.0,464064
2025-01-02,1699.8218994140625,1700.6500244140625,1717.9000244140625,1576.4000244140625,1581.300048828125,8022190
2025-01-03,1700.2716064453125,1701.0999755859375,1720.0,1692.0,1700.0,1563600
2025-01-06,1683.7796630859375,1684.5999755859375,1732.949951171875,1675.0,1715.0,1837772
2025-01-07,1681.9305419921875,1682.75,1703.6500244140625,1674.199951171875,1692.0,1242573
2025-01-08,1696.173583984375,1697.0,1709.0,1668.550048828125,1681.0,1437122
2025-01-09,1689.4769287109375,1690.300048828125,1700.5,1675.0,1697.0,1036731
2025-01-10,1700.4215087890625,1701.25,1718.199951171875,1680.0,1682.0,1467079
2025-01-13,1673.334716796875,1674.1500244140625,1700.0,1666.5999755859375,1689.5999755859375,1177882
2025-01-14,1712.66552734375,1713.5,1730.0,1684.0,1689.0,2084348
2025-01-15,1670.8359375,1671.6500244140625,1730.449951171875,1650.0,1721.0999755859375,2098490
2025-01-16,1696.5234375,1697.3499755859375,1705.949951171875,1679.199951171875,1680.0,1105433
2025-01-17,1679.83154296875,1680.6500244140625,1698.4000244140625,1670.949951171875,1686.0999755859375,905680
2025-01-20,1734.35498046875,1735.199951171875,1738.0,1674.4000244140625,1686.300048828125,1674215
2025-01-21,1716.163818359375,1717.0,1751.0,1711.0,1745.0,2008953
2025-01-22,1742.451171875,1743.300048828125,1746.8499755859375,1710.5,1720.0,1369310
2025-01-23,1745.2996826171875,1746.1500244140625,1766.0,1730.449951171875,1742.550048828125,1888122
2025-01-24,1727.858154296875,1728.699951171875,1754.9000244140625,1725.0,1751.0,747930
2025-01-27,1710.7664794921875,1711.5999755859375,1732.6500244140625,1702.0,1714.8499755859375,1017680
2025-01-28,1768.0885009765625,1768.949951171875,1788.050048828125,1715.0,1732.949951171875,2439528
2025-01-29,1789.5281982421875,1790.4000244140625,1804.949951171875,1767.25,1776.949951171875,1880079
2025-01-30,1744.35009765625,1745.199951171875,1856.0,1741.0,1825.0,5190089
2025-01-31,1735.2545166015625,1736.0999755859375,1753.699951171875,1698.199951171875,1713.5999755859375,1917476
2025-02-01,1753.1458740234375,1754.0,1780.0,1617.0,1747.0,2887325
2025-02-03,1793.9759521484375,1794.8499755859375,1805.0,1733.3499755859375,1735.0,2918355
2025-02-04,1812.366943359375,1813.25,1818.9000244140625,1772.800048828125,1800.0,2285643
2025-02-05,1795.875,1796.75,1826.550048828125,1780.0,1811.0,1286850
2025-02-06,1787.1292724609375,1788.0,1812.949951171875,1779.449951171875,1808.0,1119866
2025-02-07,1797.4742431640625,1798.3499755859375,1822.0,1784.3499755859375,1801.0,1748940
2025-02-10,1791.5272216796875,1792.4000244140625,1806.949951171875,1774.800048828125,1804.9000244140625,908769
2025-02-11,1744.000244140625,1744.8499755859375,1795.300048828125,1742.0,1792.4000244140625,1944713
2025-02-12,1787.828857421875,1788.699951171875,1800.8499755859375,1727.25,1749.0,1888823
2025-02-13,1848.3494873046875,1849.25,1853.5,1796.6500244140625,1803.949951171875,4070038
2025-02-14,1840.4034423828125,1841.300048828125,1867.5999755859375,1825.0,1853.5,1823774
2025-02-17,1893.92724609375,1894.8499755859375,1898.75,1830.449951171875,1841.300048828125,3022597
2025-02-18,1892.77783203125,1893.699951171875,1913.800048828125,1880.800048828125,1892.0,2116513
2025-02-19,1874.436767578125,1875.3499755859375,1899.199951171875,1868.050048828125,1891.050048828125,768994
2025-02-20,1880.3338623046875,1881.25,1887.5,1861.050048828125,1867.8499755859375,1012144
2025-02-21,1878.434814453125,1879.3499755859375,1893.300048828125,1866.4000244140625,1872.199951171875,852037
2025-02-24,1856.8953857421875,1857.800048828125,1889.9000244140625,1853.0,1868.0,1076484
2025-02-25,1874.1868896484375,1875.0999755859375,1896.0,1857.800048828125,1857.800048828125,1761019
2025-02-27,1924.6123046875,1925.550048828125,1938.800048828125,1881.0,1882.1500244140625,2878330
2025-02-28,1871.3883056640625,1872.300048828125,1920.0,1862.550048828125,1911.050048828125,1797567
2025-03-03,1837.65478515625,1838.550048828125,1884.699951171875,1818.699951171875,1884.699951171875,1046987
2025-03-04,1789.42822265625,1790.300048828125,1833.5,1785.25,1829.75,1443339
2025-03-05,1800.922607421875,1801.800048828125,1808.800048828125,1733.0,1787.0,2143253
2025-03-06,1844.55126953125,1845.449951171875,1853.0,1784.0999755859375,1818.800048828125,2176883
2025-03-07,1844.4014892578125,1845.300048828125,1865.550048828125,1836.5,1845.1500244140625,1332323
2025-03-10,1839.4537353515625,1840.3499755859375,1888.75,1835.0,1844.75,1703046
2025-03-11,1804.5208740234375,1805.4000244140625,1836.8499755859375,1788.25,1830.0,2298735
2025-03-12,1818.56396484375,1819.449951171875,1824.3499755859375,1800.0,1814.0,1196955
2025-03-13,1806.56982421875,1807.449951171875,1840.0,1803.1500244140625,1828.0,1333932
2025-03-17,1870.6885986328125,1871.5999755859375,1880.9000244140625,1797.1500244140625,1820.0,6994837
2025-03-18,1870.6885986328125,1871.5999755859375,1871.5999755859375,1871.5999755859375,1871.5999755859375,0
2025-03-19,1841.3529052734375,1842.25,1864.4000244140625,1840.0,1855.0,2411880
2025-03-20,1850.9481201171875,1851.8499755859375,1855.0,1814.0999755859375,1842.25,2306910
2025-03-21,1846.3504638671875,1847.25,1880.0,1825.0,1878.0,3537391
2025-03-24,1893.2276611328125,1894.1500244140625,1898.699951171875,1845.5,1855.3499755859375,1864839
2025-03-25,1944.1029052734375,1945.050048828125,1954.4000244140625,1894.9000244140625,1905.0,3512725
2025-03-26,1942.45361328125,1943.4000244140625,1978.0,1935.0,1951.0,2779682
2025-03-27,2004.7733154296875,2005.75,2011.5,1932.5999755859375,1940.0,4506778
2025-03-28,2006.3724365234375,2007.3499755859375,2022.0,1994.199951171875,1995.75,1907116
2025-04-01,1936.1566162109375,1937.0999755859375,2002.0,1932.5,1998.0,2125921
2025-04-02,1930.0096435546875,1930.949951171875,1963.5,1920.949951171875,1946.300048828125,1057344
2025-04-03,1919.5147705078125,1920.449951171875,1950.0,1904.949951171875,1915.0,1598430
2025-04-04,1911.3687744140625,1912.300048828125,1929.949951171875,1897.0,1912.0,2120708
2025-04-07,1851.747802734375,1852.6500244140625,1894.0,1823.5,1835.0,2594074
2025-04-08,1902.273193359375,1903.199951171875,1934.0,1873.699951171875,1890.0,3182018
2025-04-09,1894.77685546875,1895.699951171875,1918.300048828125,1878.0,1899.0,1394829
2025-04-11,1945.352294921875,1946.300048828125,1966.0,1906.550048828125,1909.449951171875,1880510
2025-04-15,1967.0416259765625,1968.0,1984.0,1960.800048828125,1984.0,1250872
2025-04-16,1968.240966796875,1969.199951171875,1975.699951171875,1949.5999755859375,1961.0,1033717
2025-04-17,2034.3089599609375,2035.300048828125,2039.699951171875,1955.0,1961.5,2104540
2025-04-21,2102.4755859375,2103.5,2118.699951171875,2035.699951171875,2037.0999755859375,2642028
2025-04-22,2075.988525390625,2077.0,2110.0,2070.0,2104.0,1447675
2025-04-23,2099.777099609375,2100.800048828125,2117.800048828125,2057.39990234375,2094.0,1483177
2025-04-24,2103.974853515625,2105.0,2135.0,2085.39990234375,2121.800048828125,1465968
2025-04-25,2044.50390625,2045.5,2125.0,2023.0999755859375,2105.0,1960343
2025-04-28,2048.701904296875,2049.699951171875,2094.800048828125,2040.0,2040.0,6311008
2025-04-29,2065.893310546875,2066.89990234375,2082.0,2028.800048828125,2061.0,2119823
2025-04-30,1950.649658203125,1951.5999755859375,2020.0,1926.5,2018.199951171875,4684518
2025-05-02,1965.7421875,1966.699951171875,1986.5999755859375,1917.199951171875,1955.0,1949238
2025-05-05,2025.2132568359375,2026.199951171875,2036.5999755859375,1959.0999755859375,1964.9000244140625,2072898
2025-05-06,2034.8087158203125,2035.800048828125,2045.0,2008.0999755859375,2028.9000244140625,1698230
2025-05-07,2029.3114013671875,2030.300048828125,2045.5,2009.699951171875,2011.300048828125,1078158
2025-05-08,2005.023193359375,2006.0,2050.0,1992.9000244140625,2032.0,1697652
2025-05-09,1969.0406494140625,1970.0,1999.0,1963.0,1970.0,1207361
2025-05-12,2049.4013671875,2050.39990234375,2057.60009765625,2011.800048828125,2024.9000244140625,1057561
2025-05-13,2017.2171630859375,2018.199951171875,2061.39990234375,2010.5999755859375,2046.9000244140625,2217985
2025-05-14,2019.4161376953125,2020.4000244140625,2042.0,2010.0,2028.9000244140625,1670853
2025-05-15,2040.9056396484375,2041.9000244140625,2050.39990234375,1996.699951171875,2015.0999755859375,2640223
2025-05-16,2032.609619140625,2033.5999755859375,2071.0,2022.0,2054.0,1568556
2025-05-19,2037.3074951171875,2038.300048828125,2053.0,2035.0,2038.9000244140625,1379603
2025-05-20,2004.12353515625,2005.0999755859375,2047.0,1995.0,2047.0,2170575
2025-05-21,2036.3079833984375,2037.300048828125,2047.0,1998.199951171875,2011.5,1291354
2025-05-22,2000.0255126953125,2001.0,2041.800048828125,1992.0,2037.300048828125,1178160
2025-05-23,2035.50830078125,2036.5,2048.699951171875,2003.199951171875,2005.9000244140625,1085026
2025-05-26,2051.6005859375,2052.60009765625,2070.0,2040.199951171875,2044.0,714431
2025-05-27,2028.9114990234375,2029.9000244140625,2058.0,2014.5,2050.0,1175928
2025-05-28,2021.4151611328125,2022.4000244140625,2044.9000244140625,2018.0,2044.9000244140625,415312
2025-05-29,2009.9207763671875,2010.9000244140625,2032.9000244140625,2000.0999755859375,2031.4000244140625,874950
2025-05-30,2016.4176025390625,2017.4000244140625,2031.699951171875,2010.9000244140625,2010.9000244140625,2144136
2025-06-02,2028.011962890625,2029.0,2035.699951171875,1995.0999755859375,2017.4000244140625,1339043
2025-06-03,1990.9300537109375,1991.9000244140625,2044.800048828125,1980.0,2039.0999755859375,1522876
2025-06-04,1955.1474609375,1956.0999755859375,2007.800048828125,1944.0999755859375,2000.0,1169875
2025-06-05,1943.0533447265625,1944.0,1965.9000244140625,1929.0999755859375,1961.0,1808602
2025-06-06,1989.0308837890625,1990.0,2018.699951171875,1921.0,1968.0,6970191
2025-06-09,2016.4176025390625,2017.4000244140625,2057.699951171875,1991.0,2001.0,4221378
2025-06-10,1997.126953125,1998.0999755859375,2028.300048828125,1988.0999755859375,2022.0999755859375,3306765
2025-06-11,2011.9197998046875,2012.9000244140625,2029.0,1982.9000244140625,2004.0,2245988
2025-06-12,2027.8121337890625,2028.800048828125,2059.699951171875,2012.199951171875,2016.0,3783347
2025-06-13,2010.020751953125,2011.0,2016.9000244140625,1980.0,2000.0,1418715
2025-06-16,2027.2122802734375,2028.199951171875,2040.0,1998.0,2005.0,1645983
2025-06-17,2002.324462890625,2003.300048828125,2033.9000244140625,1996.199951171875,2030.0,1220096
2025-06-18,1980.4351806640625,1981.4000244140625,2018.0,1975.800048828125,2002.0,1401356
2025-06-19,1966.641845703125,1967.5999755859375,1996.199951171875,1957.4000244140625,1982.0,745887
2025-06-20,1985.2327880859375,1986.199951171875,1998.9000244140625,1965.0,1974.800048828125,1931248
2025-06-23,1996.627197265625,1997.5999755859375,2008.4000244140625,1950.699951171875,1976.300048828125,1125629
2025-06-24,2008.2215576171875,2009.199951171875,2032.4000244140625,1999.199951171875,2019.0,1717823
2025-06-25,2010.8203125,2011.800048828125,2028.0,2004.0,2028.0,998245
2025-06-26,2052.60009765625,2053.60009765625,2058.0,2011.800048828125,2018.0,1828277
2025-06-27,2044.0,2044.0,2065.0,2005.0,2060.0,6315182
2025-06-30,2056.0,2056.0,2064.0,2028.0,2040.0,1363779
2025-07-01,2053.800048828125,2053.800048828125,2068.5,2042.5999755859375,2055.10009765625,1002015
2025-07-02,2007.9000244140625,2007.9000244140625,2057.5,1996.5999755859375,2054.0,1204931
2025-07-03,1980.699951171875,1980.699951171875,2014.4000244140625,1977.5999755859375,2008.0,1133593
2025-07-04,1994.4000244140625,1994.4000244140625,2032.9000244140625,1985.0,1993.0,1509178
2025-07-07,2006.4000244140625,2006.4000244140625,2016.9000244140625,1993.0,1996.800048828125,861699
2025-07-08,2018.300048828125,2018.300048828125,2020.5999755859375,1998.699951171875,2000.0,986803
2025-07-09,2026.4000244140625,2026.4000244140625,2037.5999755859375,2012.0,2013.0,1161769
2025-07-10,2039.4000244140625,2039.4000244140625,2049.0,2021.800048828125,2034.0,1230564
2025-07-11,2017.199951171875,2017.199951171875,2040.699951171875,2000.199951171875,2037.0,1145529
2025-07-14,2003.5999755859375,2003.5999755859375,2015.0,1989.0,2010.0,605261
2025-07-15,2036.5,2036.5,2046.0,2004.0999755859375,2010.0,888117
2025-07-16,2036.0,2036.0,2043.699951171875,2018.0999755859375,2040.0999755859375,633132
2025-07-17,2026.5,2026.5,2047.5,2020.300048828125,2037.5999755859375,458912
2025-07-18,2029.5999755859375,2029.5999755859375,2038.9000244140625,2007.300048828125,2029.9000244140625,995783
2025-07-21,2053.89990234375,2053.89990234375,2056.0,2017.5999755859375,2026.9000244140625,999643
2025-07-22,2039.5999755859375,2039.5999755859375,2049.0,2015.199951171875,2047.9000244140625,1214275
2025-07-23,2060.5,2060.5,2063.199951171875,2033.699951171875,2047.699951171875,878101
2025-07-24,2032.300048828125,2032.300048828125,2060.60009765625,2025.0,2060.5,658995
2025-07-25,1985.800048828125,1985.800048828125,2000.0,1932.9000244140625,1999.0,4102292
2025-07-28,1977.800048828125,1977.800048828125,2023.0,1971.0999755859375,1990.0,1469727
2025-07-29,1972.5999755859375,1972.5999755859375,1984.5,1943.800048828125,1977.800048828125,847965
2025-07-30,1959.800048828125,1959.800048828125,1989.0999755859375,1945.0999755859375,1972.699951171875,932988
2025-07-31,1948.0,1948.0,1968.300048828125,1941.0999755859375,1953.0999755859375,985553
2025-08-01,1916.300048828125,1916.300048828125,1977.9000244140625,1911.199951171875,1945.0,836974
2025-08-04,1933.5999755859375,1933.5999755859375,1944.4000244140625,1923.0,1923.0,982532
2025-08-05,1939.4000244140625,1939.4000244140625,1942.699951171875,1916.0,1930.0999755859375,1101680
2025-08-06,1924.0,1924.0,1946.699951171875,1912.199951171875,1939.4000244140625,875588
2025-08-07,1914.0,1914.0,1932.9000244140625,1890.5999755859375,1919.699951171875,905353
2025-08-08,1919.199951171875,1919.199951171875,1929.699951171875,1906.4000244140625,1915.0,507893
2025-08-11,1922.800048828125,1922.800048828125,1939.800048828125,1903.0999755859375,1918.0,1489228
2025-08-12,1908.0,1908.0,1934.300048828125,1904.0,1925.0,899579
2025-08-13,1914.4000244140625,1914.4000244140625,1920.0,1892.9000244140625,1914.0,710014
2025-08-14,1925.0999755859375,1925.0999755859375,1939.0999755859375,1912.5,1914.4000244140625,765742
2025-08-18,1993.5,1993.5,2017.0,1950.0,1950.0,1473915
2025-08-19,1972.199951171875,1972.199951171875,1997.5999755859375,1964.800048828125,1994.0,1389770
2025-08-20,1958.5,1958.5,1976.5,1949.199951171875,1972.800048828125,1461680
2025-08-21,1980.0,1980.0,1998.0,1974.5,1984.0,2346236
2025-08-22,1965.9000244140625,1965.9000244140625,1977.300048828125,1963.5,1975.0,709444
2025-08-25,1963.800048828125,1963.800048828125,1967.800048828125,1953.0,1959.0999755859375,869509
2025-08-26,1924.199951171875,1924.199951171875,1963.4000244140625,1917.5999755859375,1960.0,1179819
2025-08-28,1917.5999755859375,1917.5999755859375,1939.699951171875,1910.5999755859375,1920.0,985012
2025-08-29,1913.5,1913.5,1931.0999755859375,1910.0,1923.0999755859375,735268
2025-09-01,1943.5,1943.5,1946.0,1913.0,1918.9000244140625,590079
2025-09-02,1955.9000244140625,1955.9000244140625,1958.699951171875,1938.5999755859375,1945.0,907972
2025-09-03,1966.0999755859375,1966.0999755859375,1972.0,1950.0,1950.0,934230
2025-09-04,2002.199951171875,2002.199951171875,2033.800048828125,1971.0,1985.0,2459026
2025-09-05,2014.4000244140625,2014.4000244140625,2023.800048828125,2002.0999755859375,2013.9000244140625,1077230
2025-09-08,2008.4000244140625,2008.4000244140625,2026.4000244140625,2006.0999755859375,2014.4000244140625,338055
2025-09-09,2025.300048828125,2025.300048828125,2039.0,2012.0,2012.0,1240640
2025-09-10,2038.199951171875,2038.199951171875,2047.0,2026.5999755859375,2035.0999755859375,927634
2025-09-11,2037.800048828125,2037.800048828125,2048.800048828125,2028.4000244140625,2038.0,720797
2025-09-12,2081.5,2081.5,2089.0,2034.300048828125,2036.0999755859375,1546838
2025-09-15,2080.0,2080.0,2097.0,2068.0,2078.0,1014957
2025-09-16,2080.300048828125,2080.300048828125,2104.89990234375,2077.60009765625,2085.0,928203
2025-09-17,2057.0,2057.0,2090.0,2054.89990234375,2088.0,1199866
2025-09-18,2069.199951171875,2069.199951171875,2075.0,2045.0,2066.0,904666
2025-09-19,2067.300048828125,2067.300048828125,2077.199951171875,2053.699951171875,2069.0,1973991
2025-09-22,2069.5,2069.5,2082.0,2062.300048828125,2067.300048828125,633360
2025-09-23,2084.39990234375,2084.39990234375,2092.0,2068.0,2068.0,1177350
2025-09-24,2069.199951171875,2069.199951171875,2088.800048828125,2062.89990234375,2084.10009765625,602541
2025-09-25,2035.5999755859375,2035.5999755859375,2074.0,2032.4000244140625,2069.199951171875,952122
2025-09-26,2003.199951171875,2003.199951171875,2047.5,1996.0999755859375,2040.0,754739
2025-09-29,2024.699951171875,2024.699951171875,2031.0,1994.9000244140625,2007.9000244140625,2005041
2025-09-30,2006.4000244140625,2006.4000244140625,2036.4000244140625,2001.0,2025.0,924425
2025-10-01,2007.0,2007.0,2014.0,1979.5,2008.9000244140625,683568
2025-10-03,2000.9000244140625,2000.9000244140625,2017.0,1968.0,2016.5,789048
2025-10-06,2033.199951171875,2033.199951171875,2042.199951171875,1995.0999755859375,1996.0999755859375,821515
2025-10-07,2032.5999755859375,2032.5999755859375,2056.39990234375,2029.0,2038.699951171875,641471
2025-10-08,2013.5999755859375,2013.5999755859375,2038.199951171875,2005.0,2031.5,369526
2025-10-09,2014.5999755859375,2014.5999755859375,2025.9000244140625,2005.0,2013.5999755859375,437357
2025-10-10,2004.300048828125,2004.300048828125,2026.0,2001.199951171875,2014.5999755859375,772401
2025-10-13,2020.4000244140625,2020.4000244140625,2025.0,1996.5999755859375,2004.0999755859375,1013809
2025-10-14,2019.4000244140625,2019.4000244140625,2036.800048828125,2006.5999755859375,2024.9000244140625,668246
2025-10-15,2084.10009765625,2084.10009765625,2088.800048828125,2020.0999755859375,2024.5,1497249
2025-10-16,2090.199951171875,2090.199951171875,2100.0,2078.0,2078.5,1424932
2025-10-17,2083.699951171875,2083.699951171875,2104.0,2077.0,2090.0,609393
2025-10-20,2139.800048828125,2139.800048828125,2149.5,2088.0,2088.0,1844869
2025-10-21,2169.10009765625,2169.10009765625,2184.0,2134.0,2150.0,367784
2025-10-23,2176.60009765625,2176.60009765625,2195.0,2159.10009765625,2170.0,1291839
2025-10-24,2159.5,2159.5,2184.0,2144.60009765625,2176.60009765625,517200
2025-10-27,2170.199951171875,2170.199951171875,2178.5,2149.89990234375,2159.5,433573
2025-10-28,2140.199951171875,2140.199951171875,2188.699951171875,2123.10009765625,2172.0,1200996
2025-10-29,2137.0,2137.0,2150.0,2124.199951171875,2150.0,343434
2025-10-30,2114.60009765625,2114.60009765625,2146.0,2101.300048828125,2140.0,488305
2025-10-31,2088.300048828125,2088.300048828125,2128.89990234375,2085.39990234375,2115.0,586237
2025-11-03,2081.60009765625,2081.60009765625,2100.0,2070.0,2086.0,546962
2025-11-04,2073.199951171875,2073.199951171875,2098.800048828125,2061.5,2087.0,610128
2025-11-06,2063.199951171875,2063.199951171875,2080.39990234375,2057.199951171875,2079.0,1175380
2025-11-07,2102.10009765625,2102.10009765625,2112.0,2042.800048828125,2060.0,839091
2025-11-10,2118.300048828125,2118.300048828125,2126.800048828125,2096.300048828125,2114.699951171875,985115
2025-11-11,1989.4000244140625,1989.4000244140625,2099.0,1952.4000244140625,2085.0,4943745
2025-11-12,2035.5,2035.5,2039.0,1995.0,2009.5,2396251
2025-11-13,2056.199951171875,2056.199951171875,2072.39990234375,2032.300048828125,2045.0,1839900
2025-11-14,2065.800048828125,2065.800048828125,2072.0,2044.199951171875,2050.0,1433249
2025-11-17,2079.60009765625,2079.60009765625,2081.10009765625,2055.0,2065.800048828125,817576
2025-11-18,2050.199951171875,2050.199951171875,2075.5,2047.0,2073.0,734236
2025-11-19,2050.199951171875,2050.199951171875,2059.39990234375,2035.0,2059.39990234375,704802
2025-11-20,2095.60009765625,2095.60009765625,2105.0,2042.9000244140625,2064.699951171875,1576354
2025-11-21,2052.39990234375,2052.39990234375,2100.0,2045.0999755859375,2100.0,1019782
2025-11-24,2030.800048828125,2030.800048828125,2064.0,2025.800048828125,2064.0,1422874
2025-11-25,2030.199951171875,2030.199951171875,2051.5,2026.4000244140625,2039.0,688300
2025-11-26,2085.10009765625,2085.10009765625,2088.5,2030.9000244140625,2035.0,928388
2025-11-27,2103.199951171875,2103.199951171875,2118.0,2075.60009765625,2085.10009765625,1125896
2025-11-28,2094.0,2094.0,2113.0,2086.5,2110.0,590610
2025-12-01,2081.800048828125,2081.800048828125,2105.89990234375,2075.0,2102.5,533604
2025-12-02,2065.89990234375,2065.89990234375,2081.5,2059.5,2070.10009765625,682583
2025-12-03,2046.0,2046.0,2072.39990234375,2035.0,2065.89990234375,785536
2025-12-04,2049.199951171875,2049.199951171875,2061.89990234375,2034.0,2046.0,758590
2025-12-05,2096.5,2096.5,2110.0,2045.800048828125,2050.0,1742156
2025-12-08,2059.199951171875,2059.199951171875,2104.89990234375,2038.5,2100.0,904146
2025-12-09,2069.5,2069.5,2081.800048828125,2039.0,2050.0,1176704
2025-12-10,2065.800048828125,2065.800048828125,2098.199951171875,2060.0,2070.0,937777
2025-12-11,2065.800048828125,2065.800048828125,2082.699951171875,2050.0,2080.0,624077
2025-12-12,2083.10009765625,2083.10009765625,2093.0,2069.199951171875,2075.800048828125,554885
2025-12-15,2070.5,2070.5,2080.800048828125,2061.0,2079.89990234375,483403
2025-12-16,2035.199951171875,2035.199951171875,2067.800048828125,2029.0,2066.10009765625,506106
2025-12-17,2021.199951171875,2021.199951171875,2044.0,2011.5999755859375,2035.199951171875,398342
2025-12-18,2026.300048828125,2026.300048828125,2038.0,2012.5999755859375,2020.0,438810
2025-12-19,2043.800048828125,2043.800048828125,2055.0,2017.9000244140625,2019.0,1104767
2025-12-22,2049.800048828125,2049.800048828125,2053.89990234375,2037.199951171875,2044.0999755859375,1038998
2025-12-23,2047.5999755859375,2047.5999755859375,2057.5,2042.0,2049.0,677615
2025-12-24,2035.699951171875,2035.699951171875,2064.5,2024.300048828125,2048.5,1344198
2025-12-26,2017.5999755859375,2017.5999755859375,2035.699951171875,2005.4000244140625,2035.699951171875,1755050
2025-12-29,2012.0999755859375,2012.0999755859375,2026.4000244140625,1997.199951171875,2020.0,1415166
2025-12-30,2026.4000244140625,2026.4000244140625,2047.800048828125,1980.4000244140625,2012.0,5450560
2025-12-31,2039.9000244140625,2039.9000244140625,2046.300048828125,2010.4000244140625,2030.199951171875,1377422
2026-01-01,2037.0,2037.0,2048.800048828125,2027.800048828125,2045.0,270917
2026-01-02,2038.4000244140625,2038.4000244140625,2050.0,2026.5999755859375,2030.0999755859375,893818
2026-01-05,2039.199951171875,2039.199951171875,2045.9000244140625,2030.0,2040.0,656058
2026-01-06,2044.5999755859375,2044.5999755859375,2082.0,2040.800048828125,2044.9000244140625,1236924
2026-01-07,2031.9000244140625,2031.9000244140625,2042.0,2021.0,2040.0,653557
2026-01-08,2008.9000244140625,2008.9000244140625,2029.0999755859375,1989.199951171875,2021.0,756940
2026-01-09,1992.4000244140625,1992.4000244140625,2014.199951171875,1981.199951171875,2008.9000244140625,1143760
2026-01-12,1998.9000244140625,1998.9000244140625,2006.4000244140625,1972.5999755859375,1992.0,996702
2026-01-13,2011.199951171875,2011.199951171875,2016.0,1991.0,1998.9000244140625,1216677
2026-01-14,2000.9000244140625,2000.9000244140625,2015.800048828125,1993.5999755859375,2003.5,1062849
2026-01-15,2000.9000244140625,2000.9000244140625,2000.9000244140625,2000.9000244140625,2000.9000244140625,0
2026-01-16,2002.5,2002.5,2033.0,2000.5999755859375,2012.800048828125,1177279
2026-01-19,2017.800048828125,2017.800048828125,2025.9000244140625,1992.0,1995.0,587791
2026-01-20,1958.699951171875,1958.699951171875,2018.300048828125,1950.199951171875,2017.0,1572563
2026-01-21,1959.9000244140625,1959.9000244140625,1973.5999755859375,1936.5999755859375,1964.9000244140625,894555
2026-01-22,1993.0999755859375,1993.0999755859375,1996.9000244140625,1965.0,1969.800048828125,1067186
2026-01-23,1949.0,1949.0,1994.9000244140625,1943.0999755859375,1993.0999755859375,1046873
2026-01-27,1917.699951171875,1917.699951171875,1971.5,1903.4000244140625,1950.199951171875,4700126
2026-01-28,1940.300048828125,1940.300048828125,1944.0999755859375,1920.0999755859375,1924.0,1605973
2026-01-29,1948.0999755859375,1948.0999755859375,1956.800048828125,1921.0999755859375,1927.0,884350
2026-01-30,1952.5999755859375,1952.5999755859375,1956.5999755859375,1927.0,1928.5,1342205
2026-02-02,1930.0999755859375,1930.0999755859375,1937.0999755859375,1876.5999755859375,1908.0,1183196
2026-02-03,2012.699951171875,2012.699951171875,2045.5,1986.300048828125,2019.699951171875,1358926
2026-02-04,2019.5999755859375,2019.5999755859375,2032.699951171875,1985.0999755859375,1993.0,1078917
2026-02-05,2000.0999755859375,2000.0999755859375,2021.800048828125,1992.4000244140625,2008.0999755859375,857399
2026-02-06,2024.199951171875,2024.199951171875,2027.4000244140625,1983.0,2000.0999755859375,1257237
2026-02-09,2024.5999755859375,2024.5999755859375,2032.0,2018.800048828125,2026.9000244140625,431032
2026-02-10,2027.9000244140625,2027.9000244140625,2033.9000244140625,2019.9000244140625,2027.0,717899
2026-02-11,2027.0,2027.0,2050.0,2022.0,2032.0,538669
2026-02-12,2037.0999755859375,2037.0999755859375,2041.9000244140625,2012.0999755859375,2025.0,637754
2026-02-13,2023.199951171875,2023.199951171875,2035.0,2012.699951171875,2035.0,756233
2026-02-16,2050.89990234375,2050.89990234375,2055.0,2022.199951171875,2023.199951171875,812257
2026-02-17,2044.4000244140625,2044.4000244140625,2052.60009765625,2035.0,2045.0,252282
2026-02-18,2060.60009765625,2060.60009765625,2065.89990234375,2040.0,2040.0,611189
2026-02-19,2033.199951171875,2033.199951171875,2068.0,2025.0,2068.0,659450
2026-02-20,2058.5,2058.5,2063.89990234375,2021.0999755859375,2033.199951171875,459679
2026-02-23,2051.60009765625,2051.60009765625,2069.0,2039.800048828125,2050.0,1070139
2026-02-24,2043.300048828125,2043.300048828125,2050.0,2032.0999755859375,2040.0,1054129
2026-02-25,2049.300048828125,2049.300048828125,2074.89990234375,2043.0,2050.0,508162
2026-02-26,2041.300048828125,2041.300048828125,2063.800048828125,2028.0,2057.0,493126
2026-02-27,1993.4000244140625,1993.4000244140625,2039.5999755859375,1986.5999755859375,2022.699951171875,1323479
2026-03-02,1941.9000244140625,1941.9000244140625,1990.0,1927.0,1950.0,1595247
2026-03-04,1889.300048828125,1889.300048828125,1909.4000244140625,1860.199951171875,1909.4000244140625,2209959
2026-03-05,1911.800048828125,1911.800048828125,1917.9000244140625,1878.9000244140625,1897.800048828125,1515601
2026-03-06,1868.9000244140625,1868.9000244140625,1908.9000244140625,1865.0,1908.9000244140625,2267317
2026-03-09,1841.5,1841.5,1844.5999755859375,1802.0,1839.0999755859375,1009617
2026-03-10,1867.800048828125,1867.800048828125,1873.800048828125,1840.4000244140625,1845.0999755859375,885047
2026-03-11,1795.300048828125,1795.300048828125,1874.800048828125,1791.0,1861.0,1298364
2026-03-12,1770.800048828125,1770.800048828125,1794.4000244140625,1763.0999755859375,1786.9000244140625,1095963
2026-03-13,1738.0,1738.0,1779.199951171875,1726.0999755859375,1760.0999755859375,1390698
2026-03-16,1773.9000244140625,1773.9000244140625,1784.0,1729.0,1738.0,2085547
2026-03-17,1774.699951171875,1774.699951171875,1782.5999755859375,1757.0,1775.5999755859375,1259526
2026-03-18,1791.800048828125,1791.800048828125,1803.0,1770.0,1773.800048828125,1467841
2026-03-19,1714.9000244140625,1714.9000244140625,1778.0,1702.0999755859375,1776.0,1354973
2026-03-20,1710.300048828125,1710.300048828125,1734.0,1702.800048828125,1724.0,2626283
2026-03-23,1675.5,1675.5,1700.0,1662.699951171875,1699.800048828125,2207925
2026-03-24,1704.4000244140625,1704.4000244140625,1714.0,1671.4000244140625,1710.0,1775627
2026-03-25,1746.199951171875,1746.199951171875,1765.0,1717.5999755859375,1720.800048828125,1865278
2026-03-27,1694.699951171875,1694.699951171875,1738.5999755859375,1680.0999755859375,1738.5999755859375,2522237
2026-03-30,1631.800048828125,1631.800048828125,1686.0999755859375,1627.0,1675.0,3272392
2026-04-01,1647.0,1647.0,1683.0999755859375,1642.0,1679.0,1796540
2026-04-02,1640.699951171875,1640.699951171875,1646.5,1597.0,1635.0,2284337
2026-04-06,1672.300048828125,1672.300048828125,1678.9000244140625,1623.5999755859375,1635.0,1215027
2026-04-07,1684.4000244140625,1684.4000244140625,1692.199951171875,1625.0,1660.0999755859375,2860538
2026-04-08,1784.5999755859375,1784.5999755859375,1809.0,1751.5,1751.5,2059323
2026-04-09,1767.699951171875,1767.699951171875,1792.5,1757.0,1784.5999755859375,1510841
2026-04-10,1809.199951171875,1809.199951171875,1814.9000244140625,1776.0999755859375,1777.800048828125,983497
2026-04-13,1788.300048828125,1788.300048828125,1792.0999755859375,1748.300048828125,1774.5,1243242
2026-04-15,1825.800048828125,1825.800048828125,1839.199951171875,1814.199951171875,1815.0,1066065
2026-04-16,1829.9000244140625,1829.9000244140625,1854.9000244140625,1823.0,1835.800048828125,1035217
2026-04-17,1838.9000244140625,1838.9000244140625,1845.5,1811.699951171875,1828.800048828125,487836
2026-04-20,1830.5999755859375,1830.5999755859375,1850.5999755859375,1820.4000244140625,1839.9000244140625,903716
2026-04-21,1851.4000244140625,1851.4000244140625,1855.0,1825.0,1827.300048828125,952364
2026-04-22,1842.9000244140625,1842.9000244140625,1860.0,1835.0,1847.0,739941
2026-04-23,1792.5999755859375,1792.5999755859375,1830.0,1786.0,1821.5,910293
2026-04-24,1770.699951171875,1770.699951171875,1799.9000244140625,1757.300048828125,1792.699951171875,920624
2026-04-27,1772.199951171875,1772.199951171875,1798.0,1765.0,1781.0,1267827
2026-04-28,1779.0,1779.0,1790.800048828125,1757.699951171875,1772.0999755859375,1414112
2026-04-29,1764.199951171875,1764.199951171875,1793.9000244140625,1760.800048828125,1778.0,699788
2026-04-30,1747.199951171875,1747.199951171875,1794.5,1718.699951171875,1777.199951171875,2574629
2026-05-01,1747.199951171875,1747.199951171875,1747.199951171875,1747.199951171875,1747.199951171875,0
2026-05-04,1770.4000244140625,1770.4000244140625,1787.0,1747.0999755859375,1749.199951171875,1720030
2026-05-05,1794.5999755859375,1794.5999755859375,1799.0,1742.0999755859375,1760.0,1270233
2026-05-06,1836.0999755859375,1836.0999755859375,1838.800048828125,1798.0999755859375,1810.0,1059177
2026-05-07,1824.5,1824.5,1849.5999755859375,1816.5999755859375,1849.5999755859375,945912
2026-05-08,1818.300048828125,1818.300048828125,1827.199951171875,1802.5,1824.5,719570
2026-05-11,1794.199951171875,1794.199951171875,1814.0,1786.0,1804.199951171875,541986
2026-05-12,1744.800048828125,1744.800048828125,1791.0,1741.5,1783.800048828125,1041932
2026-05-13,1728.9000244140625,1728.9000244140625,1758.0,1726.0,1748.9000244140625,666278
2026-05-14,1740.199951171875,1740.199951171875,1743.0,1713.300048828125,1735.0999755859375,2086133
2026-05-15,1728.0999755859375,1728.0999755859375,1755.800048828125,1721.9000244140625,1735.0999755859375,2347840
2026-05-18,1753.0999755859375,1753.0999755859375,1759.0,1693.800048828125,1715.0,1199186
2026-05-19,1749.800048828125,1749.800048828125,1765.0,1743.0,1745.199951171875,640335
2026-05-20,1772.0,1772.0,1780.0,1726.0,1732.5,779574
2026-05-21,1752.199951171875,1752.199951171875,1784.4000244140625,1746.0,1781.0,479195
2026-05-22,1766.0,1766.0,1779.0,1757.0,1760.0,392442
2026-05-25,1807.4000244140625,1807.4000244140625,1811.800048828125,1783.0,1785.0,456676
2026-05-26,1800.699951171875,1800.699951171875,1812.800048828125,1796.199951171875,1807.4000244140625,811184
2026-05-27,1809.0999755859375,1809.0999755859375,1815.5,1794.5,1806.0,339636
2026-05-28,1809.0999755859375,1809.0999755859375,1809.0999755859375,1809.0999755859375,1809.0999755859375,0
2026-05-29,1783.5999755859375,1783.5999755859375,1817.5999755859375,1776.9000244140625,1801.0,1445842
2026-06-01,1758.9000244140625,1758.9000244140625,1805.699951171875,1756.0,1794.9000244140625,399937
2026-06-02,1741.4000244140625,1741.4000244140625,1755.0,1714.0999755859375,1748.0999755859375,1004282
2026-06-03,1734.4000244140625,1734.4000244140625,1741.9000244140625,1708.0999755859375,1739.0,561611
2026-06-04,1709.800048828125,1709.800048828125,1734.199951171875,1705.5,1733.0,767631
2026-06-05,1703.199951171875,1703.199951171875,1740.5,1698.0,1720.0,1414054
2026-06-08,1674.5999755859375,1674.5999755859375,1696.0,1662.0,1684.0,757180
2026-06-09,1693.0999755859375,1693.0999755859375,1696.800048828125,1673.0999755859375,1682.699951171875,567616
2026-06-10,1664.199951171875,1664.199951171875,1699.9000244140625,1660.4000244140625,1689.199951171875,525263
2026-06-11,1645.0999755859375,1645.0999755859375,1658.5999755859375,1640.5,1656.0999755859375,589370
