Date,Adj Close,Close,High,Low,Open,Volume
,BAJAJ-AUTO.NS,BAJAJ-AUTO.NS,BAJAJ-AUTO.NS,BAJAJ-AUTO.NS,BAJAJ-AUTO.NS,BAJAJ-AUTO.NS
2021-01-01,3002.03857421875,3481.25,3494.0,3446.0,3446.0,421643
2021-01-04,3037.56689453125,3522.449951171875,3528.0,3465.0,3490.0,647829
2021-01-05,3011.869384765625,3492.64990234375,3505.0,3475.0,3500.25,561562
2021-01-06,2986.042236328125,3462.699951171875,3527.0,3435.89990234375,3492.64990234375,591620
2021-01-07,2964.698974609375,3437.949951171875,3507.35009765625,3428.25,3500.0,531361
2021-01-08,3043.344970703125,3529.14990234375,3544.60009765625,3438.050048828125,3469.0,675643
2021-01-11,3119.40380859375,3617.35009765625,3634.550048828125,3521.0,3531.0,788461
2021-01-12,3125.353759765625,3624.25,3642.800048828125,3558.10009765625,3611.949951171875,863270
2021-01-13,3105.218017578125,3600.89990234375,3633.0,3577.0,3624.25,515154
2021-01-14,3083.7890625,3576.050048828125,3658.64990234375,3545.0,3600.0,743848
2021-01-15,3087.453857421875,3580.300048828125,3623.0,3541.0,3588.0,684649
2021-01-18,3073.18212890625,3563.75,3618.050048828125,3505.0,3552.0,602004
2021-01-19,3139.798095703125,3641.0,3664.0,3561.10009765625,3565.75,586410
2021-01-20,3142.342041015625,3643.949951171875,3692.800048828125,3629.35009765625,3640.0,549040
2021-01-21,3193.5224609375,3703.300048828125,3807.0,3655.199951171875,3672.0,1533886
2021-01-22,3526.56005859375,4089.5,4130.0,3740.050048828125,3749.949951171875,8537143
2021-01-25,3595.0732421875,4168.9501953125,4210.0,4060.0,4150.0,2368224
2021-01-27,3575.584228515625,4146.35009765625,4236.64990234375,4108.10009765625,4133.39990234375,2062088
2021-01-28,3566.486572265625,4135.7998046875,4190.0,4076.60009765625,4080.0,1262871
2021-01-29,3454.3818359375,4005.800048828125,4205.35009765625,3990.0,4168.0,1406268
2021-02-01,3548.29150390625,4114.7001953125,4141.0,3975.050048828125,4064.0,745011
2021-02-02,3623.099365234375,4201.4501953125,4271.14990234375,4117.25,4155.7998046875,1167922
2021-02-03,3653.1953125,4236.35009765625,4259.14990234375,4160.10009765625,4205.0,681937
2021-02-04,3642.1142578125,4223.5,4361.39990234375,4200.0,4236.35009765625,1163598
2021-02-05,3648.79736328125,4231.25,4272.7998046875,4161.0,4260.0,729191
2021-02-08,3654.143798828125,4237.4501953125,4258.5,4195.0,4231.4501953125,616236
2021-02-09,3582.95703125,4154.89990234375,4238.0,4145.0,4228.39990234375,721336
2021-02-10,3580.068359375,4151.5498046875,4215.0,4100.10009765625,4160.0,989105
2021-02-11,3606.24072265625,4181.89990234375,4202.39990234375,4126.4501953125,4155.0,546983
2021-02-12,3566.701904296875,4136.0498046875,4195.7998046875,4117.0,4179.0,360063
2021-02-15,3554.844482421875,4122.2998046875,4194.64990234375,4111.64990234375,4152.2001953125,287922
2021-02-16,3563.942626953125,4132.85009765625,4177.60009765625,4124.0,4130.0,318280
2021-02-17,3592.27099609375,4165.7001953125,4205.0,4111.0,4117.0,554383
2021-02-18,3548.937744140625,4115.4501953125,4200.0,4102.10009765625,4200.0,440460
2021-02-19,3450.328857421875,4001.10009765625,4106.7001953125,3977.199951171875,4106.0,762200
2021-02-22,3424.846435546875,3971.550048828125,4040.0,3926.85009765625,4010.0,762310
2021-02-23,3373.708984375,3912.25,3998.699951171875,3890.199951171875,3952.0,802871
2021-02-24,3390.611328125,3931.85009765625,3950.0,3855.35009765625,3927.0,399843
2021-02-25,3401.778564453125,3944.800048828125,3980.0,3910.050048828125,3936.0,632973
2021-02-26,3275.789794921875,3798.699951171875,3943.10009765625,3773.050048828125,3910.5,732210
2021-03-01,3289.02685546875,3814.050048828125,3858.800048828125,3751.0,3798.699951171875,724589
2021-03-02,3401.131591796875,3944.050048828125,3962.14990234375,3781.5,3822.0,735847
2021-03-03,3364.093994140625,3901.10009765625,3985.0,3863.60009765625,3985.0,615104
2021-03-04,3345.0791015625,3879.050048828125,3927.60009765625,3841.0,3875.0,611769
2021-03-05,3322.486083984375,3852.85009765625,3913.25,3821.75,3852.10009765625,719936
2021-03-08,3275.833251953125,3798.75,3848.0,3770.0,3848.0,818275
2021-03-09,3275.833251953125,3798.75,3829.699951171875,3776.0,3802.199951171875,526071
2021-03-10,3335.16259765625,3867.550048828125,3879.0,3802.0,3820.0,545219
2021-03-12,3230.689453125,3746.39990234375,3878.0,3734.800048828125,3878.0,1119478
2021-03-15,3160.1923828125,3664.64990234375,3775.0,3621.050048828125,3775.0,1024257
2021-03-16,3151.396728515625,3654.449951171875,3690.0,3635.0,3673.14990234375,858553
2021-03-17,3078.2265625,3569.60009765625,3678.0,3555.800048828125,3650.0,773240
2021-03-18,3160.06298828125,3664.5,3692.949951171875,3565.0,3598.0,1285600
2021-03-19,3147.602294921875,3650.050048828125,3673.0,3570.199951171875,3653.949951171875,1132705
2021-03-22,3160.27880859375,3664.75,3685.0,3634.300048828125,3650.199951171875,502724
2021-03-23,3172.0068359375,3678.35009765625,3709.949951171875,3641.25,3665.550048828125,581531
2021-03-24,3107.503173828125,3603.550048828125,3698.0,3590.949951171875,3661.0,507559
2021-03-25,3019.587646484375,3501.60009765625,3615.0,3497.0,3615.0,808505
2021-03-26,3104.485107421875,3600.050048828125,3619.25,3517.10009765625,3517.10009765625,691000
2021-03-30,3161.96044921875,3666.699951171875,3674.75,3581.35009765625,3604.25,749230
2021-03-31,3165.32373046875,3670.60009765625,3683.60009765625,3612.050048828125,3650.0,694645
2021-04-01,3227.80078125,3743.050048828125,3764.300048828125,3690.199951171875,3704.0,861229
2021-04-05,3103.1484375,3598.5,3740.0,3576.050048828125,3700.050048828125,723573
2021-04-06,3117.808349609375,3615.5,3640.0,3602.25,3639.949951171875,501882
2021-04-07,3173.602294921875,3680.199951171875,3693.449951171875,3596.25,3605.0,346982
2021-04-08,3147.38671875,3649.800048828125,3698.949951171875,3645.0,3698.949951171875,414020
2021-04-09,3148.680419921875,3651.300048828125,3694.0,3625.0,3640.0,484807
2021-04-12,3053.563720703125,3541.0,3599.0,3480.050048828125,3579.5,724230
2021-04-13,3106.5546875,3602.449951171875,3623.699951171875,3515.199951171875,3569.0,412122
2021-04-15,3102.286376953125,3597.5,3655.550048828125,3526.10009765625,3602.449951171875,614450
2021-04-16,3134.322021484375,3634.64990234375,3657.5,3569.949951171875,3580.0,526787
2021-04-19,3031.616943359375,3515.550048828125,3562.0,3447.0,3525.199951171875,601819
2021-04-20,3105.218017578125,3600.89990234375,3624.300048828125,3555.10009765625,3585.35009765625,676558
2021-04-22,3174.63671875,3681.39990234375,3694.0,3573.0,3594.800048828125,1005711
2021-04-23,3166.9619140625,3672.5,3709.60009765625,3640.0,3680.0,631762
2021-04-26,3224.1787109375,3738.85009765625,3749.0,3676.0,3682.199951171875,480016
2021-04-27,3264.406982421875,3785.5,3798.0,3727.199951171875,3738.85009765625,518487
2021-04-28,3354.30615234375,3889.75,3954.0,3807.0,3810.050048828125,1252958
2021-04-29,3308.343505859375,3836.449951171875,3954.300048828125,3807.10009765625,3943.0,1335444
2021-04-30,3306.015380859375,3833.75,3966.35009765625,3800.0,3805.0,1340273
2021-05-03,3321.623779296875,3851.85009765625,3906.800048828125,3785.0,3815.0,796444
2021-05-04,3303.083251953125,3830.35009765625,3888.0,3815.050048828125,3877.0,408324
2021-05-05,3314.681640625,3843.800048828125,3852.60009765625,3784.10009765625,3842.199951171875,371452
2021-05-06,3398.674072265625,3941.199951171875,3970.0,3852.0,3852.0,938078
2021-05-07,3334.47265625,3866.75,3967.800048828125,3853.949951171875,3954.5,486456
2021-05-10,3336.11083984375,3868.64990234375,3903.85009765625,3844.5,3900.0,306598
2021-05-11,3345.294677734375,3879.300048828125,3894.699951171875,3811.25,3860.0,453808
2021-05-12,3341.802734375,3875.25,3900.0,3847.199951171875,3866.0,499840
2021-05-14,3318.993408203125,3848.800048828125,3894.14990234375,3814.0,3880.300048828125,481619
2021-05-17,3332.446044921875,3864.39990234375,3924.39990234375,3833.199951171875,3845.0,427552
2021-05-18,3507.329345703125,4067.199951171875,4078.0,3867.39990234375,3898.699951171875,1371585
2021-05-19,3532.1220703125,4095.949951171875,4112.0,4047.800048828125,4075.0,788882
2021-05-20,3510.77880859375,4071.199951171875,4129.0,4062.10009765625,4095.949951171875,465579
2021-05-21,3557.6474609375,4125.5498046875,4132.0,4055.10009765625,4082.199951171875,378016
2021-05-24,3572.091552734375,4142.2998046875,4184.85009765625,4107.39990234375,4125.0,500267
2021-05-25,3578.818115234375,4150.10009765625,4187.0,4141.0,4165.5498046875,297915
2021-05-26,3592.7880859375,4166.2998046875,4180.0,4142.0,4150.10009765625,261524
2021-05-27,3661.60302734375,4246.10009765625,4274.0,4152.75,4170.0,878610
2021-05-28,3621.417724609375,4199.5,4256.0,4187.64990234375,4240.2001953125,285520
2021-05-31,3615.64013671875,4192.7998046875,4228.7001953125,4167.0,4190.0,321021
2021-06-01,3655.4375,4238.9501953125,4347.0,4204.89990234375,4204.89990234375,1248169
2021-06-02,3703.814453125,4295.0498046875,4305.89990234375,4200.0,4227.89990234375,351583
2021-06-03,3685.102294921875,4273.35009765625,4300.0,4242.0,4294.2998046875,323999
2021-06-04,3665.009033203125,4250.0498046875,4295.4501953125,4240.0,4264.39990234375,374317
2021-06-07,3664.75048828125,4249.75,4284.89990234375,4240.0,4258.5498046875,159646
2021-06-08,3682.126708984375,4269.89990234375,4275.0,4234.0,4250.0,150816
2021-06-09,3642.976806640625,4224.5,4272.5,4201.0,4268.0,262617
2021-06-10,3604.51611328125,4179.89990234375,4233.5,4166.0,4229.0,332571
2021-06-11,3598.134521484375,4172.5,4216.85009765625,4162.0,4185.0,188155
2021-06-14,3575.71337890625,4146.5,4195.5,4127.14990234375,4173.0,200657
2021-06-15,3568.47021484375,4138.10009765625,4171.7998046875,4131.10009765625,4155.0,138010
2021-06-16,3544.626220703125,4110.4501953125,4158.0498046875,4102.0,4138.10009765625,216236
2021-06-17,3495.860107421875,4053.89990234375,4120.0,4042.050048828125,4120.0,357704
2021-06-18,3593.47802734375,4167.10009765625,4193.35009765625,4030.0,4055.0,701993
2021-06-21,3606.88720703125,4182.64990234375,4196.0,4106.4501953125,4153.0,374649
2021-06-22,3640.4755859375,4221.60009765625,4230.60009765625,4155.2998046875,4183.2998046875,591793
2021-06-23,3620.6416015625,4198.60009765625,4259.64990234375,4191.25,4230.0,418053
2021-06-24,3645.046142578125,4226.89990234375,4236.2001953125,4156.75,4190.0,314542
2021-06-25,3618.529052734375,4196.14990234375,4249.0,4178.0,4220.0,175051
2021-06-28,3607.577392578125,4183.4501953125,4205.25,4166.0,4196.14990234375,158954
2021-06-29,3556.870849609375,4124.64990234375,4188.85009765625,4117.0,4185.0,332405
2021-06-30,3564.804931640625,4133.85009765625,4164.0,4119.7998046875,4130.0,331122
2021-07-01,3625.772705078125,4204.5498046875,4250.0,4141.0,4141.0,755502
2021-07-02,3600.592041015625,4175.35009765625,4229.5,4171.0,4229.5,375525
2021-07-05,3623.142333984375,4201.5,4249.89990234375,4186.85009765625,4191.60009765625,375703
2021-07-06,3617.882080078125,4195.39990234375,4249.0,4172.0,4203.5,515181
2021-07-07,3611.71630859375,4188.25,4224.0,4170.0,4200.0,392794
2021-07-08,3637.6337890625,4077.300048828125,4118.39990234375,4030.550048828125,4068.699951171875,625491
2021-07-09,3565.01123046875,3995.89990234375,4079.949951171875,3990.0,4077.0,656635
2021-07-12,3529.5478515625,3956.14990234375,4030.0,3946.89990234375,4018.0,512870
2021-07-13,3538.425048828125,3966.10009765625,4019.699951171875,3954.550048828125,3985.0,614101
2021-07-14,3527.495849609375,3953.85009765625,4003.10009765625,3940.0,3969.0,527932
2021-07-15,3515.139404296875,3940.0,3969.949951171875,3930.300048828125,3954.0,310788
2021-07-16,3507.957275390625,3931.949951171875,3960.60009765625,3925.0,3958.0,323569
2021-07-19,3464.152099609375,3882.85009765625,3939.0,3875.0,3922.0,408067
2021-07-20,3484.270263671875,3905.39990234375,3932.449951171875,3881.89990234375,3887.89990234375,467908
2021-07-22,3437.698974609375,3853.199951171875,4013.64990234375,3781.60009765625,3920.0,1707977
2021-07-23,3427.61767578125,3841.89990234375,3925.0,3825.050048828125,3873.0,709478
2021-07-26,3422.66650390625,3836.35009765625,3871.300048828125,3830.0,3852.0,408134
2021-07-27,3409.327880859375,3821.39990234375,3859.0,3812.0,3850.0,391373
2021-07-28,3406.740966796875,3818.5,3841.449951171875,3781.0,3834.0,235770
2021-07-29,3357.89501953125,3763.75,3827.800048828125,3750.0,3827.800048828125,355185
2021-07-30,3416.64404296875,3829.60009765625,3858.0,3753.14990234375,3776.0,511767
2021-08-02,3427.305419921875,3841.550048828125,3880.0,3813.199951171875,3874.0,351187
2021-08-03,3415.39501953125,3828.199951171875,3838.0,3805.64990234375,3830.0,408981
2021-08-04,3418.78515625,3832.0,3864.85009765625,3816.0,3835.0,363955
2021-08-05,3406.964111328125,3818.75,3858.0,3813.60009765625,3842.0,333818
2021-08-06,3432.926025390625,3847.85009765625,3872.35009765625,3797.25,3833.0,504011
2021-08-09,3439.4384765625,3855.14990234375,3898.89990234375,3837.050048828125,3858.14990234375,396098
2021-08-10,3388.40673828125,3797.949951171875,3861.75,3785.10009765625,3857.0,253258
2021-08-11,3325.241455078125,3727.14990234375,3806.25,3695.199951171875,3800.0,497724
2021-08-12,3362.890625,3769.35009765625,3777.0,3736.0,3746.800048828125,316454
2021-08-13,3413.208740234375,3825.75,3860.0,3760.0,3780.0,581862
2021-08-16,3344.24462890625,3748.449951171875,3829.0,3744.0,3826.0,294567
2021-08-17,3396.882568359375,3807.449951171875,3819.5,3741.550048828125,3749.0,319770
2021-08-18,3419.72216796875,3833.050048828125,3856.050048828125,3775.0,3810.0,493285
2021-08-20,3346.9658203125,3751.5,3825.0,3725.800048828125,3780.0,301943
2021-08-23,3272.69287109375,3668.25,3787.89990234375,3647.14990234375,3787.89990234375,455643
2021-08-24,3314.1787109375,3714.75,3722.0,3653.699951171875,3690.0,276602
2021-08-25,3291.78515625,3689.64990234375,3759.949951171875,3680.0,3731.449951171875,398715
2021-08-26,3293.3466796875,3691.39990234375,3719.64990234375,3670.0,3689.64990234375,283891
2021-08-27,3300.5283203125,3699.449951171875,3749.89990234375,3679.0,3707.39990234375,274822
2021-08-30,3319.21923828125,3720.39990234375,3756.60009765625,3705.0,3717.89990234375,561903
2021-08-31,3325.8662109375,3727.85009765625,3739.0,3705.60009765625,3732.949951171875,693952
2021-09-01,3353.03271484375,3758.300048828125,3810.0,3730.10009765625,3754.0,585605
2021-09-02,3319.7099609375,3720.949951171875,3789.0,3717.0,3789.0,474397
2021-09-03,3352.31884765625,3757.5,3809.5,3725.0,3726.0,740269
2021-09-06,3373.373779296875,3781.10009765625,3829.0,3770.0,3784.449951171875,779715
2021-09-07,3364.094970703125,3770.699951171875,3800.64990234375,3762.14990234375,3796.800048828125,450262
2021-09-08,3323.635498046875,3725.35009765625,3769.75,3718.0,3769.75,396710
2021-09-09,3301.554443359375,3700.60009765625,3728.949951171875,3695.0,3724.89990234375,479537
2021-09-13,3300.61767578125,3699.550048828125,3720.0,3680.0,3699.0,342427
2021-09-14,3346.564453125,3751.050048828125,3767.0,3690.0,3717.39990234375,741880
2021-09-15,3371.589599609375,3779.10009765625,3801.60009765625,3758.050048828125,3762.60009765625,510406
2021-09-16,3402.27978515625,3813.5,3834.0,3780.050048828125,3798.0,558125
2021-09-17,3410.041748046875,3822.199951171875,3879.39990234375,3810.449951171875,3840.0,1304667
2021-09-20,3368.868408203125,3776.050048828125,3813.39990234375,3735.0,3813.39990234375,399648
2021-09-21,3326.713623046875,3728.800048828125,3793.85009765625,3696.0,3777.0,354217
2021-09-22,3352.00634765625,3757.14990234375,3770.0,3722.050048828125,3732.0,245919
2021-09-23,3389.522216796875,3799.199951171875,3820.0,3757.14990234375,3757.14990234375,228970
2021-09-24,3398.97900390625,3809.800048828125,3849.10009765625,3787.050048828125,3800.0,363519
2021-09-27,3491.407470703125,3913.39990234375,3924.800048828125,3822.800048828125,3831.0,962801
2021-09-28,3487.21435546875,3908.699951171875,3944.800048828125,3875.39990234375,3929.0,478682
2021-09-29,3478.783447265625,3899.25,3935.89990234375,3850.0,3900.0,379896
2021-09-30,3419.364990234375,3832.64990234375,3896.39990234375,3812.0,3892.25,576711
2021-10-01,3437.1640625,3852.60009765625,3880.75,3802.64990234375,3820.0,407091
2021-10-04,3413.3876953125,3825.949951171875,3884.60009765625,3821.25,3856.449951171875,237249
2021-10-05,3447.33447265625,3864.0,3873.89990234375,3820.0,3824.449951171875,287612
2021-10-06,3363.515380859375,3770.050048828125,3884.0,3760.0,3876.0,383507
2021-10-07,3415.70703125,3828.550048828125,3868.64990234375,3785.0,3815.0,343916
2021-10-08,3404.109130859375,3815.550048828125,3878.550048828125,3806.10009765625,3843.550048828125,215542
2021-10-11,3436.7177734375,3852.10009765625,3879.89990234375,3830.35009765625,3845.0,239321
2021-10-12,3549.710693359375,3978.75,3994.5,3858.0,3860.0,1353877
2021-10-13,3539.8076171875,3967.64990234375,4050.0,3956.60009765625,3994.949951171875,648769
2021-10-14,3538.246337890625,3965.89990234375,4009.050048828125,3954.199951171875,3970.0,272066
2021-10-18,3493.6826171875,3915.949951171875,3969.699951171875,3861.0,3861.0,463126
2021-10-19,3489.757080078125,3911.550048828125,3955.0,3892.25,3930.199951171875,275481
2021-10-20,3433.6396484375,3848.64990234375,3909.89990234375,3828.0,3903.75,321450
2021-10-21,3393.804443359375,3804.0,3875.14990234375,3769.5,3870.0,373336
2021-10-22,3449.564697265625,3866.5,3910.0,3813.050048828125,3839.449951171875,408499
2021-10-25,3357.89501953125,3763.75,3884.75,3735.0,3854.0,306195
2021-10-26,3382.875244140625,3791.75,3811.800048828125,3762.25,3779.85009765625,170050
2021-10-27,3369.27001953125,3776.5,3815.0,3760.0,3795.0,251226
2021-10-28,3301.643310546875,3700.699951171875,3860.0,3688.85009765625,3854.949951171875,706705
2021-10-29,3307.4873046875,3707.25,3754.85009765625,3665.0,3720.0,316325
2021-11-01,3324.349365234375,3726.14990234375,3750.0,3681.60009765625,3721.800048828125,228051
2021-11-02,3338.356201171875,3741.85009765625,3790.0,3727.050048828125,3735.0,250053
2021-11-03,3299.591552734375,3698.39990234375,3763.949951171875,3689.050048828125,3726.199951171875,261709
2021-11-04,3353.968994140625,3759.35009765625,3764.89990234375,3718.5,3718.5,65679
2021-11-08,3369.983642578125,3777.300048828125,3800.0,3743.60009765625,3791.0,261609
2021-11-09,3385.2841796875,3794.449951171875,3845.0,3772.0,3780.0,521920
2021-11-10,3364.987548828125,3771.699951171875,3801.60009765625,3744.0,3790.0,373526
2021-11-11,3345.582763671875,3749.949951171875,3781.85009765625,3726.0,3774.5,446382
2021-11-12,3243.072998046875,3635.050048828125,3782.0,3615.699951171875,3782.0,745428
2021-11-15,3212.828125,3601.14990234375,3673.89990234375,3580.050048828125,3651.0,551238
2021-11-16,3219.564208984375,3608.699951171875,3651.800048828125,3583.10009765625,3612.89990234375,473529
2021-11-17,3197.349365234375,3583.800048828125,3644.0,3576.39990234375,3610.0,348752
2021-11-18,3165.00830078125,3547.550048828125,3594.89990234375,3525.0,3590.5,384426
2021-11-22,3072.802490234375,3444.199951171875,3570.0,3426.0,3570.0,422572
2021-11-23,3064.4609375,3434.85009765625,3448.5,3376.050048828125,3440.0,713102
2021-11-24,3039.703369140625,3407.10009765625,3459.0,3385.64990234375,3459.0,287005
2021-11-25,3025.964111328125,3391.699951171875,3413.89990234375,3377.050048828125,3402.0,264226
2021-11-26,2975.02099609375,3334.60009765625,3383.5,3320.0,3370.0,341506
2021-11-29,2942.546142578125,3298.199951171875,3354.35009765625,3246.199951171875,3321.0,403739
2021-11-30,2890.889892578125,3240.300048828125,3322.949951171875,3223.050048828125,3296.0,682518
2021-12-01,2899.14208984375,3249.550048828125,3294.199951171875,3227.300048828125,3280.0,551434
2021-12-02,2969.48974609375,3328.39990234375,3337.35009765625,3236.5,3259.949951171875,502905
2021-12-03,2933.3125,3287.85009765625,3343.14990234375,3280.60009765625,3335.0,315536
2021-12-06,2899.32080078125,3249.75,3300.0,3242.699951171875,3297.800048828125,251407
2021-12-07,2932.063232421875,3286.449951171875,3317.0,3261.0,3284.949951171875,286908
2021-12-08,2972.74609375,3332.050048828125,3337.949951171875,3297.0,3302.85009765625,334037
2021-12-09,2980.73095703125,3341.0,3350.0,3306.0,3350.0,237723
2021-12-10,2984.07666015625,3344.75,3364.199951171875,3320.0,3320.199951171875,220039
2021-12-13,2949.014404296875,3305.449951171875,3372.449951171875,3295.0,3367.0,214515
2021-12-14,2936.70263671875,3291.64990234375,3305.0,3268.0,3300.0,181626
2021-12-15,2939.2451171875,3294.5,3329.85009765625,3275.0,3289.64990234375,295667
2021-12-16,2902.35400390625,3253.14990234375,3327.75,3227.35009765625,3327.75,324140
2021-12-17,2836.33349609375,3179.14990234375,3261.800048828125,3149.10009765625,3248.050048828125,3170631
2021-12-20,2770.357666015625,3105.199951171875,3171.10009765625,3027.050048828125,3149.89990234375,595625
2021-12-21,2793.197509765625,3130.800048828125,3160.050048828125,3092.0,3112.0,326850
2021-12-22,2797.702880859375,3135.85009765625,3173.550048828125,3126.0,3132.0,294578
2021-12-23,2831.828369140625,3174.10009765625,3190.949951171875,3138.0,3150.0,224147
2021-12-24,2812.156005859375,3152.050048828125,3195.0,3135.0,3181.300048828125,123753
2021-12-27,2813.985107421875,3154.10009765625,3174.14990234375,3122.0,3145.0,94069
2021-12-28,2833.56787109375,3176.050048828125,3187.550048828125,3150.0,3161.199951171875,214640
2021-12-29,2910.696044921875,3262.5,3269.0,3152.050048828125,3188.75,563709
2021-12-30,2855.649169921875,3200.800048828125,3279.14990234375,3187.0,3278.0,594987
2021-12-31,2898.87451171875,3249.25,3264.699951171875,3217.0,3230.0,248103
2022-01-03,2923.721435546875,3277.10009765625,3292.60009765625,3251.5,3258.699951171875,266680
2022-01-04,2934.471923828125,3289.14990234375,3316.0,3270.64990234375,3284.0,244503
2022-01-05,2996.388671875,3358.550048828125,3365.0,3281.0,3289.14990234375,312215
2022-01-06,3049.606201171875,3418.199951171875,3429.0,3333.0,3344.800048828125,410181
2022-01-07,3026.677734375,3392.5,3437.5,3377.0,3437.5,263996
2022-01-10,3064.68408203125,3435.10009765625,3451.25,3404.449951171875,3414.800048828125,318473
2022-01-11,3066.156005859375,3436.75,3445.949951171875,3413.0,3413.0,225782
2022-01-12,3069.144775390625,3440.10009765625,3452.0,3414.25,3446.10009765625,198452
2022-01-13,3078.86962890625,3451.0,3474.300048828125,3430.0,3445.89990234375,291271
2022-01-14,3062.632080078125,3432.800048828125,3462.199951171875,3425.0,3451.0,127752
2022-01-17,3113.441162109375,3489.75,3527.0,3434.050048828125,3450.0,646271
2022-01-18,3034.216552734375,3400.949951171875,3497.199951171875,3392.60009765625,3488.949951171875,656590
2022-01-19,3066.200439453125,3436.800048828125,3462.300048828125,3383.050048828125,3400.949951171875,694189
2022-01-20,2951.95849609375,3308.75,3448.0,3295.0,3398.89990234375,874508
2022-01-21,3051.033935546875,3419.800048828125,3473.949951171875,3270.0,3308.75,1609260
2022-01-24,3017.577392578125,3382.300048828125,3454.199951171875,3350.0,3421.0,788137
2022-01-25,3095.017822265625,3469.10009765625,3490.0,3328.75,3359.0,571406
2022-01-27,3123.567138671875,3501.10009765625,3536.800048828125,3394.199951171875,3445.0,664333
2022-01-28,3120.087158203125,3497.199951171875,3562.300048828125,3485.10009765625,3505.0,575466
2022-01-31,3180.263916015625,3564.64990234375,3585.64990234375,3487.0,3520.0,470500
2022-02-01,3153.32080078125,3534.449951171875,3592.35009765625,3511.550048828125,3577.0,487464
2022-02-02,3153.8115234375,3535.0,3585.0,3521.449951171875,3540.0,212256
2022-02-03,3230.626953125,3621.10009765625,3650.949951171875,3521.0,3550.0,760774
2022-02-04,3180.888916015625,3565.35009765625,3621.10009765625,3550.0,3621.10009765625,296588
2022-02-07,3101.173583984375,3476.0,3570.0,3468.0,3570.0,286849
2022-02-08,3085.6943359375,3458.64990234375,3512.949951171875,3445.89990234375,3476.10009765625,397493
2022-02-09,3179.283203125,3563.550048828125,3570.0,3452.0,3452.0,352729
2022-02-10,3184.45751953125,3569.35009765625,3581.550048828125,3545.64990234375,3563.35009765625,239918
2022-02-11,3182.048583984375,3566.64990234375,3575.0,3508.0,3530.0,339577
2022-02-14,3111.8349609375,3487.949951171875,3538.0,3461.35009765625,3465.0,282645
2022-02-15,3202.1669921875,3589.199951171875,3601.0,3473.75,3490.0,357052
2022-02-16,3200.114990234375,3586.89990234375,3640.0,3571.10009765625,3599.0,244587
2022-02-17,3209.3935546875,3597.300048828125,3660.0,3590.10009765625,3590.10009765625,513917
2022-02-18,3240.485595703125,3632.14990234375,3642.5,3563.60009765625,3597.0,277299
2022-02-21,3193.512939453125,3579.5,3637.949951171875,3567.35009765625,3624.14990234375,344326
2022-02-22,3212.4267578125,3600.699951171875,3615.0,3515.0,3520.0,432562
2022-02-23,3194.2265625,3580.300048828125,3639.89990234375,3570.0,3615.10009765625,209392
2022-02-24,3103.760986328125,3478.89990234375,3559.300048828125,3435.0,3485.5,628362
2022-02-25,3130.07958984375,3508.39990234375,3560.0,3490.10009765625,3490.10009765625,327777
2022-02-28,3149.662841796875,3530.35009765625,3561.0,3448.050048828125,3497.699951171875,387040
2022-03-02,3008.65576171875,3372.300048828125,3498.300048828125,3333.0,3498.300048828125,982580
2022-03-03,2941.56494140625,3297.10009765625,3404.800048828125,3279.0,3399.0,536758
2022-03-04,2892.495849609375,3242.10009765625,3285.949951171875,3151.0,3251.0,509620
2022-03-07,2885.84912109375,3234.64990234375,3279.0,3125.0,3185.0,335205
2022-03-08,2959.408447265625,3317.10009765625,3354.449951171875,3175.699951171875,3229.0,557492
2022-03-09,2978.946533203125,3339.0,3360.0,3293.0,3320.0,508262
2022-03-10,3053.308837890625,3422.35009765625,3440.0,3385.39990234375,3399.0,350154
2022-03-11,3053.888671875,3423.0,3445.5,3386.449951171875,3400.0,156038
2022-03-14,3080.252197265625,3452.550048828125,3464.949951171875,3368.0,3402.0,245299
2022-03-15,3081.5908203125,3454.050048828125,3494.0,3426.35009765625,3441.0,229544
2022-03-16,3184.85888671875,3569.800048828125,3592.199951171875,3481.0,3490.050048828125,262987
2022-03-17,3256.812255859375,3650.449951171875,3664.85009765625,3575.64990234375,3580.0,429272
2022-03-21,3202.032958984375,3589.050048828125,3718.0,3580.25,3650.449951171875,432309
2022-03-22,3262.165283203125,3656.449951171875,3662.0,3564.5,3580.0,213667
2022-03-23,3213.140869140625,3601.5,3683.35009765625,3590.0,3664.949951171875,281347
2022-03-24,3197.438232421875,3583.89990234375,3637.89990234375,3569.699951171875,3590.300048828125,385957
2022-03-25,3260.291748046875,3654.35009765625,3659.14990234375,3592.0,3592.0,492945
2022-03-28,3290.090087890625,3687.75,3737.0,3645.050048828125,3654.35009765625,688267
2022-03-29,3291.294677734375,3689.10009765625,3735.0,3660.85009765625,3697.800048828125,376929
2022-03-30,3277.91162109375,3674.10009765625,3729.64990234375,3665.25,3729.64990234375,343930
2022-03-31,3259.087158203125,3653.0,3715.14990234375,3636.10009765625,3680.0,511249
2022-04-01,3336.61669921875,3739.89990234375,3746.0,3636.0,3636.0,391985
2022-04-04,3357.805419921875,3763.64990234375,3772.0,3716.39990234375,3750.0,419517
2022-04-05,3398.889892578125,3809.699951171875,3819.949951171875,3765.0,3765.0,339228
2022-04-06,3391.842041015625,3801.800048828125,3810.0,3741.60009765625,3801.0,240470
2022-04-07,3392.2431640625,3802.25,3819.60009765625,3771.050048828125,3801.85009765625,224527
2022-04-08,3399.469970703125,3810.35009765625,3836.0,3767.0,3812.300048828125,229962
2022-04-11,3378.771484375,3787.14990234375,3825.0,3768.14990234375,3820.0,135225
2022-04-12,3311.76953125,3712.050048828125,3776.699951171875,3676.050048828125,3768.5,266145
2022-04-13,3298.610107421875,3697.300048828125,3747.5,3669.10009765625,3712.050048828125,198206
2022-04-18,3314.045166015625,3714.60009765625,3758.25,3645.25,3690.0,373718
2022-04-19,3262.78955078125,3657.14990234375,3774.60009765625,3618.35009765625,3740.0,211918
2022-04-20,3319.53173828125,3720.75,3734.949951171875,3652.300048828125,3666.0,174080
2022-04-21,3303.11572265625,3702.35009765625,3739.5,3680.10009765625,3705.0,216475
2022-04-22,3249.7197265625,3642.5,3694.75,3622.85009765625,3670.0,228316
2022-04-25,3285.8076171875,3682.949951171875,3724.75,3600.0,3602.0,444222
2022-04-26,3472.404541015625,3892.10009765625,3905.0,3704.949951171875,3704.949951171875,1107122
2022-04-27,3484.4931640625,3905.64990234375,3919.0,3846.0,3870.0,541564
2022-04-28,3420.926513671875,3834.39990234375,4000.0,3805.0,4000.0,1628318
2022-04-29,3327.382568359375,3729.550048828125,3840.0,3711.35009765625,3805.0,594650
2022-05-02,3232.723876953125,3623.449951171875,3720.0,3606.0,3720.0,376660
2022-05-04,3119.81982421875,3496.89990234375,3683.0,3485.39990234375,3625.0,575428
2022-05-05,3143.908203125,3523.89990234375,3595.0,3510.39990234375,3538.800048828125,323081
2022-05-06,3122.362548828125,3499.75,3555.0,3460.0,3488.300048828125,436366
2022-05-09,3183.921875,3568.75,3584.699951171875,3480.0,3490.0,502719
2022-05-10,3205.601806640625,3593.050048828125,3646.699951171875,3540.0,3564.949951171875,507087
2022-05-11,3223.2666015625,3612.85009765625,3627.949951171875,3537.300048828125,3600.0,437746
2022-05-12,3198.419921875,3585.0,3654.0,3539.199951171875,3585.0,777332
2022-05-13,3249.36279296875,3642.10009765625,3736.0,3618.050048828125,3618.050048828125,633218
2022-05-16,3315.159912109375,3715.85009765625,3725.0,3650.0,3650.0,401803
2022-05-17,3339.29296875,3742.89990234375,3787.0,3725.10009765625,3725.10009765625,402398
2022-05-18,3382.384765625,3791.199951171875,3829.5,3736.199951171875,3743.0,507061
2022-05-19,3299.725341796875,3698.550048828125,3778.0,3680.050048828125,3691.89990234375,261026
2022-05-20,3379.3515625,3787.800048828125,3849.0,3735.0,3760.0,396832
2022-05-23,3377.87939453125,3786.14990234375,3874.5,3770.0,3836.0,339483
2022-05-24,3375.336669921875,3783.300048828125,3842.0,3771.050048828125,3817.39990234375,369304
2022-05-25,3382.920166015625,3791.800048828125,3819.0,3742.25,3814.550048828125,225253
2022-05-26,3441.40185546875,3857.35009765625,3870.0,3754.050048828125,3801.10009765625,419826
2022-05-27,3419.72216796875,3833.050048828125,3890.0,3823.050048828125,3875.0,422591
2022-05-30,3440.821533203125,3856.699951171875,3903.14990234375,3843.050048828125,3860.0,271827
2022-05-31,3447.423583984375,3864.10009765625,3958.0,3839.0,3876.0,1154256
2022-06-01,3318.951904296875,3720.10009765625,3904.0,3707.300048828125,3877.199951171875,784215
2022-06-02,3290.9375,3688.699951171875,3749.89990234375,3666.35009765625,3720.10009765625,346754
2022-06-03,3276.662841796875,3672.699951171875,3733.89990234375,3650.0,3719.0,409815
2022-06-06,3405.402587890625,3817.0,3869.75,3650.5,3660.0,1136609
2022-06-07,3420.65869140625,3834.10009765625,3853.64990234375,3765.0,3765.0,561644
2022-06-08,3385.0166015625,3794.14990234375,3850.0,3768.050048828125,3833.5,346603
2022-06-09,3460.40478515625,3878.64990234375,3895.0,3779.39990234375,3794.14990234375,627869
2022-06-10,3462.50146484375,3881.0,3971.0,3850.0,3956.300048828125,1412838
2022-06-13,3462.724365234375,3881.25,3895.050048828125,3794.449951171875,3825.0,519745
2022-06-14,3284.737060546875,3681.75,3915.75,3602.949951171875,3885.0,1733394
2022-06-15,3299.32421875,3698.10009765625,3742.64990234375,3645.0,3700.0,753821
2022-06-16,3263.7265625,3658.199951171875,3736.800048828125,3633.0,3736.800048828125,438590
2022-06-17,3237.630615234375,3628.949951171875,3713.949951171875,3615.60009765625,3670.0,727356
2022-06-20,3226.0322265625,3615.949951171875,3638.800048828125,3574.800048828125,3620.25,268242
2022-06-21,3252.172607421875,3645.25,3675.0,3616.050048828125,3631.0,424763
2022-06-22,3243.608154296875,3635.64990234375,3721.5,3614.14990234375,3645.0,585483
2022-06-23,3376.6748046875,3784.800048828125,3796.0,3665.25,3680.10009765625,1186420
2022-06-24,3402.146240234375,3813.35009765625,3841.35009765625,3781.949951171875,3800.800048828125,558798
2022-06-27,3444.83642578125,3861.199951171875,3958.449951171875,3817.0,3870.0,1819576
2022-06-28,3469.638671875,3889.0,3907.199951171875,3783.050048828125,3839.949951171875,799053
2022-06-29,3450.501953125,3867.550048828125,3900.0,3856.050048828125,3880.0,524392
2022-06-30,3431.10888671875,3706.60009765625,3768.35009765625,3692.0,3750.0,715926
2022-07-01,3355.203369140625,3624.60009765625,3678.699951171875,3601.10009765625,3667.949951171875,756589
2022-07-04,3406.254150390625,3679.75,3695.14990234375,3608.0,3644.39990234375,536505
2022-07-05,3409.031494140625,3682.75,3700.0,3663.0,3700.0,294980
2022-07-06,3492.619873046875,3773.050048828125,3777.300048828125,3675.14990234375,3682.0,333226
2022-07-07,3513.4013671875,3795.5,3836.10009765625,3785.0,3786.300048828125,534547
2022-07-08,3540.708740234375,3825.0,3830.0,3792.699951171875,3830.0,326804
2022-07-11,3562.508544921875,3848.550048828125,3858.0,3795.0,3820.0,372417
2022-07-12,3561.860595703125,3847.85009765625,3863.0,3832.050048828125,3853.0,244636
2022-07-13,3573.801513671875,3860.75,3878.949951171875,3848.0,3858.0,308508
2022-07-14,3576.069580078125,3863.199951171875,3885.949951171875,3841.0,3858.89990234375,377688
2022-07-15,3622.492431640625,3913.35009765625,3919.0,3861.0,3863.0,281730
2022-07-18,3687.9375,3984.050048828125,3990.0,3925.10009765625,3930.0,513318
2022-07-19,3704.55322265625,4002.0,4036.0,3966.0,3977.050048828125,512451
2022-07-20,3704.599853515625,4002.050048828125,4055.0,3999.0,4018.0,377717
2022-07-21,3755.51171875,4057.050048828125,4070.60009765625,3993.449951171875,4004.64990234375,371547
2022-07-22,3753.1513671875,4054.5,4091.0,4045.25,4065.0,280291
2022-07-25,3722.280029296875,4021.14990234375,4073.949951171875,3998.300048828125,4054.5,372987
2022-07-26,3633.831787109375,3925.60009765625,4030.0,3917.0,4014.0,882407
2022-07-27,3595.18505859375,3883.85009765625,3960.0,3845.14990234375,3933.0,514997
2022-07-28,3571.487548828125,3858.25,3913.699951171875,3847.0,3884.0,423758
2022-07-29,3623.510498046875,3914.449951171875,3952.25,3878.0,3899.0,412805
2022-08-01,3677.986572265625,3973.300048828125,3988.25,3915.0,3919.949951171875,459482
2022-08-02,3699.18408203125,3996.199951171875,4005.0,3941.35009765625,3973.300048828125,398168
2022-08-03,3705.8955078125,4003.449951171875,4010.0,3963.050048828125,3999.0,312355
2022-08-04,3713.532470703125,4011.699951171875,4035.0,3976.0,4011.0,310996
2022-08-05,3714.828369140625,4013.10009765625,4038.25,3993.050048828125,4025.0,287542
2022-08-08,3723.66845703125,4022.64990234375,4039.89990234375,4000.0,4013.0,238574
2022-08-10,3734.961669921875,4034.85009765625,4066.0,4014.0,4014.0,218912
2022-08-11,3733.712158203125,4033.5,4058.25,4022.35009765625,4050.10009765625,277432
2022-08-12,3737.877685546875,4038.0,4060.0,4013.75,4033.5,217139
2022-08-16,3787.077392578125,4091.14990234375,4100.0,4038.0,4038.0,302627
2022-08-17,3765.55517578125,4067.89990234375,4120.4501953125,4060.0,4095.10009765625,313179
2022-08-18,3758.843994140625,4060.64990234375,4079.0,4040.5,4079.0,451908
2022-08-19,3771.711181640625,4074.550048828125,4088.449951171875,4050.0,4052.0,223883
2022-08-22,3741.210205078125,4041.60009765625,4073.39990234375,4008.800048828125,4030.0,388178
2022-08-23,3762.361572265625,4064.449951171875,4072.85009765625,4016.050048828125,4025.0,172256
2022-08-24,3763.565185546875,4065.75,4083.949951171875,4050.449951171875,4050.449951171875,245586
2022-08-25,3760.973388671875,4062.949951171875,4095.64990234375,4051.10009765625,4073.0,374693
2022-08-26,3753.058837890625,4054.39990234375,4124.35009765625,4041.449951171875,4075.0,453561
2022-08-29,3730.518310546875,4030.050048828125,4050.0,3985.5,4024.949951171875,608621
2022-08-30,3781.245849609375,4084.85009765625,4128.9501953125,4011.550048828125,4050.25,740581
2022-09-01,3773.330810546875,4076.300048828125,4131.75,4010.0,4010.0,510034
2022-09-02,3731.30517578125,4030.89990234375,4102.7998046875,4025.39990234375,4080.0,556543
2022-09-05,3662.57373046875,3956.64990234375,4055.85009765625,3944.300048828125,4050.0,799837
2022-09-06,3637.349365234375,3929.39990234375,3990.0,3919.5,3962.0,508096
2022-09-07,3559.823974609375,3845.64990234375,3937.5,3811.199951171875,3915.0,724097
2022-09-08,3560.703369140625,3846.60009765625,3879.949951171875,3840.0,3864.89990234375,493973
2022-09-09,3562.5546875,3848.60009765625,3880.0,3835.0,3865.85009765625,485613
2022-09-12,3582.64208984375,3870.300048828125,3889.800048828125,3825.0,3840.0,369281
2022-09-13,3579.1240234375,3866.5,3890.0,3855.0,3865.0,507487
2022-09-14,3564.08203125,3850.25,3918.949951171875,3811.60009765625,3815.0,576311
2022-09-15,3487.945556640625,3768.0,3884.60009765625,3751.35009765625,3865.0,351737
2022-09-16,3415.325927734375,3689.550048828125,3800.0,3676.10009765625,3800.0,579176
2022-09-19,3432.63623046875,3708.25,3731.85009765625,3661.10009765625,3700.0,454942
2022-09-20,3488.500732421875,3768.60009765625,3807.89990234375,3725.0,3726.800048828125,268923
2022-09-21,3453.3251953125,3730.60009765625,3807.449951171875,3724.0,3773.85009765625,197924
2022-09-22,3451.7509765625,3728.89990234375,3760.0,3700.0,3720.0,149651
2022-09-23,3423.981201171875,3698.89990234375,3770.0,3683.0,3730.0,158122
2022-09-26,3308.826904296875,3574.5,3686.75,3566.0,3668.89990234375,517637
2022-09-27,3278.650146484375,3541.89990234375,3594.949951171875,3510.10009765625,3590.0,344198
2022-09-28,3282.35302734375,3545.89990234375,3573.89990234375,3505.0,3525.0,181128
2022-09-29,3218.2958984375,3476.699951171875,3563.85009765625,3465.050048828125,3563.0,350931
2022-09-30,3265.5517578125,3527.75,3553.949951171875,3461.25,3486.5,276996
2022-10-03,3254.073486328125,3515.35009765625,3559.89990234375,3475.0,3527.75,442640
2022-10-04,3313.548095703125,3579.60009765625,3599.89990234375,3539.199951171875,3550.5,317554
2022-10-06,3327.479248046875,3594.64990234375,3617.14990234375,3570.0,3597.5,353529
2022-10-07,3335.7177734375,3603.550048828125,3668.89990234375,3580.0,3580.050048828125,591544
2022-10-10,3348.121826171875,3616.949951171875,3624.89990234375,3529.050048828125,3557.35009765625,240975
2022-10-11,3266.477294921875,3528.75,3635.050048828125,3519.60009765625,3635.050048828125,258827
2022-10-12,3355.110595703125,3624.5,3653.0,3515.85009765625,3546.39990234375,496229
2022-10-13,3336.875244140625,3604.800048828125,3648.800048828125,3590.0,3616.85009765625,336605
2022-10-14,3305.124267578125,3570.5,3663.0,3552.14990234375,3659.949951171875,499983
2022-10-17,3359.276123046875,3629.0,3674.800048828125,3578.0,3580.0,921084
2022-10-18,3342.8916015625,3611.300048828125,3664.85009765625,3602.10009765625,3647.14990234375,496519
2022-10-19,3384.130615234375,3655.85009765625,3716.949951171875,3623.75,3629.39990234375,456361
2022-10-20,3417.455078125,3691.85009765625,3703.89990234375,3586.0,3629.35009765625,310251
2022-10-21,3395.933349609375,3668.60009765625,3720.35009765625,3641.75,3699.0,207556
2022-10-24,3424.814208984375,3699.800048828125,3720.0,3680.0,3715.0,29986
2022-10-25,3382.5107421875,3654.10009765625,3727.0,3644.0,3699.0,351456
2022-10-27,3353.074462890625,3622.300048828125,3690.60009765625,3606.14990234375,3690.60009765625,333703
2022-10-28,3397.877197265625,3670.699951171875,3719.0,3631.0,3640.449951171875,500485
2022-10-31,3398.94140625,3671.85009765625,3706.35009765625,3659.10009765625,3689.10009765625,314769
2022-11-01,3455.268798828125,3732.699951171875,3744.199951171875,3663.0,3686.550048828125,514106
2022-11-02,3459.06396484375,3736.800048828125,3746.0,3693.60009765625,3746.0,317571
2022-11-03,3493.036376953125,3773.5,3814.0,3731.050048828125,3754.0,637882
2022-11-04,3490.81494140625,3771.10009765625,3809.89990234375,3762.89990234375,3779.449951171875,230932
2022-11-07,3489.65771484375,3769.85009765625,3818.64990234375,3758.5,3790.0,272013
2022-11-09,3461.609619140625,3739.550048828125,3794.0,3717.85009765625,3790.0,249436
2022-11-10,3447.771240234375,3724.60009765625,3770.0,3717.0,3739.550048828125,291055
2022-11-11,3450.59423828125,3727.64990234375,3783.949951171875,3708.5,3743.25,268871
2022-11-14,3449.06689453125,3726.0,3768.0,3710.449951171875,3746.300048828125,200313
2022-11-15,3484.381103515625,3764.14990234375,3789.0,3726.050048828125,3726.050048828125,296104
2022-11-16,3468.92236328125,3747.449951171875,3798.5,3739.64990234375,3757.0,329588
2022-11-17,3419.583984375,3694.14990234375,3767.35009765625,3678.39990234375,3749.0,185433
2022-11-18,3362.932861328125,3632.949951171875,3706.85009765625,3621.0,3694.14990234375,327528
2022-11-21,3350.482421875,3619.5,3645.800048828125,3606.39990234375,3615.0,226673
2022-11-22,3350.1123046875,3619.10009765625,3643.0,3585.0,3636.0,322261
2022-11-23,3339.698486328125,3607.85009765625,3654.14990234375,3595.0,3622.199951171875,340707
2022-11-24,3351.083984375,3620.14990234375,3629.64990234375,3598.449951171875,3617.199951171875,397640
2022-11-25,3369.68994140625,3640.25,3652.699951171875,3601.0,3632.25,224797
2022-11-28,3403.430908203125,3676.699951171875,3710.0,3630.199951171875,3630.199951171875,185431
2022-11-29,3388.06494140625,3660.10009765625,3697.0,3652.0,3680.35009765625,134922
2022-11-30,3471.93115234375,3750.699951171875,3772.89990234375,3671.0,3674.949951171875,1267676
2022-12-01,3432.03466796875,3707.60009765625,3744.050048828125,3594.35009765625,3744.050048828125,514227
2022-12-02,3387.370849609375,3659.35009765625,3712.35009765625,3640.800048828125,3707.0,349992
2022-12-05,3387.879638671875,3659.89990234375,3672.0,3638.0,3672.0,163476
2022-12-06,3420.18603515625,3694.800048828125,3699.800048828125,3642.10009765625,3652.0,251515
2022-12-07,3364.506103515625,3634.64990234375,3708.550048828125,3629.550048828125,3694.800048828125,167024
2022-12-08,3365.89501953125,3636.14990234375,3658.550048828125,3618.0,3635.050048828125,141912
2022-12-09,3348.121826171875,3616.949951171875,3669.300048828125,3601.0,3650.0,166035
2022-12-12,3329.423583984375,3596.75,3624.60009765625,3573.550048828125,3616.949951171875,171844
2022-12-13,3366.4501953125,3636.75,3642.0,3591.300048828125,3614.75,126272
2022-12-14,3380.61328125,3652.050048828125,3667.949951171875,3641.0,3650.0,132320
2022-12-15,3350.29736328125,3619.300048828125,3656.0,3610.0,3635.0,161541
2022-12-16,3285.778076171875,3549.60009765625,3627.89990234375,3539.0,3613.75,228381
2022-12-19,3359.970703125,3629.75,3636.35009765625,3550.0,3567.35009765625,238078
2022-12-20,3345.021240234375,3613.60009765625,3634.0,3581.39990234375,3634.0,152284
2022-12-21,3342.66064453125,3611.050048828125,3657.14990234375,3592.60009765625,3615.0,149348
2022-12-22,3333.218505859375,3600.85009765625,3647.89990234375,3581.550048828125,3629.14990234375,158182
2022-12-23,3278.5576171875,3541.800048828125,3600.0,3533.0,3580.0,122024
2022-12-26,3288.184326171875,3552.199951171875,3574.800048828125,3524.050048828125,3542.0,140091
2022-12-27,3324.05419921875,3590.949951171875,3600.0,3550.0,3555.0,115917
2022-12-28,3320.259521484375,3586.85009765625,3604.949951171875,3550.0,3580.0,229748
2022-12-29,3303.55078125,3568.800048828125,3600.0,3540.0,3579.0,748244
2022-12-30,3347.2890625,3616.050048828125,3643.10009765625,3567.64990234375,3580.0,287867
2023-01-02,3308.31787109375,3573.949951171875,3620.0,3520.449951171875,3617.0,471328
2023-01-03,3334.00537109375,3601.699951171875,3620.0,3562.5,3562.5,218996
2023-01-04,3288.7861328125,3552.85009765625,3602.550048828125,3543.5,3588.0,250071
2023-01-05,3352.009765625,3621.14990234375,3632.5,3558.35009765625,3568.0,294998
2023-01-06,3371.541748046875,3642.25,3648.0,3598.0,3618.0,173591
2023-01-09,3351.6396484375,3620.75,3669.0,3606.0,3660.5,200031
2023-01-10,3308.54931640625,3574.199951171875,3636.0,3563.300048828125,3630.60009765625,247609
2023-01-11,3275.0859375,3538.050048828125,3589.949951171875,3531.050048828125,3585.0,308958
2023-01-12,3304.939208984375,3570.300048828125,3580.0,3520.050048828125,3538.050048828125,182941
2023-01-13,3337.337890625,3605.300048828125,3617.85009765625,3555.14990234375,3580.0,180876
2023-01-16,3316.833984375,3583.14990234375,3620.949951171875,3560.0,3609.949951171875,226147
2023-01-17,3338.864990234375,3606.949951171875,3612.699951171875,3568.14990234375,3590.0,106465
2023-01-18,3341.595703125,3609.89990234375,3638.75,3579.0,3625.0,306275
2023-01-19,3310.169189453125,3575.949951171875,3628.949951171875,3572.0,3599.949951171875,226186
2023-01-20,3307.20703125,3572.75,3586.60009765625,3551.25,3583.050048828125,191361
2023-01-23,3354.2314453125,3623.550048828125,3627.0,3571.0,3583.5,173482
2023-01-24,3412.502685546875,3686.5,3696.10009765625,3611.449951171875,3626.0,212778
2023-01-25,3441.106201171875,3717.39990234375,3740.0,3673.699951171875,3689.0,375571
2023-01-27,3644.15283203125,3936.75,3995.0,3830.0,3850.0,2375899
2023-01-30,3555.658203125,3841.14990234375,3948.949951171875,3818.85009765625,3940.0,654472
2023-01-31,3534.46044921875,3818.25,3878.0,3801.0,3878.0,359118
2023-02-01,3528.027099609375,3811.300048828125,3886.39990234375,3760.10009765625,3829.449951171875,328212
2023-02-02,3508.9580078125,3790.699951171875,3859.10009765625,3740.0,3799.0,309024
2023-02-03,3566.211181640625,3852.550048828125,3858.0,3769.199951171875,3785.0,242350
2023-02-06,3563.017578125,3849.10009765625,3869.699951171875,3804.10009765625,3846.550048828125,205412
2023-02-07,3591.11181640625,3879.449951171875,3895.0,3818.199951171875,3873.0,246673
2023-02-08,3591.898681640625,3880.300048828125,3898.85009765625,3835.5,3898.85009765625,309039
2023-02-09,3559.916748046875,3845.75,3890.5,3832.25,3879.89990234375,249061
2023-02-10,3546.864501953125,3831.64990234375,3848.949951171875,3800.10009765625,3845.0,170034
2023-02-13,3594.860595703125,3883.5,3912.60009765625,3824.0,3850.85009765625,372862
2023-02-14,3588.0107421875,3876.10009765625,3906.949951171875,3862.550048828125,3894.949951171875,251160
2023-02-15,3615.133056640625,3905.39990234375,3911.89990234375,3850.0,3866.60009765625,214072
2023-02-16,3616.243896484375,3906.60009765625,3930.949951171875,3892.0,3910.0,166844
2023-02-17,3604.8583984375,3894.300048828125,3920.0,3872.0,3890.0,167844
2023-02-20,3613.652099609375,3903.800048828125,3934.949951171875,3893.35009765625,3894.949951171875,169828
2023-02-21,3551.90966796875,3837.10009765625,3927.0,3824.699951171875,3927.0,177954
2023-02-22,3555.24169921875,3840.699951171875,3890.25,3814.949951171875,3837.10009765625,477992
2023-02-23,3547.095703125,3831.89990234375,3872.75,3815.199951171875,3847.5,299446
2023-02-24,3563.804443359375,3849.949951171875,3874.89990234375,3833.550048828125,3833.550048828125,263732
2023-02-27,3369.320068359375,3639.85009765625,3799.949951171875,3626.050048828125,3799.949951171875,822866
2023-02-28,3389.0830078125,3661.199951171875,3743.0,3625.60009765625,3647.0,723245
2023-03-01,3454.296875,3731.64990234375,3748.35009765625,3636.89990234375,3670.0,432887
2023-03-02,3439.115966796875,3715.25,3757.35009765625,3680.0,3731.050048828125,276614
2023-03-03,3454.62109375,3732.0,3748.0,3697.449951171875,3720.050048828125,281411
2023-03-06,3446.33642578125,3723.050048828125,3774.0,3718.14990234375,3721.699951171875,186747
2023-03-08,3527.934326171875,3811.199951171875,3817.800048828125,3711.050048828125,3723.800048828125,478922
2023-03-09,3530.063232421875,3813.5,3838.75,3801.0,3811.199951171875,295897
2023-03-10,3537.83935546875,3821.89990234375,3845.39990234375,3798.0,3830.0,530973
2023-03-13,3497.618408203125,3778.449951171875,3838.0,3768.300048828125,3822.949951171875,247745
2023-03-14,3473.96728515625,3752.89990234375,3794.449951171875,3735.89990234375,3778.449951171875,278919
2023-03-15,3452.76953125,3730.0,3787.5,3720.550048828125,3774.89990234375,317890
2023-03-16,3517.751953125,3800.199951171875,3811.0,3740.949951171875,3740.949951171875,377544
2023-03-17,3530.896484375,3814.39990234375,3827.949951171875,3792.050048828125,3817.800048828125,396793
2023-03-20,3522.1953125,3805.0,3834.949951171875,3785.10009765625,3790.0,331370
2023-03-21,3615.410888671875,3905.699951171875,3922.0,3796.75,3806.5,803886
2023-03-22,3632.304443359375,3923.949951171875,3945.5,3888.60009765625,3921.75,311063
2023-03-23,3575.838134765625,3862.949951171875,3912.39990234375,3853.050048828125,3902.5,256313
2023-03-24,3543.393310546875,3827.89990234375,3882.89990234375,3812.0,3845.10009765625,281359
2023-03-27,3524.555908203125,3807.550048828125,3844.300048828125,3800.0,3834.949951171875,198811
2023-03-28,3509.791259765625,3791.60009765625,3833.800048828125,3769.550048828125,3821.0,144400
2023-03-29,3590.972900390625,3879.300048828125,3894.0,3800.14990234375,3810.5,429300
2023-03-31,3596.01806640625,3884.75,3907.85009765625,3860.0,3875.64990234375,248433
2023-04-03,3696.91650390625,3993.75,3995.0,3888.199951171875,3904.800048828125,497915
2023-04-05,3724.13134765625,4023.14990234375,4026.949951171875,3960.050048828125,3994.0,584697
2023-04-06,3733.8046875,4033.60009765625,4065.0,4020.050048828125,4028.0,321813
2023-04-10,3759.7236328125,4061.60009765625,4072.0,4030.10009765625,4035.050048828125,218632
2023-04-11,3866.916748046875,4177.39990234375,4183.5498046875,4070.550048828125,4080.0,685931
2023-04-12,3967.44482421875,4286.0,4307.35009765625,4170.5,4177.39990234375,992142
2023-04-13,3969.62060546875,4288.35009765625,4305.9501953125,4260.0498046875,4270.0,371608
2023-04-17,3938.14794921875,4254.35009765625,4311.0,4221.0498046875,4311.0,718984
2023-04-18,3896.399658203125,4209.25,4266.10009765625,4175.0498046875,4254.25,235015
2023-04-19,3948.74658203125,4265.7998046875,4296.89990234375,4180.0498046875,4184.10009765625,406755
2023-04-20,3993.688232421875,4314.35009765625,4330.5,4252.0498046875,4265.0,409146
2023-04-21,3988.087646484375,4308.2998046875,4337.0,4283.0498046875,4323.0,237639
2023-04-24,4010.118896484375,4332.10009765625,4354.9501953125,4282.7001953125,4308.2998046875,279716
2023-04-25,4019.792236328125,4342.5498046875,4375.0,4316.10009765625,4340.0,367525
2023-04-26,3979.47900390625,4299.0,4362.64990234375,4281.0,4345.0,964051
2023-04-27,4080.562744140625,4408.2001953125,4422.5498046875,4294.0,4300.0,667011
2023-04-28,4102.54736328125,4431.9501953125,4439.7001953125,4390.0498046875,4397.35009765625,457064
2023-05-02,4163.6884765625,4498.0,4506.5,4424.0498046875,4439.9501953125,522701
2023-05-03,4117.26513671875,4447.85009765625,4489.9501953125,4435.0,4484.5,351550
2023-05-04,4126.3837890625,4457.7001953125,4470.0,4437.25,4446.7998046875,191019
2023-05-05,4131.3818359375,4463.10009765625,4504.2998046875,4427.39990234375,4463.10009765625,180033
2023-05-08,4211.12890625,4549.25,4558.0,4465.2001953125,4475.0,365732
2023-05-09,4192.24560546875,4528.85009765625,4577.0,4519.64990234375,4572.85009765625,329083
2023-05-10,4217.33154296875,4555.9501953125,4576.5,4529.35009765625,4555.0,229527
2023-05-11,4209.87939453125,4547.89990234375,4594.0,4535.10009765625,4594.0,293197
2023-05-12,4201.54833984375,4538.89990234375,4628.85009765625,4517.0,4545.0,620213
2023-05-15,4225.29150390625,4564.5498046875,4608.5,4542.0498046875,4569.0,534604
2023-05-16,4201.03955078125,4538.35009765625,4595.0,4530.0,4583.5,321308
2023-05-17,4192.70849609375,4529.35009765625,4600.0,4509.0,4550.0,346510
2023-05-18,4182.8037109375,4518.64990234375,4572.4501953125,4513.25,4539.9501953125,194233
2023-05-19,4149.98828125,4483.2001953125,4550.14990234375,4464.0498046875,4534.0,398571
2023-05-22,4187.0615234375,4523.25,4566.64990234375,4494.9501953125,4494.9501953125,368479
2023-05-23,4163.78125,4498.10009765625,4553.39990234375,4491.10009765625,4534.9501953125,239196
2023-05-24,4181.83154296875,4517.60009765625,4552.2001953125,4492.0498046875,4505.5498046875,395343
2023-05-25,4298.8369140625,4644.0,4651.39990234375,4504.60009765625,4505.64990234375,1016606
2023-05-26,4272.8720703125,4615.9501953125,4664.5498046875,4605.2998046875,4612.35009765625,484972
2023-05-29,4275.23193359375,4618.5,4663.14990234375,4608.10009765625,4659.9501953125,301343
2023-05-30,4250.609375,4591.89990234375,4635.35009765625,4586.7001953125,4615.10009765625,229574
2023-05-31,4227.6982421875,4567.14990234375,4628.9501953125,4552.64990234375,4589.7998046875,719613
2023-06-01,4298.46630859375,4643.60009765625,4669.7998046875,4567.25,4587.0,698733
2023-06-02,4322.07080078125,4669.10009765625,4707.0,4647.25,4674.2001953125,606833
2023-06-05,4359.9775390625,4710.0498046875,4716.9501953125,4669.0,4688.0,234925
2023-06-06,4374.9736328125,4726.25,4744.9501953125,4710.0498046875,4717.5,353149
2023-06-07,4425.4228515625,4780.75,4787.89990234375,4736.9501953125,4736.9501953125,239491
2023-06-08,4443.84423828125,4800.64990234375,4829.89990234375,4776.7998046875,4800.85009765625,295499
2023-06-09,4390.84912109375,4743.39990234375,4821.7998046875,4735.0,4800.64990234375,208197
2023-06-12,4415.14794921875,4769.64990234375,4790.0,4733.35009765625,4749.9501953125,137778
2023-06-13,4402.46630859375,4755.9501953125,4795.0,4746.4501953125,4770.0,247078
2023-06-14,4378.63037109375,4730.2001953125,4768.4501953125,4712.0,4751.10009765625,191238
2023-06-15,4370.623046875,4721.5498046875,4764.64990234375,4702.5,4741.89990234375,178304
2023-06-16,4296.93994140625,4641.9501953125,4714.75,4620.0,4695.0,658995
2023-06-19,4255.65380859375,4597.35009765625,4655.0,4586.64990234375,4645.0,193043
2023-06-20,4315.4990234375,4662.0,4670.0,4569.0498046875,4585.0,453523
2023-06-21,4304.52978515625,4650.14990234375,4703.64990234375,4637.0,4678.0,274821
2023-06-22,4269.30810546875,4612.10009765625,4669.0,4601.60009765625,4664.0498046875,180102
2023-06-23,4279.02734375,4622.60009765625,4655.0,4605.39990234375,4613.10009765625,348409
2023-06-26,4264.494140625,4606.89990234375,4657.9501953125,4600.5498046875,4624.75,298624
2023-06-27,4274.8154296875,4618.0498046875,4678.64990234375,4610.0,4633.89990234375,444793
2023-06-28,4365.76318359375,4716.2998046875,4740.0,4620.10009765625,4630.0,769406
2023-06-30,4475.7109375,4691.5498046875,4735.0,4635.0,4636.0,587936
2023-07-03,4398.533203125,4610.64990234375,4688.0,4588.0498046875,4685.2001953125,457367
2023-07-04,4412.60498046875,4625.39990234375,4674.7998046875,4611.9501953125,4611.9501953125,286373
2023-07-05,4665.0791015625,4890.0498046875,4900.0,4633.0,4647.9501953125,891033
2023-07-06,4691.45703125,4917.7001953125,4938.0,4832.0,4890.0,888595
2023-07-07,4611.607421875,4834.0,4913.14990234375,4820.5498046875,4875.5,405959
2023-07-10,4672.6162109375,4897.9501953125,4951.0,4845.0498046875,4849.0,659388
2023-07-11,4691.4091796875,4917.64990234375,4954.4501953125,4905.0,4938.5,400593
2023-07-12,4654.0126953125,4878.4501953125,4947.5,4867.0,4929.0,295827
2023-07-13,4642.56494140625,4866.4501953125,4990.0,4849.85009765625,4921.0,501038
2023-07-14,4636.0302734375,4859.60009765625,4906.2998046875,4850.0,4894.9501953125,419873
2023-07-17,4610.796875,4833.14990234375,4906.39990234375,4821.10009765625,4883.9501953125,250127
2023-07-18,4636.98388671875,4860.60009765625,4995.10009765625,4830.0,4845.5498046875,270028
2023-07-19,4601.73388671875,4823.64990234375,4909.14990234375,4818.2001953125,4881.0,247325
2023-07-20,4644.71142578125,4868.7001953125,4889.0,4782.0498046875,4828.0,450566
2023-07-21,4638.98779296875,4862.7001953125,4879.39990234375,4835.25,4842.10009765625,367833
2023-07-24,4658.11474609375,4882.75,4919.0,4851.14990234375,4862.0,288534
2023-07-25,4625.8701171875,4848.9501953125,4909.89990234375,4777.35009765625,4884.5,743269
2023-07-26,4646.380859375,4870.4501953125,4903.5,4840.9501953125,4890.0,387130
2023-07-27,4627.8251953125,4851.0,4908.0,4824.2998046875,4899.0,321326
2023-07-28,4667.41650390625,4892.5,4900.0,4829.64990234375,4855.0,255158
2023-07-31,4704.52685546875,4931.39990234375,4938.39990234375,4866.0498046875,4895.5,325463
2023-08-01,4697.41943359375,4923.9501953125,4978.64990234375,4899.14990234375,4941.75,391794
2023-08-02,4609.794921875,4832.10009765625,4937.9501953125,4821.25,4913.39990234375,249850
2023-08-03,4604.26220703125,4826.2998046875,4913.64990234375,4806.0,4837.0,418377
2023-08-04,4495.22021484375,4712.0,4864.2001953125,4700.0,4830.0,451353
2023-08-07,4455.24853515625,4670.10009765625,4743.5498046875,4665.0,4743.5498046875,436583
2023-08-08,4436.21630859375,4650.14990234375,4698.0,4637.10009765625,4670.10009765625,487053
2023-08-09,4451.86083984375,4666.5498046875,4689.7998046875,4616.10009765625,4650.5,282034
2023-08-10,4423.28955078125,4636.60009765625,4708.39990234375,4628.7998046875,4670.0,330123
2023-08-11,4387.46630859375,4599.0498046875,4650.0,4581.60009765625,4636.60009765625,274197
2023-08-14,4404.30517578125,4616.7001953125,4633.7001953125,4541.0,4576.0,154258
2023-08-16,4388.9453125,4600.60009765625,4615.0,4559.75,4577.0,188763
2023-08-17,4443.5615234375,4657.85009765625,4668.4501953125,4576.0498046875,4576.0498046875,311184
2023-08-18,4403.20751953125,4615.5498046875,4649.5498046875,4595.2998046875,4649.5498046875,243546
2023-08-21,4398.72412109375,4610.85009765625,4629.9501953125,4592.7998046875,4603.0,118491
2023-08-22,4415.466796875,4628.39990234375,4636.5498046875,4601.64990234375,4617.9501953125,96290
2023-08-23,4446.328125,4660.75,4666.35009765625,4619.0,4640.0,263771
2023-08-24,4417.1357421875,4630.14990234375,4727.10009765625,4574.4501953125,4689.0,433867
2023-08-25,4373.15673828125,4584.0498046875,4646.89990234375,4569.75,4624.0,293384
2023-08-28,4388.80224609375,4600.4501953125,4620.0,4586.0,4586.5,283469
2023-08-29,4449.95361328125,4664.5498046875,4671.0,4605.0498046875,4615.0,320941
2023-08-30,4459.9228515625,4675.0,4720.7998046875,4661.60009765625,4688.9501953125,370694
2023-08-31,4401.5380859375,4613.7998046875,4703.0498046875,4602.2001953125,4675.0,479472
2023-09-01,4453.673828125,4668.4501953125,4699.0,4619.0,4622.39990234375,456071
2023-09-04,4423.81396484375,4637.14990234375,4689.39990234375,4622.39990234375,4683.0,328037
2023-09-05,4485.29931640625,4701.60009765625,4735.0,4635.35009765625,4639.0,353620
2023-09-06,4468.3173828125,4683.7998046875,4710.0,4666.7001953125,4701.5,224928
2023-09-07,4500.18115234375,4717.2001953125,4725.0,4655.0,4679.0,319934
2023-09-08,4540.58251953125,4759.5498046875,4784.60009765625,4702.7001953125,4717.2001953125,209769
2023-09-11,4585.27783203125,4806.39990234375,4810.0,4763.0,4779.0,151600
2023-09-12,4598.82421875,4820.60009765625,4849.85009765625,4762.60009765625,4843.9501953125,305478
2023-09-13,4587.08984375,4808.2998046875,4843.0,4800.25,4820.0,207142
2023-09-14,4621.62451171875,4844.5,4858.0,4787.5498046875,4814.9501953125,249498
2023-09-15,4894.46728515625,5130.5,5149.0,4893.0,4894.89990234375,1689829
2023-09-18,4938.4931640625,5176.64990234375,5274.89990234375,5094.25,5124.0,804973
2023-09-20,4944.50390625,5182.9501953125,5263.35009765625,5166.10009765625,5176.0,622924
2023-09-21,4851.2509765625,5085.2001953125,5185.5498046875,5073.10009765625,5168.0,640829
2023-09-22,4770.97265625,5001.0498046875,5084.14990234375,4996.2001953125,5051.0,498375
2023-09-25,4775.17041015625,5005.4501953125,5060.14990234375,4992.85009765625,5000.0,539731
2023-09-26,4835.98779296875,5069.2001953125,5102.9501953125,5000.14990234375,5011.0,450923
2023-09-27,4801.4052734375,5032.9501953125,5067.5498046875,5018.0,5065.2001953125,257406
2023-09-28,4776.267578125,5006.60009765625,5128.85009765625,4980.14990234375,5047.7998046875,580065
2023-09-29,4830.740234375,5063.7001953125,5082.5,5004.89990234375,5029.0,248079
2023-10-03,4785.6640625,5016.4501953125,5073.0,4997.10009765625,5065.0,464531
2023-10-04,4692.3154296875,4918.60009765625,5019.2001953125,4903.0498046875,5011.25,256544
2023-10-05,4780.51220703125,5011.0498046875,5039.2998046875,4925.10009765625,4935.0,657876
2023-10-06,4783.8994140625,5014.60009765625,5120.0,4997.5,5120.0,279352
2023-10-09,4776.9345703125,5007.2998046875,5068.7001953125,4957.0498046875,4957.0498046875,244083
2023-10-10,4805.74560546875,5037.5,5064.0,5002.2001953125,5007.2998046875,307502
2023-10-11,4831.408203125,5064.39990234375,5095.0,5050.0,5055.0,575680
2023-10-12,4871.66650390625,5106.60009765625,5151.0,5051.10009765625,5085.0,472168
2023-10-13,4819.9599609375,5052.39990234375,5123.4501953125,5040.0,5089.9501953125,387366
2023-10-16,4843.14208984375,5076.7001953125,5099.39990234375,5032.0,5035.0,158560
2023-10-17,4904.72216796875,5141.25,5150.0,5070.0,5083.0,318565
2023-10-18,4901.001953125,5137.35009765625,5198.75,5125.64990234375,5150.0,360985
2023-10-19,5230.36865234375,5482.60009765625,5495.0,5245.0,5300.0,2838352
2023-10-20,5236.76025390625,5489.2998046875,5510.0,5436.89990234375,5450.0,763919
2023-10-23,5156.7197265625,5405.39990234375,5493.39990234375,5395.0498046875,5453.0498046875,451167
2023-10-25,5101.29296875,5347.2998046875,5423.9501953125,5332.2998046875,5385.0,620266
2023-10-26,5017.38916015625,5259.35009765625,5347.4501953125,5236.0,5333.85009765625,746266
2023-10-27,5126.3349609375,5373.5498046875,5423.7001953125,5265.0,5265.0,843465
2023-10-30,5064.6591796875,5308.89990234375,5397.75,5275.0,5388.0,360967
2023-10-31,5069.57275390625,5314.0498046875,5366.14990234375,5292.60009765625,5340.0,400987
2023-11-01,5098.478515625,5344.35009765625,5449.5,5305.0,5305.0,619765
2023-11-02,5073.72216796875,5318.39990234375,5392.85009765625,5285.0,5383.89990234375,304362
2023-11-03,5121.947265625,5368.9501953125,5377.0498046875,5316.60009765625,5357.0,448715
2023-11-06,5158.10302734375,5406.85009765625,5427.5,5377.10009765625,5380.0,394137
2023-11-07,5169.6943359375,5419.0,5445.0,5405.2998046875,5406.85009765625,202689
2023-11-08,5149.279296875,5397.60009765625,5435.25,5381.25,5434.0,202145
2023-11-09,5169.5986328125,5418.89990234375,5455.0,5382.14990234375,5421.7998046875,232773
2023-11-10,5143.984375,5392.0498046875,5427.0498046875,5349.0498046875,5409.9501953125,149325
2023-11-13,5175.609375,5425.2001953125,5439.7998046875,5395.5498046875,5435.0,93497
2023-11-15,5281.9794921875,5536.7001953125,5555.0,5461.10009765625,5525.0,640468
2023-11-16,5295.52587890625,5550.89990234375,5583.2998046875,5496.9501953125,5520.0,324712
2023-11-17,5372.41796875,5631.5,5674.9501953125,5479.35009765625,5556.89990234375,531539
2023-11-20,5390.2099609375,5650.14990234375,5675.9501953125,5606.0,5610.0498046875,679425
2023-11-21,5424.36328125,5685.9501953125,5707.35009765625,5640.0,5640.5,746193
2023-11-22,5486.94482421875,5751.5498046875,5764.89990234375,5661.2998046875,5680.0,497403
2023-11-23,5652.6533203125,5925.25,5945.0,5783.10009765625,5800.0,1118718
2023-11-24,5657.47119140625,5930.2998046875,5960.0,5900.0,5940.0,297211
2023-11-28,5722.2001953125,5998.14990234375,6039.64990234375,5912.0,5969.7998046875,380535
2023-11-29,5790.69677734375,6069.9501953125,6096.39990234375,5973.2998046875,6010.0,406974
2023-11-30,5810.3486328125,6090.5498046875,6128.89990234375,6031.0,6095.0,501833
2023-12-01,5767.89599609375,6046.0498046875,6090.0,6003.2998046875,6050.0,439023
2023-12-04,5916.3857421875,6201.7001953125,6217.7001953125,6087.4501953125,6090.5498046875,359158
2023-12-05,5857.61962890625,6140.10009765625,6194.0498046875,6111.10009765625,6194.0498046875,565826
2023-12-06,5790.69677734375,6069.9501953125,6096.0,5987.85009765625,6089.0498046875,699201
2023-12-07,5813.2587890625,6093.60009765625,6154.4501953125,6063.10009765625,6069.9501953125,427407
2023-12-08,5796.18212890625,6075.7001953125,6120.0,6048.0498046875,6115.0,233266
2023-12-11,5855.99755859375,6138.39990234375,6145.0,6018.2998046875,6085.0,175955
2023-12-12,5966.47021484375,6254.2001953125,6299.9501953125,6149.9501953125,6164.0,810900
2023-12-13,6025.5224609375,6316.10009765625,6329.0,6224.35009765625,6259.89990234375,373989
2023-12-14,6043.41015625,6334.85009765625,6360.0,6284.2001953125,6325.0,419212
2023-12-15,5986.50439453125,6275.2001953125,6402.10009765625,6256.14990234375,6368.9501953125,553522
2023-12-18,6168.240234375,6465.7001953125,6486.75,6262.14990234375,6275.2001953125,851061
2023-12-19,6123.6884765625,6419.0,6470.25,6395.89990234375,6470.0,377109
2023-12-20,6071.64794921875,6364.4501953125,6466.0,6350.0,6434.0,385863
2023-12-21,5958.98193359375,6246.35009765625,6345.0,6232.0,6333.2001953125,397717
2023-12-22,6078.9462890625,6372.10009765625,6395.0,6264.25,6288.0,237213
2023-12-26,6167.142578125,6464.5498046875,6475.0,6370.0498046875,6379.85009765625,302139
2023-12-27,6400.966796875,6709.64990234375,6740.25,6465.2001953125,6470.0,1017894
2023-12-28,6394.90869140625,6703.2998046875,6738.64990234375,6666.0,6709.64990234375,406228
2023-12-29,6484.53662109375,6797.25,6833.9501953125,6666.0,6729.9501953125,345626
2024-01-01,6392.810546875,6701.10009765625,6795.5,6682.0498046875,6770.0,253274
2024-01-02,6358.41845703125,6665.0498046875,6736.7998046875,6560.9501953125,6711.0,361379
2024-01-03,6665.080078125,6986.5,7059.85009765625,6604.0,6644.0498046875,1256275
2024-01-04,6603.69091796875,6922.14990234375,7028.9501953125,6887.0,7025.0,619987
2024-01-05,6657.4482421875,6978.5,7084.0,6920.5,6950.0,659306
2024-01-08,6662.55224609375,6983.85009765625,7049.85009765625,6961.5,7018.9501953125,312733
2024-01-09,6767.53857421875,7093.89990234375,7399.0,7075.89990234375,7341.0,2125908
2024-01-10,6729.236328125,7053.75,7139.9501953125,7020.0,7125.0,721432
2024-01-11,6963.060546875,7298.85009765625,7324.89990234375,7075.0,7090.0,1031594
2024-01-12,6966.01806640625,7301.9501953125,7360.9501953125,7252.0,7360.0,434753
2024-01-15,6966.01806640625,7301.9501953125,7301.9501953125,7301.9501953125,7301.9501953125,0
2024-01-16,6958.38623046875,7293.9501953125,7356.14990234375,7244.0,7339.0,272181
2024-01-17,6836.2744140625,7165.9501953125,7210.0,7081.0,7112.0,619338
2024-01-18,6757.712890625,7083.60009765625,7189.25,7071.14990234375,7148.0,557084
2024-01-19,6808.2265625,7136.5498046875,7180.0,7105.0,7138.7998046875,327976
2024-01-23,6769.447265625,7095.89990234375,7210.0,6936.5498046875,7075.0,953921
2024-01-24,6881.01708984375,7212.85009765625,7237.0,7028.2001953125,7075.10009765625,467134
2024-01-25,7247.97021484375,7597.5,7625.14990234375,7210.0,7360.0,2065788
2024-01-29,7201.5107421875,7548.7998046875,7640.0,7480.0,7594.0,457853
2024-01-30,7218.30126953125,7566.39990234375,7660.0,7543.64990234375,7574.89990234375,266287
2024-01-31,7314.7978515625,7667.5498046875,7686.0,7515.10009765625,7566.39990234375,336874
2024-02-01,7303.541015625,7655.75,7765.0,7636.35009765625,7680.0,394564
2024-02-02,7382.19775390625,7738.2001953125,7797.5,7665.60009765625,7675.0,197720
2024-02-05,7305.92529296875,7658.25,7838.0,7633.5,7800.0,252401
2024-02-06,7365.21630859375,7720.39990234375,7747.7001953125,7670.60009765625,7675.0,131992
2024-02-07,7347.5673828125,7701.89990234375,7777.7998046875,7665.60009765625,7745.0,159783
2024-02-08,7400.37109375,7757.25,7783.4501953125,7668.14990234375,7729.0,282537
2024-02-09,7426.70166015625,7784.85009765625,7790.5,7669.0,7778.7998046875,173555
2024-02-12,7469.7265625,7829.9501953125,7874.2001953125,7766.0498046875,7775.0,219911
2024-02-13,7553.1533203125,7917.39990234375,7935.14990234375,7811.9501953125,7830.0,258767
2024-02-14,7711.4208984375,8083.2998046875,8136.85009765625,7880.0,7899.0,513900
2024-02-15,7749.341796875,8123.0498046875,8156.85009765625,8045.2998046875,8120.60009765625,394525
2024-02-16,7942.048828125,8325.0498046875,8455.4501953125,8137.10009765625,8185.85009765625,938756
2024-02-19,8118.2041015625,8509.7001953125,8650.0,8361.099609375,8400.0,1044959
2024-02-20,7913.572265625,8295.2001953125,8505.0,8238.7001953125,8505.0,547082
2024-02-21,7853.51806640625,8232.25,8376.849609375,8205.0,8300.0,439817
2024-02-22,8107.4716796875,8498.4501953125,8550.0,8220.0,8260.0,548486
2024-02-23,8048.80126953125,8436.9501953125,8531.0,8401.0498046875,8497.5,340749
2024-02-26,8059.3427734375,8448.0,8547.9501953125,8375.0,8458.7998046875,345968
2024-02-27,8074.1298828125,8463.5,8490.0,8383.5,8460.0,392445
2024-02-28,7811.92431640625,8188.64990234375,8486.650390625,8071.85009765625,8470.0,537728
2024-02-29,7545.4736328125,7909.35009765625,8143.5,7890.0,7997.39990234375,1042536
2024-03-01,7670.16064453125,8040.0498046875,8094.0,7945.2998046875,7955.0,399007
2024-03-04,7829.71630859375,8207.2998046875,8225.0,8046.64990234375,8068.75,410053
2024-03-05,7967.5205078125,8351.75,8388.0,8160.0498046875,8160.0498046875,615117
2024-03-06,8209.8828125,8605.7998046875,8681.150390625,8364.0,8369.7001953125,959543
2024-03-07,8470.5615234375,8879.0498046875,8972.849609375,8500.0498046875,8638.0,1243547
2024-03-11,8261.0166015625,8659.400390625,9025.0,8630.0,9023.4501953125,631957
2024-03-12,8135.37646484375,8527.7001953125,8699.9501953125,8475.25,8636.9501953125,324864
2024-03-13,7999.14599609375,8384.900390625,8617.2001953125,8296.9501953125,8527.7001953125,430048
2024-03-14,7997.85693359375,8383.5498046875,8400.0,8202.0498046875,8330.5,392634
2024-03-15,7966.51904296875,8350.7001953125,8432.099609375,8110.0,8384.7998046875,676870
2024-03-18,8129.74755859375,8521.7998046875,8547.150390625,8294.2001953125,8343.0,367524
2024-03-19,8242.7001953125,8640.2001953125,8687.900390625,8442.5498046875,8500.0,673456
2024-03-20,8238.3115234375,8635.599609375,8784.0,8562.0,8640.0,790885
2024-03-21,8348.0205078125,8750.599609375,8770.0,8585.0,8608.2001953125,720691
2024-03-22,8533.7158203125,8945.25,9050.0,8682.0,8700.0498046875,851210
2024-03-26,8548.3125,8960.5498046875,9020.0,8851.0498046875,8945.25,534067
2024-03-27,8740.9716796875,9162.5,9287.7998046875,8926.7001953125,8959.0,1034030
2024-03-28,8727.2822265625,9148.150390625,9243.599609375,8980.0498046875,9162.5,847202
2024-04-01,8626.1591796875,9042.150390625,9211.599609375,9013.099609375,9194.7998046875,419820
2024-04-02,8849.3447265625,9276.099609375,9357.9501953125,9139.5,9150.0,803845
2024-04-03,8662.6962890625,9080.4501953125,9248.9501953125,9065.2001953125,9248.9501953125,453210
2024-04-04,8725.373046875,9146.150390625,9181.75,8988.0498046875,9139.0,617929
2024-04-05,8595.009765625,9009.5,9130.0,9000.5,9130.0,356305
2024-04-08,8615.0439453125,9030.5,9090.0,8951.2998046875,9049.0,376197
2024-04-09,8565.8173828125,8978.900390625,9132.7001953125,8936.400390625,9090.0,237944
2024-04-10,8591.2421875,9005.5498046875,9049.7998046875,8901.349609375,9034.7998046875,319824
2024-04-12,8647.8134765625,9064.849609375,9119.0,8930.0,8949.0498046875,480474
2024-04-15,8583.1328125,8997.0498046875,9177.7001953125,8945.0,9059.099609375,386707
2024-04-16,8508.8173828125,8919.150390625,9029.4501953125,8784.099609375,8948.0,487529
2024-04-18,8606.267578125,9021.2998046875,9129.0,8950.0,8967.900390625,819240
2024-04-19,8399.44140625,8804.5,9090.0,8700.0498046875,9075.0498046875,1385007
2024-04-22,8391.09375,8795.75,8884.0,8745.0,8884.0,323734
2024-04-23,8391.1416015625,8795.7998046875,8861.5,8761.0,8845.0,295346
2024-04-24,8296.982421875,8697.099609375,8869.0,8680.0,8819.900390625,319824
2024-04-25,8333.0439453125,8734.900390625,8770.0,8641.400390625,8697.0,524667
2024-04-26,8561.4296875,8974.2998046875,8994.9501953125,8734.5498046875,8747.2998046875,521344
2024-04-29,8357.0830078125,8760.099609375,8989.7998046875,8729.0,8974.2998046875,299443
2024-04-30,8494.0302734375,8903.650390625,8966.0,8795.0,8799.400390625,360403
2024-05-02,8691.5068359375,9110.650390625,9146.4501953125,8826.099609375,8944.0,638239
2024-05-03,8686.6884765625,9105.599609375,9258.599609375,9064.349609375,9170.0,396042
2024-05-06,8636.0791015625,9052.5498046875,9185.75,8810.5498046875,9120.0,458431
2024-05-07,8278.666015625,8677.900390625,9074.9501953125,8642.5498046875,9055.150390625,588285
2024-05-08,8346.8759765625,8749.400390625,8785.349609375,8592.7998046875,8651.0,451581
2024-05-09,8439.8427734375,8846.849609375,9007.4501953125,8786.349609375,8800.0,645689
2024-05-10,8568.583984375,8981.7998046875,9047.9501953125,8906.5,8950.0,482797
2024-05-13,8578.6015625,8992.2998046875,9025.0,8870.5,9022.900390625,435605
2024-05-14,8648.1953125,9065.25,9089.0,8882.75,8952.25,408162
2024-05-15,8493.5537109375,8903.150390625,9125.0,8877.349609375,9069.0,274392
2024-05-16,8463.6923828125,8871.849609375,8955.5498046875,8710.0,8950.0,680474
2024-05-17,8376.736328125,8780.7001953125,8958.349609375,8765.5,8891.0,323961
2024-05-21,8414.896484375,8820.7001953125,8860.0,8775.0,8775.0,417798
2024-05-22,8400.443359375,8805.5498046875,8850.0,8736.0,8850.0,302838
2024-05-23,8551.0791015625,8963.4501953125,8985.0,8751.2001953125,8850.0,731514
2024-05-24,8536.53125,8948.2001953125,9024.0,8870.099609375,8980.0,455920
2024-05-27,8584.70703125,8998.7001953125,9069.4501953125,8881.7001953125,9002.0,301747
2024-05-28,8576.1689453125,8989.75,9022.25,8916.2001953125,8998.7001953125,259094
2024-05-29,8652.91796875,9070.2001953125,9139.4501953125,8902.75,8950.0,339934
2024-05-30,8555.896484375,8968.5,9128.900390625,8927.599609375,9068.0,305109
2024-05-31,8666.7978515625,9084.75,9125.5,8923.0,8990.0,560005
2024-06-03,8905.9658203125,9335.4501953125,9444.0,9122.5498046875,9180.0,438422
2024-06-04,8821.345703125,9246.75,9372.849609375,8808.0,9227.0,738601
2024-06-05,9160.490234375,9602.25,9679.0,9176.0,9241.0,489543
2024-06-06,9255.126953125,9701.4501953125,9740.0,9454.0,9595.2998046875,570095
2024-06-07,9278.1171875,9725.5498046875,9740.099609375,9615.0,9643.599609375,246783
2024-06-10,9285.2724609375,9733.0498046875,9924.0,9681.5,9779.0,201452
2024-06-11,9361.2578125,9812.7001953125,9900.0,9700.099609375,9740.0,457442
2024-06-12,9448.5966796875,9904.25,9944.0,9795.7001953125,9854.0,277175
2024-06-13,9466.8662109375,9923.400390625,9940.0,9825.25,9904.0,277783
2024-06-14,9580.6884765625,9961.75,9995.0,9813.0498046875,9826.0,320933
2024-06-18,9538.8046875,9918.2001953125,10038.7998046875,9908.0,9922.0,206100
2024-06-19,9315.2939453125,9685.7998046875,9948.0,9670.0,9939.5,279789
2024-06-20,9263.5517578125,9632.0,9735.900390625,9565.0,9692.0,324597
2024-06-21,9234.9404296875,9602.25,9728.9501953125,9571.099609375,9675.0,334018
2024-06-24,9372.470703125,9745.25,9758.9501953125,9510.5498046875,9580.0,283754
2024-06-25,9290.43359375,9659.9501953125,9825.0,9645.0,9755.0,282048
2024-06-26,9112.2216796875,9474.650390625,9660.2998046875,9441.5,9659.900390625,431217
2024-06-27,9057.208984375,9417.4501953125,9564.650390625,9365.650390625,9564.650390625,637626
2024-06-28,9138.1884765625,9501.650390625,9523.7001953125,9382.25,9465.0,237516
2024-07-01,9167.7626953125,9532.400390625,9693.9501953125,9505.0,9505.0,289355
2024-07-02,9041.62890625,9401.25,9532.400390625,9381.099609375,9520.0,287884
2024-07-03,9061.9697265625,9422.400390625,9554.9501953125,9384.599609375,9474.0,318120
2024-07-04,9098.94921875,9460.849609375,9499.0,9420.349609375,9479.900390625,234656
2024-07-05,9267.20703125,9635.7998046875,9660.0,9493.2998046875,9522.0,608628
2024-07-08,9164.876953125,9529.400390625,9666.150390625,9470.0,9640.0,316215
2024-07-09,9169.396484375,9534.099609375,9565.0,9481.2001953125,9565.0,262913
2024-07-10,9177.4287109375,9542.4501953125,9650.0,9451.9501953125,9550.0,239607
2024-07-11,9104.6708984375,9466.7998046875,9569.5,9383.0,9542.4501953125,294900
2024-07-12,9070.0009765625,9430.75,9554.349609375,9412.0,9499.9501953125,171581
2024-07-15,9303.3193359375,9673.349609375,9738.5,9403.9501953125,9430.75,504086
2024-07-16,9346.5986328125,9718.349609375,9909.9501953125,9633.650390625,9715.0,1041123
2024-07-18,9257.974609375,9626.2001953125,9745.0,9291.5,9745.0,1055384
2024-07-19,9027.009765625,9386.0498046875,9675.0,9340.0,9635.0,380782
2024-07-22,9049.755859375,9409.7001953125,9435.0,9263.2001953125,9350.0,247040
2024-07-23,9023.595703125,9382.5,9508.0,8744.599609375,9435.0,431989
2024-07-24,8905.974609375,9260.2001953125,9372.7001953125,9250.0,9360.0,283213
2024-07-25,8923.333984375,9278.25,9309.9501953125,9171.0,9260.0,262328
2024-07-26,9129.7734375,9492.900390625,9505.0,9268.4501953125,9319.0,250956
2024-07-29,9192.046875,9557.650390625,9621.0498046875,9509.0,9549.2001953125,302363
2024-07-30,9198.4892578125,9564.349609375,9654.0,9512.0,9550.650390625,301885
2024-07-31,9294.5205078125,9664.2001953125,9680.0,9580.0498046875,9600.0,315292
2024-08-01,9358.2841796875,9730.5,9844.0,9662.0,9844.0,308658
2024-08-02,9248.3564453125,9616.2001953125,9730.0,9581.75,9714.7998046875,230615
2024-08-05,9122.22265625,9485.0498046875,9520.0,9369.2998046875,9396.2001953125,310757
2024-08-06,9066.779296875,9427.400390625,9620.0,9400.0,9515.25,246541
2024-08-07,9336.8369140625,9708.2001953125,9725.0,9497.5,9570.0,270583
2024-08-08,9272.4970703125,9641.2998046875,9777.7001953125,9610.150390625,9735.0,365016
2024-08-09,9392.37890625,9765.9501953125,9775.0,9614.0,9761.0,161640
2024-08-12,9339.3857421875,9710.849609375,9750.9501953125,9615.0,9741.0,307698
2024-08-13,9301.6376953125,9671.599609375,9789.849609375,9650.0,9700.0,161706
2024-08-14,9376.654296875,9749.599609375,9785.0,9671.599609375,9704.0,282934
2024-08-16,9509.904296875,9888.150390625,9925.0,9693.9501953125,9788.0,240190
2024-08-19,9396.8994140625,9770.650390625,9944.0,9759.2998046875,9926.9501953125,148301
2024-08-20,9405.6025390625,9779.7001953125,9876.650390625,9755.0498046875,9772.2001953125,132844
2024-08-21,9475.13671875,9852.0,9869.0,9735.0,9779.099609375,134985
2024-08-22,9534.95703125,9914.2001953125,10011.0,9841.099609375,9900.0,388874
2024-08-23,10008.3779296875,10406.4501953125,10444.349609375,9930.0,9970.0,1229549
2024-08-26,10033.4794921875,10432.5498046875,10517.150390625,10339.650390625,10375.099609375,309223
2024-08-27,10099.8876953125,10501.599609375,10568.4501953125,10350.0,10401.0,262396
2024-08-28,10249.103515625,10656.75,10715.0,10461.2998046875,10500.0,338792
2024-08-29,10394.421875,10807.849609375,10850.0,10555.400390625,10582.0498046875,693506
2024-08-30,10474.9208984375,10891.5498046875,10921.349609375,10705.0,10835.0,498560
2024-09-02,10700.4990234375,11126.099609375,11154.099609375,10912.150390625,10926.0,787108
2024-09-03,10621.203125,11043.650390625,11118.7001953125,11015.0,11105.9501953125,217394
2024-09-04,10544.3115234375,10963.7001953125,11029.849609375,10908.900390625,11012.0,324246
2024-09-05,10440.4912109375,10855.75,11015.849609375,10825.5498046875,10964.0,297298
2024-09-06,10415.8212890625,10830.099609375,10913.9501953125,10796.25,10855.75,216847
2024-09-09,10432.6513671875,10847.599609375,10902.400390625,10780.0,10830.099609375,193055
2024-09-10,10567.44140625,10987.75,11035.7001953125,10780.0498046875,10793.400390625,466892
2024-09-11,10983.8779296875,11420.75,11501.2998046875,10986.599609375,11067.75,1283385
2024-09-12,11275.0478515625,11723.5,11779.25,11443.349609375,11480.75,1409151
2024-09-13,11288.1748046875,11737.150390625,11893.9501953125,11688.400390625,11723.5,417878
2024-09-16,11241.2412109375,11688.349609375,11751.7998046875,11640.0498046875,11734.0,172602
2024-09-17,11493.1708984375,11950.2998046875,11972.849609375,11643.099609375,11680.0,444755
2024-09-18,11314.623046875,11764.650390625,12054.0,11740.0,11840.5,446416
2024-09-19,11414.01953125,11868.0,12040.25,11811.2001953125,11811.2001953125,500633
2024-09-20,11484.900390625,11941.7001953125,12015.0,11868.25,11925.0,772831
2024-09-23,11866.955078125,12338.9501953125,12380.0,12000.0,12000.0,735579
2024-09-24,11967.650390625,12443.650390625,12477.5,12230.5498046875,12230.5498046875,503848
2024-09-25,11923.025390625,12397.25,12430.7001953125,12310.0,12390.0,262012
2024-09-26,12138.8408203125,12621.650390625,12676.5,12391.0498046875,12460.0,641805
2024-09-27,12181.87890625,12666.400390625,12774.0,12551.599609375,12621.650390625,480852
2024-09-30,11873.6875,12345.9501953125,12651.150390625,12281.650390625,12553.599609375,479000
2024-10-01,11692.3974609375,12157.4501953125,12500.0,12112.099609375,12414.25,670828
2024-10-03,11354.82421875,11806.4501953125,12018.849609375,11700.0,11732.0,670365
2024-10-04,11324.0,11774.400390625,11948.2998046875,11639.0,11661.2001953125,650553
2024-10-07,11172.6689453125,11617.0498046875,11817.0,11525.0,11774.400390625,341323
2024-10-08,11434.3115234375,11889.099609375,11936.849609375,11562.2001953125,11585.0,359432
2024-10-09,11366.0283203125,11818.099609375,11988.7998046875,11802.0,11944.0,193883
2024-10-10,11379.396484375,11832.0,12030.9501953125,11803.099609375,11821.5,251378
2024-10-11,11422.6279296875,11876.9501953125,11930.650390625,11705.599609375,11890.0,200855
2024-10-14,11444.1220703125,11899.2998046875,11990.099609375,11861.599609375,11928.7998046875,177045
2024-10-15,11080.7734375,11521.5,11950.0,11467.0,11950.0,476945
2024-10-16,11172.5732421875,11616.9501953125,11680.0,11381.150390625,11537.900390625,504602
2024-10-17,9732.35546875,10119.4501953125,11287.349609375,10071.0,11222.2001953125,3668914
2024-10-18,9678.9794921875,10063.9501953125,10149.099609375,9841.099609375,10049.5498046875,1543331
2024-10-21,10098.830078125,10500.5,10829.849609375,9881.400390625,10063.0,2110278
2024-10-22,9971.7353515625,10368.349609375,10614.9501953125,10320.0,10500.5,1191148
2024-10-23,10181.78125,10586.75,10735.099609375,10342.4501953125,10368.0,1323887
2024-10-24,9908.4033203125,10302.5,10593.4501953125,10210.0,10504.0,653421
2024-10-25,9815.69140625,10206.099609375,10368.2001953125,9925.0,10300.0,644769
2024-10-28,9628.294921875,10011.25,10292.75,9985.0,10206.099609375,340768
2024-10-29,9474.0302734375,9850.849609375,10073.9501953125,9640.0,10073.9501953125,1100706
2024-10-30,9560.396484375,9940.650390625,10057.75,9770.0,9820.0,604822
2024-10-31,9460.037109375,9836.2998046875,10030.900390625,9805.0,9940.0,361801
2024-11-01,9498.169921875,9875.9501953125,9950.0,9838.7998046875,9905.0,53757
2024-11-04,9161.173828125,9525.5498046875,9896.5,9365.0,9896.5,1125992
2024-11-05,9497.1123046875,9874.849609375,10007.2998046875,9500.2001953125,9530.0,1019901
2024-11-06,9637.19140625,10020.5,10054.0,9848.7998046875,9883.400390625,514045
2024-11-07,9479.609375,9856.650390625,10079.7998046875,9789.9501953125,10070.599609375,473407
2024-11-08,9531.3037109375,9910.400390625,9991.0498046875,9777.25,9856.650390625,273163
2024-11-11,9539.91015625,9919.349609375,10032.900390625,9800.0,9850.0498046875,359768
2024-11-12,9308.4658203125,9678.7001953125,9999.0,9662.0,9900.0,316606
2024-11-13,9090.58203125,9452.150390625,9710.0,9416.099609375,9678.7001953125,494123
2024-11-14,9120.2041015625,9482.9501953125,9516.9501953125,9400.0,9410.0,275791
2024-11-18,9152.4697265625,9516.5,9603.0,9435.849609375,9459.0498046875,292519
2024-11-19,9180.5537109375,9545.7001953125,9698.599609375,9500.4501953125,9560.0,365397
2024-11-21,9141.4111328125,9505.0,9554.0,9414.349609375,9473.5,282212
2024-11-22,9118.9541015625,9481.650390625,9602.900390625,9444.099609375,9545.0,619823
2024-11-25,9060.576171875,9420.9501953125,9636.349609375,9392.0,9560.0,1090141
2024-11-26,8787.919921875,9137.4501953125,9484.0,9120.099609375,9465.0,750430
2024-11-27,8838.796875,9190.349609375,9256.9501953125,9103.0,9175.0,461513
2024-11-28,8668.7119140625,9013.5,9272.400390625,8992.25,9165.099609375,687966
2024-11-29,8688.0908203125,9033.650390625,9090.900390625,8993.0,9059.099609375,423101
2024-12-02,8781.0908203125,9130.349609375,9175.0,9056.9501953125,9078.7998046875,298320
2024-12-03,8811.337890625,9161.7998046875,9225.0498046875,9105.0,9105.0,398985
2024-12-04,8654.9111328125,8999.150390625,9240.0,8951.0,9161.7998046875,456462
2024-12-05,8551.810546875,8891.9501953125,9044.150390625,8746.5,9044.150390625,1803653
2024-12-06,8751.806640625,9099.900390625,9148.9501953125,8930.099609375,8953.900390625,746013
2024-12-09,8730.21484375,9077.4501953125,9171.0,9026.400390625,9096.0,304202
2024-12-10,8668.5185546875,9013.2998046875,9094.900390625,8980.0,9075.099609375,393944
2024-12-11,8722.9052734375,9069.849609375,9108.400390625,9013.650390625,9045.0498046875,254311
2024-12-12,8620.3837890625,8963.25,9095.0,8944.0,9095.0,599056
2024-12-13,8676.3095703125,9021.400390625,9051.0,8903.75,8964.150390625,243931
2024-12-16,8654.140625,8998.349609375,9078.75,8970.0,9064.0,228470
2024-12-17,8554.744140625,8895.0,8990.0,8851.400390625,8989.7998046875,456493
2024-12-18,8614.1318359375,8956.75,9006.25,8800.0,8825.0,303382
2024-12-19,8639.0419921875,8982.650390625,9003.0,8762.5498046875,8823.0,516640
2024-12-20,8451.115234375,8787.25,9066.75,8759.400390625,8950.0,316335
2024-12-23,8433.03515625,8768.4501953125,8874.9501953125,8719.900390625,8849.9501953125,514460
2024-12-24,8442.267578125,8778.0498046875,8854.0,8731.0,8745.0,297827
2024-12-26,8538.8759765625,8878.5,8898.650390625,8797.599609375,8810.0,240675
2024-12-27,8586.7705078125,8928.2998046875,9179.150390625,8896.25,8896.25,713799
2024-12-30,8444.046875,8779.900390625,8962.4501953125,8737.5498046875,8928.0,1065253
2024-12-31,8462.03125,8798.599609375,8839.75,8740.150390625,8770.0,294554
2025-01-01,8406.2021484375,8740.5498046875,8767.0,8551.0,8754.0498046875,558535
2025-01-02,8732.1865234375,9079.5,9107.2998046875,8677.5498046875,8740.5,734590
2025-01-03,8622.740234375,8965.7001953125,9109.9501953125,8945.0,9100.0,337802
2025-01-06,8486.3154296875,8823.849609375,9093.900390625,8795.0,9004.9501953125,238306
2025-01-07,8473.2841796875,8810.2998046875,8887.9501953125,8735.099609375,8870.0,270785
2025-01-08,8311.662109375,8642.25,8830.9501953125,8612.0,8776.0,415288
2025-01-09,8497.8564453125,8835.849609375,8898.0,8692.099609375,8719.9501953125,612457
2025-01-10,8428.755859375,8764.0,8855.0,8642.099609375,8832.4501953125,350859
2025-01-13,8267.4228515625,8596.25,8749.900390625,8551.0,8704.5,341577
2025-01-14,8281.80078125,8611.2001953125,8698.0,8525.0,8620.0,355464
2025-01-15,8249.87109375,8578.0,8799.0,8561.2998046875,8623.900390625,347402
2025-01-16,8253.669921875,8581.9501953125,8639.900390625,8549.7001953125,8621.0,290855
2025-01-17,8253.140625,8581.400390625,8666.599609375,8531.2998046875,8565.849609375,183057
2025-01-20,8217.5556640625,8544.400390625,8609.599609375,8462.7001953125,8600.0,294136
2025-01-21,8144.60693359375,8468.5498046875,8608.7998046875,8412.099609375,8582.4501953125,343149
2025-01-22,8137.20166015625,8460.849609375,8534.9501953125,8395.0,8480.7998046875,344305
2025-01-23,8078.63134765625,8399.9501953125,8502.2001953125,8375.650390625,8439.150390625,347894
2025-01-24,8080.1220703125,8401.5,8489.9501953125,8360.0,8414.400390625,232317
2025-01-27,8063.86767578125,8384.599609375,8418.9501953125,8290.349609375,8378.0498046875,324406
2025-01-28,8077.14111328125,8398.400390625,8489.0,8361.349609375,8426.4501953125,651069
2025-01-29,8295.888671875,8625.849609375,8807.0,8420.150390625,8420.150390625,802600
2025-01-30,8413.1748046875,8747.7998046875,8824.2998046875,8602.5,8659.9501953125,322587
2025-01-31,8509.349609375,8847.7998046875,8959.900390625,8744.0498046875,8800.0,315913
2025-02-01,8805.375,9155.599609375,9178.0,8806.2998046875,8887.900390625,418755
2025-02-03,8585.087890625,8926.5498046875,9150.0,8886.5498046875,9150.0,667412
2025-02-04,8570.517578125,8911.400390625,9059.650390625,8877.599609375,8950.0,440468
2025-02-05,8586.2900390625,8927.7998046875,8968.0,8895.0,8930.0,329075
2025-02-06,8507.9541015625,8846.349609375,8961.650390625,8811.0,8922.0,580590
2025-02-07,8645.5341796875,8989.400390625,9026.0,8851.0498046875,8890.5498046875,244178
2025-02-10,8540.8466796875,8880.5498046875,9069.7998046875,8845.849609375,8989.400390625,192650
2025-02-11,8426.8310546875,8762.0,8877.4501953125,8732.5498046875,8830.0,282926
2025-02-12,8378.359375,8711.599609375,8819.400390625,8647.0,8732.0,411042
2025-02-13,8358.884765625,8691.349609375,8777.0498046875,8651.4501953125,8715.0498046875,206920
2025-02-14,8181.10498046875,8506.5,8722.7001953125,8419.900390625,8700.0,369356
2025-02-17,8210.5830078125,8537.150390625,8552.0498046875,8382.650390625,8494.0,224417
2025-02-18,8123.49609375,8446.599609375,8550.0,8390.4501953125,8510.099609375,206278
2025-02-19,8155.138671875,8479.5,8527.7001953125,8405.0498046875,8440.0498046875,200819
2025-02-20,8300.0732421875,8630.2001953125,8640.0,8459.900390625,8459.9501953125,188845
2025-02-21,8180.6728515625,8506.0498046875,8614.0,8450.0,8550.0,222132
2025-02-24,8123.833984375,8446.9501953125,8488.4501953125,8341.599609375,8450.5,275998
2025-02-25,8095.89501953125,8417.900390625,8468.099609375,8365.0498046875,8450.0,237383
2025-02-27,7917.44189453125,8232.349609375,8413.9501953125,8183.39990234375,8360.099609375,350992
2025-02-28,7600.5947265625,7902.89990234375,8234.75,7886.2998046875,8234.75,580155
2025-03-03,7419.68994140625,7714.7998046875,7998.2998046875,7679.60009765625,7934.9501953125,497052
2025-03-04,7052.783203125,7333.2998046875,7680.0,7317.0498046875,7652.10009765625,1078953
2025-03-05,7136.455078125,7420.2998046875,7443.2998046875,7301.0,7332.2001953125,749464
2025-03-06,7176.80029296875,7462.25,7500.0,7376.9501953125,7481.0,917093
2025-03-07,7284.9970703125,7574.75,7624.0,7451.10009765625,7462.25,942308
2025-03-10,7100.966796875,7383.39990234375,7573.0,7352.0,7573.0,495241
2025-03-11,7213.05859375,7499.9501953125,7515.9501953125,7328.0,7355.5,412703
2025-03-12,7227.58056640625,7515.0498046875,7569.0,7429.85009765625,7499.9501953125,529286
2025-03-13,7217.626953125,7504.7001953125,7545.25,7415.0,7545.25,454776
2025-03-17,7199.68994140625,7486.0498046875,7611.0,7433.0,7500.0,286383
2025-03-18,7199.68994140625,7486.0498046875,7486.0498046875,7486.0498046875,7486.0498046875,0
2025-03-19,7426.47021484375,7721.85009765625,7767.64990234375,7619.25,7674.0,409356
2025-03-20,7617.04052734375,7920.0,7951.9501953125,7722.0,7734.9501953125,606109
2025-03-21,7759.23486328125,8067.85009765625,8151.0,7938.0,7969.0,703280
2025-03-24,7814.7275390625,8125.5498046875,8213.9501953125,8070.0,8117.7998046875,453508
2025-03-25,7699.7509765625,8006.0,8167.9501953125,7952.0,8160.0,824076
2025-03-26,7671.95654296875,7977.10009765625,8047.4501953125,7910.0,8014.35009765625,391366
2025-03-27,7669.26318359375,7974.2998046875,8039.10009765625,7852.25,7901.0,651971
2025-03-28,7577.46435546875,7878.85009765625,8024.89990234375,7810.75,7970.39990234375,392400
2025-04-01,7687.2958984375,7993.0498046875,8048.0,7631.0,7631.0,283618
2025-04-02,7764.1396484375,8072.9501953125,8083.7998046875,7945.0,7962.0,237191
2025-04-03,7609.5390625,7912.2001953125,7940.0498046875,7840.0,7940.0498046875,470005
2025-04-04,7391.1259765625,7685.10009765625,7889.85009765625,7652.25,7880.0,461228
2025-04-07,7027.29638671875,7306.7998046875,7357.5498046875,7089.35009765625,7300.0,469629
2025-04-08,7211.23095703125,7498.0498046875,7529.85009765625,7345.75,7384.5,259199
2025-04-09,7282.640625,7572.2998046875,7631.2998046875,7460.5,7525.4501953125,261256
2025-04-11,7471.67236328125,7768.85009765625,7779.9501953125,7636.35009765625,7719.5,290737
2025-04-15,7689.65234375,7995.5,8040.0,7828.5,8000.0,387999
2025-04-16,7656.95263671875,7961.5,7999.5,7864.5,7999.0,294161
2025-04-17,7711.29150390625,8018.0,8055.0,7864.5,7994.0,274331
2025-04-21,7932.01318359375,8247.5,8275.0,7950.0,8010.0,285132
2025-04-22,7829.5869140625,8141.0,8186.5,8075.0,8186.0,394636
2025-04-23,7945.4775390625,8261.5,8294.5,8051.0,8111.0,598686
2025-04-24,7887.7724609375,8201.5,8328.0,8169.0,8260.0,322100
2025-04-25,7726.6796875,8034.0,8259.5,7965.0,8225.0,508224
2025-04-28,7786.30810546875,8096.0,8134.5,7971.0,8034.0,282481
2025-04-29,7769.4775390625,8078.5,8169.5,8020.0,8136.5,228383
2025-04-30,7722.8330078125,8030.0,8077.5,7977.5,8060.0,447067
2025-05-02,7521.3466796875,7820.5,8086.0,7803.0,8000.0,379515
2025-05-05,7617.521484375,7920.5,7964.5,7850.0,7869.5,250175
2025-05-06,7641.56494140625,7945.5,8044.0,7910.0,7930.0,270568
2025-05-07,7548.75634765625,7849.0,7978.0,7811.5,7915.5,459640
2025-05-08,7429.01904296875,7724.5,7869.5,7670.0,7850.5,461725
2025-05-09,7388.62548828125,7682.5,7743.5,7612.0,7620.0,248982
2025-05-12,7731.96923828125,8039.5,8048.5,7778.0,7800.0,296774
2025-05-13,7754.5703125,8063.0,8109.0,7950.0,8039.5,407395
2025-05-14,7792.5595703125,8102.5,8208.0,8032.0,8090.0,225717
2025-05-15,8007.51025390625,8326.0,8366.0,8077.0,8135.0,497959
2025-05-16,8158.02392578125,8482.5,8495.0,8280.0,8350.0,483122
2025-05-19,8512.427734375,8851.0,8861.5,8492.0,8500.0,858221
2025-05-20,8237.3681640625,8565.0,8850.0,8526.5,8850.0,449936
2025-05-21,8355.181640625,8687.5,8765.0,8535.5,8608.0,572628
2025-05-22,8399.421875,8733.5,8775.5,8512.5,8660.0,916615
2025-05-23,8406.6357421875,8741.0,8838.0,8714.0,8765.0,321989
2025-05-26,8615.8154296875,8958.5,8978.5,8770.0,8784.5,440577
2025-05-27,8620.1435546875,8963.0,9004.5,8900.5,8945.0,401273
2025-05-28,8510.50390625,8849.0,9007.0,8775.0,8990.0,312080
2025-05-29,8535.0283203125,8874.5,8940.0,8802.0,8907.0,330341
2025-05-30,8277.76171875,8607.0,8865.0,8585.0,8787.0,1434828
2025-06-02,8187.83740234375,8513.5,8621.5,8415.0,8621.5,457251
2025-06-03,8235.4443359375,8563.0,8600.0,8490.0,8513.0,566074
2025-06-04,8235.92578125,8563.5,8640.5,8527.0,8550.5,431009
2025-06-05,8230.154296875,8557.5,8614.0,8509.5,8614.0,381642
2025-06-06,8306.61328125,8637.0,8685.0,8541.0,8608.0,435024
2025-06-09,8310.4599609375,8641.0,8705.0,8599.5,8680.0,443544
2025-06-10,8296.0341796875,8626.0,8664.0,8574.0,8645.0,350288
2025-06-11,8385.4765625,8719.0,8770.0,8610.0,8635.5,462124
2025-06-12,8239.291015625,8567.0,8756.0,8540.0,8732.5,368162
2025-06-13,8139.75048828125,8463.5,8485.5,8350.0,8460.0,250910
2025-06-16,8203.2255859375,8529.5,8595.0,8451.0,8486.5,203598
2025-06-17,8169.564453125,8494.5,8554.0,8455.0,8490.0,286217
2025-06-18,8144.078125,8468.0,8657.5,8440.5,8505.0,561114
2025-06-19,8171.0068359375,8496.0,8555.0,8451.5,8480.0,332303
2025-06-20,8254.8271484375,8371.0,8403.0,8250.0,8315.0,567646
2025-06-23,8171.5,8286.5,8328.5,8255.0,8275.0,271619
2025-06-24,8260.744140625,8377.0,8424.5,8331.5,8363.0,214129
2025-06-25,8273.0703125,8389.5,8437.0,8371.0,8407.0,276176
2025-06-26,8315.966796875,8433.0,8465.0,8361.0,8370.0,371685
2025-06-27,8318.92578125,8436.0,8507.0,8414.0,8468.0,504248
2025-06-30,8259.7578125,8376.0,8496.0,8360.0,8470.0,303799
2025-07-01,8282.4384765625,8399.0,8409.0,8300.0,8370.0,363782
2025-07-02,8240.5283203125,8356.5,8409.5,8314.5,8350.0,267604
2025-07-03,8266.16796875,8382.5,8464.5,8350.0,8378.0,175619
2025-07-04,8315.966796875,8433.0,8450.0,8364.5,8382.0,183720
2025-07-07,8346.0439453125,8463.5,8484.0,8404.0,8433.0,123117
2025-07-08,8223.7646484375,8339.5,8474.0,8291.0,8463.0,253579
2025-07-09,8244.9658203125,8361.0,8376.0,8310.5,8350.0,157280
2025-07-10,8170.02099609375,8285.0,8394.0,8268.0,8394.0,229552
2025-07-11,7955.04638671875,8067.0,8300.0,8045.5,8285.5,539579
2025-07-14,7975.26171875,8087.5,8120.0,8035.5,8090.0,248351
2025-07-15,8195.66015625,8311.0,8326.0,8090.0,8128.0,366546
2025-07-16,8187.27783203125,8302.5,8345.0,8184.5,8311.0,275493
2025-07-17,8214.396484375,8330.0,8355.0,8262.5,8278.5,249880
2025-07-18,8231.6533203125,8347.5,8365.0,8305.0,8305.0,268313
2025-07-21,8321.390625,8438.5,8450.0,8306.0,8306.0,253964
2025-07-22,8179.88232421875,8295.0,8470.0,8277.0,8470.0,302466
2025-07-23,8280.466796875,8397.0,8405.0,8290.5,8313.5,194644
2025-07-24,8173.47216796875,8288.5,8435.0,8276.0,8409.5,298692
2025-07-25,7963.42822265625,8075.5,8280.0,8044.5,8275.0,554118
2025-07-28,7977.23388671875,8089.5,8158.0,8075.0,8075.5,232171
2025-07-29,8014.70654296875,8127.5,8146.0,8056.0,8089.5,209998
2025-07-30,7931.87255859375,8043.5,8132.5,8025.0,8090.5,222804
2025-07-31,7896.865234375,8008.0,8094.0,7930.5,7990.0,297025
2025-08-01,7932.8583984375,8044.5,8091.0,7951.5,8008.0,329818
2025-08-04,8073.8740234375,8187.5,8205.0,8044.5,8044.5,221221
2025-08-05,8116.27734375,8230.5,8236.5,8130.0,8176.0,194083
2025-08-06,8064.9990234375,8178.5,8269.0,8120.0,8269.0,515934
2025-08-07,8114.7978515625,8229.0,8249.0,7858.5,8070.0,456168
2025-08-08,8109.8671875,8224.0,8277.0,8185.0,8229.0,282679
2025-08-11,8160.15966796875,8275.0,8300.0,8132.5,8235.0,180274
2025-08-12,8082.7490234375,8196.5,8321.5,8180.0,8275.5,184529
2025-08-13,8134.02734375,8248.5,8309.5,8189.0,8214.5,367519
2025-08-14,8099.51318359375,8213.5,8280.0,8198.0,8250.0,364270
2025-08-18,8469.30859375,8588.5,8629.5,8400.0,8400.0,995976
2025-08-19,8673.4365234375,8795.5,8856.0,8586.0,8609.0,1052384
2025-08-20,8704.9921875,8827.5,8872.5,8763.5,8794.5,490202
2025-08-21,8563.9765625,8684.5,8869.0,8630.0,8835.0,510564
2025-08-22,8559.0458984375,8679.5,8715.0,8581.0,8684.5,369875
2025-08-25,8629.060546875,8750.5,8764.0,8633.5,8750.0,360880
2025-08-26,8570.8798828125,8691.5,8825.0,8646.0,8730.0,778390
2025-08-28,8568.9072265625,8689.5,8798.0,8661.0,8798.0,394657
2025-08-29,8511.7119140625,8631.5,8730.0,8571.5,8714.0,344340
2025-09-01,8842.5556640625,8967.0,9037.5,8665.0,8665.0,658701
2025-09-02,8905.1748046875,9030.5,9109.5,8926.0,8970.0,548186
2025-09-03,8989.48828125,9116.0,9129.5,8992.0,9052.0,322758
2025-09-04,8945.1123046875,9071.0,9353.5,9046.5,9350.0,652617
2025-09-05,8958.42578125,9084.5,9172.0,9053.0,9117.0,231190
2025-09-08,9302.58203125,9433.5,9490.0,9073.0,9102.0,713087
2025-09-09,9252.783203125,9383.0,9428.5,9236.5,9390.5,505482
2025-09-10,9115.7119140625,9244.0,9440.0,9180.0,9425.0,454231
2025-09-11,8987.0234375,9113.5,9243.5,9075.0,9243.5,472941
2025-09-12,8874.60546875,8999.5,9205.0,8979.5,9115.0,481492
2025-09-15,8899.7509765625,9025.0,9091.5,8964.0,9026.5,325549
2025-09-16,8946.591796875,9072.5,9099.0,9020.0,9032.0,219134
2025-09-17,8957.9326171875,9084.0,9136.0,9070.0,9076.5,172732
2025-09-18,8949.0576171875,9075.0,9115.0,9025.0,9099.5,183574
2025-09-19,8846.9931640625,8971.5,9063.5,8950.5,9050.0,467648
2025-09-22,8928.841796875,9054.5,9195.0,8959.5,8971.5,525239
2025-09-23,8859.8134765625,8984.5,9225.0,8950.0,9079.0,451186
2025-09-24,8716.33203125,8839.0,8999.0,8804.0,8990.0,240914
2025-09-25,8719.7841796875,8842.5,8910.0,8758.0,8821.0,441002
2025-09-26,8581.2333984375,8702.0,8880.0,8668.0,8830.0,335841
2025-09-29,8596.5185546875,8717.5,8829.0,8675.5,8745.0,394174
2025-09-30,8558.0595703125,8678.5,8769.0,8640.0,8721.0,285609
2025-10-01,8506.78125,8626.5,8846.5,8586.5,8720.0,551282
2025-10-03,8559.0458984375,8679.5,8698.5,8491.5,8626.5,915075
2025-10-06,8669.984375,8792.0,8803.5,8651.0,8698.0,300715
2025-10-07,8780.4306640625,8904.0,8915.0,8785.5,8800.0,490577
2025-10-08,8669.984375,8792.0,8903.0,8750.5,8903.0,408647
2025-10-09,8687.7353515625,8810.0,8817.5,8701.5,8775.0,217161
2025-10-10,8822.3408203125,8946.5,8955.0,8781.5,8816.0,228686
2025-10-13,8940.1826171875,9066.0,9084.0,8917.0,8947.0,374531
2025-10-14,8976.17578125,9102.5,9120.0,9032.5,9100.0,297332
2025-10-15,8873.1259765625,8998.0,9180.0,8955.5,9106.5,300055
2025-10-16,9024.4951171875,9151.5,9177.0,9022.0,9030.0,334619
2025-10-17,9023.509765625,9150.5,9194.5,9090.5,9150.0,466036
2025-10-20,8997.8701171875,9124.5,9236.5,9100.5,9194.5,303686
2025-10-21,8991.4609375,9118.0,9165.0,9081.0,9159.5,27642
2025-10-23,8921.4462890625,9047.0,9157.0,9017.0,9136.0,249420
2025-10-24,8950.5361328125,9076.5,9099.0,9012.0,9070.0,332130
2025-10-27,8969.2724609375,9095.5,9115.0,9055.0,9099.5,310061
2025-10-28,8931.7998046875,9057.5,9130.0,9019.0,9100.0,459991
2025-10-29,8908.6259765625,9034.0,9090.0,8960.0,9090.0,226605
2025-10-30,8799.1669921875,8923.0,9065.0,8904.5,9034.0,250532
2025-10-31,8769.08984375,8892.5,9051.0,8802.0,8939.5,261013
2025-11-03,8798.673828125,8922.5,8957.5,8855.0,8900.0,206987
2025-11-04,8629.5537109375,8751.0,8920.0,8713.0,8920.0,517334
2025-11-06,8599.4765625,8720.5,8820.5,8702.5,8755.0,326774
2025-11-07,8600.462890625,8721.5,8749.5,8605.0,8720.0,290120
2025-11-10,8650.2626953125,8772.0,8838.0,8685.5,8795.0,992874
2025-11-11,8771.5556640625,8895.0,8945.0,8726.0,8819.0,380748
2025-11-12,8744.9296875,8868.0,8935.0,8800.0,8935.0,439922
2025-11-13,8744.4365234375,8867.5,8895.5,8842.0,8888.0,276001
2025-11-14,8720.27734375,8843.0,8867.5,8781.5,8867.5,550371
2025-11-17,8821.3544921875,8945.5,9025.0,8850.0,8850.0,457995
2025-11-18,8797.1943359375,8921.0,8999.0,8900.0,8975.5,276172
2025-11-19,8761.201171875,8884.5,8975.0,8863.5,8950.0,326292
2025-11-20,8854.8828125,8979.5,9005.0,8890.0,8924.0,189991
2025-11-21,8768.5966796875,8892.0,8957.5,8862.0,8950.0,320271
2025-11-24,8882.494140625,9007.5,9049.0,8857.5,8905.0,466198
2025-11-25,8922.431640625,9048.0,9145.0,9001.0,9025.0,482151
2025-11-26,9036.822265625,9164.0,9180.0,9028.0,9054.0,354143
2025-11-27,8897.2861328125,9022.5,9254.5,8996.0,9194.0,602295
2025-11-28,8947.578125,9073.5,9106.0,8922.0,9031.0,432445
2025-12-01,8969.765625,9096.0,9189.5,9055.5,9129.0,449503
2025-12-02,8959.4111328125,9085.5,9142.0,8988.0,9100.0,319833
2025-12-03,8875.5908203125,9000.5,9105.0,8950.0,9085.5,412081
2025-12-04,8958.9189453125,9085.0,9095.0,8988.0,9005.0,275604
2025-12-05,8982.5849609375,9109.0,9130.0,9045.5,9054.0,279893
2025-12-08,8900.7373046875,9026.0,9124.5,8956.5,9115.0,299426
2025-12-09,8836.6396484375,8961.0,9034.5,8880.0,8990.0,373015
2025-12-10,8866.22265625,8991.0,9001.5,8904.0,8961.0,307300
2025-12-11,8927.85546875,9053.5,9084.0,8961.0,8991.0,136142
2025-12-12,8889.8896484375,9015.0,9089.5,8960.0,9065.0,356060
2025-12-15,8815.9306640625,8940.0,9042.5,8884.0,9040.0,507849
2025-12-16,8882.9873046875,9008.0,9028.0,8891.0,8940.0,278902
2025-12-17,8771.5556640625,8895.0,9009.0,8859.0,9008.0,256364
2025-12-18,8708.443359375,8831.0,8891.0,8735.0,8891.0,338487
2025-12-19,8877.0703125,9002.0,9011.0,8827.0,8830.5,215196
2025-12-22,9036.822265625,9164.0,9185.0,8997.5,9010.0,377385
2025-12-23,8972.724609375,9099.0,9184.0,9080.0,9184.0,215559
2025-12-24,9042.7392578125,9170.0,9194.5,9070.0,9100.0,167717
2025-12-26,8938.703125,9064.5,9185.5,9052.0,9182.5,105815
2025-12-29,8960.890625,9087.0,9127.0,9055.5,9069.5,263943
2025-12-30,9153.1845703125,9282.0,9299.0,9025.5,9087.0,464922
2025-12-31,9213.337890625,9343.0,9398.0,9296.5,9320.0,319864
2026-01-01,9425.3544921875,9558.0,9585.0,9318.5,9365.0,306936
2026-01-02,9370.6240234375,9502.5,9633.0,9310.5,9550.0,733651
2026-01-05,9365.693359375,9497.5,9684.0,9465.0,9520.0,304245
2026-01-06,9526.9248046875,9661.0,9783.5,9543.0,9575.0,503002
2026-01-07,9653.6416015625,9789.5,9807.0,9608.0,9668.0,334802
2026-01-08,9625.0439453125,9760.5,9888.0,9725.0,9799.5,534086
2026-01-09,9429.7919921875,9562.5,9830.0,9538.0,9760.5,250994
2026-01-12,9359.2841796875,9491.0,9588.5,9360.0,9562.5,332453
2026-01-13,9421.41015625,9554.0,9576.5,9458.5,9506.0,229215
2026-01-14,9446.5556640625,9579.5,9610.0,9494.0,9576.0,335206
2026-01-15,9446.5556640625,9579.5,9579.5,9579.5,9579.5,0
2026-01-16,9357.3115234375,9489.0,9616.5,9389.5,9540.0,528450
2026-01-19,9298.6376953125,9429.5,9489.0,9393.5,9489.0,403445
2026-01-20,9052.599609375,9180.0,9468.0,9155.0,9468.0,385253
2026-01-21,9051.6142578125,9179.0,9255.0,9072.0,9150.0,323092
2026-01-22,9239.962890625,9370.0,9391.5,9185.5,9225.0,193757
2026-01-23,9282.859375,9413.5,9548.0,9335.0,9390.0,204212
2026-01-27,9360.2705078125,9492.0,9506.0,9330.0,9422.0,302065
2026-01-28,9302.58203125,9433.5,9533.5,9250.0,9500.0,342407
2026-01-29,9379.9921875,9512.0,9533.0,9381.5,9475.0,390096
2026-01-30,9464.3056640625,9597.5,9626.0,9382.5,9497.0,283660
2026-02-02,9364.7080078125,9496.5,9523.0,9250.5,9454.5,327240
2026-02-03,9462.333984375,9595.5,9941.0,9515.0,9933.0,573385
2026-02-04,9505.23046875,9639.0,9725.0,9529.5,9594.0,201083
2026-02-05,9513.119140625,9647.0,9679.0,9600.0,9640.0,155663
2026-02-06,9386.40234375,9518.5,9668.0,9471.5,9620.0,198790
2026-02-09,9456.91015625,9590.0,9626.5,9505.0,9598.0,171033
2026-02-10,9638.3564453125,9774.0,9833.5,9582.5,9605.0,347018
2026-02-11,9732.53125,9869.5,9905.5,9796.0,9818.0,324008
2026-02-12,9703.4404296875,9840.0,9930.0,9809.5,9876.5,372062
2026-02-13,9624.55078125,9760.0,9900.5,9720.0,9800.5,120688
2026-02-16,9562.91796875,9697.5,9774.5,9643.0,9710.0,88321
2026-02-17,9690.1279296875,9826.5,9869.0,9632.5,9651.0,159113
2026-02-18,9841.498046875,9980.0,10009.0,9804.5,9826.5,334455
2026-02-19,9593.9814453125,9729.0,10059.5,9701.0,9991.0,310761
2026-02-20,9670.8984375,9807.0,9823.0,9670.5,9725.0,291070
2026-02-23,9768.03125,9905.5,9930.0,9814.0,9851.0,145464
2026-02-24,9692.5927734375,9829.0,9875.0,9660.0,9875.0,259761
2026-02-25,9956.8740234375,10097.0,10160.0,9839.5,9859.5,334366
2026-02-26,9969.693359375,10110.0,10187.0,10029.5,10146.5,177814
2026-02-27,9834.1015625,9972.5,10091.5,9940.0,10072.5,231926
2026-03-02,9640.3291015625,9776.0,9941.5,9565.0,9725.5,330330
2026-03-04,9518.54296875,9652.5,9704.5,9516.5,9516.5,319652
2026-03-05,9668.43359375,9804.5,9853.0,9641.0,9674.5,300749
2026-03-06,9679.7734375,9816.0,9884.5,9690.0,9780.0,386552
2026-03-09,9252.783203125,9383.0,9645.5,9351.0,9600.0,334501
2026-03-10,9476.6328125,9610.0,9637.5,9349.0,9449.5,463535
2026-03-11,9198.052734375,9327.5,9666.0,9270.0,9575.0,489382
2026-03-12,9034.849609375,9162.0,9280.0,9080.0,9280.0,390062
2026-03-13,8751.8330078125,8875.0,9119.5,8832.5,9075.0,435631
2026-03-16,8947.0849609375,9073.0,9103.5,8742.5,8866.0,580318
2026-03-17,8983.5712890625,9110.0,9250.0,9006.5,9100.0,245258
2026-03-18,9142.3369140625,9271.0,9288.0,9136.5,9150.0,247437
2026-03-19,8745.4228515625,8868.5,9150.0,8811.0,9113.5,288162
2026-03-20,8925.390625,9051.0,9110.0,8931.5,8957.5,356410
2026-03-23,8654.20703125,8776.0,8989.5,8752.0,8989.5,375189
2026-03-24,8774.513671875,8898.0,9022.5,8792.0,8900.0,438132
2026-03-25,8922.9248046875,9048.5,9149.5,8981.0,9020.0,438761
2026-03-27,8777.4716796875,8901.0,9004.0,8840.0,8971.5,326675
2026-03-30,8659.630859375,8781.5,8889.0,8745.0,8810.0,325094
2026-04-01,8772.048828125,8895.5,9170.0,8870.0,8993.5,416423
2026-04-02,8636.94921875,8758.5,8835.5,8624.0,8835.5,254975
2026-04-06,8818.396484375,8942.5,8984.5,8755.0,8778.5,313792
2026-04-07,8923.9111328125,9049.5,9088.0,8800.5,8900.0,376810
2026-04-08,9236.0185546875,9366.0,9501.0,9262.0,9365.0,474100
2026-04-09,9384.9228515625,9517.0,9625.0,9366.0,9455.0,539407
2026-04-10,9677.30859375,9813.5,9844.0,9399.5,9400.0,738971
2026-04-13,9679.7734375,9816.0,9851.0,9700.0,9701.5,363886
2026-04-15,9728.09375,9865.0,9976.0,9830.0,9901.5,551624
2026-04-16,9688.6484375,9825.0,9918.5,9746.0,9871.0,479220
2026-04-17,9637.86328125,9773.5,9830.0,9722.0,9810.0,264575
2026-04-20,9666.9541015625,9803.0,9862.5,9690.0,9773.5,349985
2026-04-21,9657.0927734375,9793.0,9874.0,9741.0,9803.0,291287
2026-04-22,9468.7431640625,9602.0,9790.5,9585.0,9770.5,301870
2026-04-23,9417.9580078125,9550.5,9591.0,9477.0,9575.0,444028
2026-04-24,9443.1044921875,9576.0,9663.0,9528.0,9600.0,190469
2026-04-27,9527.9111328125,9662.0,9715.0,9617.0,9642.5,147736
2026-04-28,9363.7216796875,9495.5,9662.5,9475.0,9622.0,256811
2026-04-29,9411.0556640625,9543.5,9709.5,9496.0,9510.0,261656
2026-04-30,9855.3037109375,9994.0,10045.0,9355.0,9515.0,1209264
2026-05-01,9855.3037109375,9994.0,9994.0,9994.0,9994.0,0
2026-05-04,9991.388671875,10132.0,10477.5,10067.0,10244.0,721598
2026-05-05,9906.58203125,10046.0,10175.0,10016.0,10131.0,233441
2026-05-06,10175.79296875,10319.0,10390.0,10141.0,10180.0,393486
2026-05-07,10457.82421875,10605.0,10740.0,10324.5,10582.0,1498254
2026-05-08,10562.845703125,10711.5,10785.0,10540.0,10625.0,375627
2026-05-11,10448.4560546875,10595.5,10650.0,10511.0,10599.0,256703
2026-05-12,10252.7109375,10397.0,10684.5,10366.0,10550.0,409439
2026-05-13,10119.583984375,10262.0,10455.0,10220.0,10370.5,367905
2026-05-14,10305.9609375,10451.0,10517.0,10251.5,10380.0,426187
2026-05-15,10233.4814453125,10377.5,10540.5,10296.0,10500.0,227162
2026-05-18,10056.9658203125,10198.5,10326.0,10144.5,10325.0,295753
2026-05-19,10063.375,10205.0,10285.0,10143.0,10198.5,151592
2026-05-20,10317.3017578125,10462.5,10483.0,10078.5,10158.0,379649
2026-05-21,10518.9638671875,10667.0,10735.0,10493.5,10544.5,522986
2026-05-22,10403.09375,10549.5,10753.0,10537.0,10667.0,207805
2026-05-25,10345.40625,10491.0,10770.0,10431.0,10700.0,564521
2026-05-26,10445.990234375,10593.0,10641.5,10449.0,10530.0,559535
2026-05-27,10658.5,10808.5,10834.0,10580.0,10625.0,317630
2026-05-28,10658.5,10808.5,10808.5,10808.5,10808.5,0
2026-05-29,10460.0,10460.0,10750.0,10388.5,10650.0,483158
2026-06-01,10376.0,10376.0,10619.0,10340.0,10500.0,426434
2026-06-02,10281.0,10281.0,10433.0,10260.0,10305.0,404046
2026-06-03,10259.0,10259.0,10415.0,10202.0,10281.0,355015
2026-06-04,10362.0,10362.0,10452.0,10178.0,10240.0,539031
2026-06-05,10342.0,10342.0,10446.0,10317.0,10394.0,247150
2026-06-08,10231.0,10231.0,10305.0,10171.0,10251.0,127982
2026-06-09,10184.0,10184.0,10344.0,10150.0,10280.0,313286
2026-06-10,10144.0,10144.0,10293.0,10124.0,10229.0,293698
2026-06-11,10114.0,10114.0,10255.0,10081.0,10127.0,191419
