Date,Adj Close,Close,High,Low,Open,Volume
,BAJFINANCE.NS,BAJFINANCE.NS,BAJFINANCE.NS,BAJFINANCE.NS,BAJFINANCE.NS,BAJFINANCE.NS
2021-01-01,517.22412109375,528.0150146484375,533.7999877929688,525.0,531.02001953125,14471870
2021-01-04,510.95977783203125,521.6199951171875,532.4000244140625,519.6199951171875,532.4000244140625,23336590
2021-01-05,501.4384460449219,511.8999938964844,522.4199829101562,506.25,521.7999877929688,39534000
2021-01-06,492.749755859375,503.0299987792969,516.8350219726562,499.0299987792969,513.0,36079230
2021-01-07,497.71612548828125,508.1000061035156,513.155029296875,502.1300048828125,506.5,30357500
2021-01-08,497.8141784667969,508.20001220703125,513.875,504.20001220703125,513.0,29984510
2021-01-11,488.2388916015625,498.42498779296875,511.0950012207031,495.82501220703125,510.79998779296875,29241640
2021-01-12,493.9154052734375,504.2200012207031,509.8999938964844,495.1000061035156,498.42498779296875,33359080
2021-01-13,480.2701416015625,490.2900085449219,507.3999938964844,482.625,506.6000061035156,32693730
2021-01-14,477.767333984375,487.7349853515625,496.67999267578125,483.3999938964844,490.2900085449219,26808110
2021-01-15,478.37957763671875,488.3599853515625,492.70001220703125,484.239990234375,487.70001220703125,25449160
2021-01-18,462.3392028808594,471.9849853515625,488.0,468.6000061035156,487.0,37034130
2021-01-19,485.7801818847656,495.9150085449219,499.4949951171875,475.20001220703125,476.510009765625,47674650
2021-01-20,488.0135803222656,498.19500732421875,503.260009765625,490.1000061035156,496.79998779296875,33147070
2021-01-21,501.3699035644531,511.8299865722656,522.5,499.0,499.29998779296875,70618090
2021-01-22,487.0928039550781,497.2550048828125,513.7000122070312,494.55999755859375,513.5,30847960
2021-01-25,480.8382873535156,490.8699951171875,516.2999877929688,489.0,504.8999938964844,36730600
2021-01-27,474.59844970703125,484.5,494.55999755859375,481.1000061035156,492.1300048828125,28004930
2021-01-28,471.1944580078125,481.0249938964844,490.8999938964844,472.30999755859375,477.9549865722656,34773290
2021-01-29,463.7791748046875,473.4549865722656,495.0,470.7099914550781,488.6700134277344,42607950
2021-02-01,495.5218811035156,505.8599853515625,508.0,466.6499938964844,477.5,42907450
2021-02-02,506.7477111816406,517.3200073242188,533.7949829101562,509.489990234375,510.0,43479930
2021-02-03,513.7907104492188,524.510009765625,527.0,514.0,521.8599853515625,26507830
2021-02-04,539.2349853515625,550.4849853515625,554.2999877929688,520.60498046875,521.4000244140625,53258880
2021-02-05,542.5360717773438,553.85498046875,562.7000122070312,547.0,552.5999755859375,44379870
2021-02-08,538.5345458984375,549.77001953125,566.5,547.530029296875,554.2000122070312,28008090
2021-02-09,528.99365234375,540.030029296875,553.9000244140625,538.260009765625,553.75,22639040
2021-02-10,536.3990478515625,547.5900268554688,550.2349853515625,539.5,543.469970703125,26380120
2021-02-11,545.3278198242188,556.7050170898438,558.7999877929688,545.5750122070312,547.0,20289470
2021-02-12,546.3465576171875,557.7449951171875,561.7999877929688,553.2050170898438,557.0,16252680
2021-02-15,566.1728515625,577.9849853515625,579.9000244140625,560.0,560.5349731445312,31688260
2021-02-16,564.2529907226562,576.0250244140625,582.219970703125,569.030029296875,579.1400146484375,21268100
2021-02-17,558.8555908203125,570.5150146484375,579.9000244140625,567.0,573.0,23463950
2021-02-18,544.9653930664062,556.3350219726562,571.4749755859375,552.219970703125,569.9000244140625,23175130
2021-02-19,538.5589599609375,549.7949829101562,562.1950073242188,542.5,556.0,27444560
2021-02-22,526.6965942382812,537.6849975585938,553.8699951171875,533.4749755859375,548.0,20005630
2021-02-23,527.3674926757812,538.3699951171875,550.4650268554688,535.0,542.0,21902450
2021-02-24,544.9212646484375,556.2899780273438,557.8900146484375,538.2999877929688,544.4000244140625,19087950
2021-02-25,541.693603515625,552.9949951171875,561.9949951171875,551.135009765625,560.0999755859375,15845950
2021-02-26,515.7302856445312,526.489990234375,545.4000244140625,522.0999755859375,543.0,37133260
2021-03-01,515.9164428710938,526.6799926757812,536.989990234375,519.5,531.5,20318810
2021-03-02,520.7653198242188,531.6300048828125,541.0,526.2050170898438,530.0,22086340
2021-03-03,542.962158203125,554.2899780273438,557.3350219726562,534.010009765625,536.4149780273438,22524130
2021-03-04,537.378662109375,548.5900268554688,556.7150268554688,540.0999755859375,543.0,22346980
2021-03-05,533.3624877929688,544.489990234375,551.9749755859375,540.2100219726562,544.0,20757600
2021-03-08,521.1914672851562,532.0650024414062,549.39501953125,531.0999755859375,546.9000244140625,17210420
2021-03-09,530.4384155273438,541.5050048828125,544.5,533.5,537.0999755859375,18114960
2021-03-10,543.1727905273438,554.5050048828125,556.0999755859375,544.0,544.0,21912500
2021-03-12,544.4266357421875,555.7849731445312,567.0,552.0999755859375,560.0,25080130
2021-03-15,532.7894287109375,543.905029296875,558.5650024414062,535.0549926757812,557.10498046875,20870080
2021-03-16,534.44482421875,545.594970703125,550.7000122070312,542.0,548.844970703125,15613050
2021-03-17,525.0263671875,535.97998046875,546.0399780273438,534.4450073242188,546.0,11347580
2021-03-18,526.2067260742188,537.1849975585938,554.5,530.5,542.2999877929688,23390580
2021-03-19,534.180419921875,545.3250122070312,547.9000244140625,519.0050048828125,531.5999755859375,32203100
2021-03-22,527.9209594726562,538.9349975585938,549.7000122070312,533.7000122070312,544.6500244140625,19384610
2021-03-23,526.8875122070312,537.8800048828125,544.5,535.0,541.0,18490380
2021-03-24,516.25927734375,527.030029296875,537.4000244140625,526.0,537.4000244140625,17376430
2021-03-25,501.7519226074219,512.219970703125,530.0,510.31500244140625,528.0,23432710
2021-03-26,507.7125549316406,518.3049926757812,524.7999877929688,513.5,517.0,23474600
2021-03-30,508.74114990234375,519.35498046875,526.0,515.0,523.4849853515625,18452800
2021-03-31,504.46038818359375,514.9849853515625,521.8800048828125,512.2949829101562,518.5,18459750
2021-04-01,516.4404907226562,527.2150268554688,528.8499755859375,516.1950073242188,521.0,21482340
2021-04-05,486.10833740234375,496.25,525.9000244140625,492.05999755859375,525.9000244140625,37396800
2021-04-06,489.10577392578125,499.30999755859375,505.94500732421875,495.260009765625,505.0,20709060
2021-04-07,497.3340759277344,507.7099914550781,510.8999938964844,494.0,498.0,24027820
2021-04-08,492.67138671875,502.95001220703125,511.5,501.5,510.0,14078790
2021-04-09,477.27264404296875,487.2300109863281,501.0,484.5,500.0,29026460
2021-04-12,441.88104248046875,451.1000061035156,474.0,440.0,474.0,45000460
2021-04-13,463.21099853515625,472.875,477.489990234375,451.4049987792969,453.510009765625,31750190
2021-04-15,456.5059509277344,466.0299987792969,475.0,456.6099853515625,470.80999755859375,28971850
2021-04-16,452.2252197265625,461.6600036621094,469.0,459.0,466.1000061035156,21426480
2021-04-19,438.80517578125,447.9599914550781,450.3999938964844,436.20001220703125,445.0,34265070
2021-04-20,451.936279296875,461.364990234375,469.8999938964844,455.5199890136719,456.29998779296875,33945970
2021-04-22,459.2878723144531,468.8699951171875,471.3999938964844,450.57501220703125,455.0,25635390
2021-04-23,457.2406005859375,466.7799987792969,475.9800109863281,461.04998779296875,462.1099853515625,27295250
2021-04-26,463.9750671386719,473.6549987792969,482.8999938964844,469.0,469.0,29039890
2021-04-27,476.5625,486.5050048828125,488.9849853515625,474.6549987792969,474.70001220703125,26449970
2021-04-28,517.2976684570312,528.0900268554688,531.0,491.5,491.5,85764540
2021-04-29,537.2758178710938,548.4849853515625,552.5,533.0,535.0,72584860
2021-04-30,534.0481567382812,545.1900024414062,552.4650268554688,532.77001953125,535.0,41248880
2021-05-03,543.770263671875,555.114990234375,558.0,529.125,531.6300048828125,40335910
2021-05-04,550.098388671875,561.5750122070312,574.9949951171875,556.0,561.0,48383470
2021-05-05,540.243896484375,551.5150146484375,570.0,545.239990234375,568.2999877929688,43786930
2021-05-06,541.5809326171875,552.8800048828125,561.989990234375,547.3350219726562,556.7999877929688,22231110
2021-05-07,538.1525268554688,549.3800048828125,561.3150024414062,545.7999877929688,559.0,18510330
2021-05-10,538.5149536132812,549.75,557.5,544.5,557.5,19973390
2021-05-11,531.3837280273438,542.469970703125,545.8099975585938,539.0,541.125,16172480
2021-05-12,524.8892211914062,535.8400268554688,544.0,532.9400024414062,541.3099975585938,15393360
2021-05-14,522.1415405273438,533.0349731445312,540.5,526.7000122070312,540.5,15257620
2021-05-17,531.9126586914062,543.010009765625,549.0,531.5050048828125,535.0,24115830
2021-05-18,557.2491455078125,568.875,570.5,550.0999755859375,550.0999755859375,31478830
2021-05-19,551.6117553710938,563.1199951171875,572.2899780273438,559.5,567.4949951171875,22509060
2021-05-20,547.4534301757812,558.875,565.7999877929688,554.5,562.7999877929688,14888270
2021-05-21,551.66552734375,563.1749877929688,569.5,558.6300048828125,566.0,18569660
2021-05-24,548.8395385742188,560.2899780273438,568.7999877929688,559.0,563.4000244140625,12150600
2021-05-25,550.3823852539062,561.864990234375,565.8800048828125,558.2000122070312,564.0,13155460
2021-05-26,565.3206176757812,577.114990234375,579.47998046875,558.6099853515625,564.0,29167460
2021-05-27,556.6074829101562,568.219970703125,578.2150268554688,565.0999755859375,577.9949951171875,21525900
2021-05-28,549.6085815429688,561.0750122070312,575.0,559.2100219726562,572.4000244140625,15263750
2021-05-31,551.2933349609375,562.7949829101562,566.469970703125,556.0,562.0,17958110
2021-06-01,566.6577758789062,578.47998046875,581.7999877929688,562.5399780273438,564.4000244140625,28534510
2021-06-02,568.9940795898438,580.864990234375,584.5,574.2550048828125,575.6500244140625,20131950
2021-06-03,578.0892944335938,590.1500244140625,591.5,578.0150146484375,584.0,22303780
2021-06-04,587.0963745117188,599.344970703125,601.0,590.0,591.5,24453670
2021-06-07,561.2652587890625,572.9749755859375,584.385009765625,568.2449951171875,580.0,28358050
2021-06-08,563.7778930664062,575.5399780273438,581.7000122070312,572.0150146484375,575.0999755859375,17890070
2021-06-09,555.8532104492188,567.4500122070312,579.5,562.72998046875,579.5,15381120
2021-06-10,596.2014770507812,608.6400146484375,611.5,567.7000122070312,571.5,52961200
2021-06-11,599.4927978515625,612.0,623.0,604.52001953125,610.5349731445312,37027210
2021-06-14,606.7562866210938,619.4149780273438,624.9000244140625,597.5599975585938,606.969970703125,26336010
2021-06-15,603.5236206054688,616.114990234375,623.97998046875,615.0,621.9000244140625,15236610
2021-06-16,595.731201171875,608.1599731445312,616.0900268554688,606.280029296875,614.0,14816580
2021-06-17,592.6602783203125,605.0250244140625,611.5,592.0,592.0,18718570
2021-06-18,596.26513671875,608.7050170898438,614.7999877929688,596.5050048828125,608.989990234375,27096150
2021-06-21,599.1008911132812,611.5999755859375,613.5,598.7100219726562,600.0,12719620
2021-06-22,589.3836669921875,601.6799926757812,618.9000244140625,600.0,615.0,15406110
2021-06-23,589.26611328125,601.5599975585938,611.5,600.0999755859375,605.0999755859375,12382150
2021-06-24,592.0089721679688,604.3599853515625,610.7999877929688,601.0999755859375,602.7000122070312,10824210
2021-06-25,595.1631469726562,607.5800170898438,610.7000122070312,603.02001953125,605.7000122070312,9619940
2021-06-28,591.3673095703125,603.7050170898438,611.77001953125,601.5,610.0,8284810
2021-06-29,592.8709716796875,605.239990234375,613.7650146484375,600.2100219726562,604.0,13100790
2021-06-30,589.2906494140625,601.5850219726562,612.5,600.0,605.0,12257940
2021-07-01,584.5202026367188,596.7150268554688,604.0,594.0,604.0,11206010
2021-07-02,587.5176391601562,599.7750244140625,603.0,596.5,600.0,8112980
2021-07-05,594.8594360351562,607.27001953125,609.594970703125,600.60498046875,602.9000244140625,8631790
2021-07-06,607.5643920898438,620.239990234375,634.280029296875,605.2999877929688,605.5,34913930
2021-07-07,607.1920776367188,619.8599853515625,628.5999755859375,616.0399780273438,622.0,19479250
2021-07-08,600.24560546875,611.780029296875,622.0900268554688,608.0399780273438,618.0,11305600
2021-07-09,602.0460815429688,613.614990234375,617.0999755859375,606.10498046875,608.2999877929688,14475440
2021-07-12,603.3607788085938,614.9550170898438,619.8900146484375,610.3599853515625,617.5,9787400
2021-07-13,603.8268432617188,615.4299926757812,622.5,614.0,618.5,10021270
2021-07-14,601.8252563476562,613.3900146484375,618.2000122070312,612.0,615.0,7765740
2021-07-15,601.4131469726562,612.969970703125,617.719970703125,610.2000122070312,613.3900146484375,8709900
2021-07-16,600.9961547851562,612.5449829101562,619.0,609.719970703125,612.5,9631210
2021-07-19,590.1986694335938,601.5399780273438,612.2999877929688,593.5,608.7999877929688,12905320
2021-07-20,582.9823608398438,594.1849975585938,602.7949829101562,586.7999877929688,602.0,14018370
2021-07-22,607.8740844726562,619.5549926757812,624.4000244140625,592.114990234375,593.0,34885910
2021-07-23,606.4366455078125,618.0900268554688,622.5,614.0,618.9000244140625,9537390
2021-07-26,604.62646484375,616.2449951171875,619.8300170898438,613.0,615.0,7335020
2021-07-27,611.3963623046875,623.14501953125,632.7000122070312,617.5,618.0,20685280
2021-07-28,614.3937377929688,626.2000122070312,628.4000244140625,615.7000122070312,625.7899780273438,11491530
2021-07-29,627.9434814453125,640.010009765625,643.0,626.405029296875,628.9949951171875,14846640
2021-07-30,611.0676879882812,622.8099975585938,641.6849975585938,621.219970703125,641.6849975585938,14068850
2021-08-02,608.3597412109375,620.0499877929688,628.39501953125,617.0,627.0,10124350
2021-08-03,621.2520141601562,633.1900024414062,634.2000122070312,620.5999755859375,621.5,10917100
2021-08-04,623.9255981445312,635.9149780273438,647.7449951171875,631.5,634.2999877929688,16320910
2021-08-05,613.044677734375,624.8250122070312,635.5499877929688,623.2000122070312,635.4000244140625,8665670
2021-08-06,610.69482421875,622.4299926757812,629.9500122070312,621.0999755859375,628.5,7297890
2021-08-09,607.6385498046875,619.3150024414062,626.9949951171875,613.60498046875,622.5,8811790
2021-08-10,605.3770141601562,617.010009765625,624.844970703125,614.2050170898438,622.5,7310090
2021-08-11,605.1513671875,616.780029296875,619.9949951171875,605.7000122070312,617.6099853515625,7919290
2021-08-12,608.2615966796875,619.9500122070312,625.489990234375,615.125,618.0999755859375,7946020
2021-08-13,604.047607421875,615.655029296875,622.885009765625,613.0999755859375,621.0,6679320
2021-08-16,625.6917114257812,637.7150268554688,639.5,610.385009765625,614.9000244140625,14233350
2021-08-17,628.9244995117188,641.010009765625,643.6849975585938,630.5,640.9949951171875,16027760
2021-08-18,642.0718994140625,654.4099731445312,664.0,640.60498046875,643.4000244140625,21537300
2021-08-20,653.55126953125,666.1099853515625,673.27001953125,645.5650024414062,647.1950073242188,21647320
2021-08-23,662.4895629882812,675.219970703125,681.9500122070312,669.7000122070312,674.0,17383400
2021-08-24,684.8497924804688,698.010009765625,704.9000244140625,672.7949829101562,677.5,26229900
2021-08-25,681.401123046875,694.4949951171875,705.4000244140625,692.0999755859375,700.5,15096670
2021-08-26,680.125732421875,693.1950073242188,699.3250122070312,685.5,690.0,12345880
2021-08-27,683.5252685546875,696.6599731445312,702.4349975585938,687.2000122070312,695.0,9359060
2021-08-30,703.040283203125,716.5499877929688,719.7000122070312,698.0,699.594970703125,15043820
2021-08-31,738.2634887695312,752.4500122070312,759.8800048828125,713.0,716.0,29464380
2021-09-01,737.7827758789062,751.9600219726562,767.4500122070312,748.3350219726562,752.5,22277890
2021-09-02,735.70751953125,749.844970703125,758.6400146484375,744.5050048828125,750.0,11833780
2021-09-03,738.1555786132812,752.3400268554688,755.5,746.1749877929688,750.0,8802470
2021-09-06,736.482666015625,750.635009765625,761.5,748.510009765625,755.0,8970710
2021-09-07,731.670166015625,745.72998046875,756.625,740.719970703125,752.8900146484375,8360130
2021-09-08,732.2490234375,746.3200073242188,751.4000244140625,741.10498046875,745.7000122070312,8592560
2021-09-09,729.0554809570312,743.0650024414062,746.0,738.0,743.0,7004360
2021-09-13,730.5172729492188,744.5549926757812,749.5,735.2000122070312,743.0650024414062,8025650
2021-09-14,727.7700805664062,741.7550048828125,753.0,740.7999877929688,748.0,7192580
2021-09-15,727.4364624023438,741.4149780273438,748.0,738.0,744.5,6572830
2021-09-16,727.176513671875,741.1500244140625,744.5,733.0499877929688,744.5,5771290
2021-09-17,728.8739013671875,742.8800048828125,767.9949951171875,736.0,744.5499877929688,34749690
2021-09-20,730.2131958007812,744.2449951171875,758.0999755859375,732.0750122070312,736.0,10838060
2021-09-21,766.6529541015625,781.385009765625,784.7100219726562,740.0999755859375,748.114990234375,19931330
2021-09-22,764.6710205078125,779.364990234375,789.5,777.0999755859375,785.0,15005410
2021-09-23,775.0123291015625,789.905029296875,799.9000244140625,780.4650268554688,786.3599853515625,21091470
2021-09-24,764.6465454101562,779.3400268554688,794.9849853515625,772.5650024414062,794.9849853515625,11293460
2021-09-27,764.8475952148438,779.5449829101562,786.0,774.0050048828125,784.9000244140625,6507740
2021-09-28,740.1080322265625,754.3300170898438,782.5,742.5050048828125,781.5,15723010
2021-09-29,737.37060546875,751.5399780273438,763.5850219726562,745.614990234375,752.9000244140625,9458790
2021-09-30,752.3527221679688,766.8099975585938,770.0,749.0900268554688,754.5,14907070
2021-10-01,738.091796875,752.2750244140625,763.9199829101562,747.5,762.0,9377400
2021-10-04,754.9969482421875,769.5050048828125,776.9000244140625,756.0150146484375,758.7999877929688,10901980
2021-10-05,757.8568725585938,772.4199829101562,776.5,763.4099731445312,768.2999877929688,7732430
2021-10-06,758.9313354492188,773.5150146484375,788.0599975585938,768.5,781.0,17646310
2021-10-07,760.1821899414062,774.7899780273438,788.5,773.7999877929688,784.5900268554688,9405500
2021-10-08,758.641845703125,773.219970703125,782.9000244140625,771.2000122070312,775.0,7565710
2021-10-11,766.9718017578125,781.7100219726562,790.4400024414062,775.2000122070312,777.3900146484375,9086480
2021-10-12,770.7639770507812,785.5750122070312,792.5,775.0,781.0,10994490
2021-10-13,777.9802856445312,792.9299926757812,801.0,786.1300048828125,790.7899780273438,10524380
2021-10-14,771.46533203125,786.2899780273438,796.9000244140625,781.2349853515625,796.9000244140625,11348490
2021-10-18,771.7255249023438,786.5549926757812,805.0,780.0800170898438,805.0,8550980
2021-10-19,759.3384399414062,773.9299926757812,791.469970703125,767.0999755859375,789.0,12449890
2021-10-20,761.5018920898438,776.135009765625,783.35498046875,757.5,774.0999755859375,11028990
2021-10-21,759.1422119140625,773.72998046875,783.0,768.5,783.0,6394610
2021-10-22,756.4833984375,771.02001953125,793.5,766.5,775.5999755859375,15173760
2021-10-25,750.248046875,764.6649780273438,783.7750244140625,735.0499877929688,775.0,11697290
2021-10-26,770.7540283203125,785.5650024414062,789.4949951171875,765.1099853515625,769.5,16605750
2021-10-27,734.1083374023438,748.2150268554688,791.9949951171875,746.0999755859375,787.0,31122330
2021-10-28,734.3143310546875,748.4249877929688,759.5999755859375,735.3400268554688,754.0,15723020
2021-10-29,726.06787109375,740.02001953125,754.969970703125,731.3049926757812,748.0,9483340
2021-11-01,727.4169311523438,741.39501953125,750.02001953125,722.0,743.0,10373140
2021-11-02,731.4786987304688,745.5349731445312,755.5,740.0250244140625,746.6699829101562,6871160
2021-11-03,737.4539794921875,751.625,753.8800048828125,745.0999755859375,748.5999755859375,6687040
2021-11-04,738.3223266601562,752.510009765625,756.9000244140625,751.5,756.0999755859375,940330
2021-11-08,752.8972778320312,767.364990234375,771.3150024414062,748.5999755859375,754.3900146484375,9003010
2021-11-09,743.4635620117188,757.75,775.4400024414062,755.0,770.0,8002470
2021-11-10,743.8511352539062,758.14501953125,761.0,750.5,754.5,4649890
2021-11-11,731.2188720703125,745.27001953125,760.094970703125,741.0,757.02001953125,6344000
2021-11-12,743.6204833984375,757.9099731445312,760.0250244140625,745.2999877929688,750.0,4971280
2021-11-15,739.219970703125,753.4249877929688,762.7449951171875,749.0,757.9000244140625,4025180
2021-11-16,741.3246459960938,755.5700073242188,765.0,750.0750122070312,752.5,5980490
2021-11-17,746.4216918945312,760.7650146484375,769.2000122070312,752.125,752.7999877929688,6455740
2021-11-18,734.3829956054688,748.4949951171875,769.77001953125,744.0,762.0,7725390
2021-11-22,692.5224609375,705.8300170898438,751.4500122070312,699.0050048828125,749.2000122070312,19352430
2021-11-23,698.0169067382812,711.4299926757812,717.7999877929688,692.4099731445312,700.0,11875890
2021-11-24,704.1980590820312,717.72998046875,731.97998046875,706.5999755859375,716.0,10993800
2021-11-25,699.1452026367188,712.5800170898438,720.5,708.6799926757812,715.0,6154860
2021-11-26,667.8711547851562,680.7050170898438,704.7899780273438,677.5,702.0999755859375,16890820
2021-11-29,677.5549926757812,690.5750122070312,698.0,667.8300170898438,676.7000122070312,14918150
2021-11-30,686.5325927734375,699.7249755859375,719.97998046875,684.9249877929688,691.0,21955390
2021-12-01,690.5994262695312,703.8699951171875,710.77001953125,695.0999755859375,703.219970703125,11367680
2021-12-02,704.5120849609375,718.0499877929688,721.0,702.239990234375,709.0,8477040
2021-12-03,693.5968017578125,706.9249877929688,723.3800048828125,705.5,716.0,8164110
2021-12-06,682.0682983398438,695.1749877929688,709.5900268554688,693.8099975585938,706.9249877929688,8582530
2021-12-07,696.9229125976562,710.3150024414062,717.0,695.7999877929688,704.7999877929688,10796080
2021-12-08,722.270751953125,736.1500244140625,738.635009765625,712.0,712.0,14026910
2021-12-09,730.0022583007812,744.030029296875,746.8099975585938,733.7000122070312,740.0,10769500
2021-12-10,731.19921875,745.25,746.7000122070312,736.0,737.4000244140625,6791450
2021-12-13,708.2649536132812,721.875,747.7000122070312,719.9000244140625,747.0,12985990
2021-12-14,693.26806640625,706.5900268554688,718.0,703.5,718.0,12764810
2021-12-15,671.8153076171875,684.7249755859375,707.25,683.0999755859375,707.25,18175280
2021-12-16,689.6329956054688,702.885009765625,706.344970703125,693.2899780273438,694.5,17683180
2021-12-17,677.0988159179688,690.1099853515625,702.5,686.5,700.0,16805110
2021-12-20,650.9070434570312,663.4149780273438,686.4849853515625,649.260009765625,685.0,22263190
2021-12-21,645.3538208007812,657.7550048828125,675.0,654.0,672.5150146484375,13755910
2021-12-22,664.3536987304688,677.1199951171875,679.0750122070312,662.3800048828125,663.5,12678980
2021-12-23,678.7323608398438,691.7750244140625,699.3499755859375,683.8250122070312,684.0,13393990
2021-12-24,672.2813720703125,685.2000122070312,698.7949829101562,675.760009765625,698.489990234375,9807740
2021-12-27,676.0833129882812,689.0750122070312,690.8800048828125,665.405029296875,675.0999755859375,9123600
2021-12-28,677.6432495117188,690.6649780273438,698.0,686.1749877929688,698.0,8624640
2021-12-29,678.1339111328125,691.1649780273438,694.9949951171875,685.3049926757812,688.489990234375,5323790
2021-12-30,674.1553955078125,687.1099853515625,694.4949951171875,685.6900024414062,689.989990234375,6589920
2021-12-31,684.5751342773438,697.72998046875,699.9000244140625,687.5549926757812,688.2000122070312,7699070
2022-01-03,708.348388671875,721.9600219726562,724.39501953125,697.5,697.5,12697250
2022-01-04,720.4556274414062,734.2999877929688,737.5,723.5499877929688,725.0,9591730
2022-01-05,752.61767578125,767.0800170898438,769.114990234375,741.5,746.989990234375,25832620
2022-01-06,760.2166748046875,774.8250122070312,777.9349975585938,752.0999755859375,752.5,15359860
2022-01-07,751.4942016601562,765.9349975585938,778.5,758.5,776.39501953125,11659510
2022-01-10,758.5535278320312,773.1300048828125,775.9000244140625,766.9749755859375,768.5999755859375,6390600
2022-01-11,752.5243530273438,766.9849853515625,775.9949951171875,757.0999755859375,773.9000244140625,10379120
2022-01-12,762.7921142578125,777.4500122070312,786.9000244140625,769.1799926757812,772.5999755859375,14584040
2022-01-13,766.1133422851562,780.8350219726562,784.9550170898438,777.4000244140625,782.7999877929688,6163740
2022-01-14,768.4532470703125,783.219970703125,784.6099853515625,772.8499755859375,777.5,5696350
2022-01-17,770.454833984375,785.260009765625,791.0,780.155029296875,781.9500122070312,6797740
2022-01-18,759.7996215820312,774.4000244140625,794.5,771.60498046875,789.9949951171875,11300240
2022-01-19,742.904296875,757.1799926757812,804.5,747.2999877929688,785.0,50003170
2022-01-20,738.82763671875,753.0250244140625,765.0,740.0999755859375,761.0,29103830
2022-01-21,723.4725952148438,737.375,749.9000244140625,730.5850219726562,740.25,13704500
2022-01-24,680.10595703125,693.1749877929688,735.0,681.77001953125,735.0,25025820
2022-01-25,683.2457275390625,696.375,699.5999755859375,675.219970703125,690.0,25259340
2022-01-27,670.8096923828125,683.7000122070312,690.2349853515625,670.8099975585938,682.3599853515625,17610280
2022-01-28,673.7775268554688,686.7249755859375,704.5599975585938,684.5,696.10498046875,14675220
2022-01-31,686.8268432617188,700.0250244140625,707.5900268554688,693.010009765625,697.989990234375,12512490
2022-02-01,688.23486328125,701.4600219726562,711.5800170898438,688.5999755859375,707.5900268554688,13834490
2022-02-02,711.0808715820312,724.7449951171875,728.0,709.5,710.0,13398210
2022-02-03,697.6587524414062,711.0650024414062,728.7050170898438,710.0,725.2999877929688,8398560
2022-02-04,702.3436889648438,715.8400268554688,718.8400268554688,705.5,709.0,8232080
2022-02-07,679.9932250976562,693.0599975585938,716.5,688.0999755859375,716.5,11830120
2022-02-08,692.1986694335938,705.5,714.7000122070312,691.469970703125,700.0,16405420
2022-02-09,698.3161010742188,711.7349853515625,715.7899780273438,707.0,712.85498046875,6491660
2022-02-10,700.2440185546875,713.7000122070312,724.0,706.5,713.5,12442000
2022-02-11,687.9404907226562,701.1599731445312,707.9949951171875,692.10498046875,704.0,12764610
2022-02-14,665.8009033203125,678.594970703125,693.0,674.405029296875,681.0,11697660
2022-02-15,700.739501953125,714.2050170898438,719.5,678.594970703125,680.0,13468200
2022-02-16,693.532958984375,706.8599853515625,722.4949951171875,705.0,718.5,10540410
2022-02-17,694.891845703125,708.2449951171875,712.7999877929688,698.2000122070312,712.0,9036160
2022-02-18,689.7555541992188,703.010009765625,711.5999755859375,701.0,702.0,7625170
2022-02-21,687.4253540039062,700.635009765625,708.0900268554688,691.0999755859375,700.0,8166640
2022-02-22,687.916015625,701.135009765625,703.614990234375,678.9000244140625,680.0,12587320
2022-02-23,691.1732788085938,704.4550170898438,711.7349853515625,702.7449951171875,706.0,7952280
2022-02-24,650.2839965820312,662.780029296875,690.02001953125,659.2449951171875,680.0,19300400
2022-02-25,683.800048828125,696.9400024414062,698.9949951171875,675.9000244140625,680.0,14132810
2022-02-28,687.0280151367188,700.22998046875,702.5,680.6599731445312,686.0,15808910
2022-03-02,670.2749633789062,683.155029296875,693.635009765625,676.2000122070312,691.7999877929688,16080090
2022-03-03,662.1118774414062,674.8350219726562,694.4299926757812,672.5,692.0,13339990
2022-03-04,641.463623046875,653.7899780273438,669.7999877929688,650.0,668.8400268554688,19965090
2022-03-07,600.9520263671875,612.5,637.0,610.0,635.0,28435880
2022-03-08,604.5675048828125,616.1849975585938,621.7349853515625,591.2899780273438,612.7999877929688,28857830
2022-03-09,635.0469360351562,647.25,652.5,612.1849975585938,621.9500122070312,22801310
2022-03-10,646.0750122070312,658.489990234375,679.4000244140625,650.0999755859375,679.4000244140625,20915610
2022-03-11,650.3037109375,662.7999877929688,668.5,649.0050048828125,655.0,12647710
2022-03-14,653.9780883789062,666.5449829101562,668.9000244140625,650.0,660.0999755859375,12668460
2022-03-15,654.0860595703125,666.655029296875,675.0,660.5,667.719970703125,14792700
2022-03-16,671.162841796875,684.0599975585938,689.9400024414062,674.3350219726562,678.0,16335960
2022-03-17,686.2529296875,699.4400024414062,705.6900024414062,693.010009765625,694.77001953125,16706780
2022-03-21,674.0866088867188,687.0399780273438,701.875,685.0,700.0,9620190
2022-03-22,685.4091186523438,698.5800170898438,701.0,676.7000122070312,687.0,12737960
2022-03-23,687.2732543945312,700.47998046875,710.4000244140625,697.0,705.0,11767500
2022-03-24,686.5619506835938,699.7550048828125,703.5549926757812,688.125,696.9000244140625,7837160
2022-03-25,684.2022705078125,697.3499755859375,706.7449951171875,694.0,705.9000244140625,7023730
2022-03-28,686.9397583007812,700.1400146484375,703.5,687.0,699.0,9369730
2022-03-29,690.6631469726562,703.9349975585938,706.0,698.4500122070312,704.0,7159500
2022-03-30,711.5125122070312,725.1849975585938,727.4450073242188,709.9000244140625,710.0,12722540
2022-03-31,712.3072509765625,725.9949951171875,744.5,724.0650024414062,728.7949829101562,16330110
2022-04-01,726.8428955078125,740.8099975585938,744.9000244140625,722.030029296875,722.9949951171875,8715130
2022-04-04,734.9423217773438,749.0650024414062,759.0900268554688,743.0,744.9000244140625,10497590
2022-04-05,724.9149780273438,738.844970703125,747.9949951171875,733.0,743.5,10720820
2022-04-06,720.8432006835938,734.6950073242188,742.5,730.0,735.0,7670310
2022-04-07,715.2752685546875,729.02001953125,735.5999755859375,727.0,731.0,7182660
2022-04-08,722.7711791992188,736.6599731445312,742.5,726.0,732.8300170898438,8819730
2022-04-11,719.8325805664062,733.6649780273438,738.4000244140625,729.5,734.5050048828125,5975080
2022-04-12,713.7348022460938,727.4500122070312,729.9949951171875,722.0,729.9949951171875,8055980
2022-04-13,719.028076171875,732.844970703125,738.0,728.2050170898438,731.2999877929688,6723170
2022-04-18,712.4545288085938,726.14501953125,737.5,723.1599731445312,726.5499877929688,7582220
2022-04-19,712.2680053710938,725.9550170898438,744.3300170898438,715.0999755859375,730.0,11911100
2022-04-20,689.9910278320312,703.25,729.469970703125,696.0,727.4949951171875,15581810
2022-04-21,700.3519897460938,713.8099975585938,718.7000122070312,704.72998046875,709.9000244140625,8753430
2022-04-22,697.6685180664062,711.0750122070312,720.7000122070312,707.1400146484375,708.0,8079870
2022-04-25,687.3419189453125,700.5499877929688,707.4949951171875,695.0,700.0,6849530
2022-04-26,710.40380859375,724.0549926757812,726.2949829101562,709.7000122070312,713.0999755859375,10124190
2022-04-27,658.7513427734375,671.4099731445312,710.0,668.885009765625,710.0,39843570
2022-04-28,660.080810546875,672.7650146484375,680.5,658.0,674.7999877929688,24990940
2022-04-29,654.6011352539062,667.1799926757812,682.3599853515625,665.0999755859375,680.0,13375170
2022-05-02,650.1221923828125,662.614990234375,664.9849853515625,652.5499877929688,655.0,12387410
2022-05-04,622.0221557617188,633.9749755859375,666.780029296875,629.0,662.989990234375,16491150
2022-05-05,619.0493774414062,630.9450073242188,649.7449951171875,629.0,640.0,14860280
2022-05-06,588.7171630859375,600.030029296875,620.5050048828125,597.5,620.0999755859375,30648650
2022-05-09,592.3130493164062,603.6950073242188,613.5250244140625,583.2550048828125,596.0999755859375,19356480
2022-05-10,581.6676025390625,592.844970703125,611.3049926757812,590.0,600.0,11779330
2022-05-11,569.7515869140625,580.7000122070312,599.6599731445312,573.7000122070312,595.7000122070312,18613390
2022-05-12,548.7943725585938,559.3400268554688,576.4749755859375,550.5900268554688,575.0,24940440
2022-05-13,541.1757202148438,551.5750122070312,574.9000244140625,550.0,570.0,21053150
2022-05-16,553.896240234375,564.5399780273438,571.1950073242188,548.7999877929688,557.5,14149550
2022-05-17,572.7244262695312,583.72998046875,584.9000244140625,565.2000122070312,566.0,14017700
2022-05-18,570.55615234375,581.52001953125,595.6699829101562,579.0,588.9949951171875,16550940
2022-05-19,559.9401245117188,570.7000122070312,574.5,561.0999755859375,565.0999755859375,10650250
2022-05-20,566.0821533203125,576.9600219726562,584.1950073242188,571.2000122070312,584.0,10986100
2022-05-23,568.4761352539062,579.4000244140625,590.625,577.1199951171875,582.5,9680210
2022-05-24,568.9470825195312,579.8800048828125,583.2999877929688,572.5,578.2999877929688,10840690
2022-05-25,571.753173828125,582.739990234375,587.77001953125,580.1799926757812,583.9000244140625,8675980
2022-05-26,570.811279296875,581.780029296875,587.5449829101562,565.3400268554688,585.0,12595460
2022-05-27,588.0499267578125,599.3499755859375,607.7000122070312,586.10498046875,590.0,16258050
2022-05-30,599.5980834960938,611.1199951171875,612.7000122070312,604.1099853515625,608.7999877929688,8174840
2022-05-31,596.7478637695312,608.2150268554688,616.9199829101562,601.64501953125,611.0,15489660
2022-06-01,589.6836547851562,601.0150146484375,613.0,597.7249755859375,606.0,8876200
2022-06-02,594.363525390625,605.7849731445312,608.0,594.9199829101562,600.7000122070312,7508090
2022-06-03,591.45458984375,602.8200073242188,616.7999877929688,601.4000244140625,612.5,10434650
2022-06-06,590.7481079101562,602.0999755859375,605.0,591.0999755859375,600.8200073242188,7376570
2022-06-07,576.776611328125,587.8599853515625,598.9949951171875,583.364990234375,598.0,8969820
2022-06-08,584.203857421875,595.4299926757812,605.4000244140625,580.2249755859375,590.0,13341460
2022-06-09,578.7339477539062,589.85498046875,593.1599731445312,585.5,590.5,12376740
2022-06-10,556.0645141601562,566.75,583.5,565.239990234375,582.5,21518910
2022-06-13,525.7225952148438,535.8250122070312,555.4000244140625,532.5,552.5050048828125,19327850
2022-06-14,527.439697265625,537.5750122070312,546.0999755859375,528.4199829101562,534.7000122070312,18845410
2022-06-15,538.15380859375,548.4949951171875,549.989990234375,539.614990234375,541.7999877929688,16599430
2022-06-16,518.4277954101562,528.3900146484375,561.4949951171875,525.4849853515625,556.5,21796860
2022-06-17,531.737060546875,541.9550170898438,547.5,522.0,522.0,19379390
2022-06-20,536.7311401367188,547.0449829101562,551.0,535.2000122070312,542.7999877929688,11194560
2022-06-21,544.4526977539062,554.9149780273438,556.4000244140625,545.5,552.5,10023590
2022-06-22,533.7042236328125,543.9600219726562,553.1500244140625,540.5,553.1500244140625,8983460
2022-06-23,534.5431518554688,544.8150024414062,549.5,534.2999877929688,544.5599975585938,11018570
2022-06-24,548.2399291992188,558.7750244140625,561.6649780273438,545.5,551.0,13049330
2022-06-27,553.4841918945312,564.1199951171875,572.5,558.7750244140625,570.0,10490080
2022-06-28,547.1116943359375,557.625,561.9000244140625,552.5,560.7000122070312,7395000
2022-06-29,540.8863525390625,551.280029296875,555.4000244140625,546.0,548.5,7559820
2022-06-30,531.7972412109375,540.0499877929688,553.52001953125,537.7000122070312,551.280029296875,11982750
2022-07-01,552.8605346679688,561.4400024414062,563.39501953125,533.5050048828125,536.4000244140625,12218900
2022-07-04,554.4260864257812,563.030029296875,564.89501953125,554.0999755859375,561.2899780273438,7898180
2022-07-05,557.4591064453125,566.1099853515625,575.5,562.64501953125,566.0,12284530
2022-07-06,582.6284790039062,591.6699829101562,593.885009765625,564.5900268554688,568.0,22229520
2022-07-07,577.1140747070312,586.0700073242188,598.6900024414062,581.5999755859375,593.5,13352470
2022-07-08,578.344970703125,587.3200073242188,592.7999877929688,580.0999755859375,592.7999877929688,8032820
2022-07-11,577.1929321289062,586.1500244140625,590.39501953125,581.3800048828125,585.0,7613370
2022-07-12,578.37939453125,587.35498046875,595.9550170898438,578.4000244140625,584.97998046875,9754460
2022-07-13,578.90625,587.8900146484375,597.9000244140625,586.6599731445312,592.9949951171875,8869340
2022-07-14,574.1746826171875,583.0850219726562,592.6950073242188,579.469970703125,592.5,6929200
2022-07-15,582.4807739257812,591.52001953125,592.8250122070312,581.2849731445312,585.5,5698590
2022-07-18,596.7197875976562,605.97998046875,606.8099975585938,593.135009765625,596.989990234375,9664320
2022-07-19,597.3253784179688,606.594970703125,609.8150024414062,600.2050170898438,604.0,9785600
2022-07-20,598.1575317382812,607.4400024414062,614.9600219726562,604.2050170898438,614.9000244140625,8270920
2022-07-21,617.11328125,626.6900024414062,628.3150024414062,603.5999755859375,607.9000244140625,13254930
2022-07-22,616.2615966796875,625.8250122070312,632.5,621.77001953125,627.0999755859375,9532950
2022-07-25,613.184326171875,622.7000122070312,633.4000244140625,618.5,624.0,7240230
2022-07-26,616.8720703125,626.4450073242188,638.3699951171875,621.25,630.0,15304060
2022-07-27,629.8605346679688,639.635009765625,642.9400024414062,619.5,627.9000244140625,14449890
2022-07-28,696.8460083007812,707.6599731445312,710.9949951171875,652.2000122070312,652.2000122070312,64857820
2022-07-29,709.8934326171875,720.9099731445312,726.0,712.5,717.5,26067620
2022-08-01,715.0042114257812,726.0999755859375,731.0,719.2000122070312,725.10498046875,12270770
2022-08-02,722.9706420898438,734.1900024414062,735.5999755859375,718.219970703125,720.14501953125,12491240
2022-08-03,718.4852294921875,729.635009765625,737.6400146484375,721.7999877929688,732.5999755859375,12186210
2022-08-04,720.4841918945312,731.6649780273438,738.5,720.5,733.89501953125,9494810
2022-08-05,719.3074340820312,730.469970703125,736.7949829101562,727.60498046875,733.9949951171875,7580780
2022-08-08,723.0001831054688,734.219970703125,739.7999877929688,726.4000244140625,730.0,9574820
2022-08-10,704.0147705078125,714.9400024414062,736.9000244140625,710.5,736.9000244140625,19065230
2022-08-11,720.710693359375,731.89501953125,732.5,721.7349853515625,724.4000244140625,10270510
2022-08-12,719.770263671875,730.9400024414062,734.2999877929688,727.2050170898438,730.2000122070312,10369410
2022-08-16,717.4758911132812,728.6099853515625,738.4000244140625,727.2100219726562,733.9000244140625,8044640
2022-08-17,741.2076416015625,752.7100219726562,763.7999877929688,729.5999755859375,730.0,23444140
2022-08-18,737.3819580078125,748.8250122070312,758.8800048828125,745.239990234375,749.0,8353540
2022-08-19,719.0120239257812,730.1699829101562,753.8699951171875,727.0999755859375,751.0,11004270
2022-08-22,699.3668823242188,710.219970703125,727.97998046875,708.885009765625,726.0999755859375,10608620
2022-08-23,709.7557373046875,720.77001953125,725.0,705.0,708.5,10886030
2022-08-24,706.7227783203125,717.6900024414062,723.6400146484375,714.0,716.5,9530960
2022-08-25,693.946044921875,704.7150268554688,723.9000244140625,702.510009765625,721.280029296875,13542960
2022-08-26,695.418212890625,706.2100219726562,714.1500244140625,702.5700073242188,712.0,7591390
2022-08-29,685.7925415039062,696.4349975585938,701.5499877929688,686.135009765625,688.0999755859375,9967350
2022-08-30,719.4600219726562,730.625,733.5,700.0,700.0,17313810
2022-09-01,707.1560668945312,718.1300048828125,733.385009765625,714.2000122070312,722.8599853515625,14625790
2022-09-02,708.047119140625,719.0349731445312,731.2999877929688,717.344970703125,721.7100219726562,9063700
2022-09-05,708.6232299804688,719.6199951171875,725.4000244140625,715.7999877929688,719.0700073242188,7070250
2022-09-06,701.0557250976562,711.9349975585938,725.5,710.5,722.875,7919050
2022-09-07,705.6986083984375,716.6500244140625,720.7949829101562,707.0,707.7999877929688,7919940
2022-09-08,714.6743774414062,725.7650146484375,727.9450073242188,717.5,722.0,7722510
2022-09-09,707.11669921875,718.0900268554688,732.4000244140625,716.5,730.0,6496070
2022-09-12,717.5546264648438,728.6900024414062,731.989990234375,718.7849731445312,721.6849975585938,8347160
2022-09-13,729.031494140625,740.344970703125,744.4000244140625,731.239990234375,733.0,13827000
2022-09-14,736.9092407226562,748.344970703125,756.0,727.2150268554688,727.2150268554688,14933880
2022-09-15,727.3427734375,738.6300048828125,753.2849731445312,736.969970703125,748.9949951171875,7174200
2022-09-16,716.2941284179688,727.4099731445312,748.0150146484375,719.4349975585938,738.5,11870360
2022-09-19,738.1549072265625,749.6099853515625,752.4450073242188,719.094970703125,727.5,16481170
2022-09-20,751.8720092773438,763.5399780273438,771.5,756.5,756.9949951171875,16134500
2022-09-21,757.3126220703125,769.0650024414062,773.5,758.60498046875,764.0,12392620
2022-09-22,760.1585083007812,771.9550170898438,777.7999877929688,760.0,767.0,12810390
2022-09-23,739.2430419921875,750.7150268554688,773.1500244140625,747.5,771.47998046875,14123310
2022-09-26,714.8564453125,725.9500122070312,746.0,712.9000244140625,743.7000122070312,18752050
2022-09-27,713.2169799804688,724.2849731445312,737.9949951171875,721.0050048828125,732.5,11428290
2022-09-28,709.2435913085938,720.25,729.75,716.010009765625,717.9000244140625,8690690
2022-09-29,699.6180419921875,710.4749755859375,731.6900024414062,708.8049926757812,731.25,9696320
2022-09-30,722.364990234375,733.5750122070312,736.2000122070312,702.6799926757812,708.0999755859375,16186650
2022-10-03,706.2205200195312,717.1799926757812,739.7999877929688,714.4600219726562,733.7000122070312,8201980
2022-10-04,737.42626953125,748.8699951171875,750.5,730.635009765625,733.5,11914950
2022-10-06,729.1004028320312,740.4149780273438,759.9000244140625,734.6900024414062,755.0,15100600
2022-10-07,723.2905883789062,734.5150146484375,740.7750244140625,727.2249755859375,738.5449829101562,9911960
2022-10-10,718.1947631835938,729.3400268554688,733.7999877929688,722.0999755859375,726.5,6531130
2022-10-11,709.273193359375,720.280029296875,735.25,717.260009765625,730.7000122070312,7322060
2022-10-12,711.5774536132812,722.6199951171875,725.8499755859375,714.5,720.5,7407310
2022-10-13,704.2362670898438,715.1649780273438,722.5999755859375,711.469970703125,722.0499877929688,6086550
2022-10-14,716.13671875,727.25,734.5,722.0999755859375,730.0,8390120
2022-10-17,724.2803344726562,735.52001953125,737.22998046875,721.7000122070312,725.4949951171875,6174010
2022-10-18,727.7465209960938,739.0399780273438,743.0,732.0999755859375,740.0,9069750
2022-10-19,726.7617797851562,738.0399780273438,744.0,735.0,741.7000122070312,6271770
2022-10-20,731.8822631835938,743.239990234375,744.9000244140625,726.0999755859375,736.9949951171875,10260540
2022-10-21,708.2835083007812,719.2750244140625,749.0,715.3049926757812,749.0,23869600
2022-10-24,709.6375122070312,720.6500244140625,731.0,719.0,731.0,2278840
2022-10-25,699.4358520507812,710.2899780273438,724.2550048828125,709.0,724.2550048828125,9098990
2022-10-27,686.4572143554688,697.1099853515625,721.0,693.0999755859375,718.5999755859375,16414580
2022-10-28,689.9775390625,700.6849975585938,709.0,698.0,700.0,8396690
2022-10-31,703.4928588867188,714.4099731445312,714.9600219726562,704.5999755859375,709.4000244140625,8189860
2022-11-01,709.9329833984375,720.9500122070312,723.5999755859375,716.0,719.6950073242188,7627420
2022-11-02,704.684326171875,715.6199951171875,724.0,714.0050048828125,720.7000122070312,5859140
2022-11-03,701.2771606445312,712.1599731445312,719.5,709.2100219726562,710.5,6323130
2022-11-04,710.1791381835938,721.2000122070312,722.489990234375,712.1599731445312,712.1599731445312,9219250
2022-11-07,708.0176391601562,719.0050048828125,725.0650024414062,711.0999755859375,724.8099975585938,7224940
2022-11-09,703.4830932617188,714.4000244140625,723.5,711.4650268554688,723.5,6896340
2022-11-10,686.8511962890625,697.510009765625,716.5,696.4550170898438,715.7999877929688,10081820
2022-11-11,694.3694458007812,705.14501953125,715.7849731445312,699.5,714.9000244140625,12333420
2022-11-14,691.8436889648438,702.5800170898438,710.7000122070312,700.10498046875,705.489990234375,8550600
2022-11-15,691.8387451171875,702.5750122070312,706.239990234375,698.0999755859375,703.5150146484375,7195210
2022-11-16,678.9684448242188,689.5050048828125,703.4849853515625,685.260009765625,701.0999755859375,13362040
2022-11-17,678.9684448242188,689.5050048828125,695.0,683.2000122070312,687.0,7339440
2022-11-18,668.7716064453125,679.1500244140625,692.7999877929688,675.0,690.989990234375,13276890
2022-11-21,657.703369140625,667.9099731445312,674.7000122070312,661.0349731445312,674.7000122070312,10717480
2022-11-22,658.289306640625,668.5050048828125,672.7750244140625,666.030029296875,668.0250244140625,9587690
2022-11-23,667.6442260742188,678.0050048828125,680.5,669.0,671.8499755859375,8936670
2022-11-24,666.7875366210938,677.135009765625,683.9849853515625,673.72998046875,681.39501953125,7546110
2022-11-25,664.4388427734375,674.75,677.7999877929688,667.5,677.0,8590580
2022-11-28,667.3881225585938,677.7449951171875,683.280029296875,672.85498046875,672.9000244140625,6040540
2022-11-29,663.1243286132812,673.4149780273438,680.8900146484375,672.0999755859375,677.5,6818600
2022-11-30,661.824462890625,672.094970703125,675.4199829101562,667.7999877929688,673.5,14828310
2022-12-01,664.4635620117188,674.7750244140625,677.0,670.7000122070312,675.4600219726562,9816160
2022-12-02,657.3735961914062,667.5750122070312,674.1950073242188,664.7000122070312,673.02001953125,14386020
2022-12-05,655.8668823242188,666.0449829101562,669.9000244140625,663.2000122070312,667.4550170898438,10292500
2022-12-06,659.6187133789062,669.85498046875,673.5,663.2000122070312,667.4400024414062,8409800
2022-12-07,652.3958129882812,662.52001953125,672.4949951171875,660.0999755859375,672.4949951171875,9610270
2022-12-08,648.1369018554688,658.1950073242188,668.0,656.0,668.0,11377840
2022-12-09,641.7854614257812,651.7449951171875,661.7999877929688,649.0,660.25,11312920
2022-12-12,640.7072143554688,650.6500244140625,653.9000244140625,639.2000122070312,650.8099975585938,11000480
2022-12-13,651.8936157226562,662.010009765625,664.7999877929688,650.7000122070312,650.7000122070312,9586360
2022-12-14,655.3499755859375,665.52001953125,668.85498046875,662.6599731445312,665.7999877929688,6782830
2022-12-15,652.41552734375,662.5399780273438,671.4000244140625,660.4000244140625,663.2000122070312,8577060
2022-12-16,649.6090698242188,659.6900024414062,669.530029296875,656.0,659.0,8802330
2022-12-19,658.4813842773438,668.7000122070312,670.5,659.7000122070312,660.010009765625,6595590
2022-12-20,654.1337890625,664.2849731445312,669.885009765625,658.5,666.0,6077160
2022-12-21,642.6962890625,652.6699829101562,669.3900146484375,650.5,669.3900146484375,6223900
2022-12-22,639.1464233398438,649.0650024414062,657.5,640.7000122070312,657.0,8497060
2022-12-23,627.7188110351562,637.4600219726562,646.5999755859375,634.0050048828125,645.0,9943030
2022-12-26,633.5384521484375,643.3699951171875,646.989990234375,630.0,637.4650268554688,5305350
2022-12-27,640.5299682617188,650.469970703125,653.0,643.0,646.5999755859375,7810350
2022-12-28,637.7136840820312,647.6099853515625,657.0,646.405029296875,647.5,7559340
2022-12-29,641.1405029296875,651.0900268554688,652.0499877929688,640.239990234375,644.0,5218800
2022-12-30,647.4722290039062,657.52001953125,671.989990234375,651.5,655.0,15202660
2023-01-02,645.3600463867188,655.375,661.0,648.4749755859375,656.5,5793400
2023-01-03,650.52978515625,660.625,666.0,653.0,656.5,7420810
2023-01-04,647.05859375,657.0999755859375,663.7999877929688,655.0,659.5,6712530
2023-01-05,600.6832885742188,610.0050048828125,649.0,602.5050048828125,649.0,51023000
2023-01-06,588.9010620117188,598.0399780273438,613.9949951171875,594.1599731445312,613.0,29319220
2023-01-09,590.1764526367188,599.3350219726562,607.7999877929688,595.5,602.0,14005480
2023-01-10,581.3926391601562,590.4149780273438,601.5,587.5,599.9000244140625,11203750
2023-01-11,580.5654907226562,589.5750122070312,594.9000244140625,586.5549926757812,593.0,11088910
2023-01-12,580.8264770507812,589.8400268554688,596.489990234375,585.7000122070312,590.655029296875,14769490
2023-01-13,588.6450805664062,597.780029296875,598.5,587.2000122070312,592.0,11084900
2023-01-16,591.9046020507812,601.0900268554688,607.219970703125,597.4550170898438,600.0,9083390
2023-01-17,589.3491821289062,598.4949951171875,601.9949951171875,594.0,601.9949951171875,8170050
2023-01-18,590.6982421875,599.864990234375,604.9000244140625,598.5,600.39501953125,7962810
2023-01-19,592.0571899414062,601.2449951171875,602.9650268554688,596.0650024414062,598.2999877929688,5481420
2023-01-20,577.08447265625,586.0399780273438,601.9749755859375,583.719970703125,601.25,8330900
2023-01-23,577.3405151367188,586.2999877929688,593.5,584.0999755859375,588.0999755859375,8560640
2023-01-24,576.5577392578125,585.5050048828125,592.0999755859375,584.2650146484375,589.2349853515625,6081450
2023-01-25,570.7330932617188,579.5900268554688,585.5050048828125,577.7000122070312,585.0050048828125,8278370
2023-01-27,567.2669067382812,576.0700073242188,586.155029296875,568.0,581.5,16213520
2023-01-30,592.9778442382812,602.1799926757812,606.6199951171875,577.0050048828125,577.0050048828125,24481600
2023-01-31,579.6448364257812,588.6400146484375,605.0,587.4000244140625,605.0,19967880
2023-02-01,572.8305053710938,581.719970703125,598.0399780273438,570.8900146484375,594.4000244140625,26348660
2023-02-02,563.0276489257812,571.7650146484375,581.9000244140625,564.5,581.9000244140625,20250440
2023-02-03,592.2344360351562,601.4249877929688,603.0,574.7050170898438,577.0,14868920
2023-02-06,601.0919189453125,610.4199829101562,612.4000244140625,595.5599975585938,600.0,10738200
2023-02-07,606.6408081054688,616.0549926757812,618.2000122070312,610.0,612.2949829101562,14721930
2023-02-08,625.4588623046875,635.1649780273438,637.7000122070312,616.280029296875,616.5,19032080
2023-02-09,635.6359252929688,645.5,648.780029296875,633.5250244140625,637.489990234375,18381540
2023-02-10,633.7156372070312,643.5499877929688,652.760009765625,642.0,645.39501953125,12912820
2023-02-13,624.8532104492188,634.5499877929688,647.3150024414062,629.7050170898438,643.4949951171875,7365570
2023-02-14,636.0001831054688,645.8699951171875,647.2349853515625,631.0,635.3800048828125,10340900
2023-02-15,639.0775146484375,648.9949951171875,649.5999755859375,639.72998046875,645.0,6189790
2023-02-16,633.8929443359375,643.72998046875,652.4749755859375,642.0,650.5,5290480
2023-02-17,631.8644409179688,641.6699829101562,647.5800170898438,636.75,641.0,6160440
2023-02-20,627.0097045898438,636.739990234375,644.35498046875,634.2999877929688,642.5,4657320
2023-02-21,628.1766357421875,637.9249877929688,640.8250122070312,635.2000122070312,639.5,4485090
2023-02-22,610.3926391601562,619.864990234375,636.0,618.5,633.0999755859375,9347000
2023-02-23,610.7569580078125,620.2349853515625,626.2449951171875,612.2650146484375,621.4000244140625,8097680
2023-02-24,614.0951538085938,623.625,628.5999755859375,620.0,625.375,6077610
2023-02-27,609.9839477539062,619.4500122070312,624.0999755859375,613.5,621.5,5950040
2023-02-28,601.8699340820312,611.2100219726562,624.6599731445312,609.0,622.0,9778520
2023-03-01,606.07958984375,615.4849853515625,620.39501953125,610.010009765625,610.010009765625,5448040
2023-03-02,599.0043334960938,608.2999877929688,620.9600219726562,607.0050048828125,616.52001953125,5822980
2023-03-03,600.6832885742188,610.0050048828125,614.0999755859375,607.2999877929688,612.1799926757812,7120370
2023-03-06,604.1101684570312,613.4849853515625,618.2999877929688,612.0050048828125,614.0,6084770
2023-03-08,590.52099609375,599.6849975585938,612.9000244140625,598.5,612.9000244140625,13427950
2023-03-09,581.112060546875,590.1300048828125,604.0,589.010009765625,600.0,9408580
2023-03-10,578.4385375976562,587.4149780273438,588.739990234375,578.0999755859375,586.5,7708610
2023-03-13,574.4404907226562,583.35498046875,594.75,581.0999755859375,586.9000244140625,7933560
2023-03-14,564.3964233398438,573.155029296875,585.0,571.614990234375,584.0,13725650
2023-03-15,563.1359252929688,571.875,582.0,570.0999755859375,580.0,6794730
2023-03-16,562.7765502929688,571.510009765625,575.5,566.5,572.969970703125,8849630
2023-03-17,564.4752197265625,573.2349853515625,581.6749877929688,568.8099975585938,574.0050048828125,10471510
2023-03-20,546.5977172851562,555.0800170898438,574.0449829101562,548.5700073242188,573.9000244140625,17127560
2023-03-21,562.2841796875,571.010009765625,571.5,558.614990234375,560.1799926757812,11301140
2023-03-22,574.5045776367188,583.4199829101562,585.7000122070312,573.5,574.97998046875,12425340
2023-03-23,574.3912963867188,583.3049926757812,590.0,577.25,580.9500122070312,10544190
2023-03-24,556.292236328125,564.9249877929688,582.9749755859375,562.719970703125,580.3900146484375,12780420
2023-03-27,550.7581176757812,559.3049926757812,572.5,558.4550170898438,569.7999877929688,11187430
2023-03-28,544.9876098632812,553.4450073242188,562.4400024414062,552.27001953125,562.10498046875,9481360
2023-03-29,553.9240112304688,562.52001953125,564.5999755859375,555.5,556.2150268554688,11096120
2023-03-31,553.091796875,561.6749877929688,569.4000244140625,558.6199951171875,569.4000244140625,12678280
2023-04-03,562.771728515625,571.5050048828125,573.4000244140625,563.219970703125,565.5,7453860
2023-04-05,567.3259887695312,576.1300048828125,594.7050170898438,574.3150024414062,583.2000122070312,24333290
2023-04-06,584.15478515625,593.219970703125,595.9000244140625,570.5549926757812,576.0999755859375,17405020
2023-04-10,573.9728393554688,582.8800048828125,596.989990234375,581.0999755859375,594.4949951171875,9282570
2023-04-11,574.8541870117188,583.7750244140625,588.0,581.114990234375,585.7999877929688,8116200
2023-04-12,576.7448120117188,585.6950073242188,587.6749877929688,578.5999755859375,583.7000122070312,10230690
2023-04-13,581.4222412109375,590.4450073242188,593.7000122070312,585.0399780273438,585.6950073242188,8330060
2023-04-17,587.03515625,596.14501953125,599.7999877929688,590.0,599.7999877929688,6728570
2023-04-18,582.5250854492188,591.5650024414062,599.4000244140625,587.0250244140625,597.5,6408890
2023-04-19,585.68603515625,594.7750244140625,596.0,588.0,591.5650024414062,5549280
2023-04-20,582.2346801757812,591.27001953125,596.594970703125,588.614990234375,596.0,4367310
2023-04-21,584.7161254882812,593.7899780273438,594.5,582.7999877929688,591.2999877929688,6431010
2023-04-24,584.3074340820312,593.375,596.469970703125,587.7000122070312,594.0,5448920
2023-04-25,598.2412109375,607.5250244140625,609.27001953125,592.8699951171875,595.989990234375,14944750
2023-04-26,596.3406982421875,605.594970703125,611.97998046875,601.3300170898438,610.0,9740070
2023-04-27,610.530517578125,620.0050048828125,625.4450073242188,606.5999755859375,607.5,28271360
2023-04-28,618.4132080078125,628.010009765625,629.5999755859375,611.0999755859375,624.3900146484375,14896680
2023-05-02,615.3654174804688,624.9149780273438,633.4650268554688,622.47998046875,633.0,9912540
2023-05-03,608.580810546875,618.0250244140625,625.5,615.594970703125,623.8049926757812,6682510
2023-05-04,629.2598266601562,639.0250244140625,639.9000244140625,618.2150268554688,619.7000122070312,12451410
2023-05-05,629.2203979492188,638.9849853515625,644.7999877929688,633.1649780273438,637.9949951171875,11600400
2023-05-08,655.6207275390625,665.7949829101562,669.510009765625,638.7999877929688,639.4450073242188,22247350
2023-05-09,645.2122802734375,655.2249755859375,673.9849853515625,654.2000122070312,665.0,21307700
2023-05-10,653.0161743164062,663.1500244140625,666.5,652.5,659.094970703125,8353210
2023-05-11,656.162353515625,666.344970703125,668.0,662.5,665.9000244140625,5674940
2023-05-12,661.1795043945312,671.4400024414062,673.364990234375,660.469970703125,665.0,9120780
2023-05-15,660.9727172851562,671.22998046875,675.0,668.5800170898438,671.4400024414062,7390760
2023-05-16,668.09228515625,678.4600219726562,684.9000244140625,670.0,672.0,12651330
2023-05-17,660.2587890625,670.5050048828125,681.0449829101562,666.2000122070312,678.5,7407850
2023-05-18,668.5648803710938,678.9400024414062,683.0650024414062,674.5150146484375,675.97998046875,11067180
2023-05-19,668.0528564453125,678.4199829101562,682.0,671.2000122070312,680.0,5928340
2023-05-22,668.92431640625,679.3049926757812,681.7999877929688,676.1900024414062,678.4199829101562,4197920
2023-05-23,667.6934204101562,678.0549926757812,687.39501953125,675.7100219726562,681.0050048828125,7901960
2023-05-24,668.2251586914062,678.594970703125,684.85498046875,672.9749755859375,676.9000244140625,5539360
2023-05-25,673.6608276367188,684.114990234375,684.7999877929688,674.6099853515625,677.7999877929688,5302600
2023-05-26,679.8989868164062,690.4500122070312,692.0,684.1199951171875,684.6599731445312,6940730
2023-05-29,682.6118774414062,693.2050170898438,697.1900024414062,690.1799926757812,694.02001953125,6407280
2023-05-30,689.874267578125,700.5800170898438,701.875,693.0050048828125,694.7999877929688,8819230
2023-05-31,688.3035278320312,698.9849853515625,702.5999755859375,692.72998046875,700.489990234375,21476270
2023-06-01,693.2911376953125,704.0499877929688,705.72998046875,695.1099853515625,702.4000244140625,5900260
2023-06-02,691.656494140625,702.3900146484375,710.0,700.5,707.5750122070312,6642090
2023-06-05,693.5570678710938,704.3200073242188,709.1599731445312,701.3049926757812,707.0,5771620
2023-06-06,700.52392578125,711.39501953125,713.2000122070312,702.5,702.5,6905860
2023-06-07,697.1759033203125,707.9949951171875,714.0999755859375,706.2000122070312,712.0,5344830
2023-06-08,690.297607421875,701.010009765625,711.0999755859375,699.5150146484375,708.0,4553600
2023-06-09,692.9613647460938,703.7150268554688,708.25,701.2050170898438,701.2750244140625,4473610
2023-06-12,698.9237670898438,709.77001953125,711.0,704.1599731445312,705.0150146484375,5132550
2023-06-13,705.7232055664062,716.6749877929688,720.0,710.0,710.0,8001340
2023-06-14,698.840087890625,709.6849975585938,718.2000122070312,708.2050170898438,718.2000122070312,4015200
2023-06-15,701.7694702148438,712.6599731445312,714.1699829101562,705.5999755859375,709.5,4370180
2023-06-16,709.3125,720.3200073242188,721.8599853515625,713.0999755859375,717.0,14148580
2023-06-19,727.3329467773438,738.6199951171875,739.885009765625,720.2249755859375,721.1950073242188,11845900
2023-06-20,713.8028564453125,724.8800048828125,737.614990234375,720.0999755859375,737.614990234375,8638260
2023-06-21,709.60302734375,720.614990234375,728.5900268554688,717.7000122070312,727.5,5468040
2023-06-22,692.2572021484375,703.0,720.4149780273438,702.0,720.010009765625,8271940
2023-06-23,688.283935546875,698.9650268554688,705.5,695.6099853515625,702.094970703125,8152260
2023-06-26,689.175048828125,699.8699951171875,703.5,694.5,699.0,5635390
2023-06-27,691.1986083984375,701.9249877929688,703.0,695.4000244140625,703.0,7097890
2023-06-28,698.185302734375,709.02001953125,712.5,704.0,705.4349975585938,7097820
2023-06-30,708.11376953125,716.0599975585938,719.5,709.1199951171875,710.0,8879080
2023-07-03,725.1624755859375,733.2999877929688,735.5,716.0,716.0599975585938,12092270
2023-07-04,777.3221435546875,786.0449829101562,792.0,761.2650146484375,765.0,41622080
2023-07-05,775.17626953125,783.875,799.989990234375,778.0,787.9949951171875,19786660
2023-07-06,768.0067749023438,776.625,782.4000244140625,773.5,777.5999755859375,10459840
2023-07-07,753.7764282226562,762.2349853515625,774.8900146484375,760.5599975585938,772.0,10949150
2023-07-10,744.96533203125,753.3250122070312,762.9949951171875,743.22998046875,762.2349853515625,14515180
2023-07-11,736.139404296875,744.4000244140625,768.0,738.0999755859375,756.7000122070312,16750430
2023-07-12,734.9476928710938,743.1950073242188,750.7999877929688,739.8150024414062,746.989990234375,11317550
2023-07-13,739.1654052734375,747.4600219726562,752.2899780273438,741.5999755859375,746.9949951171875,7470520
2023-07-14,739.9317626953125,748.2349853515625,751.8900146484375,739.989990234375,747.4000244140625,7266000
2023-07-17,742.7599487304688,751.094970703125,754.2000122070312,744.2000122070312,752.0,5067440
2023-07-18,733.7659912109375,742.0,755.5,737.3099975585938,752.0,13097090
2023-07-19,750.0531616210938,758.469970703125,759.9000244140625,743.0,744.1950073242188,9759430
2023-07-20,751.22998046875,759.6599731445312,763.7150268554688,750.2000122070312,755.0999755859375,6494360
2023-07-21,749.761474609375,758.1749877929688,765.77001953125,753.3099975585938,759.6599731445312,6733940
2023-07-24,749.7466430664062,758.1599731445312,764.47998046875,756.0349731445312,758.1649780273438,5843420
2023-07-25,752.2041015625,760.64501953125,764.9400024414062,754.10498046875,764.9400024414062,8508690
2023-07-26,735.06640625,743.3150024414062,773.4000244140625,733.0999755859375,763.5,22288660
2023-07-27,720.3267822265625,728.4099731445312,757.7899780273438,726.77001953125,757.7899780273438,21471720
2023-07-28,729.9685668945312,738.1599731445312,739.4600219726562,721.0,731.9000244140625,10070500
2023-07-31,721.9288330078125,730.030029296875,736.989990234375,728.10498046875,734.5,7493150
2023-08-01,718.9027709960938,726.969970703125,733.0,724.4000244140625,730.030029296875,7527650
2023-08-02,712.3512573242188,720.344970703125,729.0,714.5,729.0,8985360
2023-08-03,702.9468383789062,710.8350219726562,722.4299926757812,701.8049926757812,717.5,10818980
2023-08-04,706.9370727539062,714.8699951171875,720.5,707.1300048828125,713.9000244140625,7313490
2023-08-07,704.3114624023438,712.2150268554688,718.2750244140625,707.1599731445312,716.2000122070312,7184090
2023-08-08,709.3993530273438,717.3599853515625,720.5,708.5150146484375,713.5,8073620
2023-08-09,704.6278686523438,712.5349731445312,721.4000244140625,709.0,720.0,5115720
2023-08-10,706.4573974609375,714.385009765625,717.4000244140625,709.2000122070312,710.0050048828125,6161300
2023-08-11,698.2247924804688,706.0599975585938,715.9000244140625,703.10498046875,714.385009765625,6303960
2023-08-14,694.0170288085938,701.8049926757812,705.8900146484375,694.0549926757812,704.0,6937850
2023-08-16,690.402587890625,698.1500244140625,699.4000244140625,692.0,699.4000244140625,5987950
2023-08-17,684.6422119140625,692.3250122070312,702.0,690.2999877929688,702.0,7101180
2023-08-18,678.5950317382812,686.2100219726562,691.5800170898438,684.5,689.3499755859375,7455330
2023-08-21,696.99853515625,704.8200073242188,706.2999877929688,680.0999755859375,680.0999755859375,12308310
2023-08-22,699.1494140625,706.9949951171875,715.3499755859375,705.0,705.10498046875,12487800
2023-08-23,703.7478637695312,711.64501953125,714.9000244140625,700.2999877929688,710.0,8032480
2023-08-24,705.8245239257812,713.7449951171875,718.594970703125,712.0999755859375,715.0,9103600
2023-08-25,713.1473999023438,721.1500244140625,727.8099975585938,710.0999755859375,711.5,13032760
2023-08-28,715.5305786132812,723.5599975585938,726.0999755859375,713.8099975585938,722.4949951171875,7036260
2023-08-29,721.2415161132812,729.3350219726562,731.094970703125,723.5999755859375,725.0,14183050
2023-08-30,718.7445068359375,726.8099975585938,733.0900268554688,725.7999877929688,732.5999755859375,4602680
2023-08-31,708.3511352539062,716.2999877929688,728.5,713.5,728.0,14129800
2023-09-01,723.936279296875,732.0599975585938,732.9400024414062,715.5,716.85498046875,6760760
2023-09-04,718.9571533203125,727.0250244140625,737.0,725.8400268554688,737.0,5813630
2023-09-05,726.359130859375,734.510009765625,735.844970703125,728.0,728.2999877929688,12213530
2023-09-06,730.5817260742188,738.780029296875,739.7000122070312,729.0700073242188,731.530029296875,6051570
2023-09-07,728.1489868164062,736.3200073242188,738.780029296875,730.3699951171875,738.0,5496220
2023-09-08,732.84130859375,741.0650024414062,744.9949951171875,737.0,739.0,6246420
2023-09-11,730.9624633789062,739.1649780273438,744.4000244140625,736.2000122070312,742.5,4068490
2023-09-12,734.8834228515625,743.1300048828125,745.9000244140625,730.5499877929688,742.0999755859375,9635170
2023-09-13,739.2939453125,747.5900268554688,750.8250122070312,738.0650024414062,742.9299926757812,5798460
2023-09-14,741.1134643554688,749.4299926757812,751.1699829101562,742.7050170898438,747.5900268554688,6503720
2023-09-15,740.9058227539062,749.219970703125,756.5150146484375,745.5549926757812,749.9000244140625,7874940
2023-09-18,746.4882202148438,754.864990234375,756.0,746.5,748.8900146484375,7066180
2023-09-20,745.533935546875,753.9000244140625,764.7000122070312,748.2999877929688,748.864990234375,8441900
2023-09-21,740.11474609375,748.4199829101562,758.364990234375,742.5,753.0,6757250
2023-09-22,738.843994140625,747.135009765625,757.7000122070312,745.3599853515625,749.39501953125,5263040
2023-09-25,773.3071899414062,781.9849853515625,784.989990234375,751.0,757.5,23475330
2023-09-26,778.3308715820312,787.0650024414062,789.9949951171875,777.5,781.989990234375,12468200
2023-09-27,775.0576171875,783.7550048828125,785.5,774.2750244140625,785.5,7441100
2023-09-28,765.31201171875,773.9000244140625,782.9000244140625,771.8049926757812,780.4749755859375,7775050
2023-09-29,772.4073486328125,781.0750122070312,784.7999877929688,772.5,773.9000244140625,5730050
2023-10-03,787.9182739257812,796.760009765625,797.5499877929688,775.5,778.0800170898438,9445550
2023-10-04,776.6892700195312,785.405029296875,804.2999877929688,782.0,802.5,11763840
2023-10-05,776.3778076171875,785.0900268554688,791.4849853515625,782.6900024414062,791.4849853515625,7950610
2023-10-06,807.7903442382812,816.85498046875,819.2000122070312,784.5,785.0,21450340
2023-10-09,793.8616333007812,802.77001953125,813.5,801.7999877929688,810.2050170898438,7478000
2023-10-10,799.3895874023438,808.3599853515625,813.5,802.0999755859375,805.5,9650240
2023-10-11,801.2042236328125,810.1950073242188,817.2999877929688,809.5449829101562,813.97998046875,7123720
2023-10-12,792.5364379882812,801.4299926757812,812.7000122070312,800.2999877929688,812.5,7640920
2023-10-13,796.22998046875,805.1649780273438,808.2899780273438,795.60498046875,799.9550170898438,6622820
2023-10-16,794.6823120117188,803.5999755859375,806.9000244140625,798.2650146484375,804.4299926757812,4382460
2023-10-17,800.3191528320312,809.2999877929688,815.9000244140625,805.7550048828125,808.0,8382830
2023-10-18,777.9254760742188,786.655029296875,808.4600219726562,785.0,805.0,15446420
2023-10-19,775.4531860351562,784.155029296875,792.2999877929688,773.0999755859375,784.3300170898438,10614530
2023-10-20,768.2984619140625,776.9199829101562,783.2349853515625,772.25,781.0,7711530
2023-10-23,771.2355346679688,779.8900146484375,788.489990234375,776.135009765625,780.0,8822300
2023-10-25,760.9063720703125,769.4450073242188,785.6950073242188,767.5999755859375,779.8900146484375,7087740
2023-10-26,733.9439697265625,742.1799926757812,765.5999755859375,740.1199951171875,762.510009765625,13246300
2023-10-27,742.3892211914062,750.719970703125,754.9000244140625,741.6599731445312,750.9949951171875,9119440
2023-10-30,741.9788208007812,750.3049926757812,752.6849975585938,735.25,750.5800170898438,7992760
2023-10-31,740.9503784179688,749.2650146484375,757.969970703125,746.0499877929688,756.97998046875,7494100
2023-11-01,738.8983764648438,747.1900024414062,754.9000244140625,745.7650146484375,752.0,4627780
2023-11-02,736.6436157226562,744.9099731445312,761.5,741.1199951171875,753.0,8550300
2023-11-03,732.9254150390625,741.1500244140625,753.7949829101562,737.2449951171875,752.7999877929688,11387550
2023-11-06,747.8133544921875,756.2050170898438,757.1950073242188,744.260009765625,745.5999755859375,6340430
2023-11-07,741.2420654296875,749.5599975585938,764.0,744.5999755859375,764.0,15630070
2023-11-08,737.7166137695312,745.9949951171875,753.5999755859375,740.6649780273438,752.7000122070312,9167170
2023-11-09,730.472900390625,738.6699829101562,748.5,736.6699829101562,748.5,7717910
2023-11-10,736.2184448242188,744.47998046875,745.4000244140625,734.64501953125,737.0,4962610
2023-11-13,727.9166870117188,736.0850219726562,745.0,731.9000244140625,744.780029296875,7322400
2023-11-15,714.4130859375,722.4299926757812,747.6199951171875,711.9149780273438,743.9400024414062,19234400
2023-11-16,728.0748291015625,736.2449951171875,738.0700073242188,693.125,694.4550170898438,45570430
2023-11-17,714.0867919921875,722.0999755859375,726.0,710.8049926757812,714.0499877929688,20800340
2023-11-20,699.015869140625,706.8599853515625,723.9000244140625,705.010009765625,715.0999755859375,19029400
2023-11-21,702.4326171875,710.3150024414062,712.885009765625,703.0,708.5,16662250
2023-11-22,704.9246215820312,712.8350219726562,717.7849731445312,706.5499877929688,708.64501953125,10414040
2023-11-23,699.5153198242188,707.364990234375,716.0,705.5999755859375,713.5,6061580
2023-11-24,694.2890014648438,702.0800170898438,711.6799926757812,701.0999755859375,710.7999877929688,7264990
2023-11-28,704.845458984375,712.7550048828125,713.5,702.989990234375,703.5,7281580
2023-11-29,705.09765625,713.010009765625,716.8599853515625,711.405029296875,713.4000244140625,6824300
2023-11-30,704.2867431640625,712.1900024414062,716.3599853515625,708.5650024414062,713.2000122070312,12719340
2023-12-01,717.8792724609375,725.9349975585938,727.9849853515625,714.2000122070312,716.0,9004770
2023-12-04,732.544677734375,740.7650146484375,742.0,731.5050048828125,734.0,11014260
2023-12-05,726.8238525390625,734.97998046875,744.0,732.0050048828125,743.0,15222420
2023-12-06,734.4680786132812,742.7100219726562,745.9000244140625,736.5050048828125,739.0,7018000
2023-12-07,730.9179077148438,739.1199951171875,744.0,732.5999755859375,739.0,6688620
2023-12-08,722.6506958007812,730.760009765625,739.8099975585938,727.4000244140625,739.0549926757812,11443880
2023-12-11,721.1822509765625,729.2750244140625,735.27001953125,727.0050048828125,732.5,5900550
2023-12-12,723.3380126953125,731.4550170898438,735.4000244140625,728.0,728.0,6333120
2023-12-13,717.7457275390625,725.7999877929688,730.4500122070312,720.7000122070312,729.9849853515625,6829550
2023-12-14,739.1257934570312,747.4199829101562,751.125,730.010009765625,736.8499755859375,17295670
2023-12-15,743.16552734375,751.5050048828125,752.8900146484375,744.5,752.885009765625,11739380
2023-12-18,750.3400268554688,758.760009765625,761.0,752.5999755859375,754.7999877929688,10827980
2023-12-19,754.7949829101562,763.2650146484375,764.1599731445312,753.5,764.0999755859375,7914080
2023-12-20,741.0789184570312,749.39501953125,769.5,746.0150146484375,765.0,8745460
2023-12-21,728.5396728515625,736.7150268554688,747.7000122070312,730.5499877929688,742.6599731445312,9130820
2023-12-22,721.4343872070312,729.530029296875,744.0,724.2999877929688,741.89501953125,11294850
2023-12-26,708.281982421875,716.22998046875,734.4000244140625,714.5250244140625,732.5,12258440
2023-12-27,715.2537231445312,723.280029296875,732.3400268554688,719.0900268554688,721.989990234375,16052790
2023-12-28,717.8099975585938,725.864990234375,729.0,720.0,727.5,18560640
2023-12-29,724.6433715820312,732.7750244140625,734.2999877929688,720.5150146484375,723.1649780273438,9128020
2024-01-01,721.8052368164062,729.905029296875,733.6950073242188,727.2999877929688,733.6950073242188,3314890
2024-01-02,734.759765625,743.0050048828125,744.510009765625,728.0050048828125,732.4000244140625,11129900
2024-01-03,730.2850341796875,738.47998046875,748.5850219726562,736.8200073242188,744.4949951171875,5534050
2024-01-04,762.0040893554688,770.5549926757812,773.39501953125,756.0,756.0,29118790
2024-01-05,762.557861328125,771.114990234375,778.9000244140625,767.3099975585938,773.4949951171875,10526010
2024-01-08,765.0152587890625,773.5999755859375,783.0,763.1300048828125,767.7000122070312,11212090
2024-01-09,763.9719848632812,772.5449829101562,781.0,769.7999877929688,777.4000244140625,12470830
2024-01-10,759.5318603515625,768.0549926757812,773.5250244140625,766.0,771.5999755859375,5590720
2024-01-11,758.4638671875,766.9749755859375,779.3300170898438,765.10498046875,768.0,6517410
2024-01-12,757.6034545898438,766.10498046875,771.89501953125,761.7000122070312,768.4000244140625,8086380
2024-01-15,739.5015869140625,747.7999877929688,769.7949829101562,745.4000244140625,769.7949829101562,9972200
2024-01-16,737.3903198242188,745.6649780273438,761.4500122070312,742.7899780273438,747.5,11947230
2024-01-17,727.7188110351562,735.885009765625,747.8200073242188,730.219970703125,730.3300170898438,13802710
2024-01-18,718.4923706054688,726.5549926757812,735.1749877929688,723.4000244140625,729.5999755859375,16869960
2024-01-19,723.7879028320312,731.9099731445312,738.8800048828125,726.125,736.0,8308100
2024-01-23,699.2235717773438,707.0700073242188,735.5,704.260009765625,735.2899780273438,25332970
2024-01-24,697.7007446289062,705.530029296875,710.4000244140625,699.6799926757812,710.4000244140625,20636750
2024-01-25,700.6871948242188,708.5499877929688,712.5800170898438,703.5999755859375,705.530029296875,11683490
2024-01-29,711.184326171875,719.1649780273438,722.4949951171875,708.510009765625,708.5499877929688,18603610
2024-01-30,674.1549072265625,681.719970703125,698.8499755859375,680.5,698.8499755859375,41531470
2024-01-31,678.6741943359375,686.2899780273438,692.0999755859375,681.2000122070312,682.0,18105120
2024-02-01,666.8469848632812,674.3300170898438,687.9949951171875,673.2999877929688,686.5900268554688,19111370
2024-02-02,677.2304077148438,684.8300170898438,691.0,675.2999877929688,675.5,13675080
2024-02-05,653.48681640625,660.8200073242188,689.5,660.0,689.4000244140625,17712220
2024-02-06,652.4929809570312,659.8150024414062,669.9000244140625,653.5,664.7999877929688,24395330
2024-02-07,663.4747314453125,670.9199829101562,673.760009765625,662.5250244140625,664.0999755859375,15382370
2024-02-08,650.2680053710938,657.5650024414062,673.75,653.6699829101562,673.1849975585938,21932090
2024-02-09,658.0654296875,665.4500122070312,667.77001953125,657.2000122070312,658.0,12098740
2024-02-12,649.6251220703125,656.9149780273438,667.1849975585938,655.1500244140625,666.9450073242188,5447840
2024-02-13,653.036865234375,660.364990234375,663.9000244140625,655.3099975585938,660.0,9480140
2024-02-14,657.2743530273438,664.6500244140625,665.5999755859375,655.0,656.385009765625,6361260
2024-02-15,654.5944213867188,661.9400024414062,667.739990234375,658.5650024414062,664.5999755859375,8808590
2024-02-16,654.5745849609375,661.9199829101562,666.0,660.2000122070312,665.0050048828125,10294310
2024-02-19,663.8307495117188,671.280029296875,680.6900024414062,662.530029296875,664.8900146484375,13158810
2024-02-20,668.8543701171875,676.3599853515625,679.2000122070312,668.125,671.1900024414062,11067090
2024-02-21,661.4573974609375,668.8800048828125,679.0,666.5050048828125,679.0,8549440
2024-02-22,660.0877685546875,667.4949951171875,670.6849975585938,656.0999755859375,669.10498046875,10223740
2024-02-23,662.3523559570312,669.7849731445312,671.9000244140625,663.260009765625,667.4000244140625,12803110
2024-02-26,656.9529418945312,664.3250122070312,670.7999877929688,662.4199829101562,669.0,8920560
2024-02-27,648.3494873046875,655.625,664.2000122070312,649.1099853515625,663.0999755859375,11503060
2024-02-28,642.6583251953125,649.8699951171875,659.6749877929688,647.5,657.2000122070312,5353210
2024-02-29,642.3270874023438,649.5349731445312,653.9000244140625,636.6199951171875,649.9000244140625,16990980
2024-03-01,649.8526000976562,657.14501953125,660.8699951171875,650.2100219726562,651.1749877929688,9190800
2024-03-04,652.918212890625,660.2449951171875,663.9949951171875,655.7449951171875,658.7999877929688,3971180
2024-03-05,625.4069213867188,632.4249877929688,663.625,627.2000122070312,660.2449951171875,17175580
2024-03-06,624.1212768554688,631.125,634.5900268554688,618.780029296875,633.25,21047920
2024-03-07,634.9794921875,642.10498046875,646.8599853515625,632.5399780273438,635.0,14694210
2024-03-11,636.2354125976562,643.375,655.2000122070312,640.4000244140625,655.0,12039710
2024-03-12,636.4628295898438,643.60498046875,648.5,634.135009765625,640.5,10946770
2024-03-13,638.4506225585938,645.614990234375,651.4949951171875,639.155029296875,643.9249877929688,11321830
2024-03-14,632.6456909179688,639.7449951171875,647.0,629.780029296875,645.614990234375,12198650
2024-03-15,644.2059936523438,651.4349975585938,657.7999877929688,636.0,637.5050048828125,19705000
2024-03-18,643.2467651367188,650.4650268554688,655.5,645.6099853515625,651.4349975585938,6764250
2024-03-19,652.3050537109375,659.625,666.719970703125,650.5,650.969970703125,14080870
2024-03-20,657.5709838867188,664.9500122070312,673.0999755859375,660.5999755859375,661.0,14908310
2024-03-21,664.1224975585938,671.5750122070312,677.1649780273438,665.7150268554688,670.75,18060920
2024-03-22,668.5874633789062,676.0900268554688,680.2999877929688,668.6300048828125,670.5,11252380
2024-03-26,683.3418579101562,691.010009765625,694.5,674.5,675.4500122070312,18503210
2024-03-27,694.4818725585938,702.2750244140625,704.9000244140625,690.5,694.5750122070312,15512750
2024-03-28,716.4849243164062,724.5250244140625,734.9299926757812,703.2100219726562,703.2100219726562,35745180
2024-04-01,717.0485229492188,725.094970703125,734.344970703125,722.0050048828125,726.125,11252380
2024-04-02,712.7418823242188,720.739990234375,725.5,713.5,725.094970703125,9676150
2024-04-03,722.8138427734375,730.9249877929688,732.3350219726562,718.614990234375,719.7000122070312,9589430
2024-04-04,720.2575073242188,728.3400268554688,735.0,725.5,734.5,10405890
2024-04-05,709.6021118164062,717.5650024414062,725.9000244140625,715.5999755859375,723.4749755859375,12004940
2024-04-08,709.888916015625,717.85498046875,722.6950073242188,714.280029296875,721.5,5182100
2024-04-09,711.3771362304688,719.3599853515625,723.5349731445312,712.4500122070312,722.0,7102810
2024-04-10,715.0015258789062,723.0250244140625,725.4000244140625,716.0,723.5900268554688,5679860
2024-04-12,714.932373046875,722.9550170898438,726.4000244140625,715.6300048828125,722.4000244140625,10925880
2024-04-15,699.7724609375,707.625,719.8800048828125,706.344970703125,714.5050048828125,7584480
2024-04-16,687.707763671875,695.4249877929688,703.4299926757812,693.0999755859375,700.9949951171875,9632930
2024-04-18,681.6705932617188,689.3200073242188,699.5,686.5999755859375,692.8099975585938,13851330
2024-04-19,704.0494384765625,711.9500122070312,715.0,681.0050048828125,684.0050048828125,12183750
2024-04-22,721.1277465820312,729.219970703125,730.5999755859375,716.72998046875,716.72998046875,11652720
2024-04-23,717.93359375,725.989990234375,733.989990234375,723.6799926757812,730.9000244140625,10815670
2024-04-24,724.78173828125,732.9149780273438,741.9450073242188,725.0,728.2999877929688,8869290
2024-04-25,721.394775390625,729.489990234375,736.4849853515625,712.510009765625,733.0,11733540
2024-04-26,665.6503295898438,673.1199951171875,700.0,669.1500244140625,700.0,58147230
2024-04-29,675.08447265625,682.6599731445312,683.9600219726562,671.3049926757812,678.9949951171875,16810300
2024-04-30,684.6718139648438,692.35498046875,697.5,682.1950073242188,682.9949951171875,17986750
2024-05-02,680.6322631835938,688.27001953125,696.9949951171875,686.5,693.7849731445312,11395720
2024-05-03,685.4580688476562,693.1500244140625,740.0,690.6950073242188,732.9000244140625,68186010
2024-05-06,678.37255859375,685.9849853515625,701.9949951171875,684.5,700.7949829101562,12299880
2024-05-07,679.6284790039062,687.2550048828125,694.3099975585938,678.7999877929688,688.9949951171875,12981260
2024-05-08,672.3995971679688,679.9450073242188,687.9550170898438,678.5,687.1500244140625,7259250
2024-05-09,653.1852416992188,660.5150146484375,683.27001953125,658.5,679.989990234375,13811150
2024-05-10,660.99755859375,668.4149780273438,669.7999877929688,660.1199951171875,663.8900146484375,8249080
2024-05-13,664.419189453125,671.875,674.4299926757812,662.0,668.4000244140625,5122560
2024-05-14,660.1619262695312,667.5700073242188,674.1849975585938,665.760009765625,671.0,7558400
2024-05-15,660.587158203125,668.0,673.1950073242188,664.5050048828125,669.2000122070312,5950590
2024-05-16,667.2276611328125,674.7150268554688,676.2100219726562,662.3049926757812,670.0349731445312,10598510
2024-05-17,665.2745971679688,672.739990234375,678.0,670.10498046875,674.7000122070312,4801580
2024-05-21,666.8023681640625,674.2849731445312,678.5,670.5,670.5,7616240
2024-05-22,666.9705200195312,674.4550170898438,677.7449951171875,672.7249755859375,677.7449951171875,4160460
2024-05-23,675.08935546875,682.6649780273438,685.3499755859375,673.0050048828125,675.9550170898438,7093170
2024-05-24,676.10302734375,683.6900024414062,691.0,679.2999877929688,682.0,7420430
2024-05-27,681.89794921875,689.5499877929688,695.9550170898438,681.0,685.9000244140625,6554710
2024-05-28,679.6779174804688,687.3049926757812,694.5,685.6900024414062,691.39501953125,7528670
2024-05-29,673.1165161132812,680.6699829101562,690.7999877929688,678.5349731445312,687.7999877929688,7213310
2024-05-30,654.302734375,661.64501953125,679.89501953125,659.405029296875,677.989990234375,11555750
2024-05-31,662.3375854492188,669.77001953125,677.1950073242188,664.239990234375,666.4949951171875,28417330
2024-06-03,683.8807373046875,691.5549926757812,698.8699951171875,683.2949829101562,694.885009765625,11482120
2024-06-04,643.7313232421875,650.9550170898438,691.594970703125,637.5700073242188,691.594970703125,32993870
2024-06-05,676.0783081054688,683.6649780273438,686.2000122070312,653.5549926757812,660.4000244140625,12185170
2024-06-06,684.8944091796875,692.5800170898438,701.2949829101562,682.22998046875,685.0,14657160
2024-06-07,711.1596069335938,719.1400146484375,729.9000244140625,694.0999755859375,699.5,29840520
2024-06-10,701.0184936523438,708.885009765625,725.0,707.5250244140625,725.0,8723180
2024-06-11,705.8887939453125,713.8099975585938,716.9000244140625,705.0999755859375,708.2999877929688,12052130
2024-06-12,713.7654418945312,721.7750244140625,727.7000122070312,711.5,714.7999877929688,12685080
2024-06-13,721.3997802734375,729.4949951171875,732.5,723.2150268554688,725.219970703125,13454950
2024-06-14,726.0081176757812,734.155029296875,737.0,724.7000122070312,729.60498046875,11874880
2024-06-18,725.3306274414062,733.469970703125,742.9450073242188,730.0,736.5,9469040
2024-06-19,715.367431640625,723.39501953125,734.89501953125,717.7899780273438,733.469970703125,5204000
2024-06-20,712.7122192382812,720.7100219726562,726.489990234375,711.0999755859375,722.0,9001580
2024-06-21,709.0497436523438,713.4249877929688,726.5,707.5,723.9299926757812,14998180
2024-06-24,703.8419189453125,708.1849975585938,710.6950073242188,702.0549926757812,707.5999755859375,6356540
2024-06-25,703.1064453125,707.4450073242188,714.0,699.7999877929688,710.0999755859375,15608110
2024-06-26,711.4301147460938,715.8200073242188,717.9249877929688,703.5,707.0,9125520
2024-06-27,712.2798461914062,716.6749877929688,723.9000244140625,708.3049926757812,715.0,11376060
2024-06-28,707.1912841796875,711.5549926757812,722.5999755859375,710.530029296875,716.5,8295840
2024-07-01,723.21240234375,727.6749877929688,730.4000244140625,707.5,707.5,7727450
2024-07-02,712.1655883789062,716.5599975585938,727.594970703125,712.2000122070312,727.5,12810270
2024-07-03,721.4284057617188,725.8800048828125,728.4650268554688,717.0,718.9949951171875,8363930
2024-07-04,706.3464965820312,710.7050170898438,732.5,710.0,730.10498046875,18979770
2024-07-05,709.4224853515625,713.7999877929688,714.989990234375,707.7000122070312,713.4000244140625,9310790
2024-07-08,705.4718627929688,709.8250122070312,714.7650146484375,704.7000122070312,714.4949951171875,6777050
2024-07-09,702.4703979492188,706.8049926757812,714.239990234375,704.2000122070312,710.9849853515625,9735030
2024-07-10,701.16845703125,705.4949951171875,712.9349975585938,702.0999755859375,706.7999877929688,8097140
2024-07-11,690.7676391601562,695.030029296875,708.7899780273438,693.0,708.7899780273438,9718010
2024-07-12,696.134521484375,700.4299926757812,704.5,691.5050048828125,699.6950073242188,10688330
2024-07-15,702.0430297851562,706.375,708.5,699.5250244140625,702.0050048828125,5333730
2024-07-16,701.5808715820312,705.9099731445312,709.0,700.52001953125,708.0,5582000
2024-07-18,706.6396484375,711.0,711.7899780273438,697.114990234375,704.7100219726562,8646050
2024-07-19,688.9786376953125,693.22998046875,711.0,691.0,711.0,9385980
2024-07-22,684.203125,688.4249877929688,695.8599853515625,684.9400024414062,693.2000122070312,5751930
2024-07-23,668.5845336914062,672.7100219726562,694.4849853515625,662.0,693.4000244140625,19322120
2024-07-24,656.6630859375,660.7150268554688,665.469970703125,654.10498046875,663.0,31006260
2024-07-25,660.6981811523438,664.7750244140625,666.5999755859375,655.14501953125,656.0,9509650
2024-07-26,674.81103515625,678.9749755859375,680.8400268554688,666.7100219726562,667.5050048828125,11101840
2024-07-29,677.0671997070312,681.2449951171875,685.5,676.5750122070312,682.385009765625,7485650
2024-07-30,678.17529296875,682.3599853515625,689.9000244140625,678.2999877929688,681.2449951171875,11794130
2024-07-31,676.5205688476562,680.6950073242188,685.5,679.2999877929688,682.6950073242188,8896590
2024-08-01,673.0121459960938,677.1649780273438,684.4000244140625,675.0,683.1500244140625,8395230
2024-08-02,668.3757934570312,672.5,675.0,667.3099975585938,672.5,6222180
2024-08-05,655.6244506835938,659.6699829101562,665.0,653.260009765625,665.0,9440410
2024-08-06,649.8252563476562,653.8350219726562,669.7000122070312,651.1500244140625,662.5999755859375,8918280
2024-08-07,659.6447143554688,663.7150268554688,665.9349975585938,658.1099853515625,660.0,4642840
2024-08-08,654.1832885742188,658.219970703125,667.8049926757812,657.135009765625,662.5050048828125,6903890
2024-08-09,657.7612915039062,661.8200073242188,670.0,659.0999755859375,670.0,6994900
2024-08-12,656.762451171875,660.8150024414062,664.5,656.405029296875,661.9099731445312,6748870
2024-08-13,642.5402221679688,646.5050048828125,664.4949951171875,645.219970703125,664.4949951171875,10723270
2024-08-14,641.8892211914062,645.8499755859375,648.9949951171875,643.094970703125,648.25,7742760
2024-08-16,655.0480346679688,659.0900268554688,660.0,642.5,650.5,7534190
2024-08-19,657.577392578125,661.635009765625,665.5999755859375,659.3599853515625,663.7999877929688,5287300
2024-08-20,668.0974731445312,672.219970703125,677.3900146484375,661.635009765625,664.7349853515625,9571590
2024-08-21,669.4044189453125,673.5349731445312,674.72998046875,669.5,672.1950073242188,6331110
2024-08-22,670.224365234375,674.3599853515625,676.5,672.3900146484375,675.0,7282600
2024-08-23,669.4541625976562,673.5850219726562,676.2000122070312,670.4949951171875,675.5,6180450
2024-08-26,673.6781005859375,677.8350219726562,681.9000244140625,675.60498046875,677.5999755859375,8983430
2024-08-27,682.1507568359375,686.3599853515625,687.3350219726562,673.0,677.8350219726562,20359020
2024-08-28,685.7684936523438,690.0,691.7000122070312,685.2000122070312,687.5999755859375,8489860
2024-08-29,702.0231323242188,706.35498046875,715.7999877929688,688.155029296875,688.905029296875,26391590
2024-08-30,715.5994262695312,720.0150146484375,721.5050048828125,707.10498046875,707.10498046875,20443670
2024-09-02,739.4423217773438,744.0050048828125,745.0,722.9000244140625,727.4000244140625,22963780
2024-09-03,730.8701782226562,735.3800048828125,746.0,720.6099853515625,746.0,18986560
2024-09-04,725.4734497070312,729.9500122070312,737.7000122070312,724.5250244140625,725.4949951171875,8867460
2024-09-05,720.0469360351562,724.489990234375,732.6649780273438,719.2999877929688,732.0,6734470
2024-09-06,727.2276611328125,731.7150268554688,739.5,725.5549926757812,725.5549926757812,18428270
2024-09-09,730.2390747070312,734.7449951171875,737.7949829101562,726.280029296875,732.4000244140625,8789380
2024-09-10,719.7438354492188,724.1849975585938,736.9949951171875,719.2999877929688,736.9949951171875,13089320
2024-09-11,730.0502319335938,734.5549926757812,743.2000122070312,720.6300048828125,725.0,11048900
2024-09-12,738.2744750976562,742.8300170898438,744.0,729.6599731445312,742.0,14467640
2024-09-13,755.1900634765625,759.8499755859375,766.0,735.2000122070312,742.8300170898438,22084380
2024-09-16,730.0701293945312,734.5750122070312,768.0,732.2000122070312,768.0,26795550
2024-09-17,732.0330200195312,736.5499877929688,745.5,728.614990234375,733.75,15677860
2024-09-18,758.4300537109375,763.1099853515625,767.25,737.8499755859375,738.7249755859375,29749930
2024-09-19,754.3800659179688,759.0349731445312,774.7999877929688,756.0,767.5,17206440
2024-09-20,753.594970703125,758.2449951171875,765.5,748.7249755859375,763.5,16450040
2024-09-23,754.8521728515625,759.510009765625,763.594970703125,753.1699829101562,762.5750122070312,5734970
2024-09-24,750.7872924804688,755.4199829101562,760.344970703125,748.3900146484375,759.7000122070312,10695400
2024-09-25,757.7145385742188,762.3900146484375,764.0,749.8049926757812,754.5,12720380
2024-09-26,772.075927734375,776.8400268554688,777.9400024414062,758.7550048828125,764.0,16681650
2024-09-27,770.8434448242188,775.5999755859375,781.0,771.0999755859375,778.0,11781310
2024-09-30,765.5759887695312,770.2999877929688,782.4000244140625,767.614990234375,774.5999755859375,9619520
2024-10-01,765.5759887695312,770.2999877929688,781.4650268554688,765.0999755859375,766.010009765625,7882880
2024-10-03,738.8260498046875,743.385009765625,770.0,738.0999755859375,761.0,10406620
2024-10-04,716.7125244140625,721.135009765625,743.0,715.5,742.0,17681110
2024-10-07,722.4818725585938,726.9400024414062,732.4000244140625,719.030029296875,721.135009765625,9362270
2024-10-08,714.2874755859375,718.6950073242188,729.5399780273438,716.0050048828125,726.4849853515625,9038050
2024-10-09,725.5678100585938,730.0449829101562,742.6799926757812,720.6099853515625,721.5999755859375,10543750
2024-10-10,727.4810791015625,731.969970703125,736.7999877929688,727.2999877929688,732.0,5594270
2024-10-11,725.721923828125,730.2000122070312,733.0,722.60498046875,732.5,3615870
2024-10-14,716.4590454101562,720.8800048828125,731.385009765625,720.0,729.27001953125,4451810
2024-10-15,697.3867797851562,701.6900024414062,725.614990234375,697.9000244140625,724.489990234375,14855670
2024-10-16,691.368896484375,695.635009765625,705.9349975585938,692.0,701.0,11256980
2024-10-17,685.7188110351562,689.9500122070312,699.8800048828125,687.0999755859375,698.094970703125,6897550
2024-10-18,685.7237548828125,689.9550170898438,693.864990234375,682.0700073242188,689.2999877929688,7449290
2024-10-21,673.9315185546875,678.0900268554688,695.0750122070312,671.7249755859375,690.905029296875,22099660
2024-10-22,663.6946411132812,667.7899780273438,683.2999877929688,664.364990234375,680.0,17006190
2024-10-23,695.2897338867188,699.5800170898438,709.885009765625,660.0999755859375,660.5750122070312,26373910
2024-10-24,699.7720947265625,704.0900268554688,712.2849731445312,699.0599975585938,701.25,8951250
2024-10-25,686.7772216796875,691.0150146484375,705.9949951171875,689.3300170898438,704.0900268554688,10223240
2024-10-28,686.896484375,691.135009765625,704.5,687.5,692.0,7149810
2024-10-29,697.943359375,702.25,706.0,680.219970703125,690.9099731445312,14097500
2024-10-30,691.2347412109375,695.5,702.0449829101562,693.2000122070312,699.9000244140625,5660440
2024-10-31,684.749755859375,688.9749755859375,697.0800170898438,687.9749755859375,694.9000244140625,7301530
2024-11-01,688.1139526367188,692.3599853515625,694.4550170898438,690.2000122070312,693.0,450110
2024-11-04,680.1729736328125,684.3699951171875,697.5,675.2899780273438,697.5,7162390
2024-11-05,688.7847900390625,693.0349731445312,701.4949951171875,671.2000122070312,684.5,12234300
2024-11-06,696.3233032226562,700.6199951171875,702.4099731445312,689.22998046875,693.5,6962620
2024-11-07,686.2157592773438,690.4500122070312,703.89501953125,687.0,700.6199951171875,4590470
2024-11-08,685.3659057617188,689.594970703125,695.155029296875,684.0999755859375,690.4500122070312,4248400
2024-11-11,673.7228393554688,677.8800048828125,690.4199829101562,675.2150268554688,686.0,7623160
2024-11-12,659.7490234375,663.8200073242188,683.6849975585938,661.5,681.9000244140625,10572330
2024-11-13,652.5732421875,656.5999755859375,670.2249755859375,652.6599731445312,663.5,8673470
2024-11-14,650.8986206054688,654.9149780273438,663.9450073242188,653.0,657.22998046875,5277030
2024-11-18,652.76708984375,656.7949829101562,665.7000122070312,655.5,663.2999877929688,5965350
2024-11-19,655.4853515625,659.530029296875,664.47998046875,656.0999755859375,659.4349975585938,8040460
2024-11-21,642.599853515625,646.5650024414062,661.4000244140625,645.0999755859375,661.4000244140625,11010800
2024-11-22,664.2960205078125,668.39501953125,672.239990234375,645.60498046875,647.0,9698550
2024-11-25,664.4400024414062,668.5399780273438,686.2999877929688,666.72998046875,678.989990234375,11327510
2024-11-26,657.7364501953125,661.7949829101562,673.97998046875,660.844970703125,672.2000122070312,6632780
2024-11-27,666.4078979492188,670.52001953125,673.3300170898438,661.2249755859375,665.0,6420100
2024-11-28,646.947998046875,650.9400024414062,672.625,649.5,671.4000244140625,15768820
2024-11-29,653.5572509765625,657.5900268554688,660.9000244140625,651.0349731445312,651.9000244140625,7096430
2024-12-02,660.9863891601562,665.0650024414062,666.5,649.0999755859375,659.5,9202490
2024-12-03,663.451171875,667.5449829101562,672.239990234375,663.0800170898438,669.614990234375,13136660
2024-12-04,669.8665771484375,674.0,676.4400024414062,666.6849975585938,670.1749877929688,11304410
2024-12-05,680.8388671875,685.0399780273438,688.989990234375,668.5449829101562,676.0,13482430
2024-12-06,680.8289184570312,685.030029296875,693.5,677.864990234375,687.594970703125,8332070
2024-12-09,682.6228637695312,686.8350219726562,692.5,682.7899780273438,685.010009765625,8409100
2024-12-10,689.3662719726562,693.6199951171875,695.885009765625,684.405029296875,688.47998046875,12045630
2024-12-11,707.1465454101562,711.510009765625,716.5,689.3099975585938,695.989990234375,19931040
2024-12-12,708.2100219726562,712.5800170898438,714.8400268554688,707.5,712.1849975585938,9667960
2024-12-13,713.8750610351562,718.280029296875,721.7249755859375,698.0599975585938,709.9000244140625,12504360
2024-12-16,716.4193115234375,720.8400268554688,724.7999877929688,715.6099853515625,718.280029296875,7960740
2024-12-17,710.8934326171875,715.280029296875,725.739990234375,711.0,720.0,10318560
2024-12-18,703.1064453125,707.4450073242188,717.8800048828125,706.0399780273438,714.9000244140625,7275140
2024-12-19,687.612060546875,691.85498046875,702.4450073242188,688.7849731445312,695.0,9076750
2024-12-20,680.6251831054688,684.8250122070312,702.4000244140625,680.469970703125,691.3350219726562,27000190
2024-12-23,682.4588623046875,686.6699829101562,697.6900024414062,685.594970703125,689.7000122070312,5829280
2024-12-24,676.644775390625,680.8200073242188,691.0,679.4000244140625,688.2000122070312,6014270
2024-12-26,677.3951416015625,681.5750122070312,685.7999877929688,680.0050048828125,683.0399780273438,3290960
2024-12-27,686.5387573242188,690.7750244140625,697.6699829101562,683.0399780273438,684.6849975585938,5554180
2024-12-30,684.6007080078125,688.8250122070312,699.5,686.5,690.0,4908760
2024-12-31,678.1156616210938,682.2999877929688,687.7000122070312,679.2000122070312,686.9949951171875,6153980
2025-01-01,689.27685546875,693.530029296875,694.7949829101562,680.5999755859375,682.2999877929688,4187210
2025-01-02,734.388427734375,738.9199829101562,743.0,697.0999755859375,698.0,31716510
2025-01-03,736.182373046875,740.7249755859375,750.0,735.9249877929688,738.9749755859375,15059280
2025-01-06,730.4279174804688,734.9349975585938,759.989990234375,731.6749877929688,750.0,19059760
2025-01-07,730.8850708007812,735.39501953125,744.6900024414062,730.14501953125,735.4949951171875,10425380
2025-01-08,731.0291748046875,735.5399780273438,738.844970703125,725.6699829101562,736.1849975585938,8444660
2025-01-09,723.281982421875,727.7449951171875,735.5399780273438,723.5999755859375,733.844970703125,6681410
2025-01-10,724.33544921875,728.8049926757812,736.7050170898438,724.5050048828125,727.7449951171875,8089630
2025-01-13,710.7095336914062,715.094970703125,725.510009765625,713.4000244140625,724.0,6642740
2025-01-14,729.0016479492188,733.5,738.7999877929688,719.114990234375,723.0,9980110
2025-01-15,713.3383178710938,717.739990234375,735.0,710.52001953125,734.0499877929688,6817500
2025-01-16,721.5228271484375,725.9749755859375,728.9000244140625,719.405029296875,720.0,8608490
2025-01-17,713.8054809570312,718.2100219726562,728.4949951171875,715.6300048828125,722.0999755859375,6652740
2025-01-20,739.447265625,744.010009765625,747.0,718.2100219726562,718.2100219726562,10679710
2025-01-21,724.6932373046875,729.1649780273438,748.5,727.760009765625,745.0,10032060
2025-01-22,735.1785888671875,739.7150268554688,742.0250244140625,726.0349731445312,733.9000244140625,7273680
2025-01-23,739.7603149414062,744.3250122070312,752.4000244140625,732.5,734.0999755859375,10302950
2025-01-24,739.2981567382812,743.8599853515625,750.5,733.8300170898438,744.3250122070312,6796870
2025-01-27,725.0709228515625,729.5449829101562,747.4500122070312,726.0,738.010009765625,6928100
2025-01-28,755.9951171875,760.6599731445312,770.6799926757812,734.5,739.0,24789330
2025-01-29,771.206298828125,775.9650268554688,778.7000122070312,756.89501953125,765.7249755859375,15149200
2025-01-30,785.3191528320312,790.1649780273438,825.0650024414062,785.0,785.0,56488830
2025-01-31,783.67431640625,788.510009765625,798.0650024414062,779.0999755859375,792.5,18335460
2025-02-01,795.1038208007812,800.010009765625,810.9949951171875,778.4400024414062,788.0,16153780
2025-02-03,837.4127197265625,842.5800170898438,843.9299926757812,792.10498046875,792.219970703125,43369260
2025-02-04,842.3373413085938,847.5349731445312,849.0,830.2999877929688,842.5,19663000
2025-02-05,845.7264404296875,850.9450073242188,858.8699951171875,844.5499877929688,850.0,18674930
2025-02-06,845.5127563476562,850.72998046875,866.280029296875,846.2000122070312,853.4249877929688,17094730
2025-02-07,842.22802734375,847.4249877929688,858.5,838.3900146484375,858.5,9665400
2025-02-10,823.5979614257812,828.6799926757812,848.7999877929688,822.0,847.8800048828125,12438380
2025-02-11,814.0966186523438,819.1199951171875,835.510009765625,813.9349975585938,829.9000244140625,9630590
2025-02-12,816.36767578125,821.405029296875,828.4000244140625,802.5,814.9650268554688,14837310
2025-02-13,835.7431030273438,840.9000244140625,849.7999877929688,819.7050170898438,819.7050170898438,18003130
2025-02-14,834.083251953125,839.22998046875,845.5599975585938,828.2000122070312,840.85498046875,8633150
2025-02-17,837.4922485351562,842.6599731445312,848.7999877929688,822.0250244140625,822.0250244140625,8627990
2025-02-18,841.398193359375,846.5900268554688,848.0,836.0700073242188,843.0,8689770
2025-02-19,838.7693481445312,843.9450073242188,852.9000244140625,840.0,845.9149780273438,8961980
2025-02-20,834.7938842773438,839.9450073242188,845.5599975585938,834.5650024414062,835.5850219726562,7900700
2025-02-21,834.5205688476562,839.6699829101562,842.030029296875,828.7999877929688,836.0,6086470
2025-02-24,830.3711547851562,835.4949951171875,839.9000244140625,831.10498046875,832.7999877929688,3552600
2025-02-25,843.674072265625,848.8800048828125,852.6649780273438,833.8049926757812,835.4949951171875,10985410
2025-02-27,865.2012329101562,870.5399780273438,873.9000244140625,854.260009765625,854.260009765625,18382830
2025-02-28,847.7987060546875,853.030029296875,867.0,851.0050048828125,866.5,17545800
2025-03-03,857.4938354492188,862.7849731445312,865.0800170898438,843.8099975585938,853.5999755859375,8749960
2025-03-04,853.3295288085938,858.594970703125,861.9299926757812,851.364990234375,852.219970703125,7655060
2025-03-05,824.7806396484375,829.8699951171875,850.0,822.0999755859375,845.5,16300920
2025-03-06,835.9269409179688,841.0850219726562,845.97998046875,827.5549926757812,836.5,8814220
2025-03-07,835.2958374023438,840.4500122070312,847.0,836.64501953125,840.989990234375,4729460
2025-03-10,829.143798828125,834.260009765625,863.7899780273438,832.60498046875,843.7750244140625,10164530
2025-03-11,828.9300537109375,834.0449829101562,837.5,821.125,830.5,8135670
2025-03-12,843.2417602539062,848.4450073242188,852.4500122070312,827.2550048828125,834.1099853515625,20882230
2025-03-13,836.8809814453125,842.0449829101562,856.0,839.2999877929688,850.0,12173510
2025-03-17,852.7728881835938,858.0349731445312,862.9949951171875,838.5999755859375,839.9199829101562,11020850
2025-03-18,852.7728881835938,858.0349731445312,858.0349731445312,858.0349731445312,858.0349731445312,0
2025-03-19,867.80517578125,873.1599731445312,887.9000244140625,868.260009765625,870.0,12898200
2025-03-20,862.64208984375,867.9650268554688,876.8049926757812,854.114990234375,872.5,7924330
2025-03-21,886.1420288085938,891.6099853515625,908.9000244140625,883.0999755859375,903.9949951171875,27448010
2025-03-24,903.430419921875,909.0050048828125,911.5,892.7000122070312,909.594970703125,14332170
2025-03-25,901.1643676757812,906.7249755859375,926.0050048828125,897.7050170898438,912.5,17482600
2025-03-26,881.167724609375,886.60498046875,912.6900024414062,884.9949951171875,910.2050170898438,8862110
2025-03-27,894.86328125,900.385009765625,905.5399780273438,882.2249755859375,886.0999755859375,20920440
2025-03-28,889.0739135742188,894.5599975585938,902.8900146484375,886.0999755859375,899.760009765625,9770990
2025-04-01,864.4857177734375,869.8200073242188,892.5,867.0999755859375,878.3300170898438,11834240
2025-04-02,861.6083984375,866.9249877929688,875.9849853515625,861.2000122070312,873.0,6464950
2025-04-03,854.1892700195312,859.4600219726562,876.5,846.02001953125,865.0,13966330
2025-04-04,866.5380249023438,871.885009765625,879.7000122070312,858.3800048828125,865.5999755859375,18496580
2025-04-07,851.5455322265625,856.7999877929688,860.0499877929688,830.7150268554688,834.0,13981240
2025-04-08,876.8145751953125,882.2249755859375,887.2999877929688,865.0,865.0,14775630
2025-04-09,868.2225952148438,873.5800170898438,884.2000122070312,862.5,881.5,10487740
2025-04-11,886.6389770507812,892.1099853515625,897.3499755859375,881.0700073242188,882.5050048828125,10097220
2025-04-15,908.4940795898438,914.0999755859375,929.0,907.5499877929688,925.5499877929688,12633610
2025-04-16,900.095947265625,905.6500244140625,917.1500244140625,896.4000244140625,914.9500122070312,7198220
2025-04-17,910.6309204101562,916.25,919.0,895.2000122070312,904.0,11415130
2025-04-21,921.662841796875,927.3499755859375,931.5,914.1500244140625,917.0,7824150
2025-04-22,920.3707885742188,926.0499877929688,939.2999877929688,923.0,929.5,11293580
2025-04-23,926.58251953125,932.2999877929688,934.8499755859375,915.0,928.2000122070312,10818710
2025-04-24,924.39599609375,930.0999755859375,966.0,927.2999877929688,962.0,18496710
2025-04-25,905.6119384765625,911.2000122070312,934.4500122070312,899.0,931.0499877929688,10893540
2025-04-28,903.7235717773438,909.2999877929688,912.5,900.0499877929688,908.0,9946560
2025-04-29,903.7235717773438,909.2999877929688,914.5999755859375,896.0,913.0,11768180
2025-04-30,858.15478515625,863.4500122070312,888.7999877929688,855.5999755859375,884.0,39690570
2025-05-02,881.4112548828125,886.8499755859375,891.5,856.5999755859375,857.5499877929688,18933030
2025-05-05,887.7223510742188,893.2000122070312,903.2999877929688,886.5999755859375,887.75,8930610
2025-05-06,874.3547973632812,879.75,897.4000244140625,875.0,891.0999755859375,12040870
2025-05-07,893.138916015625,898.6500244140625,899.75,872.2999877929688,875.0,11635570
2025-05-08,877.8333129882812,883.25,907.4500122070312,877.5,897.7000122070312,12018090
2025-05-09,859.9691162109375,864.0999755859375,878.0999755859375,860.5,865.0,12151340
2025-05-12,897.5386352539062,901.8499755859375,903.0,882.5499877929688,884.9000244140625,10638220
2025-05-13,899.87744140625,904.2000122070312,916.3499755859375,899.0999755859375,900.4000244140625,13363000
2025-05-14,903.7587890625,908.0999755859375,911.0499877929688,901.2000122070312,904.5,7594000
2025-05-15,914.4573974609375,918.8499755859375,921.5,902.7999877929688,909.9500122070312,10385000
2025-05-16,912.3176879882812,916.7000122070312,928.5999755859375,913.3499755859375,918.8499755859375,6251920
2025-05-19,921.1253662109375,925.5499877929688,928.9500122070312,916.7000122070312,916.7000122070312,7162740
2025-05-20,903.5597534179688,907.9000244140625,931.0,906.9000244140625,929.7999877929688,8106160
2025-05-21,915.3530883789062,919.75,928.0,902.8499755859375,910.0,7321500
2025-05-22,909.5310668945312,913.9000244140625,919.9000244140625,907.0499877929688,919.75,6159740
2025-05-23,919.9310913085938,924.3499755859375,928.6500244140625,911.0999755859375,913.9000244140625,4251690
2025-05-26,922.5186767578125,926.9500122070312,933.6500244140625,925.0,925.5,5476790
2025-05-27,912.7157592773438,917.0999755859375,929.0,914.2999877929688,927.0,7150000
2025-05-28,922.3196411132812,926.75,929.4500122070312,914.0999755859375,924.5,6507400
2025-05-29,916.0,920.4000244140625,927.9500122070312,916.0,925.0,7081750
2025-05-30,918.0499877929688,918.0499877929688,920.3499755859375,912.0999755859375,917.0,15041740
2025-06-02,911.8499755859375,911.8499755859375,916.5,904.0,913.0,6619630
2025-06-03,897.9000244140625,897.9000244140625,912.7999877929688,897.0,910.5999755859375,9080270
2025-06-04,898.7000122070312,898.7000122070312,903.9500122070312,896.4500122070312,897.5,5544930
2025-06-05,893.4000244140625,893.4000244140625,898.7000122070312,886.9500122070312,898.7000122070312,7853320
2025-06-06,937.1500244140625,937.1500244140625,943.4000244140625,887.5999755859375,894.5,19783860
2025-06-09,960.75,960.75,978.7999877929688,940.2999877929688,955.0,23496010
2025-06-10,949.75,949.75,970.0,948.5499877929688,970.0,9044040
2025-06-11,942.5,942.5,957.0,940.4000244140625,949.0,11860810
2025-06-12,936.8499755859375,936.8499755859375,953.2999877929688,935.5,944.9000244140625,12388330
2025-06-13,933.0999755859375,933.0999755859375,936.5499877929688,914.7000122070312,915.0,10182020
2025-06-16,938.0,938.0,956.0,925.0,956.0,7016290
2025-06-17,923.0,923.0,943.5,917.5,941.5,6110175
2025-06-18,919.0,919.0,932.5,915.0,927.0,5002923
2025-06-19,900.5,900.5,922.5,894.0,919.0,6585940
2025-06-20,905.0,905.0,907.5,886.0,897.0,14320241
2025-06-23,915.5,915.5,918.0,890.5,899.0,5870597
2025-06-24,916.5,916.5,936.0,914.5,920.0,11555634
2025-06-25,928.0,928.0,930.0,916.0,918.0,6623799
2025-06-26,951.5,951.5,953.5,928.5,930.0,11677790
2025-06-27,947.0,947.0,959.5,936.0,950.0,21637194
2025-06-30,936.5,936.5,956.0,934.0,956.0,6086081
2025-07-01,936.6500244140625,936.6500244140625,941.7999877929688,928.0,932.5,5381327
2025-07-02,923.0,923.0,939.8499755859375,914.0,933.0,9394493
2025-07-03,910.1500244140625,910.1500244140625,924.5,905.2000122070312,922.0,7606558
2025-07-04,925.2999877929688,925.2999877929688,940.7000122070312,919.0,922.0,10613046
2025-07-07,924.6500244140625,924.6500244140625,929.2999877929688,918.0999755859375,925.0,3383973
2025-07-08,927.6500244140625,927.6500244140625,929.5,918.7999877929688,918.7999877929688,3851432
2025-07-09,940.5999755859375,940.5999755859375,946.0,924.0,926.5,5341529
2025-07-10,947.6500244140625,947.6500244140625,951.7000122070312,942.25,943.0,5409906
2025-07-11,933.5,933.5,947.1500244140625,931.5499877929688,938.7000122070312,4278038
2025-07-14,918.8499755859375,918.8499755859375,932.0,911.2999877929688,932.0,6657978
2025-07-15,928.4000244140625,928.4000244140625,930.5999755859375,918.0,919.0,3892075
2025-07-16,921.75,921.75,927.0,919.4000244140625,924.0,3952491
2025-07-17,923.2999877929688,923.2999877929688,926.25,916.0,925.9500122070312,4583882
2025-07-18,942.0,942.0,944.9000244140625,920.0,920.5,7893820
2025-07-21,948.4500122070312,948.4500122070312,951.0,937.3499755859375,938.9000244140625,4660232
2025-07-22,952.5499877929688,952.5499877929688,962.0,940.0,955.0,6237382
2025-07-23,968.2999877929688,968.2999877929688,970.9500122070312,953.6500244140625,954.0,9694991
2025-07-24,958.9500122070312,958.9500122070312,970.0,954.0,970.0,5189112
2025-07-25,913.75,913.75,924.9000244140625,898.0,906.4000244140625,24415481
2025-07-28,880.5,880.5,913.75,879.0,909.25,14011284
2025-07-29,886.5499877929688,886.5499877929688,894.0,873.5,875.0499877929688,11323854
2025-07-30,884.8499755859375,884.8499755859375,892.5999755859375,875.0,890.9500122070312,5054496
2025-07-31,881.2000122070312,881.2000122070312,887.8499755859375,868.0,872.0,6999179
2025-08-01,875.5999755859375,875.5999755859375,895.8499755859375,873.0,884.7999877929688,5300299
2025-08-04,885.2999877929688,885.2999877929688,886.75,873.7000122070312,874.0,3969985
2025-08-05,891.9000244140625,891.9000244140625,893.5999755859375,882.4000244140625,889.0,4446791
2025-08-06,876.6500244140625,876.6500244140625,895.5,874.5999755859375,888.0,4212648
2025-08-07,879.0999755859375,879.0999755859375,882.0,867.25,871.0,5998002
2025-08-08,877.1500244140625,877.1500244140625,888.2999877929688,876.0,877.0,3736916
2025-08-11,877.7999877929688,877.7999877929688,888.2999877929688,872.75,877.1500244140625,5367926
2025-08-12,853.0,853.0,884.9000244140625,851.5,877.2000122070312,8257312
2025-08-13,860.0,860.0,864.0,849.0,854.5499877929688,10117225
2025-08-14,861.4500122070312,861.4500122070312,866.9000244140625,855.4500122070312,860.0,5379250
2025-08-18,905.2000122070312,905.2000122070312,919.6500244140625,875.0,875.0,16277779
2025-08-19,902.2999877929688,902.2999877929688,909.9000244140625,890.5,905.9500122070312,5764382
2025-08-20,887.7999877929688,887.7999877929688,902.0,886.0499877929688,900.5499877929688,5561646
2025-08-21,895.5999755859375,895.5999755859375,901.2999877929688,884.0,888.0,6697533
2025-08-22,894.5,894.5,903.9000244140625,892.0,895.0,6424895
2025-08-25,900.7999877929688,900.7999877929688,908.0,898.1500244140625,902.0999755859375,5837876
2025-08-26,876.25,876.25,901.9000244140625,873.5,899.9500122070312,6712926
2025-08-28,876.8499755859375,876.8499755859375,884.5,869.7000122070312,870.2000122070312,8349342
2025-08-29,877.8499755859375,877.8499755859375,888.0,870.8499755859375,870.8499755859375,5672446
2025-09-01,889.3499755859375,889.3499755859375,894.7999877929688,877.8499755859375,877.8499755859375,4101526
2025-09-02,890.0999755859375,890.0999755859375,899.5499877929688,886.1500244140625,895.0,6103185
2025-09-03,896.2999877929688,896.2999877929688,898.8499755859375,880.0499877929688,892.7000122070312,5493809
2025-09-04,934.75,934.75,948.0,912.25,915.0,21738706
2025-09-05,937.5999755859375,937.5999755859375,942.3499755859375,932.0,942.0,5467260
2025-09-08,944.2999877929688,944.2999877929688,949.6500244140625,935.6500244140625,937.5999755859375,5657331
2025-09-09,948.4000244140625,948.4000244140625,949.4000244140625,940.0,944.0,5417393
2025-09-10,967.9500122070312,967.9500122070312,969.6500244140625,947.7000122070312,951.0499877929688,6836239
2025-09-11,970.25,970.25,975.9000244140625,965.5999755859375,968.0,5982627
2025-09-12,1003.25,1003.25,1004.5999755859375,970.8499755859375,972.25,11412561
2025-09-15,1009.8499755859375,1009.8499755859375,1025.699951171875,998.0999755859375,999.0,9989753
2025-09-16,1003.25,1003.25,1015.2999877929688,1000.0,1005.8499755859375,7602155
2025-09-17,1007.5,1007.5,1011.7999877929688,1000.3499755859375,1010.0,6995023
2025-09-18,996.5,996.5,1009.7999877929688,990.0,1007.0,9738376
2025-09-19,992.4500122070312,992.4500122070312,996.0,988.5999755859375,991.0,6736440
2025-09-22,1006.5,1006.5,1010.9000244140625,989.0,989.9500122070312,4250045
2025-09-23,1025.5,1025.5,1028.800048828125,999.0,999.0,10230040
2025-09-24,1029.75,1029.75,1036.0,1020.4000244140625,1021.5,6433184
2025-09-25,1012.75,1012.75,1031.0999755859375,1008.0,1020.0,16731453
2025-09-26,985.0999755859375,985.0999755859375,1010.5,981.0499877929688,1008.0499877929688,9109737
2025-09-29,990.9500122070312,990.9500122070312,997.7999877929688,981.0999755859375,990.0,5804877
2025-09-30,998.9000244140625,998.9000244140625,1002.2999877929688,989.4500122070312,990.0,7182200
2025-10-01,987.7000122070312,987.7000122070312,1000.0,977.75,991.5,6932272
2025-10-03,989.75,989.75,992.2000122070312,972.0,975.0,7692197
2025-10-06,1008.9000244140625,1008.9000244140625,1023.0,992.0999755859375,993.0,9299635
2025-10-07,1016.5499877929688,1016.5499877929688,1029.5,1008.9000244140625,1008.9000244140625,7991437
2025-10-08,1023.1500244140625,1023.1500244140625,1028.0,1012.0499877929688,1012.0499877929688,4448915
2025-10-09,1024.0999755859375,1024.0999755859375,1029.0,1014.9500122070312,1023.0,4444154
2025-10-10,1023.8499755859375,1023.8499755859375,1027.5,1017.0,1018.0999755859375,3714548
2025-10-13,1036.75,1036.75,1040.0,1021.5,1023.8499755859375,7684523
2025-10-14,1019.1500244140625,1019.1500244140625,1042.0999755859375,1011.3499755859375,1040.0,7668358
2025-10-15,1059.9000244140625,1059.9000244140625,1063.0,1018.4000244140625,1026.0,10205158
2025-10-16,1065.75,1065.75,1081.0999755859375,1058.8499755859375,1062.0,9901992
2025-10-17,1070.0999755859375,1070.0999755859375,1076.449951171875,1056.0999755859375,1056.0999755859375,5761670
2025-10-20,1081.0,1081.0,1086.5,1072.199951171875,1081.5,5700858
2025-10-21,1086.5,1086.5,1089.0,1081.0,1084.9000244140625,911624
2025-10-23,1094.1500244140625,1094.1500244140625,1102.5,1083.9000244140625,1090.0,11143407
2025-10-24,1089.75,1089.75,1098.5999755859375,1087.4000244140625,1093.5,6440277
2025-10-27,1084.4000244140625,1084.4000244140625,1094.0,1075.75,1090.949951171875,7366175
2025-10-28,1072.75,1072.75,1092.4000244140625,1063.050048828125,1078.0,12324341
2025-10-29,1062.949951171875,1062.949951171875,1079.1500244140625,1061.25,1072.0,5386803
2025-10-30,1052.300048828125,1052.300048828125,1066.800048828125,1045.0,1063.0,4271927
2025-10-31,1042.800048828125,1042.800048828125,1069.449951171875,1041.4000244140625,1052.0,5315632
2025-11-03,1043.0999755859375,1043.0999755859375,1048.0,1031.0,1037.0,4135617
2025-11-04,1057.0,1057.0,1060.4000244140625,1035.0,1040.0,6202540
2025-11-06,1041.9000244140625,1041.9000244140625,1052.800048828125,1035.0,1037.0,5776277
2025-11-07,1066.5999755859375,1066.5999755859375,1076.9000244140625,1034.199951171875,1039.0,6940923
2025-11-10,1085.0,1085.0,1088.0,1062.9000244140625,1066.5999755859375,5692236
2025-11-11,1005.2000122070312,1005.2000122070312,1043.699951171875,997.0,1043.699951171875,23762890
2025-11-12,1013.2000122070312,1013.2000122070312,1018.4000244140625,1008.7999877929688,1011.0,11131278
2025-11-13,1005.4000244140625,1005.4000244140625,1019.4000244140625,1003.5,1012.5,8503994
2025-11-14,1018.5,1018.5,1019.9000244140625,1002.5999755859375,1004.9000244140625,4381122
2025-11-17,1026.800048828125,1026.800048828125,1033.0,1017.0,1021.0,6011603
2025-11-18,1013.5999755859375,1013.5999755859375,1024.0999755859375,1011.7000122070312,1021.2000122070312,4562185
2025-11-19,1005.5999755859375,1005.5999755859375,1016.0999755859375,1004.5999755859375,1009.0,5158832
2025-11-20,1028.5999755859375,1028.5999755859375,1031.699951171875,1007.2999877929688,1015.0,5459073
2025-11-21,1004.0999755859375,1004.0999755859375,1027.5999755859375,1001.5,1020.0,6304584
2025-11-24,994.0,994.0,1009.2999877929688,990.0,1005.0,9574900
2025-11-25,986.2000122070312,986.2000122070312,996.9000244140625,984.5,995.0,6376983
2025-11-26,1010.7000122070312,1010.7000122070312,1012.7999877929688,981.2999877929688,986.2000122070312,9772235
2025-11-27,1033.800048828125,1033.800048828125,1044.9000244140625,1010.9000244140625,1015.5999755859375,12076038
2025-11-28,1037.5,1037.5,1043.5,1031.0,1038.0,4983147
2025-12-01,1021.0999755859375,1021.0999755859375,1042.0,1018.7999877929688,1041.9000244140625,6459837
2025-12-02,1025.5,1025.5,1036.0,1013.9000244140625,1014.5,6706145
2025-12-03,1021.4000244140625,1021.4000244140625,1026.300048828125,1014.2000122070312,1021.0,5895670
2025-12-04,1029.0999755859375,1029.0999755859375,1032.300048828125,1016.0,1018.0,5404918
2025-12-05,1048.0,1048.0,1061.0,1026.5,1028.9000244140625,13123572
2025-12-08,1026.4000244140625,1026.4000244140625,1049.800048828125,1023.0,1048.0,5189635
2025-12-09,1016.7000122070312,1016.7000122070312,1026.0,1013.7000122070312,1025.0,5968501
2025-12-10,1010.2999877929688,1010.2999877929688,1021.7000122070312,1007.2999877929688,1016.0,4990527
2025-12-11,1006.4000244140625,1006.4000244140625,1020.5,1000.0999755859375,1011.9000244140625,4670539
2025-12-12,1017.2999877929688,1017.2999877929688,1020.7999877929688,1000.0,1000.0,4381711
2025-12-15,1012.7000122070312,1012.7000122070312,1016.5,1008.0,1015.0,3958977
2025-12-16,998.4000244140625,998.4000244140625,1010.5999755859375,996.5,1007.5,3861617
2025-12-17,999.5999755859375,999.5999755859375,1011.2000122070312,995.2999877929688,1000.0,4695550
2025-12-18,1000.2999877929688,1000.2999877929688,1009.7000122070312,995.0,1002.0999755859375,3103997
2025-12-19,1008.2999877929688,1008.2999877929688,1014.0,1002.5,1003.2000122070312,5126009
2025-12-22,1007.7999877929688,1007.7999877929688,1015.4000244140625,1005.0,1008.2999877929688,3921237
2025-12-23,1011.4000244140625,1011.4000244140625,1018.0,1005.7000122070312,1013.5,4712043
2025-12-24,1011.7000122070312,1011.7000122070312,1037.4000244140625,1006.0,1011.0,5984816
2025-12-26,1000.0,1000.0,1011.7000122070312,998.0,1011.7000122070312,5211460
2025-12-29,998.0,998.0,1003.9000244140625,989.5999755859375,1003.0,6715489
2025-12-30,989.2999877929688,989.2999877929688,997.5999755859375,987.0999755859375,994.0999755859375,7473887
2025-12-31,986.7999877929688,986.7999877929688,994.2000122070312,978.4000244140625,990.0,9895270
2026-01-01,973.0999755859375,973.0999755859375,989.0,969.0,988.2000122070312,7118751
2026-01-02,990.4500122070312,990.4500122070312,994.2000122070312,960.5999755859375,972.9000244140625,6206869
2026-01-05,978.75,978.75,999.1500244140625,975.0,979.7000122070312,10564157
2026-01-06,977.3499755859375,977.3499755859375,987.0,973.2999877929688,978.0,8380183
2026-01-07,968.7999877929688,968.7999877929688,976.4500122070312,965.0499877929688,973.0499877929688,7048491
2026-01-08,971.9500122070312,971.9500122070312,978.3499755859375,965.2999877929688,968.5,4410256
2026-01-09,959.5999755859375,959.5999755859375,983.0,953.7000122070312,970.0999755859375,7598970
2026-01-12,951.9000244140625,951.9000244140625,961.4000244140625,939.8499755859375,958.7999877929688,5640136
2026-01-13,949.0,949.0,955.8499755859375,939.0,950.0,6765116
2026-01-14,945.9500122070312,945.9500122070312,953.9000244140625,943.1500244140625,947.0,4452202
2026-01-15,945.9500122070312,945.9500122070312,945.9500122070312,945.9500122070312,945.9500122070312,0
2026-01-16,950.25,950.25,963.0,936.7999877929688,940.2000122070312,10710080
2026-01-19,969.4500122070312,969.4500122070312,972.9000244140625,948.8499755859375,950.5,7000442
2026-01-20,933.2000122070312,933.2000122070312,975.7000122070312,927.9000244140625,975.7000122070312,9001207
2026-01-21,936.25,936.25,947.2999877929688,921.0,925.0,5375254
2026-01-22,942.8499755859375,942.8499755859375,947.0,934.25,947.0,5518756
2026-01-23,927.8499755859375,927.8499755859375,951.4000244140625,926.2999877929688,942.8499755859375,6535035
2026-01-27,914.7000122070312,914.7000122070312,931.9500122070312,907.7000122070312,930.0,15312488
2026-01-28,935.1500244140625,935.1500244140625,936.9000244140625,914.7000122070312,914.7000122070312,6046468
2026-01-29,935.1500244140625,935.1500244140625,939.7999877929688,923.7000122070312,935.1500244140625,6430445
2026-01-30,929.8499755859375,929.8499755859375,938.0,925.1500244140625,928.3499755859375,10151379
2026-02-02,903.7000122070312,903.7000122070312,909.4000244140625,887.0,887.0,11874989
2026-02-03,964.4000244140625,964.4000244140625,972.7999877929688,941.9000244140625,960.0,15261370
2026-02-04,963.2999877929688,963.2999877929688,975.7000122070312,944.1500244140625,965.0,17489015
2026-02-05,964.75,964.75,968.5,953.0,964.0,6020258
2026-02-06,981.7000122070312,981.7000122070312,986.5,966.0999755859375,973.9500122070312,13742927
2026-02-09,983.1500244140625,983.1500244140625,988.0,971.5999755859375,988.0,4852548
2026-02-10,965.5999755859375,965.5999755859375,985.1500244140625,961.2999877929688,983.1500244140625,6166752
2026-02-11,968.9500122070312,968.9500122070312,974.5,961.4000244140625,965.2999877929688,3597342
2026-02-12,999.0999755859375,999.0999755859375,1002.0,965.0,968.2999877929688,10346853
2026-02-13,1024.75,1024.75,1032.0,992.7999877929688,995.0,21613987
2026-02-16,1012.75,1012.75,1029.300048828125,1003.2999877929688,1023.0499877929688,4460636
2026-02-17,1014.1500244140625,1014.1500244140625,1016.3499755859375,1004.0,1012.75,2913899
2026-02-18,1023.7999877929688,1023.7999877929688,1025.699951171875,1007.0499877929688,1014.5499877929688,4929647
2026-02-19,1017.0499877929688,1017.0499877929688,1024.5,1007.0,1024.0,9866245
2026-02-20,1030.199951171875,1030.199951171875,1036.5999755859375,1008.75,1015.9000244140625,6922705
2026-02-23,1031.0,1031.0,1046.0,1029.050048828125,1032.449951171875,9452225
2026-02-24,1023.5499877929688,1023.5499877929688,1028.75,1010.2999877929688,1026.300048828125,6610984
2026-02-25,1021.0499877929688,1021.0499877929688,1034.0,1013.4000244140625,1028.0,3182612
2026-02-26,1012.9500122070312,1012.9500122070312,1031.199951171875,1006.0499877929688,1020.75,4336261
2026-02-27,995.9000244140625,995.9000244140625,1014.9000244140625,993.0999755859375,1008.9500122070312,8145772
2026-03-02,978.25,978.25,990.4000244140625,968.0,971.0,8493269
2026-03-04,945.0999755859375,945.0999755859375,967.0,941.2999877929688,967.0,8964293
2026-03-05,962.4000244140625,962.4000244140625,968.25,945.9000244140625,958.0,6181254
2026-03-06,950.2000122070312,950.2000122070312,961.5,946.5999755859375,960.0,6560051
2026-03-09,938.0499877929688,938.0499877929688,941.0999755859375,909.0499877929688,921.7999877929688,9182152
2026-03-10,939.7999877929688,939.7999877929688,952.1500244140625,931.8499755859375,950.0,8474956
2026-03-11,893.6500244140625,893.6500244140625,941.25,890.0,932.2000122070312,11172537
2026-03-12,863.0999755859375,863.0999755859375,888.2000122070312,858.3499755859375,880.0999755859375,15508258
2026-03-13,855.0499877929688,855.0499877929688,868.3499755859375,848.7999877929688,861.0,6668639
2026-03-16,878.1500244140625,878.1500244140625,881.9000244140625,850.0999755859375,850.0999755859375,8982957
2026-03-17,868.5999755859375,868.5999755859375,881.0499877929688,859.5499877929688,878.1500244140625,7941385
2026-03-18,880.0999755859375,880.0999755859375,893.9500122070312,858.2000122070312,876.0999755859375,12375517
2026-03-19,832.2000122070312,832.2000122070312,869.9000244140625,826.7000122070312,868.2000122070312,11585591
2026-03-20,830.5499877929688,830.5499877929688,841.9500122070312,819.25,836.7000122070312,14881843
2026-03-23,812.5999755859375,812.5999755859375,818.7999877929688,787.9000244140625,818.0999755859375,15835828
2026-03-24,849.0,849.0,854.0,817.5999755859375,830.0,18828248
2026-03-25,882.75,882.75,888.7999877929688,853.2999877929688,862.0499877929688,15995501
2026-03-27,843.7999877929688,843.7999877929688,875.1500244140625,841.25,875.0,11282824
2026-03-30,801.5499877929688,801.5499877929688,834.9000244140625,799.0,831.0,20377282
2026-04-01,817.2999877929688,817.2999877929688,842.0499877929688,814.7999877929688,832.7999877929688,15094026
2026-04-02,826.8499755859375,826.8499755859375,830.0499877929688,792.4500122070312,809.0,9113618
2026-04-06,850.8499755859375,850.8499755859375,853.0,814.25,828.9000244140625,12504591
2026-04-07,855.0999755859375,855.0999755859375,862.7999877929688,844.4500122070312,848.0,11569047
2026-04-08,915.0499877929688,915.0499877929688,926.0,881.0,890.0,13826150
2026-04-09,903.25,903.25,913.4000244140625,891.4000244140625,902.0,9457820
2026-04-10,924.5499877929688,924.5499877929688,927.2999877929688,912.2999877929688,915.75,9491544
2026-04-13,898.9500122070312,898.9500122070312,905.9000244140625,881.0999755859375,896.1500244140625,10723313
2026-04-15,913.1500244140625,913.1500244140625,925.0,911.0999755859375,925.0,5975197
2026-04-16,905.9000244140625,905.9000244140625,932.5999755859375,904.0,919.0,11805227
2026-04-17,908.25,908.25,910.4500122070312,895.7999877929688,902.1500244140625,6035241
2026-04-20,917.75,917.75,920.9000244140625,898.0,908.25,6184179
2026-04-21,938.8499755859375,938.8499755859375,945.9500122070312,919.0,919.5,6713975
2026-04-22,934.75,934.75,946.3499755859375,930.1500244140625,938.0,5759028
2026-04-23,918.3499755859375,918.3499755859375,929.8499755859375,909.3499755859375,926.0999755859375,9143598
2026-04-24,921.5499877929688,921.5499877929688,924.7000122070312,909.7999877929688,920.0,3982355
2026-04-27,921.7999877929688,921.7999877929688,928.9500122070312,908.2999877929688,923.0499877929688,7813458
2026-04-28,923.6500244140625,923.6500244140625,929.9000244140625,914.3499755859375,921.7999877929688,7119135
2026-04-29,930.0,930.0,937.0,916.5999755859375,925.0,5438997
2026-04-30,937.0,937.0,975.0,933.9000244140625,945.0,27364272
2026-05-01,937.0,937.0,937.0,937.0,937.0,0
2026-05-04,950.2000122070312,950.2000122070312,966.0,938.0999755859375,938.0999755859375,7503756
2026-05-05,958.5999755859375,958.5999755859375,961.0999755859375,933.1500244140625,950.2000122070312,7290077
2026-05-06,980.75,980.75,984.0,965.0,965.0,7771237
2026-05-07,972.75,972.75,992.25,969.0,992.25,7873561
2026-05-08,955.3499755859375,955.3499755859375,971.9500122070312,951.0,971.0,5555386
2026-05-11,936.0499877929688,936.0499877929688,956.0,933.5499877929688,946.0,5581022
2026-05-12,904.2000122070312,904.2000122070312,932.6500244140625,901.75,928.0,7174645
2026-05-13,896.1500244140625,896.1500244140625,907.4000244140625,890.0499877929688,902.0,7422952
2026-05-14,912.1500244140625,912.1500244140625,915.0,889.0,902.9000244140625,6815238
2026-05-15,910.4500122070312,910.4500122070312,921.5999755859375,907.3499755859375,913.0,5012279
2026-05-18,921.0999755859375,921.0999755859375,925.0,890.7000122070312,900.0,6387223
2026-05-19,923.5499877929688,923.5499877929688,930.0,920.0999755859375,927.5999755859375,8313548
2026-05-20,923.0999755859375,923.0999755859375,926.2999877929688,908.4500122070312,910.0,5864990
2026-05-21,907.6500244140625,907.6500244140625,934.9000244140625,903.25,933.0,9713326
2026-05-22,916.5499877929688,916.5499877929688,924.0,908.0999755859375,908.0999755859375,4811990
2026-05-25,941.9000244140625,941.9000244140625,944.0,924.4500122070312,926.0999755859375,7065528
2026-05-26,930.2000122070312,930.2000122070312,948.4000244140625,928.0999755859375,943.9500122070312,8489543
2026-05-27,931.1500244140625,931.1500244140625,935.9500122070312,923.0,932.0,5349669
2026-05-28,931.1500244140625,931.1500244140625,931.1500244140625,931.1500244140625,931.1500244140625,0
2026-05-29,908.25,908.25,937.7999877929688,895.2999877929688,915.0999755859375,46752428
2026-06-01,889.0499877929688,889.0499877929688,918.0,888.0,911.4500122070312,6887616
2026-06-02,882.0,882.0,884.4000244140625,860.4500122070312,874.0,15697997
2026-06-03,876.7999877929688,876.7999877929688,882.0,863.5,882.0,14747769
2026-06-04,874.4000244140625,874.4000244140625,879.1500244140625,868.0,870.2000122070312,9676279
2026-06-05,889.4000244140625,889.4000244140625,913.0,874.0,874.0,13274646
2026-06-08,871.0999755859375,871.0999755859375,879.4000244140625,866.5,873.0,6203084
2026-06-09,886.9000244140625,886.9000244140625,888.75,872.0999755859375,886.0,9183355
2026-06-10,884.0999755859375,884.0999755859375,894.7000122070312,880.0999755859375,890.0999755859375,6939714
2026-06-11,870.5499877929688,870.5499877929688,886.9500122070312,868.5,880.0,5191085
