Date,Adj Close,Close,High,Low,Open,Volume
,BPCL.NS,BPCL.NS,BPCL.NS,BPCL.NS,BPCL.NS,BPCL.NS
2021-01-01,129.1801300048828,190.97500610351562,192.0,190.1999969482422,190.5500030517578,5723498
2021-01-04,133.71214294433594,197.6750030517578,198.4499969482422,192.25,192.4499969482422,16477784
2021-01-05,132.57916259765625,196.0,197.375,194.5,197.35000610351562,9064136
2021-01-06,130.9895477294922,193.64999389648438,198.47500610351562,191.27499389648438,196.3000030517578,16144720
2021-01-07,132.64678955078125,196.10000610351562,197.5,193.8000030517578,195.5,13121606
2021-01-08,135.33558654785156,200.0749969482422,203.0,197.125,197.5,24755912
2021-01-11,135.876708984375,200.875,202.375,197.6750030517578,202.0,13668006
2021-01-12,136.14727783203125,201.27499389648438,204.5,198.72500610351562,200.75,16662142
2021-01-13,139.30960083007812,205.9499969482422,212.5,202.3249969482422,203.0,42362294
2021-01-14,144.3151397705078,213.35000610351562,215.0,205.5,206.0,25200192
2021-01-15,140.22274780273438,207.3000030517578,214.75,205.64999389648438,214.6999969482422,17655902
2021-01-18,138.51478576660156,204.77499389648438,208.4499969482422,201.0,207.0,16787164
2021-01-19,139.8338165283203,206.72500610351562,209.0,204.125,206.5,11094214
2021-01-20,139.96908569335938,206.9250030517578,208.4499969482422,204.625,207.5,9874786
2021-01-21,138.09202575683594,204.14999389648438,211.5,202.5500030517578,207.5,17536476
2021-01-22,133.94894409179688,198.02499389648438,206.47500610351562,197.47500610351562,204.5,15404838
2021-01-25,130.9895477294922,193.64999389648438,201.4250030517578,192.35000610351562,200.0,12060426
2021-01-27,128.72354125976562,190.3000030517578,195.125,189.875,192.77499389648438,12066876
2021-01-28,129.97491455078125,192.14999389648438,194.85000610351562,188.125,188.5,16311766
2021-01-29,129.73818969726562,191.8000030517578,198.27499389648438,190.6750030517578,194.9499969482422,16517910
2021-02-01,132.9173583984375,196.5,198.9499969482422,190.3000030517578,194.0,27876736
2021-02-02,137.9905242919922,204.0,205.5,196.625,198.375,17753676
2021-02-03,140.32420349121094,207.4499969482422,208.5,201.1750030517578,202.5,17018506
2021-02-04,141.55868530273438,209.27499389648438,211.25,205.27499389648438,206.8000030517578,15198682
2021-02-05,140.3580322265625,207.5,211.14999389648438,206.5500030517578,210.25,7722568
2021-02-08,142.06597900390625,210.02499389648438,212.1999969482422,208.0,210.0,12645654
2021-02-09,141.82925415039062,209.6750030517578,219.02499389648438,208.3249969482422,215.5,45154044
2021-02-10,140.62860107421875,207.89999389648438,212.47500610351562,204.52499389648438,211.10000610351562,19160592
2021-02-11,142.7086181640625,210.97500610351562,211.4250030517578,207.14999389648438,207.5,11459318
2021-02-12,141.40647888183594,209.0500030517578,212.9250030517578,207.3000030517578,211.5,10941890
2021-02-15,141.71087646484375,209.5,212.4499969482422,208.5,211.39999389648438,11037552
2021-02-16,141.35577392578125,208.97500610351562,211.3000030517578,208.10000610351562,208.89999389648438,10795324
2021-02-17,144.78457641601562,205.85000610351562,206.9499969482422,200.77499389648438,202.25,17178862
2021-02-18,151.99395751953125,216.10000610351562,217.1750030517578,205.35000610351562,207.6750030517578,41510988
2021-02-19,151.2202606201172,215.0,222.39999389648438,211.75,218.5,48892610
2021-02-22,148.60025024414062,211.27499389648438,217.625,209.0,214.64999389648438,19380682
2021-02-23,153.0665283203125,217.625,221.35000610351562,212.89999389648438,214.0,28795656
2021-02-24,154.2798309326172,219.35000610351562,222.5,218.0500030517578,220.0,11981366
2021-02-25,162.31558227539062,230.77499389648438,233.89999389648438,220.9250030517578,220.97500610351562,37621658
2021-02-26,158.2009735107422,224.9250030517578,233.1750030517578,220.125,227.47500610351562,36883078
2021-03-01,160.1000518798828,227.625,231.9250030517578,225.0500030517578,228.0,12185500
2021-03-02,164.93557739257812,234.5,241.1999969482422,231.0,237.25,53200666
2021-03-03,164.00363159179688,233.1750030517578,240.0,231.14999389648438,240.0,17675284
2021-03-04,163.14202880859375,231.9499969482422,236.3249969482422,229.625,231.0,12556622
2021-03-05,162.40350341796875,230.89999389648438,237.22500610351562,229.0500030517578,231.5,17793026
2021-03-08,164.126708984375,233.35000610351562,236.47500610351562,230.89999389648438,231.0,11349538
2021-03-09,156.81187438964844,222.9499969482422,227.0,218.6750030517578,223.10000610351562,399581906
2021-03-10,156.6712188720703,222.75,225.9499969482422,221.02499389648438,225.5,23491604
2021-03-12,160.90887451171875,228.77499389648438,232.0,225.5,228.5,52792772
2021-03-15,161.96389770507812,230.27499389648438,232.5,225.64999389648438,232.22500610351562,33839076
2021-03-16,159.60768127441406,226.9250030517578,232.8000030517578,226.02499389648438,232.27499389648438,30782874
2021-03-17,151.94117736816406,216.02499389648438,223.35000610351562,215.0500030517578,221.0,57699598
2021-03-18,150.1300506591797,213.4499969482422,219.25,211.89999389648438,217.5,26361962
2021-03-19,152.25770568847656,216.47500610351562,219.1999969482422,209.60000610351562,213.0,26622950
2021-03-22,154.5084228515625,219.6750030517578,221.0,217.1750030517578,219.125,27343862
2021-03-23,153.50613403320312,218.25,221.10000610351562,217.5500030517578,220.9499969482422,17089478
2021-03-24,151.20265197753906,214.97500610351562,218.25,214.3249969482422,217.47500610351562,10317086
2021-03-25,149.06777954101562,209.47500610351562,213.60000610351562,207.5500030517578,213.22500610351562,20898974
2021-03-26,150.93580627441406,212.10000610351562,215.89999389648438,210.6999969482422,212.9499969482422,19204862
2021-03-30,153.28416442871094,215.39999389648438,216.9499969482422,210.75,214.4499969482422,17153798
2021-03-31,152.2701416015625,213.97500610351562,215.5749969482422,212.75,215.25,10018670
2021-04-01,155.63255310058594,218.6999969482422,219.97500610351562,214.02499389648438,215.3000030517578,9156394
2021-04-05,152.30567932128906,214.02499389648438,218.5,210.5500030517578,217.0500030517578,11510442
2021-04-06,152.32347106933594,214.0500030517578,216.85000610351562,212.14999389648438,215.0,9190874
2021-04-07,152.35903930664062,214.10000610351562,215.75,213.75,214.5,7430944
2021-04-08,153.1952362060547,215.27499389648438,218.0,214.64999389648438,214.77499389648438,6708234
2021-04-09,151.4339599609375,212.8000030517578,216.125,212.25,215.0,8179184
2021-04-12,143.7305908203125,201.97500610351562,209.6999969482422,201.0,208.97500610351562,12368094
2021-04-13,145.66976928710938,204.6999969482422,206.25,201.10000610351562,202.5,8064312
2021-04-15,144.0508270263672,202.4250030517578,208.1999969482422,201.64999389648438,204.5,14440358
2021-04-16,147.23536682128906,206.89999389648438,211.47500610351562,202.14999389648438,202.5,22292626
2021-04-19,145.43849182128906,204.375,206.1999969482422,200.0,202.5,11256462
2021-04-20,145.20721435546875,204.0500030517578,207.22500610351562,203.0500030517578,205.9499969482422,7026888
2021-04-22,148.8543243408203,209.1750030517578,210.64999389648438,201.75,202.5,15611348
2021-04-23,150.52662658691406,211.52499389648438,212.47500610351562,208.0,208.64999389648438,47680532
2021-04-26,149.04998779296875,209.4499969482422,214.1750030517578,208.77499389648438,213.0,12888196
2021-04-27,149.56593322753906,210.1750030517578,211.5500030517578,208.27499389648438,208.75,10816330
2021-04-28,148.5518798828125,208.75,212.1750030517578,207.4499969482422,211.0,19805066
2021-04-29,149.28126525878906,209.77499389648438,211.5,208.5,211.0,13265608
2021-04-30,150.0818328857422,210.89999389648438,218.75,207.3249969482422,208.75,33702940
2021-05-03,148.01812744140625,208.0,214.52499389648438,207.6999969482422,209.5,16118782
2021-05-04,149.95733642578125,210.72500610351562,214.72500610351562,209.25,210.4499969482422,19987878
2021-05-05,151.1492919921875,212.39999389648438,215.8000030517578,210.5,211.02499389648438,13778662
2021-05-06,154.42274475097656,217.0,217.5,212.0749969482422,214.0,12787288
2021-05-07,157.67845153808594,221.5749969482422,223.5,214.0,217.52499389648438,24054728
2021-05-10,161.4322967529297,226.85000610351562,227.5,222.5,224.5,19405820
2021-05-11,164.4744873046875,231.125,232.0,223.4499969482422,224.8000030517578,21695878
2021-05-12,159.84889221191406,224.625,234.0,223.25,232.0,15235594
2021-05-14,157.3582305908203,221.125,226.75,219.5500030517578,226.75,9799430
2021-05-17,157.85638427734375,221.8249969482422,223.27499389648438,219.0500030517578,222.5,6063462
2021-05-18,159.56427001953125,224.22500610351562,226.1999969482422,221.35000610351562,223.60000610351562,9934246
2021-05-19,158.85263061523438,223.22500610351562,227.14999389648438,221.125,225.0,16215214
2021-05-20,161.8236846923828,227.39999389648438,228.9250030517578,220.75,224.0,18799814
2021-05-21,164.04750061035156,230.52499389648438,234.0,229.52499389648438,231.5,23987738
2021-05-24,168.24610900878906,236.4250030517578,237.27499389648438,230.3000030517578,233.47500610351562,22941220
2021-05-25,168.797607421875,237.1999969482422,239.5,234.5,238.39999389648438,21199352
2021-05-26,168.0148468017578,236.10000610351562,240.35000610351562,234.25,239.3249969482422,25944614
2021-05-27,166.467041015625,233.9250030517578,244.0,233.0,242.5,102988808
2021-05-28,167.76576232910156,235.75,239.9499969482422,234.25,237.5,29313704
2021-05-31,167.94366455078125,236.0,236.72500610351562,234.14999389648438,236.72500610351562,13495562
2021-06-01,167.53448486328125,235.4250030517578,238.35000610351562,235.0500030517578,236.6999969482422,8869530
2021-06-02,168.88656616210938,237.3249969482422,237.72500610351562,234.5,235.0,12676710
2021-06-03,168.61968994140625,236.9499969482422,239.1999969482422,236.5500030517578,237.25,12184524
2021-06-04,170.16748046875,239.125,241.39999389648438,237.02499389648438,237.39999389648438,17759466
2021-06-07,171.28829956054688,240.6999969482422,242.6999969482422,239.375,240.39999389648438,12523390
2021-06-08,173.44097900390625,243.72500610351562,244.85000610351562,238.125,241.89999389648438,15198964
2021-06-09,172.58702087402344,242.52499389648438,246.9499969482422,240.75,246.0,18980362
2021-06-10,172.05328369140625,241.77499389648438,243.75,241.375,243.125,7388634
2021-06-11,172.0711212158203,241.8000030517578,244.75,240.85000610351562,242.85000610351562,7438508
2021-06-14,172.106689453125,241.85000610351562,242.5,238.0,241.97500610351562,7237652
2021-06-15,171.46621704101562,240.9499969482422,243.625,240.39999389648438,242.5,6507360
2021-06-16,171.2349395751953,240.625,242.4499969482422,239.52499389648438,241.72500610351562,7994924
2021-06-17,169.68716430664062,238.4499969482422,241.4499969482422,238.14999389648438,238.97500610351562,6651076
2021-06-18,168.06817626953125,236.1750030517578,240.0500030517578,233.375,240.0,10583776
2021-06-21,169.02886962890625,237.52499389648438,237.89999389648438,234.25,235.85000610351562,5397088
2021-06-22,168.53076171875,236.8249969482422,239.375,236.39999389648438,238.75,5553420
2021-06-23,167.08969116210938,234.8000030517578,237.5,234.5749969482422,237.0,4927558
2021-06-24,165.8443603515625,233.0500030517578,235.25,232.5500030517578,234.75,8462210
2021-06-25,167.24984741210938,235.02499389648438,236.0500030517578,233.10000610351562,234.1999969482422,5904240
2021-06-28,166.21795654296875,233.5749969482422,236.0,233.27499389648438,235.5,4334320
2021-06-29,165.89772033691406,233.125,234.75,232.5,234.5,5921594
2021-06-30,166.55599975585938,234.0500030517578,235.3249969482422,233.0,233.5,5924634
2021-07-01,164.65237426757812,231.375,234.4499969482422,231.0,234.0500030517578,5757026
2021-07-02,164.65237426757812,231.375,232.8000030517578,230.52499389648438,231.5,4769492
2021-07-05,163.56716918945312,229.85000610351562,233.75,229.25,232.47500610351562,11190174
2021-07-06,162.98008728027344,229.02499389648438,231.5,228.8000030517578,230.0,7749392
2021-07-07,163.85182189941406,230.25,230.6999969482422,226.22500610351562,229.02499389648438,6000580
2021-07-08,163.033447265625,229.10000610351562,232.6999969482422,228.27499389648438,230.0749969482422,6426778
2021-07-09,162.57089233398438,228.4499969482422,229.25,226.64999389648438,228.0500030517578,7058662
2021-07-12,160.4716033935547,225.5,229.64999389648438,225.02499389648438,228.8000030517578,7393710
2021-07-13,160.2047119140625,225.125,227.5,224.875,226.375,7409874
2021-07-14,159.65322875976562,224.35000610351562,226.5500030517578,224.10000610351562,225.5,4936524
2021-07-15,159.06613159179688,223.52499389648438,225.375,222.52499389648438,224.64999389648438,6617550
2021-07-16,159.4041748046875,224.0,225.52499389648438,222.89999389648438,224.52499389648438,6726604
2021-07-19,161.5034637451172,226.9499969482422,229.5,222.60000610351562,223.0,14737948
2021-07-20,161.46786499023438,226.89999389648438,229.0,224.5,228.39999389648438,7689016
2021-07-22,163.994140625,230.4499969482422,231.97500610351562,226.5,227.47500610351562,13532496
2021-07-23,164.1542510986328,230.6750030517578,232.89999389648438,229.64999389648438,232.39999389648438,6954808
2021-07-26,162.2506561279297,228.0,231.27499389648438,227.5500030517578,230.9499969482422,5177476
2021-07-27,161.28994750976562,226.64999389648438,230.1999969482422,226.125,228.0,4635256
2021-07-28,161.34332275390625,226.72500610351562,227.75,225.14999389648438,226.8000030517578,4411220
2021-07-29,159.79554748535156,224.5500030517578,227.0749969482422,224.25,226.0,5979220
2021-07-30,158.51461791992188,222.75,227.10000610351562,222.4499969482422,224.60000610351562,13531870
2021-08-02,162.89111328125,228.89999389648438,229.9499969482422,223.25,224.02499389648438,9965680
2021-08-03,164.8836669921875,231.6999969482422,232.47500610351562,228.25,230.35000610351562,7855132
2021-08-04,162.65985107421875,228.5749969482422,232.5,228.0500030517578,231.5,5192276
2021-08-05,161.3611297607422,226.75,229.3000030517578,225.5749969482422,228.0500030517578,7099910
2021-08-06,162.10833740234375,227.8000030517578,231.5,227.0,227.0,8118604
2021-08-09,161.0053253173828,226.25,229.5,225.35000610351562,228.75,4555246
2021-08-10,158.22998046875,222.35000610351562,227.4499969482422,221.375,227.25,7098198
2021-08-11,160.11578369140625,225.0,225.77499389648438,220.27499389648438,223.0,10635072
2021-08-12,159.45751953125,224.0749969482422,227.6999969482422,221.0500030517578,226.0,12567714
2021-08-13,161.8592529296875,227.4499969482422,229.4250030517578,224.14999389648438,225.0,14232032
2021-08-16,165.09716796875,232.0,233.8000030517578,227.52499389648438,229.25,17964436
2021-08-17,165.45297241210938,232.5,234.875,230.5,232.9250030517578,14363500
2021-08-18,164.9192352294922,231.75,233.47500610351562,230.52499389648438,233.47500610351562,7947234
2021-08-20,161.96600341796875,227.60000610351562,232.75,226.5,230.89999389648438,12114818
2021-08-23,160.7206573486328,225.85000610351562,229.8249969482422,224.0500030517578,229.35000610351562,7925892
2021-08-24,162.39297485351562,228.1999969482422,229.625,226.4250030517578,226.5,7248688
2021-08-25,163.92298889160156,230.35000610351562,232.1999969482422,228.625,229.0,9704266
2021-08-26,166.07565307617188,233.375,235.6999969482422,229.3000030517578,230.3000030517578,14847298
2021-08-27,167.694580078125,235.64999389648438,236.85000610351562,233.0749969482422,234.52499389648438,12536762
2021-08-30,168.1393280029297,236.27499389648438,237.4499969482422,235.8000030517578,237.4499969482422,9029840
2021-08-31,167.81912231445312,235.8249969482422,237.9250030517578,234.1750030517578,236.5,18002472
2021-09-01,169.72271728515625,238.5,239.6999969482422,236.10000610351562,236.625,10439002
2021-09-02,170.718994140625,239.89999389648438,240.77499389648438,238.5,239.0,8362628
2021-09-03,174.81082153320312,245.64999389648438,247.0,240.10000610351562,241.5,16372070
2021-09-06,174.63291931152344,245.39999389648438,248.25,245.0,247.97500610351562,13979558
2021-09-07,171.48399353027344,240.97500610351562,246.75,240.5,245.35000610351562,13420280
2021-09-08,174.18817138671875,244.77499389648438,246.5,240.9499969482422,242.0,13609662
2021-09-09,174.75747680664062,245.5749969482422,246.0,243.875,244.9499969482422,9084984
2021-09-13,177.2303924560547,249.0500030517578,249.625,245.75,247.0,21460684
2021-09-14,175.45130920410156,246.5500030517578,251.5,245.25,250.5,24182782
2021-09-15,174.33050537109375,244.97500610351562,247.47500610351562,244.0500030517578,247.0,22748506
2021-09-16,177.19595336914062,219.52499389648438,221.02499389648438,217.77499389648438,218.75,34750954
2021-09-17,176.06594848632812,218.125,221.0,216.0500030517578,220.5,24016408
2021-09-20,169.66903686523438,210.1999969482422,216.8249969482422,209.47500610351562,215.52499389648438,14744276
2021-09-21,167.00535583496094,206.89999389648438,211.9499969482422,206.39999389648438,209.9499969482422,22963476
2021-09-22,169.56814575195312,210.0749969482422,210.75,207.25,207.25,9640070
2021-09-23,169.4874267578125,209.97500610351562,212.14999389648438,208.5749969482422,211.5749969482422,11769116
2021-09-24,167.408935546875,207.39999389648438,211.625,206.02499389648438,210.5,12674828
2021-09-27,169.749755859375,210.3000030517578,211.25,208.27499389648438,209.22500610351562,9778866
2021-09-28,173.382080078125,214.8000030517578,215.125,211.5,212.14999389648438,18266942
2021-09-29,176.32827758789062,218.4499969482422,219.0,213.0,214.75,15251714
2021-09-30,174.43141174316406,216.10000610351562,220.1999969482422,215.5,219.89999389648438,8934732
2021-10-01,174.77442932128906,216.52499389648438,218.8000030517578,214.5,215.9499969482422,5489980
2021-10-04,175.9044952392578,217.9250030517578,219.0,216.75,217.0,5362228
2021-10-05,179.1332244873047,221.9250030517578,222.75,217.85000610351562,217.9250030517578,18020292
2021-10-06,180.48524475097656,223.60000610351562,225.97500610351562,222.5749969482422,223.5,16248822
2021-10-07,181.2924346923828,224.60000610351562,226.0,224.0,225.75,7445114
2021-10-08,181.393310546875,224.72500610351562,226.0,222.3000030517578,225.75,6019304
2021-10-11,183.39108276367188,227.1999969482422,227.5749969482422,224.75,225.0,11833332
2021-10-12,183.734130859375,227.625,228.60000610351562,225.5500030517578,227.1750030517578,10923204
2021-10-13,185.1063232421875,229.3249969482422,230.1999969482422,226.64999389648438,228.5,14072722
2021-10-14,185.36865234375,229.64999389648438,231.10000610351562,229.0,230.0,7894780
2021-10-18,186.66017150878906,231.25,235.0,230.52499389648438,235.0,8784646
2021-10-19,182.84622192382812,226.52499389648438,232.5,224.97500610351562,231.9499969482422,10805314
2021-10-20,178.0233612060547,220.5500030517578,226.4499969482422,218.1750030517578,226.0,13086926
2021-10-21,182.03904724121094,225.52499389648438,227.0,221.52499389648438,222.625,19775152
2021-10-22,180.5054168701172,223.625,226.5,221.25,225.5,7829992
2021-10-25,174.2296142578125,215.85000610351562,224.1999969482422,214.9250030517578,223.5,14550354
2021-10-26,173.96725463867188,215.52499389648438,218.47500610351562,214.02499389648438,215.5,9945226
2021-10-27,172.61524963378906,213.85000610351562,217.25,213.5,216.72500610351562,6737796
2021-10-28,169.83045959472656,210.39999389648438,215.5,209.52499389648438,214.5,7242482
2021-10-29,168.57936096191406,208.85000610351562,212.5,206.8000030517578,209.5,12075018
2021-11-01,170.1735382080078,210.8249969482422,214.0,209.9499969482422,214.0,11652400
2021-11-02,167.95379638671875,208.0749969482422,211.9499969482422,207.8000030517578,211.5,8099346
2021-11-03,167.4492645263672,207.4499969482422,210.77499389648438,207.10000610351562,209.0,10516486
2021-11-04,169.4066925048828,209.875,210.125,209.0500030517578,209.9250030517578,1975024
2021-11-08,174.2498016357422,215.875,216.375,210.72500610351562,212.0,11870418
2021-11-09,173.74526977539062,215.25,216.375,213.5,216.35000610351562,5867180
2021-11-10,174.0479736328125,215.625,217.0,215.0749969482422,216.0,6565108
2021-11-11,173.66006469726562,212.64999389648438,213.625,211.02499389648438,212.97500610351562,6633538
2021-11-12,174.64004516601562,213.85000610351562,215.0,213.1750030517578,214.0,4288924
2021-11-15,174.08883666992188,213.1750030517578,215.02499389648438,212.3249969482422,213.9499969482422,3839888
2021-11-16,171.4551544189453,209.9499969482422,213.27499389648438,209.0749969482422,213.0,5533442
2021-11-17,168.96435546875,206.89999389648438,210.375,206.10000610351562,210.25,7538798
2021-11-18,165.49359130859375,202.64999389648438,207.8249969482422,202.5,206.75,9990796
2021-11-22,161.53286743164062,197.8000030517578,203.9499969482422,196.5500030517578,203.0,10565788
2021-11-23,162.34950256347656,198.8000030517578,200.64999389648438,197.02499389648438,197.5,6765412
2021-11-24,164.6973876953125,201.6750030517578,204.64999389648438,199.39999389648438,200.5500030517578,8482816
2021-11-25,163.3703155517578,200.0500030517578,202.1999969482422,199.0,202.0,6323818
2021-11-26,153.8767852783203,188.4250030517578,198.60000610351562,187.5,198.5749969482422,20046662
2021-11-29,150.03857421875,183.72500610351562,190.0,183.5,189.5,15037552
2021-11-30,151.0797576904297,185.0,189.75,184.0,185.0,18393470
2021-12-01,150.5693817138672,184.375,187.97500610351562,182.89999389648438,186.375,13057566
2021-12-02,154.69345092773438,189.4250030517578,189.97500610351562,184.52499389648438,185.0,12449776
2021-12-03,157.57212829589844,192.9499969482422,194.1999969482422,190.64999389648438,191.25,17313246
2021-12-06,156.5717315673828,191.72500610351562,194.6999969482422,190.5,193.6750030517578,8919812
2021-12-07,158.34793090820312,193.89999389648438,194.375,192.625,192.9499969482422,7275406
2021-12-08,159.7158203125,195.5749969482422,196.125,194.5749969482422,194.75,7187328
2021-12-09,160.7774658203125,196.875,200.75,196.14999389648438,197.125,12970082
2021-12-10,162.08412170410156,198.47500610351562,198.9499969482422,195.5,196.75,4565918
2021-12-13,160.20582580566406,196.1750030517578,200.25,195.52499389648438,199.47500610351562,5199416
2021-12-14,159.92001342773438,195.8249969482422,196.47500610351562,194.5500030517578,196.47500610351562,6582798
2021-12-15,156.91879272460938,192.14999389648438,196.1999969482422,191.5500030517578,195.5,11115184
2021-12-16,159.6749725341797,195.52499389648438,196.0,192.22500610351562,193.25,7909366
2021-12-17,157.0821533203125,192.35000610351562,197.27499389648438,191.0500030517578,196.5,16049722
2021-12-20,146.99652099609375,180.0,190.4250030517578,179.5,190.4250030517578,22510560
2021-12-21,148.7115020751953,182.10000610351562,182.9499969482422,178.6999969482422,182.1999969482422,12855558
2021-12-22,152.08018493652344,186.22500610351562,186.89999389648438,182.60000610351562,183.0,10045244
2021-12-23,154.08094787597656,188.6750030517578,189.125,186.0,187.39999389648438,10693866
2021-12-24,151.95765686035156,186.0749969482422,189.60000610351562,185.14999389648438,189.60000610351562,6287570
2021-12-27,152.87637329101562,187.1999969482422,187.5749969482422,183.75,185.47500610351562,4632660
2021-12-28,155.32632446289062,190.1999969482422,190.6999969482422,187.5,187.89999389648438,6449486
2021-12-29,155.6121826171875,190.5500030517578,191.4250030517578,188.5749969482422,190.5,8260658
2021-12-30,154.32594299316406,188.97500610351562,192.64999389648438,188.0,192.0,12171414
2021-12-31,157.38839721679688,192.72500610351562,193.6999969482422,188.25,188.25,7780656
2022-01-03,157.65379333496094,193.0500030517578,193.5,192.0,192.0,6468384
2022-01-04,157.59255981445312,192.97500610351562,196.875,192.375,194.0,11799296
2022-01-05,161.16537475585938,197.35000610351562,198.25,191.72500610351562,192.47500610351562,13483996
2022-01-06,161.614501953125,197.89999389648438,198.3249969482422,195.3000030517578,198.0,8237148
2022-01-07,161.77784729003906,198.10000610351562,201.4499969482422,197.5,199.0,11914426
2022-01-10,162.3291015625,198.77499389648438,199.85000610351562,197.8000030517578,199.5,4179728
2022-01-11,159.7158203125,195.5749969482422,199.39999389648438,195.0749969482422,199.39999389648438,6854016
2022-01-12,158.7154083251953,194.35000610351562,197.97500610351562,193.27499389648438,197.25,9246820
2022-01-13,161.08372497558594,197.25,198.77499389648438,193.625,195.10000610351562,8491424
2022-01-14,162.6966094970703,199.22500610351562,199.97500610351562,196.25,197.5,6915504
2022-01-17,163.55404663085938,200.27499389648438,202.1999969482422,199.3000030517578,200.5,9671610
2022-01-18,162.55368041992188,199.0500030517578,203.4499969482422,198.1750030517578,200.89999389648438,13220496
2022-01-19,161.02247619628906,197.1750030517578,200.75,196.5,198.0,10347976
2022-01-20,160.4916229248047,196.52499389648438,198.77499389648438,195.10000610351562,197.5,6495234
2022-01-21,155.85716247558594,190.85000610351562,198.02499389648438,190.0,196.89999389648438,10310538
2022-01-24,152.34556579589844,186.5500030517578,191.9250030517578,185.0500030517578,190.6999969482422,10668074
2022-01-25,156.20423889160156,191.27499389648438,191.89999389648438,184.0,186.0500030517578,9905300
2022-01-27,156.06134033203125,191.10000610351562,192.625,187.5,192.5,11474790
2022-01-28,156.18382263183594,191.25,196.75,190.6750030517578,192.47500610351562,8089918
2022-01-31,162.12489318847656,198.52499389648438,199.89999389648438,193.97500610351562,195.0,13928184
2022-02-01,154.69345092773438,189.4250030517578,197.5,188.0,197.5,25515398
2022-02-02,156.0205078125,191.0500030517578,192.8000030517578,189.6750030517578,192.5,11701576
2022-02-03,153.95846557617188,188.52499389648438,192.4499969482422,188.25,192.0,10658294
2022-02-04,153.38682556152344,187.8249969482422,190.0,187.02499389648438,188.5749969482422,8957710
2022-02-07,152.08018493652344,186.22500610351562,189.1999969482422,185.0500030517578,189.0,8189026
2022-02-08,154.1013641357422,188.6999969482422,189.25,185.3249969482422,187.1999969482422,6909612
2022-02-09,153.3663787841797,187.8000030517578,191.0,187.35000610351562,190.0,9292356
2022-02-10,152.9732208251953,184.8249969482422,186.75,184.25,186.35000610351562,12283058
2022-02-11,152.9318389892578,184.77499389648438,187.25,182.5,184.8249969482422,11262552
2022-02-14,149.68328857421875,180.85000610351562,182.9250030517578,180.27499389648438,182.5,10196386
2022-02-15,152.66285705566406,184.4499969482422,184.875,178.3000030517578,181.02499389648438,11049572
2022-02-16,154.81478881835938,187.0500030517578,189.1999969482422,185.14999389648438,185.5,10889816
2022-02-17,154.35958862304688,186.5,188.625,185.5,187.97500610351562,5224320
2022-02-18,154.42166137695312,186.5749969482422,187.97500610351562,185.72500610351562,185.72500610351562,4420434
2022-02-21,152.60081481933594,184.375,186.5,182.52499389648438,186.5,6207542
2022-02-22,147.03472900390625,177.64999389648438,182.22500610351562,174.64999389648438,180.0,14106162
2022-02-23,147.77963256835938,178.5500030517578,180.39999389648438,178.10000610351562,179.25,5636142
2022-02-24,137.8269500732422,166.52499389648438,176.0,165.5500030517578,174.5,14094970
2022-02-25,139.19261169433594,168.1750030517578,170.75,166.0749969482422,170.0,11679020
2022-02-28,144.75865173339844,174.89999389648438,175.64999389648438,166.0,167.6750030517578,19146282
2022-03-02,141.5721435546875,171.0500030517578,178.35000610351562,169.89999389648438,173.25,15469204
2022-03-03,143.35162353515625,173.1999969482422,177.0,171.6750030517578,173.6999969482422,12825706
2022-03-04,144.1586151123047,174.1750030517578,175.75,171.5,173.97500610351562,15557860
2022-03-07,139.87545776367188,169.0,173.5,165.89999389648438,173.5,19936000
2022-03-08,141.365234375,170.8000030517578,171.5,166.35000610351562,168.89999389648438,12880560
2022-03-09,141.7997589111328,171.3249969482422,173.8249969482422,168.85000610351562,172.25,13563906
2022-03-10,144.42759704589844,174.5,177.0,172.75,176.0,18109208
2022-03-11,149.8074188232422,181.0,181.85000610351562,175.125,175.5,16557604
2022-03-14,148.8349151611328,179.8249969482422,180.5,176.1750030517578,179.89999389648438,16449824
2022-03-15,144.965576171875,175.14999389648438,180.75,174.0500030517578,180.52499389648438,12130866
2022-03-16,147.4485626220703,178.14999389648438,178.85000610351562,175.0749969482422,176.75,9444984
2022-03-17,150.71786499023438,182.10000610351562,183.10000610351562,178.9250030517578,179.8000030517578,22827672
2022-03-21,147.821044921875,178.60000610351562,183.64999389648438,178.14999389648438,180.0,12369650
2022-03-22,152.45594787597656,184.1999969482422,184.85000610351562,178.35000610351562,179.4250030517578,14934378
2022-03-23,151.7110595703125,183.3000030517578,185.8000030517578,182.5,185.4499969482422,12475458
2022-03-24,150.0557098388672,181.3000030517578,183.89999389648438,180.39999389648438,183.0,9696758
2022-03-25,149.10391235351562,180.14999389648438,182.27499389648438,179.0500030517578,181.0,7259104
2022-03-28,148.85562133789062,179.85000610351562,181.4250030517578,178.14999389648438,180.0,11624382
2022-03-29,148.3383331298828,179.22500610351562,181.1999969482422,178.97500610351562,181.0,11417328
2022-03-30,149.0004425048828,180.02499389648438,181.1999969482422,179.60000610351562,180.25,8247132
2022-03-31,148.71075439453125,179.6750030517578,182.25,179.39999389648438,180.5,11007364
2022-04-01,154.93893432617188,187.1999969482422,187.5,180.77499389648438,180.77499389648438,12772330
2022-04-04,157.3391876220703,190.10000610351562,190.625,186.10000610351562,187.1999969482422,14714720
2022-04-05,157.2563934326172,190.0,191.0,188.27499389648438,190.5,6622344
2022-04-06,159.65664672851562,192.89999389648438,193.22500610351562,188.72500610351562,189.5,11686350
2022-04-07,157.5874786376953,190.39999389648438,193.64999389648438,189.75,192.4250030517578,6693770
2022-04-08,159.13934326171875,192.27499389648438,193.39999389648438,190.5500030517578,191.39999389648438,8380548
2022-04-11,160.7119140625,194.1750030517578,195.0749969482422,192.39999389648438,192.5749969482422,4778320
2022-04-12,157.50469970703125,190.3000030517578,193.8000030517578,188.625,193.47500610351562,4891948
2022-04-13,156.84262084960938,189.5,191.97500610351562,188.85000610351562,190.0,6523924
2022-04-18,153.84230041503906,185.875,189.5,185.52499389648438,189.5,5585346
2022-04-19,155.53903198242188,187.9250030517578,191.9250030517578,186.5,186.9499969482422,11592654
2022-04-20,161.37405395507812,194.97500610351562,196.14999389648438,188.1750030517578,189.89999389648438,17136378
2022-04-21,164.58126831054688,198.85000610351562,199.39999389648438,195.0,197.5,15955692
2022-04-22,162.80174255371094,196.6999969482422,198.625,195.75,197.5,8821478
2022-04-25,152.9939422607422,184.85000610351562,192.97500610351562,184.39999389648438,192.5,20815928
2022-04-26,154.29750061035156,186.4250030517578,187.6999969482422,184.5749969482422,186.6999969482422,6278956
2022-04-27,151.669677734375,183.25,185.8000030517578,182.14999389648438,184.0,6163612
2022-04-28,152.84910583496094,184.6750030517578,185.85000610351562,182.5749969482422,185.85000610351562,6573278
2022-04-29,150.0557098388672,181.3000030517578,186.35000610351562,180.5749969482422,185.0,6718850
2022-05-02,151.6489715576172,183.22500610351562,183.97500610351562,178.8249969482422,180.0500030517578,6400476
2022-05-04,150.40748596191406,181.72500610351562,185.6999969482422,179.75,183.22500610351562,5737094
2022-05-05,149.39358520507812,180.5,184.375,180.0500030517578,183.02499389648438,3695092
2022-05-06,147.8624267578125,178.64999389648438,179.89999389648438,176.5,178.5,4697742
2022-05-09,146.2484588623047,176.6999969482422,179.14999389648438,174.89999389648438,177.85000610351562,5048780
2022-05-10,146.2691650390625,176.72500610351562,179.0,175.6999969482422,176.75,5909904
2022-05-11,143.64134216308594,173.5500030517578,179.72500610351562,172.375,177.5,7774130
2022-05-12,140.6824188232422,169.97500610351562,173.22500610351562,168.10000610351562,172.5,7716626
2022-05-13,139.44091796875,168.47500610351562,172.64999389648438,168.0,170.6999969482422,4515592
2022-05-16,139.0891571044922,168.0500030517578,169.8249969482422,166.85000610351562,169.5749969482422,3884304
2022-05-17,141.7169952392578,171.22500610351562,171.47500610351562,167.0749969482422,168.0,9596420
2022-05-18,137.35104370117188,165.9499969482422,173.60000610351562,165.5,168.22500610351562,15314616
2022-05-19,135.17845153808594,163.3249969482422,164.97500610351562,162.0,164.89999389648438,10187938
2022-05-20,137.7235107421875,166.39999389648438,167.4250030517578,164.0,166.0,6393394
2022-05-23,137.433837890625,166.0500030517578,168.0749969482422,163.5,166.39999389648438,8792862
2022-05-24,136.60617065429688,165.0500030517578,167.27499389648438,164.25,166.0500030517578,5891438
2022-05-25,134.9715118408203,163.0749969482422,166.75,162.5749969482422,166.1999969482422,8163646
2022-05-26,134.2266387939453,162.1750030517578,162.75,156.10000610351562,162.5,16061314
2022-05-27,133.39895629882812,161.1750030517578,164.5,159.10000610351562,162.3000030517578,9751704
2022-05-30,136.21302795410156,164.5749969482422,165.39999389648438,161.0,162.25,7101016
2022-05-31,134.99220275878906,163.10000610351562,165.35000610351562,162.5,165.0,20841502
2022-06-01,134.90945434570312,163.0,165.9250030517578,162.0500030517578,164.0,13381064
2022-06-02,136.2957763671875,164.6750030517578,167.125,161.27499389648438,163.5,16113808
2022-06-03,135.79917907714844,164.0749969482422,166.0,163.5500030517578,165.3000030517578,9938986
2022-06-06,132.157470703125,159.6750030517578,163.9499969482422,159.14999389648438,163.75,9345428
2022-06-07,132.5299072265625,160.125,161.3000030517578,158.5,158.77499389648438,7910152
2022-06-08,134.04042053222656,161.9499969482422,162.4499969482422,159.60000610351562,160.5,5381610
2022-06-09,137.7442169189453,166.4250030517578,167.27499389648438,159.75,161.5,13918892
2022-06-10,136.97862243652344,165.5,166.10000610351562,163.3000030517578,165.375,5453434
2022-06-13,131.57810974121094,158.97500610351562,163.9499969482422,158.64999389648438,163.9499969482422,7503680
2022-06-14,130.06761169433594,157.14999389648438,160.375,155.8249969482422,158.64999389648438,10098392
2022-06-15,129.94345092773438,157.0,158.4250030517578,154.0,158.4250030517578,9987308
2022-06-16,128.970947265625,155.8249969482422,159.89999389648438,155.14999389648438,159.0,8720718
2022-06-17,124.56362915039062,150.5,155.75,149.875,154.5,13905510
2022-06-20,122.51518249511719,148.02499389648438,152.25,147.0,152.0,7456818
2022-06-21,124.64640045166016,150.60000610351562,151.22500610351562,146.6750030517578,148.3249969482422,5603658
2022-06-22,126.5914077758789,152.9499969482422,153.6999969482422,148.375,151.5749969482422,13204868
2022-06-23,127.41908264160156,153.9499969482422,155.25,151.77499389648438,154.22500610351562,8697024
2022-06-24,127.27424621582031,153.77499389648438,155.22500610351562,152.6999969482422,154.10000610351562,6549900
2022-06-27,130.35726928710938,157.5,157.8249969482422,154.1750030517578,155.0,5569614
2022-06-28,131.84707641601562,159.3000030517578,159.75,156.0,156.0,6481036
2022-06-29,130.93667602539062,158.1999969482422,159.9250030517578,156.8000030517578,156.8000030517578,4503176
2022-06-30,127.62599182128906,154.1999969482422,158.875,153.5749969482422,158.0,9158568
2022-07-01,131.74363708496094,159.1750030517578,159.625,152.85000610351562,154.25,8833390
2022-07-04,130.91595458984375,158.1750030517578,159.22500610351562,156.3249969482422,158.0500030517578,4431040
2022-07-05,129.57101440429688,156.5500030517578,160.6750030517578,156.0749969482422,158.89999389648438,6138608
2022-07-06,132.9644317626953,160.64999389648438,161.0,157.75,158.3000030517578,8353864
2022-07-07,136.31646728515625,164.6999969482422,165.0,161.5500030517578,162.4499969482422,9279814
2022-07-08,134.6197509765625,162.64999389648438,166.125,162.25,165.0,5034654
2022-07-11,130.729736328125,157.9499969482422,163.1750030517578,157.75,163.1750030517578,11830842
2022-07-12,127.72943878173828,154.3249969482422,157.75,154.02499389648438,157.5,10690702
2022-07-13,128.49505615234375,155.25,157.6999969482422,154.75,156.0,9645842
2022-07-14,126.69486236572266,153.0749969482422,156.35000610351562,152.0749969482422,155.5,11835382
2022-07-15,129.1571807861328,156.0500030517578,156.5749969482422,153.0500030517578,154.0,10024354
2022-07-18,130.68836975097656,157.89999389648438,158.125,154.8249969482422,156.75,7029760
2022-07-19,130.99871826171875,158.27499389648438,158.89999389648438,156.25,157.4499969482422,5009030
2022-07-20,131.2263641357422,158.5500030517578,160.4250030517578,158.125,159.6999969482422,6723570
2022-07-21,133.5438232421875,161.35000610351562,162.0,158.0,158.97500610351562,7298344
2022-07-22,132.55059814453125,160.14999389648438,162.6999969482422,159.27499389648438,162.60000610351562,6293178
2022-07-25,131.2470245361328,158.5749969482422,160.4499969482422,157.77499389648438,160.14999389648438,6529228
2022-07-26,131.7849884033203,159.22500610351562,159.5749969482422,157.0749969482422,158.4250030517578,4397264
2022-07-27,134.33010864257812,162.3000030517578,162.52499389648438,158.77499389648438,159.0,6514864
2022-07-28,134.93014526367188,163.02499389648438,164.4499969482422,160.9250030517578,160.9250030517578,6933530
2022-07-29,136.6889190673828,165.14999389648438,165.5749969482422,162.60000610351562,163.52499389648438,9605766
2022-08-01,138.2821807861328,167.0749969482422,167.60000610351562,163.89999389648438,165.5,6221584
2022-08-02,138.69598388671875,167.5749969482422,170.75,166.14999389648438,167.75,7663472
2022-08-03,138.17872619628906,166.9499969482422,168.6750030517578,165.14999389648438,167.5749969482422,4079330
2022-08-04,138.1994171142578,166.97500610351562,168.875,164.85000610351562,168.4499969482422,5023836
2022-08-05,139.21328735351562,168.1999969482422,168.625,166.10000610351562,167.5,5115246
2022-08-08,134.7646026611328,162.8249969482422,165.0,160.10000610351562,164.75,18945812
2022-08-10,135.86126708984375,164.14999389648438,165.125,163.0,163.64999389648438,5743378
2022-08-11,135.88194274902344,164.1750030517578,165.8000030517578,163.60000610351562,164.97500610351562,3377190
2022-08-12,138.17872619628906,166.9499969482422,167.22500610351562,163.89999389648438,164.1750030517578,5285940
2022-08-16,143.1447296142578,172.9499969482422,173.625,166.52499389648438,167.22500610351562,10721280
2022-08-17,146.14498901367188,176.5749969482422,177.625,173.5,173.8000030517578,14146800
2022-08-18,143.62062072753906,173.52499389648438,176.77499389648438,172.72500610351562,176.77499389648438,7118970
2022-08-19,142.44149780273438,169.125,171.625,168.5,171.22500610351562,7463376
2022-08-22,140.50437927246094,166.8249969482422,168.72500610351562,165.89999389648438,168.5749969482422,4227956
2022-08-23,140.52545166015625,166.85000610351562,167.47500610351562,165.3000030517578,165.47500610351562,3118316
2022-08-24,138.77781677246094,164.77499389648438,167.10000610351562,164.02499389648438,166.5,5188148
2022-08-25,138.8831024169922,164.89999389648438,167.5,164.14999389648438,165.0,6420988
2022-08-26,138.5883331298828,164.5500030517578,166.9499969482422,164.14999389648438,166.9499969482422,4127464
2022-08-29,137.36709594726562,163.10000610351562,163.85000610351562,161.52499389648438,162.5,3250026
2022-08-30,138.39881896972656,164.3249969482422,164.9499969482422,163.10000610351562,163.125,6339262
2022-09-01,139.5358428955078,165.6750030517578,166.5,162.10000610351562,162.75,6741662
2022-09-02,135.57737731933594,160.97500610351562,167.0500030517578,160.25,166.25,9679250
2022-09-05,136.75648498535156,162.375,162.5500030517578,160.625,161.0,4784578
2022-09-06,136.54591369628906,162.125,163.22500610351562,160.52499389648438,163.0,5099528
2022-09-07,137.6408233642578,163.4250030517578,164.0,160.9250030517578,161.6750030517578,5529460
2022-09-08,143.1152801513672,169.9250030517578,170.4250030517578,164.8249969482422,165.0,17335416
2022-09-09,142.54678344726562,169.25,170.77499389648438,168.02499389648438,170.75,6934262
2022-09-12,144.2733612060547,171.3000030517578,172.5,169.10000610351562,169.25,5406378
2022-09-13,143.62062072753906,170.52499389648438,172.8000030517578,170.02499389648438,171.52499389648438,10351084
2022-09-14,141.5571746826172,168.0749969482422,170.39999389648438,167.6750030517578,167.85000610351562,6863114
2022-09-15,139.556884765625,165.6999969482422,169.5,165.1750030517578,168.375,4993238
2022-09-16,135.30361938476562,160.64999389648438,165.8000030517578,160.0749969482422,165.6999969482422,11937446
2022-09-19,135.1351776123047,160.4499969482422,162.35000610351562,159.52499389648438,161.47500610351562,5473706
2022-09-20,135.97740173339844,161.4499969482422,163.4499969482422,160.9250030517578,161.27499389648438,5591400
2022-09-21,134.77725219726562,160.02499389648438,162.0,159.14999389648438,161.75,4507332
2022-09-22,133.0085906982422,157.9250030517578,159.97500610351562,156.60000610351562,159.5,5353540
2022-09-23,131.36624145507812,155.97500610351562,158.39999389648438,155.5,157.75,5516760
2022-09-26,128.39739990234375,152.4499969482422,157.97500610351562,151.4499969482422,156.0,10934478
2022-09-27,130.81878662109375,155.3249969482422,156.0,152.64999389648438,153.5,6266672
2022-09-28,128.86061096191406,153.0,155.0,152.60000610351562,155.0,4451088
2022-09-29,127.70254516601562,151.625,154.375,151.25,153.77499389648438,6532502
2022-09-30,128.35528564453125,152.39999389648438,154.4499969482422,150.4250030517578,151.8000030517578,11182546
2022-10-03,130.03973388671875,154.39999389648438,155.625,152.39999389648438,153.1750030517578,7084402
2022-10-04,131.15567016601562,155.72500610351562,157.10000610351562,155.125,155.5,4266520
2022-10-06,131.45046997070312,156.0749969482422,157.39999389648438,154.6999969482422,156.52499389648438,6973606
2022-10-07,129.45016479492188,153.6999969482422,155.4499969482422,153.10000610351562,155.10000610351562,6436838
2022-10-10,128.29209899902344,152.3249969482422,153.3000030517578,151.0500030517578,153.0,4731232
2022-10-11,126.22864532470703,149.875,153.10000610351562,149.5749969482422,153.10000610351562,5305338
2022-10-12,127.38670349121094,151.25,154.625,149.6750030517578,150.52499389648438,14791710
2022-10-13,126.46028137207031,150.14999389648438,152.625,149.75,152.02499389648438,6058154
2022-10-14,125.42855072021484,148.9250030517578,152.5,148.5500030517578,151.5,5155460
2022-10-17,124.88108825683594,148.27499389648438,149.6750030517578,145.77499389648438,148.9499969482422,5344642
2022-10-18,124.54420471191406,147.875,149.14999389648438,147.02499389648438,149.02499389648438,6574926
2022-10-19,123.02819061279297,146.0749969482422,149.47500610351562,145.875,148.5749969482422,6029504
2022-10-20,125.11271667480469,148.5500030517578,149.5,144.02499389648438,146.0500030517578,10261122
2022-10-21,125.63911437988281,149.1750030517578,150.3249969482422,148.6750030517578,149.3000030517578,4378164
2022-10-24,126.64974975585938,150.375,150.875,149.77499389648438,150.0,785990
2022-10-25,127.42882537841797,151.3000030517578,152.5,148.6750030517578,150.85000610351562,5684662
2022-10-27,128.6921844482422,152.8000030517578,153.3000030517578,151.27499389648438,151.3000030517578,6769606
2022-10-28,127.72359466552734,151.64999389648438,154.25,151.0500030517578,153.25,4980844
2022-10-31,127.87100219726562,151.8249969482422,153.0,150.6999969482422,152.4250030517578,8168120
2022-11-01,128.165771484375,152.1750030517578,152.89999389648438,151.10000610351562,151.8249969482422,6729148
2022-11-02,128.52374267578125,152.60000610351562,152.9499969482422,151.75,152.25,4907332
2022-11-03,128.48159790039062,152.5500030517578,153.85000610351562,151.75,152.60000610351562,4588148
2022-11-04,126.90243530273438,150.6750030517578,152.77499389648438,149.39999389648438,152.77499389648438,7678230
2022-11-07,130.4397735595703,154.875,155.0749969482422,151.0,151.25,7732442
2022-11-09,129.21856689453125,153.4250030517578,155.9250030517578,152.97500610351562,155.5500030517578,5580594
2022-11-10,128.65005493164062,152.75,153.97500610351562,152.10000610351562,153.0,2795742
2022-11-11,130.08181762695312,154.4499969482422,155.27499389648438,152.72500610351562,153.52499389648438,4580064
2022-11-14,129.55543518066406,153.8249969482422,155.0,153.52499389648438,154.75,2600014
2022-11-15,130.08181762695312,154.4499969482422,154.8000030517578,152.85000610351562,153.89999389648438,4035358
2022-11-16,129.0500946044922,153.22500610351562,154.85000610351562,152.89999389648438,154.4499969482422,2926810
2022-11-17,128.52374267578125,152.60000610351562,153.89999389648438,152.27499389648438,153.5,3816246
2022-11-18,128.06051635742188,152.0500030517578,153.375,151.1999969482422,153.375,4065720
2022-11-21,130.67140197753906,155.14999389648438,155.47500610351562,152.14999389648438,152.8249969482422,7671706
2022-11-22,129.21856689453125,153.4250030517578,155.6750030517578,152.875,155.125,7471030
2022-11-23,130.60821533203125,155.0749969482422,155.375,153.0500030517578,153.0500030517578,5713460
2022-11-24,135.17730712890625,160.5,161.0,155.27499389648438,155.72500610351562,16914922
2022-11-25,136.63015747070312,162.22500610351562,163.125,158.1999969482422,160.5,8593556
2022-11-28,143.49429321289062,170.375,170.9499969482422,163.5,163.5,26418498
2022-11-29,142.7783966064453,169.52499389648438,171.1750030517578,168.10000610351562,170.75,10055668
2022-11-30,143.6627197265625,170.5749969482422,171.875,167.89999389648438,169.52499389648438,10029732
2022-12-01,142.5889129638672,169.3000030517578,171.875,168.52499389648438,171.0,4289334
2022-12-02,143.6416778564453,170.5500030517578,171.6750030517578,169.14999389648438,169.75,5595618
2022-12-05,142.5046844482422,169.1999969482422,170.89999389648438,168.75,170.4499969482422,4976546
2022-12-06,138.35670471191406,164.27499389648438,170.5500030517578,164.0500030517578,169.9499969482422,10051146
2022-12-07,140.79916381835938,167.1750030517578,168.5,165.25,165.375,14328596
2022-12-08,141.3887176513672,167.875,168.64999389648438,166.27499389648438,168.375,5220452
2022-12-09,142.52574157714844,169.22500610351562,170.0,167.4250030517578,170.0,10392346
2022-12-12,146.96847534179688,174.5,174.9250030517578,167.3000030517578,168.97500610351562,13477930
2022-12-13,145.76829528808594,173.0749969482422,174.5,172.5500030517578,174.5,7750970
2022-12-14,146.86322021484375,174.375,175.39999389648438,172.85000610351562,173.35000610351562,9635850
2022-12-15,147.03164672851562,174.5749969482422,175.72500610351562,173.0,174.375,5908812
2022-12-16,143.91539001464844,170.875,175.5,170.39999389648438,174.5749969482422,9481326
2022-12-19,143.7259063720703,170.64999389648438,171.97500610351562,167.85000610351562,171.22500610351562,5444230
2022-12-20,143.28372192382812,170.125,171.0500030517578,167.125,170.8249969482422,5614312
2022-12-21,140.69390869140625,167.0500030517578,171.47500610351562,166.0500030517578,170.5,5170900
2022-12-22,138.08297729492188,163.9499969482422,167.9499969482422,162.35000610351562,167.0,6135896
2022-12-23,136.90386962890625,162.5500030517578,164.4499969482422,161.0749969482422,162.5,5802076
2022-12-26,136.90386962890625,162.5500030517578,164.1999969482422,161.0749969482422,161.5,3377562
2022-12-27,137.28285217285156,163.0,164.14999389648438,161.35000610351562,162.6999969482422,2819074
2022-12-28,136.48277282714844,162.0500030517578,163.3000030517578,161.0749969482422,163.0,9481554
2022-12-29,137.7882080078125,163.60000610351562,164.0,160.0749969482422,162.0500030517578,6195112
2022-12-30,139.17788696289062,165.25,166.5,163.77499389648438,164.0,4199128
2023-01-02,140.588623046875,166.9250030517578,167.35000610351562,163.77499389648438,165.02499389648438,4405586
2023-01-03,141.85195922851562,168.4250030517578,169.0,165.8000030517578,166.9250030517578,5264652
2023-01-04,141.620361328125,168.14999389648438,170.39999389648438,167.0749969482422,169.27499389648438,5848474
2023-01-05,144.16806030273438,171.1750030517578,171.47500610351562,167.8000030517578,168.5,7428290
2023-01-06,145.15768432617188,172.35000610351562,173.27499389648438,170.125,171.0,7364410
2023-01-09,146.02098083496094,173.375,174.6750030517578,172.5500030517578,173.9250030517578,4519436
2023-01-10,146.27365112304688,173.6750030517578,174.5,171.60000610351562,174.0,4762962
2023-01-11,148.44236755371094,176.25,179.0,172.9250030517578,174.4250030517578,14348024
2023-01-12,145.3050537109375,172.52499389648438,176.97500610351562,171.6999969482422,176.97500610351562,5863672
2023-01-13,147.4317169189453,175.0500030517578,175.5749969482422,171.02499389648438,172.6999969482422,5433700
2023-01-16,146.94744873046875,174.47500610351562,176.1999969482422,172.0500030517578,176.0,5698298
2023-01-17,146.71580505371094,174.1999969482422,175.6750030517578,172.72500610351562,175.35000610351562,3477566
2023-01-18,145.7261962890625,173.02499389648438,174.64999389648438,171.4499969482422,174.39999389648438,4099580
2023-01-19,147.24220275878906,174.8249969482422,174.9499969482422,172.0,172.97500610351562,3279112
2023-01-20,145.85252380371094,173.1750030517578,175.5,172.77499389648438,174.60000610351562,3993550
2023-01-23,147.2211456298828,174.8000030517578,175.0,172.97500610351562,173.5,3362750
2023-01-24,146.94744873046875,174.47500610351562,176.22500610351562,173.9250030517578,175.0,4752342
2023-01-25,146.02098083496094,173.375,175.25,172.85000610351562,174.35000610351562,3866394
2023-01-27,141.72561645507812,168.27499389648438,174.77499389648438,165.75,173.4499969482422,5251902
2023-01-30,141.11500549316406,167.5500030517578,169.625,166.14999389648438,168.4499969482422,6395210
2023-01-31,144.5470733642578,171.625,175.75,170.625,171.47500610351562,17988324
2023-02-01,140.94656372070312,167.35000610351562,172.35000610351562,165.0,171.625,8358226
2023-02-02,139.893798828125,166.10000610351562,168.0,164.75,167.25,9029328
2023-02-03,137.57765197753906,163.35000610351562,166.375,161.10000610351562,165.97500610351562,5653818
2023-02-06,140.54649353027344,166.875,167.3249969482422,162.02499389648438,162.02499389648438,6611800
2023-02-07,139.8727264404297,166.0749969482422,168.10000610351562,165.77499389648438,167.0,3480708
2023-02-08,140.7360076904297,167.10000610351562,167.89999389648438,164.52499389648438,165.89999389648438,2499180
2023-02-09,140.52545166015625,166.85000610351562,168.85000610351562,165.6750030517578,166.0500030517578,4275406
2023-02-10,140.6517791748047,167.0,167.89999389648438,165.77499389648438,167.0500030517578,2551682
2023-02-13,141.03079223632812,167.4499969482422,168.85000610351562,166.02499389648438,167.0,3587566
2023-02-14,139.45162963867188,165.5749969482422,167.375,165.25,166.5,2385346
2023-02-15,139.45162963867188,165.5749969482422,166.3249969482422,164.25,165.5749969482422,3529300
2023-02-16,137.1565399169922,162.85000610351562,166.5749969482422,161.89999389648438,165.5749969482422,7507670
2023-02-17,139.6832275390625,165.85000610351562,166.5,162.77499389648438,162.85000610351562,6702378
2023-02-20,137.3460235595703,163.0749969482422,166.72500610351562,162.97500610351562,166.4250030517578,3546252
2023-02-21,136.1248016357422,161.625,164.27499389648438,161.0749969482422,163.47500610351562,2962498
2023-02-22,134.9456787109375,160.22500610351562,161.5,158.10000610351562,161.25,8178548
2023-02-23,134.98780822753906,160.27499389648438,161.8249969482422,159.0,161.0,5490782
2023-02-24,133.72447204589844,158.77499389648438,161.0749969482422,158.3000030517578,160.39999389648438,3794754
2023-02-27,134.9456787109375,160.22500610351562,160.5749969482422,157.3249969482422,159.10000610351562,3962002
2023-02-28,133.64024353027344,158.6750030517578,160.8249969482422,157.02499389648438,158.5749969482422,7852658
2023-03-01,133.02963256835938,157.9499969482422,160.5,157.77499389648438,158.39999389648438,6991434
2023-03-02,135.19834899902344,160.52499389648438,160.9250030517578,157.25,158.35000610351562,6768720
2023-03-03,135.3457489013672,160.6999969482422,161.9499969482422,160.125,161.35000610351562,4226202
2023-03-06,136.67227172851562,162.27499389648438,163.25,160.5749969482422,161.1999969482422,3629924
2023-03-08,137.32496643066406,163.0500030517578,163.72500610351562,161.39999389648438,161.97500610351562,4785062
2023-03-09,136.79859924316406,162.4250030517578,163.4499969482422,161.77499389648438,163.0500030517578,3895532
2023-03-10,137.30392456054688,163.02499389648438,163.9499969482422,160.27499389648438,162.5,3517038
2023-03-13,135.85108947753906,161.3000030517578,163.3000030517578,160.625,163.0,3910894
2023-03-14,137.36709594726562,163.10000610351562,164.4499969482422,160.9250030517578,162.10000610351562,5894652
2023-03-15,139.09365844726562,165.14999389648438,166.6999969482422,163.6750030517578,164.5,5511946
2023-03-16,147.7686004638672,175.4499969482422,176.375,167.0749969482422,167.5,36574630
2023-03-17,147.97914123535156,175.6999969482422,177.47500610351562,172.72500610351562,175.5,23389012
2023-03-20,151.4533233642578,179.8249969482422,180.5,175.25,177.4250030517578,18492346
2023-03-21,150.99009704589844,179.27499389648438,180.8000030517578,177.875,180.10000610351562,10250562
2023-03-22,148.1475830078125,175.89999389648438,179.5,175.375,179.14999389648438,11934054
2023-03-23,146.69476318359375,174.1750030517578,175.8249969482422,173.75,175.0,5146176
2023-03-24,145.45245361328125,172.6999969482422,174.875,172.0,173.9499969482422,5875488
2023-03-27,145.22084045410156,172.4250030517578,173.4499969482422,171.35000610351562,172.0500030517578,4245926
2023-03-28,143.1152801513672,169.9250030517578,171.4499969482422,167.6750030517578,171.0,6854316
2023-03-29,143.1152801513672,169.9250030517578,171.1999969482422,168.14999389648438,170.0,5971840
2023-03-31,144.98924255371094,172.14999389648438,173.1999969482422,170.47500610351562,172.4499969482422,10137510
2023-04-03,138.94625854492188,164.97500610351562,169.0,164.5749969482422,169.0,18864744
2023-04-05,138.14614868164062,164.02499389648438,166.4499969482422,163.5,165.9499969482422,8249158
2023-04-06,139.8095703125,166.0,166.75,164.52499389648438,164.64999389648438,4767830
2023-04-10,141.40977478027344,167.89999389648438,168.39999389648438,165.8000030517578,166.0,4930618
2023-04-11,142.79946899414062,169.5500030517578,169.75,167.5749969482422,168.0749969482422,2729894
2023-04-12,142.0414581298828,168.64999389648438,169.625,167.5500030517578,169.5500030517578,4260174
2023-04-13,139.91482543945312,166.125,169.4499969482422,165.3249969482422,169.4499969482422,8347294
2023-04-17,141.36767578125,167.85000610351562,168.0,165.14999389648438,166.125,2905562
2023-04-18,140.98867797851562,167.39999389648438,169.02499389648438,166.39999389648438,167.85000610351562,5806422
2023-04-19,144.02069091796875,171.0,171.64999389648438,166.85000610351562,167.47500610351562,9852864
2023-04-20,144.736572265625,171.85000610351562,172.5,170.6750030517578,171.97500610351562,4865018
2023-04-21,145.7893524169922,173.10000610351562,174.4499969482422,171.3000030517578,171.89999389648438,6552688
2023-04-24,146.21046447753906,173.60000610351562,173.89999389648438,171.375,173.10000610351562,4245824
2023-04-25,146.3367919921875,173.75,174.27499389648438,172.625,172.625,3084392
2023-04-26,146.96847534179688,174.5,174.75,172.5500030517578,173.39999389648438,2639794
2023-04-27,149.7688751220703,177.8249969482422,178.25,174.4250030517578,175.0,7271052
2023-04-28,150.5900421142578,178.8000030517578,179.14999389648438,176.22500610351562,178.0,6742936
2023-05-02,152.06394958496094,180.5500030517578,182.4499969482422,179.0,179.14999389648438,6425960
2023-05-03,151.93759155273438,180.39999389648438,183.89999389648438,179.9250030517578,181.625,8712958
2023-05-04,155.1170196533203,184.1750030517578,184.5749969482422,180.5749969482422,181.89999389648438,8282286
2023-05-05,153.8957977294922,182.72500610351562,184.8249969482422,182.02499389648438,183.5500030517578,3300230
2023-05-08,154.8433074951172,183.85000610351562,184.35000610351562,181.22500610351562,182.72500610351562,2400728
2023-05-09,154.56956481933594,183.52499389648438,185.0,182.35000610351562,182.9250030517578,4179678
2023-05-10,156.7172088623047,186.0749969482422,186.5,182.6999969482422,184.0,5561956
2023-05-11,156.88568115234375,186.27499389648438,187.4499969482422,185.75,186.5749969482422,3387368
2023-05-12,152.4008331298828,180.9499969482422,185.9499969482422,179.5,185.9499969482422,7791814
2023-05-15,150.33737182617188,178.5,181.9250030517578,178.1750030517578,181.0,4809530
2023-05-16,152.56927490234375,181.14999389648438,183.14999389648438,178.5,179.125,7572742
2023-05-17,153.60101318359375,182.375,184.75,181.97500610351562,183.375,7759756
2023-05-18,151.89549255371094,180.35000610351562,183.0,180.0500030517578,183.0,3426890
2023-05-19,151.72705078125,180.14999389648438,181.25,178.8000030517578,180.0500030517578,2315526
2023-05-22,152.27450561523438,180.8000030517578,181.375,179.27499389648438,180.97500610351562,3206888
2023-05-23,154.3800811767578,183.3000030517578,185.5,182.5,183.5,11943178
2023-05-24,152.99037170410156,181.64999389648438,184.5500030517578,180.9250030517578,183.27499389648438,3750960
2023-05-25,152.99037170410156,181.64999389648438,182.10000610351562,180.1750030517578,181.5,3352570
2023-05-26,153.41151428222656,182.14999389648438,183.5,181.5500030517578,182.5,2185592
2023-05-29,152.3166046142578,180.85000610351562,183.64999389648438,180.5,182.14999389648438,2341038
2023-05-30,151.76914978027344,180.1999969482422,182.0,180.0,181.5,2722688
2023-05-31,153.07460021972656,181.75,183.22500610351562,180.10000610351562,180.1999969482422,23214480
2023-06-01,153.5167694091797,182.27499389648438,184.4499969482422,182.0500030517578,182.64999389648438,3537282
2023-06-02,151.62176513671875,180.02499389648438,183.39999389648438,179.5500030517578,182.3000030517578,6932474
2023-06-05,150.25314331054688,178.39999389648438,181.0,177.5,180.0500030517578,5858136
2023-06-06,149.97943115234375,178.0749969482422,179.5,177.3000030517578,178.52499389648438,4213074
2023-06-07,155.01173400878906,184.0500030517578,184.75,178.375,178.5,12830856
2023-06-08,152.06394958496094,180.5500030517578,183.8000030517578,180.14999389648438,183.8000030517578,7164382
2023-06-09,151.36911010742188,179.72500610351562,182.0,179.39999389648438,180.5500030517578,3085970
2023-06-12,156.50668334960938,185.8249969482422,186.25,180.10000610351562,180.25,9434298
2023-06-13,157.32786560058594,186.8000030517578,188.4499969482422,186.1999969482422,187.25,7974634
2023-06-14,157.30679321289062,186.77499389648438,189.25,185.4499969482422,186.75,6714368
2023-06-15,159.55975341796875,189.4499969482422,190.22500610351562,186.5,187.5500030517578,12210880
2023-06-16,158.6754150390625,188.39999389648438,189.35000610351562,187.1999969482422,188.5,4278588
2023-06-19,157.8121337890625,187.375,189.35000610351562,187.0749969482422,188.5,3034770
2023-06-20,156.84359741210938,186.22500610351562,187.52499389648438,185.75,187.5,2415876
2023-06-21,156.99095153808594,186.39999389648438,187.375,185.6750030517578,186.22500610351562,2680298
2023-06-22,157.24363708496094,186.6999969482422,189.35000610351562,185.5749969482422,185.6999969482422,4024128
2023-06-23,151.43226623535156,179.8000030517578,185.5,179.14999389648438,185.10000610351562,10934896
2023-06-26,150.88482666015625,179.14999389648438,181.4250030517578,177.8249969482422,180.9250030517578,5281280
2023-06-27,151.74810791015625,180.1750030517578,181.85000610351562,179.0,180.5,6784532
2023-06-28,153.87472534179688,182.6999969482422,183.39999389648438,179.60000610351562,180.27499389648438,7166772
2023-06-30,153.57997131347656,182.35000610351562,184.39999389648438,180.625,182.9250030517578,8391660
2023-07-03,158.04373168945312,187.64999389648438,189.97500610351562,181.6999969482422,182.60000610351562,12429962
2023-07-04,158.6122283935547,188.3249969482422,189.1750030517578,186.5749969482422,187.64999389648438,5390328
2023-07-05,162.78128051757812,193.27499389648438,193.5500030517578,187.5,188.3249969482422,12565366
2023-07-06,165.623779296875,196.64999389648438,198.5749969482422,192.5,193.27499389648438,13080534
2023-07-07,164.928955078125,195.8249969482422,198.9499969482422,194.64999389648438,196.5,6527978
2023-07-10,162.63388061523438,193.10000610351562,196.5749969482422,192.0500030517578,196.0,7264538
2023-07-11,164.6130828857422,195.4499969482422,195.875,192.6999969482422,194.0,6249314
2023-07-12,162.63388061523438,193.10000610351562,196.375,192.52499389648438,195.25,3379704
2023-07-13,159.83346557617188,189.77499389648438,193.8249969482422,189.3249969482422,193.35000610351562,4556112
2023-07-14,159.83346557617188,189.77499389648438,190.875,187.8000030517578,190.0,6358916
2023-07-17,160.7599334716797,190.875,191.89999389648438,189.5,190.0,3944706
2023-07-18,159.58082580566406,189.47500610351562,193.85000610351562,189.1999969482422,191.97500610351562,4545860
2023-07-19,161.9390411376953,192.27499389648438,192.75,189.27499389648438,190.0,4894862
2023-07-20,163.37083435058594,193.97500610351562,194.5500030517578,191.625,192.97500610351562,5790108
2023-07-21,164.50782775878906,195.3249969482422,196.5,193.0,193.97500610351562,4677570
2023-07-24,164.0446014404297,194.77499389648438,195.9499969482422,193.8249969482422,195.1999969482422,2997768
2023-07-25,162.71810913085938,193.1999969482422,195.4499969482422,192.14999389648438,193.89999389648438,4256186
2023-07-26,163.0550079345703,193.60000610351562,197.5,191.875,193.9499969482422,12787834
2023-07-27,159.70713806152344,189.625,195.8249969482422,181.5749969482422,195.0,16459384
2023-07-28,157.2646942138672,186.72500610351562,189.89999389648438,186.0500030517578,189.89999389648438,7259444
2023-07-31,158.97019958496094,188.75,189.22500610351562,185.8249969482422,186.85000610351562,10035348
2023-08-01,158.97019958496094,188.75,189.89999389648438,187.125,188.75,9122844
2023-08-02,155.43284606933594,184.5500030517578,189.35000610351562,183.75,188.89999389648438,9528240
2023-08-03,154.96963500976562,184.0,185.875,182.14999389648438,184.72500610351562,6404888
2023-08-04,151.76914978027344,180.1999969482422,185.4250030517578,180.02499389648438,184.0749969482422,6557502
2023-08-07,151.87442016601562,180.3249969482422,181.72500610351562,179.0500030517578,181.5,4002256
2023-08-08,150.6953125,178.9250030517578,181.9250030517578,178.1999969482422,181.25,6307980
2023-08-09,151.74810791015625,180.1750030517578,180.85000610351562,179.02499389648438,180.0,6443716
2023-08-10,152.71665954589844,181.3249969482422,182.5,179.77499389648438,180.9250030517578,8137376
2023-08-11,152.24827575683594,178.77499389648438,180.75,178.4499969482422,179.64999389648438,5578802
2023-08-14,151.8224639892578,178.27499389648438,179.4499969482422,175.64999389648438,179.0,5111068
2023-08-16,152.39730834960938,178.9499969482422,180.75,177.0749969482422,178.375,3864088
2023-08-17,151.99281311035156,178.47500610351562,180.14999389648438,177.1750030517578,179.5,4778606
2023-08-18,150.2682647705078,176.4499969482422,179.1750030517578,176.02499389648438,178.47500610351562,4777304
2023-08-21,149.90634155273438,176.02499389648438,177.4499969482422,175.3249969482422,176.4499969482422,5180764
2023-08-22,147.71340942382812,173.4499969482422,177.35000610351562,173.25,176.0500030517578,8015338
2023-08-23,146.81919860839844,172.39999389648438,174.72500610351562,172.125,174.5749969482422,6414210
2023-08-24,149.56568908691406,175.625,176.4250030517578,173.0749969482422,173.72500610351562,8741756
2023-08-25,149.13987731933594,175.125,177.0749969482422,174.5,175.64999389648438,5113762
2023-08-28,151.29019165039062,177.64999389648438,178.9499969482422,176.14999389648438,177.625,10985570
2023-08-29,151.9289093017578,178.39999389648438,179.3000030517578,177.39999389648438,178.0,6253738
2023-08-30,149.86375427246094,175.97500610351562,177.39999389648438,175.10000610351562,176.60000610351562,9709432
2023-08-31,145.00950622558594,170.27499389648438,176.0,169.5500030517578,175.5,13575650
2023-09-01,146.563720703125,172.10000610351562,172.4499969482422,170.27499389648438,170.52499389648438,9980752
2023-09-04,146.77662658691406,172.35000610351562,174.375,171.39999389648438,172.3249969482422,6898572
2023-09-05,149.1185760498047,175.10000610351562,176.3000030517578,172.625,172.9499969482422,8363178
2023-09-06,150.37469482421875,176.5749969482422,176.9250030517578,174.02499389648438,174.97500610351562,6751054
2023-09-07,150.9921417236328,177.3000030517578,178.125,176.5749969482422,177.0,7249346
2023-09-08,154.12185668945312,180.97500610351562,182.25,177.02499389648438,177.375,10344130
2023-09-11,154.8883056640625,181.875,184.375,180.35000610351562,182.60000610351562,10452850
2023-09-12,148.35211181640625,174.1999969482422,182.75,173.52499389648438,182.5,18168222
2023-09-13,151.41793823242188,177.8000030517578,178.0749969482422,173.60000610351562,175.3000030517578,9713718
2023-09-14,152.75924682617188,179.375,181.125,178.0500030517578,179.0,10116738
2023-09-15,149.9915008544922,176.125,179.27499389648438,175.625,178.97500610351562,12383408
2023-09-18,153.4405517578125,180.1750030517578,180.5500030517578,175.3249969482422,176.125,10007488
2023-09-20,150.11923217773438,176.27499389648438,178.39999389648438,175.60000610351562,177.0,18292152
2023-09-21,151.2689208984375,177.625,179.25,175.89999389648438,176.5,9879542
2023-09-22,149.86375427246094,175.97500610351562,178.75,175.6750030517578,177.75,3982102
2023-09-25,149.8424530029297,175.9499969482422,176.75,174.02499389648438,176.6999969482422,4959752
2023-09-26,149.73599243164062,175.8249969482422,177.4250030517578,175.4499969482422,175.9499969482422,3788360
2023-09-27,148.6075897216797,174.5,176.60000610351562,173.3000030517578,175.8249969482422,5969046
2023-09-28,146.457275390625,171.97500610351562,175.0,171.0,173.52499389648438,9701978
2023-09-29,147.58566284179688,173.3000030517578,174.0749969482422,172.5,172.875,2669870
2023-10-03,145.35015869140625,170.6750030517578,174.60000610351562,170.4250030517578,174.25,10514554
2023-10-04,145.35015869140625,170.6750030517578,172.47500610351562,169.77499389648438,170.6750030517578,6049760
2023-10-05,146.670166015625,172.22500610351562,173.875,171.39999389648438,172.75,7115506
2023-10-06,147.8411407470703,173.60000610351562,174.5,172.0,172.5,3717076
2023-10-09,144.77532958984375,170.0,170.8249969482422,168.0749969482422,170.5,8740080
2023-10-10,144.94564819335938,170.1999969482422,171.3000030517578,169.60000610351562,170.02499389648438,3572978
2023-10-11,145.86114501953125,171.27499389648438,172.64999389648438,170.75,171.10000610351562,4799512
2023-10-12,148.4798583984375,174.35000610351562,175.1750030517578,172.02499389648438,172.4499969482422,7703802
2023-10-13,148.05406188964844,173.85000610351562,175.3000030517578,173.52499389648438,173.5500030517578,3981804
2023-10-16,147.86244201660156,173.625,174.22500610351562,171.0,172.5,3262470
2023-10-17,151.03472900390625,177.35000610351562,178.85000610351562,173.35000610351562,174.4499969482422,10443728
2023-10-18,149.1185760498047,175.10000610351562,178.25,174.4250030517578,177.5,9162228
2023-10-19,150.60890197753906,176.85000610351562,177.27499389648438,174.5749969482422,174.75,5743188
2023-10-20,147.50050354003906,173.1999969482422,176.39999389648438,172.27499389648438,175.3000030517578,4400690
2023-10-23,145.9675750732422,171.39999389648438,173.64999389648438,170.8249969482422,172.77499389648438,7813800
2023-10-25,144.75401306152344,169.97500610351562,173.25,169.25,171.27499389648438,5429774
2023-10-26,142.64627075195312,167.5,169.47500610351562,165.72500610351562,168.8000030517578,7743878
2023-10-27,142.62498474121094,167.47500610351562,169.125,167.0,167.5,2996088
2023-10-30,147.71340942382812,173.4499969482422,174.4499969482422,168.5500030517578,169.0,21873188
2023-10-31,148.7140655517578,174.625,176.97500610351562,172.3249969482422,174.1750030517578,10673186
2023-11-01,151.9714813232422,178.4499969482422,179.375,175.27499389648438,175.27499389648438,13929780
2023-11-02,153.5257110595703,180.27499389648438,181.0,178.625,180.47500610351562,10130432
2023-11-03,153.9302215576172,180.75,181.85000610351562,180.10000610351562,180.5749969482422,5627900
2023-11-06,155.95281982421875,183.125,184.5749969482422,180.6750030517578,181.39999389648438,9072020
2023-11-07,158.7418670654297,186.39999389648438,186.8249969482422,183.10000610351562,183.39999389648438,10702176
2023-11-08,163.5961151123047,192.10000610351562,193.9499969482422,187.02499389648438,187.72500610351562,24020912
2023-11-09,163.3193359375,191.77499389648438,195.3249969482422,191.39999389648438,192.5500030517578,12843896
2023-11-10,163.53224182128906,192.02499389648438,193.0500030517578,190.25,190.89999389648438,4932486
2023-11-13,164.83094787597656,193.5500030517578,194.35000610351562,191.75,191.75,4838906
2023-11-15,167.15159606933594,196.27499389648438,196.6999969482422,193.5749969482422,194.0,11266250
2023-11-16,169.74905395507812,199.3249969482422,200.64999389648438,196.5,197.0,15416172
2023-11-17,166.17225646972656,195.125,203.5500030517578,194.625,200.0,16380696
2023-11-20,166.9174041748047,196.0,196.6999969482422,193.72500610351562,195.3249969482422,4506882
2023-11-21,165.2141876220703,194.0,196.60000610351562,193.3000030517578,196.0,4477214
2023-11-22,171.2180938720703,201.0500030517578,201.39999389648438,195.5500030517578,196.0,25730664
2023-11-23,175.1355438232422,205.64999389648438,206.75,200.3249969482422,201.77499389648438,16239092
2023-11-24,174.8374786376953,205.3000030517578,206.5,203.5,206.5,10975546
2023-11-28,180.7562255859375,212.25,212.9499969482422,206.5500030517578,207.02499389648438,23186856
2023-11-29,182.52334594726562,214.3249969482422,217.22500610351562,209.35000610351562,213.0,25208812
2023-11-30,185.5253143310547,217.85000610351562,219.375,214.52499389648438,217.25,32721308
2023-12-01,186.5046844482422,219.0,221.1999969482422,216.6999969482422,220.0,19278842
2023-12-04,196.5111846923828,230.75,232.39999389648438,222.0,222.5,41482794
2023-12-05,201.0673828125,236.10000610351562,238.22500610351562,232.5,235.02499389648438,38376064
2023-12-06,201.34414672851562,236.4250030517578,241.25,234.14999389648438,240.5,27408826
2023-12-07,202.1318817138672,237.35000610351562,239.5,235.75,238.5,23850564
2023-12-08,200.3221893310547,235.22500610351562,238.72500610351562,232.89999389648438,238.4499969482422,18940478
2023-12-11,198.21441650390625,232.75,237.4250030517578,228.27499389648438,237.4250030517578,27693108
2023-12-12,199.57449340820312,223.77499389648438,225.72500610351562,222.75,222.75,19940320
2023-12-13,199.55221557617188,223.75,227.1750030517578,222.97500610351562,224.75,26664018
2023-12-14,198.7495574951172,222.85000610351562,224.97500610351562,221.02499389648438,224.97500610351562,12555568
2023-12-15,200.2211151123047,224.5,226.72500610351562,221.10000610351562,222.5,22079148
2023-12-18,199.44073486328125,223.625,225.125,222.0500030517578,224.5,16831064
2023-12-19,200.55555725097656,224.875,225.75,222.52499389648438,223.625,12644672
2023-12-20,195.96250915527344,219.72500610351562,227.6750030517578,219.1750030517578,226.6999969482422,17347978
2023-12-21,200.4663543701172,224.77499389648438,225.22500610351562,216.22500610351562,217.4499969482422,18554414
2023-12-22,199.1731719970703,223.3249969482422,226.6750030517578,222.52499389648438,224.85000610351562,11559264
2023-12-26,201.38052368164062,225.8000030517578,228.25,222.25,224.0,22976450
2023-12-27,202.76290893554688,227.35000610351562,228.1999969482422,224.14999389648438,226.97500610351562,12398088
2023-12-28,207.71266174316406,232.89999389648438,235.4250030517578,227.375,228.0,45183336
2023-12-29,200.95687866210938,225.3249969482422,229.0,224.3249969482422,227.25,17088440
2024-01-01,201.5811767578125,226.02499389648438,229.6999969482422,225.35000610351562,229.6999969482422,7006288
2024-01-02,203.4541015625,228.125,229.6999969482422,224.0500030517578,226.02499389648438,9458818
2024-01-03,205.59451293945312,230.52499389648438,232.64999389648438,227.52499389648438,229.97500610351562,15058884
2024-01-04,201.84873962402344,226.3249969482422,228.75,225.5,228.39999389648438,17904916
2024-01-05,202.04942321777344,226.5500030517578,229.8249969482422,225.625,227.9499969482422,8080468
2024-01-08,202.89666748046875,227.5,232.14999389648438,225.72500610351562,228.47500610351562,18232610
2024-01-09,205.10400390625,229.97500610351562,231.875,227.8249969482422,230.0,12301290
2024-01-10,201.22445678710938,225.625,228.0749969482422,222.5500030517578,227.60000610351562,15261992
2024-01-11,204.54661560058594,229.35000610351562,230.60000610351562,226.60000610351562,226.9499969482422,15751252
2024-01-12,204.345947265625,229.125,230.5500030517578,227.5500030517578,229.5,11990812
2024-01-15,205.10400390625,229.97500610351562,231.75,227.8249969482422,230.0,10408382
2024-01-16,210.85647583007812,236.4250030517578,239.89999389648438,230.25,230.5,42369500
2024-01-17,210.32135009765625,235.8249969482422,238.5749969482422,233.0749969482422,236.0,22429284
2024-01-18,211.01255798339844,236.60000610351562,240.4499969482422,230.5,233.5,19802302
2024-01-19,214.4684600830078,240.47500610351562,242.5,237.02499389648438,238.0,12973856
2024-01-23,206.4863739013672,231.52499389648438,244.25,230.0500030517578,244.25,18419550
2024-01-24,212.77394104003906,238.5749969482422,239.25,231.64999389648438,232.5,15161312
2024-01-25,211.5476531982422,237.1999969482422,244.1750030517578,235.5,238.60000610351562,21346674
2024-01-29,219.6858367919922,246.3249969482422,250.6999969482422,234.6999969482422,237.0,27869484
2024-01-30,224.83627319335938,252.10000610351562,258.92498779296875,246.5749969482422,248.4250030517578,44271876
2024-01-31,224.0113067626953,251.1750030517578,256.2749938964844,249.27499389648438,252.97500610351562,20707736
2024-02-01,226.73146057128906,254.22500610351562,257.6499938964844,249.5500030517578,252.27499389648438,14008198
2024-02-02,248.98316955566406,279.17498779296875,286.20001220703125,258.0,258.67498779296875,77556082
2024-02-05,256.29638671875,287.375,294.3999938964844,278.5249938964844,283.0,45025890
2024-02-06,271.7031555175781,304.6499938964844,307.3500061035156,285.3500061035156,289.9750061035156,45260656
2024-02-07,268.4701843261719,301.0249938964844,310.0,299.6499938964844,308.3999938964844,28791718
2024-02-08,276.697509765625,310.25,317.67498779296875,303.20001220703125,304.0,37522588
2024-02-09,273.93280029296875,307.1499938964844,311.8500061035156,296.1499938964844,311.5,29524266
2024-02-12,263.2974548339844,295.2250061035156,309.29998779296875,291.875,307.3999938964844,17042236
2024-02-13,260.55499267578125,292.1499938964844,298.2749938964844,290.17498779296875,295.9750061035156,12659942
2024-02-14,278.10223388671875,311.82501220703125,314.67498779296875,291.0,291.0,47987362
2024-02-15,291.07867431640625,326.375,328.4750061035156,311.54998779296875,315.0,51245018
2024-02-16,291.90362548828125,327.29998779296875,343.9750061035156,325.95001220703125,333.0,55744810
2024-02-19,290.989501953125,326.2749938964844,333.3500061035156,325.42498779296875,329.95001220703125,24997270
2024-02-20,293.24139404296875,328.79998779296875,332.0,318.625,326.2749938964844,20913510
2024-02-21,282.36083984375,316.6000061035156,333.92498779296875,315.0,331.79998779296875,17722264
2024-02-22,279.1055908203125,312.95001220703125,315.42498779296875,305.42498779296875,314.5,27653580
2024-02-23,275.5604248046875,308.9750061035156,314.75,307.625,311.0249938964844,12564690
2024-02-26,279.6629638671875,313.57501220703125,316.79998779296875,302.04998779296875,308.5,23264196
2024-02-27,278.7265319824219,312.5249938964844,316.3500061035156,308.1499938964844,313.54998779296875,14881202
2024-02-28,271.7031555175781,304.6499938964844,312.7749938964844,303.04998779296875,312.42498779296875,12645922
2024-02-29,269.2728576660156,301.92498779296875,305.8999938964844,297.2250061035156,304.5,20515464
2024-03-01,277.9461364746094,311.6499938964844,313.625,304.5,305.5,15763236
2024-03-04,285.59381103515625,320.2250061035156,321.625,310.42498779296875,312.6000061035156,14804172
2024-03-05,287.6673278808594,322.54998779296875,324.75,316.04998779296875,320.5249938964844,12317936
2024-03-06,284.6573181152344,319.17498779296875,326.5,312.625,321.5,18258188
2024-03-07,278.5704650878906,312.3500061035156,320.57501220703125,311.0,318.5,11968574
2024-03-11,279.3285217285156,313.20001220703125,319.3500061035156,306.0249938964844,308.5,15353008
2024-03-12,278.9048767089844,312.7250061035156,317.67498779296875,308.32501220703125,313.5,14074364
2024-03-13,266.5527038574219,298.875,314.0,297.1000061035156,314.0,14910184
2024-03-14,271.4578552246094,304.375,307.0,296.20001220703125,298.875,19372474
2024-03-15,261.51373291015625,293.2250061035156,300.0,279.5,294.125,57039318
2024-03-18,259.6631164550781,291.1499938964844,296.3999938964844,290.1499938964844,293.2250061035156,10980494
2024-03-19,248.693359375,278.8500061035156,290.42498779296875,278.20001220703125,290.0,21665634
2024-03-20,252.6843719482422,283.32501220703125,286.20001220703125,280.1499938964844,280.5,17528566
2024-03-21,262.11572265625,293.8999938964844,294.8500061035156,286.2749938964844,287.0,16625332
2024-03-22,264.34539794921875,296.3999938964844,302.2250061035156,292.2749938964844,294.5,21445540
2024-03-26,267.4891357421875,299.92498779296875,301.8999938964844,292.67498779296875,293.20001220703125,13567050
2024-03-27,265.4156188964844,297.6000061035156,305.875,296.6499938964844,302.5,10893576
2024-03-28,268.62628173828125,301.20001220703125,305.625,298.79998779296875,300.45001220703125,12168632
2024-04-01,267.86822509765625,300.3500061035156,304.4750061035156,299.07501220703125,301.5,6260114
2024-04-02,274.6016845703125,307.8999938964844,310.1499938964844,300.0,302.5,18944588
2024-04-03,272.4389343261719,305.4750061035156,309.67498779296875,304.3999938964844,306.5,12456516
2024-04-04,266.8871765136719,299.25,308.04998779296875,297.7250061035156,307.0,15187270
2024-04-05,263.2974548339844,295.2250061035156,297.1499938964844,290.125,296.7749938964844,17546990
2024-04-08,263.96636962890625,295.9750061035156,301.79998779296875,295.29998779296875,297.9750061035156,11628512
2024-04-09,261.20159912109375,292.875,298.6000061035156,291.75,298.6000061035156,9089852
2024-04-10,269.6742248535156,302.375,304.3500061035156,292.5,294.6499938964844,22286674
2024-04-12,268.0911560058594,300.6000061035156,306.42498779296875,299.5,302.375,13419366
2024-04-15,262.8961486816406,294.7749938964844,299.8999938964844,287.20001220703125,295.1000061035156,16619074
2024-04-16,264.1224060058594,296.1499938964844,300.0,289.2749938964844,292.5,11546770
2024-04-18,262.91839599609375,294.79998779296875,308.79998779296875,292.7749938964844,302.25,25834400
2024-04-19,261.2238464355469,292.8999938964844,294.95001220703125,282.1000061035156,289.0,20996084
2024-04-22,269.0945129394531,301.7250061035156,304.3999938964844,296.5,297.42498779296875,17525618
2024-04-23,264.4345703125,296.5,304.75,295.875,304.1499938964844,11440602
2024-04-24,264.59063720703125,296.67498779296875,299.42498779296875,296.0,299.0,9778936
2024-04-25,269.0722351074219,301.70001220703125,302.8999938964844,294.0249938964844,296.67498779296875,14346756
2024-04-26,271.7700500488281,304.7250061035156,307.3500061035156,299.54998779296875,301.1499938964844,9905056
2024-04-29,275.9394836425781,309.3999938964844,312.25,303.6000061035156,307.4750061035156,15908852
2024-04-30,270.8335876464844,303.67498779296875,312.2749938964844,301.70001220703125,312.0,12520696
2024-05-02,283.0074157714844,317.32501220703125,318.5249938964844,307.25,309.0,31766132
2024-05-03,280.8669738769531,314.92498779296875,320.8500061035156,312.54998779296875,320.0,8997336
2024-05-06,272.12677001953125,305.125,317.6000061035156,303.07501220703125,317.5,9472036
2024-05-07,269.4735412597656,302.1499938964844,314.2250061035156,301.0,311.25,19902238
2024-05-08,276.60833740234375,310.1499938964844,312.1499938964844,301.7250061035156,304.0,13939168
2024-05-09,264.0555114746094,296.07501220703125,312.5,295.0249938964844,312.5,19938848
2024-05-10,275.87261962890625,309.32501220703125,310.9750061035156,300.7749938964844,307.5,44164342
2024-05-13,270.6329345703125,303.45001220703125,312.4750061035156,295.8999938964844,312.4750061035156,22898652
2024-05-14,270.2093200683594,302.9750061035156,308.8500061035156,301.07501220703125,306.20001220703125,12813314
2024-05-15,278.7265319824219,312.5249938964844,314.0,303.5249938964844,304.5,18835012
2024-05-16,275.91717529296875,309.375,316.67498779296875,305.5249938964844,316.0,26886936
2024-05-17,280.17578125,314.1499938964844,314.75,309.17498779296875,309.8500061035156,10203386
2024-05-21,287.17681884765625,322.0,324.5,312.5,315.0,21247760
2024-05-22,285.6161193847656,320.25,325.3500061035156,315.5249938964844,324.95001220703125,14673810
2024-05-23,288.71527099609375,323.7250061035156,327.04998779296875,320.29998779296875,322.5,14982550
2024-05-24,291.6806945800781,327.04998779296875,331.67498779296875,320.79998779296875,323.5,16208524
2024-05-27,292.55023193359375,328.0249938964844,330.875,323.25,328.3999938964844,12493582
2024-05-28,288.2916259765625,323.25,329.5,321.29998779296875,328.9750061035156,8950082
2024-05-29,282.5168762207031,316.7749938964844,321.4750061035156,316.20001220703125,320.0,10753416
2024-05-30,279.0386657714844,312.875,318.3999938964844,311.75,317.0249938964844,9645688
2024-05-31,279.95281982421875,313.8999938964844,317.20001220703125,308.79998779296875,315.0,18484104
2024-06-03,297.05413818359375,333.07501220703125,343.5,325.8500061035156,332.5,33828234
2024-06-04,258.7266845703125,290.1000061035156,335.0,283.3500061035156,335.0,45748526
2024-06-05,259.1280212402344,290.54998779296875,301.0249938964844,267.1000061035156,301.0249938964844,47388174
2024-06-06,260.4881286621094,292.07501220703125,303.7250061035156,290.125,295.5249938964844,37934232
2024-06-07,267.46685791015625,299.8999938964844,301.0,290.6000061035156,292.5,21620630
2024-06-10,268.7154541015625,301.29998779296875,304.92498779296875,300.125,302.6499938964844,14828594
2024-06-11,270.7667236328125,303.6000061035156,306.3500061035156,296.79998779296875,303.1499938964844,27027544
2024-06-12,273.5091552734375,306.67498779296875,311.92498779296875,306.2250061035156,310.75,23479388
2024-06-13,276.1846923828125,309.67498779296875,310.75,306.75,309.5,12050324
2024-06-14,279.44000244140625,313.32501220703125,314.6499938964844,309.125,311.1499938964844,14628644
2024-06-18,281.335205078125,315.45001220703125,317.5,313.20001220703125,317.5,15884950
2024-06-19,274.6016845703125,307.8999938964844,317.1000061035156,307.5,317.1000061035156,19648006
2024-06-20,279.26165771484375,313.125,314.3999938964844,306.3999938964844,310.0,18076646
2024-06-21,274.3341369628906,307.6000061035156,319.0,305.1000061035156,318.0,30004484
2024-06-24,272.2382507324219,305.25,309.70001220703125,303.29998779296875,309.70001220703125,7557297
2024-06-25,264.2561950683594,296.29998779296875,306.45001220703125,294.79998779296875,305.25,15630568
2024-06-26,266.12908935546875,298.3999938964844,300.8500061035156,296.25,298.0,7973173
2024-06-27,271.88153076171875,304.8500061035156,307.0,296.04998779296875,298.79998779296875,12487595
2024-06-28,271.078857421875,303.95001220703125,306.6000061035156,301.54998779296875,305.8500061035156,9077880
2024-07-01,271.6139221191406,304.54998779296875,306.8500061035156,303.29998779296875,305.70001220703125,4793023
2024-07-02,271.4801940917969,304.3999938964844,308.25,302.20001220703125,304.0,5553786
2024-07-03,273.4422912597656,306.6000061035156,307.45001220703125,303.0,305.5,4355165
2024-07-04,270.23162841796875,303.0,308.5,301.95001220703125,306.6000061035156,6607472
2024-07-05,273.4868469238281,306.6499938964844,307.20001220703125,302.0,303.0,7684768
2024-07-08,267.1101379394531,299.5,307.95001220703125,298.79998779296875,304.6000061035156,11488688
2024-07-09,267.73443603515625,300.20001220703125,302.1499938964844,296.3999938964844,301.25,18094862
2024-07-10,267.86822509765625,300.3500061035156,301.79998779296875,293.3999938964844,300.79998779296875,12134270
2024-07-11,273.4422912597656,306.6000061035156,308.0,299.6000061035156,302.0,19246022
2024-07-12,271.6139221191406,304.54998779296875,310.95001220703125,303.75,309.70001220703125,10426157
2024-07-15,274.4678955078125,307.75,309.0,304.1499938964844,306.0,8687357
2024-07-16,281.7811279296875,315.95001220703125,319.25,308.0,308.0,28132502
2024-07-18,283.7431945800781,318.1499938964844,319.0,312.70001220703125,318.5,19588548
2024-07-19,270.945068359375,303.79998779296875,318.1499938964844,301.79998779296875,318.1499938964844,19823046
2024-07-22,274.913818359375,308.25,317.1499938964844,300.1000061035156,304.54998779296875,27102699
2024-07-23,272.90716552734375,306.0,312.29998779296875,296.1000061035156,311.45001220703125,24287234
2024-07-24,280.8892822265625,314.95001220703125,315.8500061035156,304.8500061035156,306.3999938964844,16934157
2024-07-25,290.87799072265625,326.1499938964844,327.1499938964844,310.79998779296875,312.95001220703125,30554549
2024-07-26,293.24139404296875,328.79998779296875,329.3999938964844,323.3999938964844,327.95001220703125,21839106
2024-07-29,301.3572998046875,337.8999938964844,338.95001220703125,331.04998779296875,333.3999938964844,20234464
2024-07-30,310.54339599609375,348.20001220703125,359.04998779296875,337.29998779296875,338.54998779296875,45785745
2024-07-31,312.1933288574219,350.04998779296875,354.1000061035156,346.1499938964844,352.0,17224023
2024-08-01,311.3460693359375,349.1000061035156,351.8999938964844,344.6000061035156,351.0,16959971
2024-08-02,309.5623779296875,347.1000061035156,350.95001220703125,340.04998779296875,346.8999938964844,15120989
2024-08-05,304.746337890625,341.70001220703125,346.95001220703125,334.3999938964844,342.0,23868328
2024-08-06,298.50341796875,334.70001220703125,349.6499938964844,333.3999938964844,343.0,13702018
2024-08-07,306.48541259765625,343.6499938964844,347.75,337.3999938964844,341.20001220703125,14250381
2024-08-08,301.7140197753906,338.29998779296875,343.95001220703125,332.79998779296875,343.95001220703125,15378854
2024-08-09,306.8683776855469,333.3999938964844,336.70001220703125,329.79998779296875,333.1499938964844,11351617
2024-08-12,306.8683776855469,333.3999938964844,336.79998779296875,330.20001220703125,331.79998779296875,12253716
2024-08-13,296.0994873046875,321.70001220703125,332.75,321.0,331.95001220703125,9757429
2024-08-14,299.182861328125,325.04998779296875,327.45001220703125,320.6499938964844,321.70001220703125,8457477
2024-08-16,306.0400085449219,332.5,333.79998779296875,326.04998779296875,326.04998779296875,8214443
2024-08-19,316.4407958984375,343.79998779296875,345.54998779296875,336.3500061035156,337.79998779296875,17875728
2024-08-20,321.5951232910156,349.3999938964844,354.1000061035156,347.3999938964844,348.95001220703125,22888866
2024-08-21,323.25189208984375,351.20001220703125,355.6000061035156,348.1499938964844,349.3500061035156,14795459
2024-08-22,322.23944091796875,350.1000061035156,355.1000061035156,348.54998779296875,354.6000061035156,10244576
2024-08-23,324.17236328125,352.20001220703125,358.0,349.54998779296875,349.79998779296875,15872017
2024-08-26,323.20587158203125,351.1499938964844,355.8999938964844,349.0,355.45001220703125,6672007
2024-08-27,321.27301025390625,349.04998779296875,350.75,343.5,348.0,9683173
2024-08-28,320.4446105957031,348.1499938964844,355.75,346.6499938964844,348.5,7295981
2024-08-29,328.0841064453125,356.45001220703125,357.54998779296875,347.1499938964844,349.79998779296875,13054801
2024-08-30,329.1885986328125,357.6499938964844,365.5,354.75,359.95001220703125,20312502
2024-09-02,329.9249572753906,358.45001220703125,367.20001220703125,357.5,361.0,14344785
2024-09-03,327.11767578125,355.3999938964844,359.70001220703125,353.5,359.5,9289259
2024-09-04,328.8204650878906,357.25,363.95001220703125,354.6499938964844,355.3999938964844,19416507
2024-09-05,331.99591064453125,360.70001220703125,364.3500061035156,355.75,359.5,15927510
2024-09-06,324.1263122558594,352.1499938964844,365.25,351.04998779296875,362.3500061035156,19044553
2024-09-09,320.1224670410156,347.79998779296875,353.54998779296875,347.1000061035156,352.1000061035156,9200270
2024-09-10,318.4197082519531,345.95001220703125,351.5,344.6499938964844,349.0,8137710
2024-09-11,313.17327880859375,340.25,352.79998779296875,338.54998779296875,349.95001220703125,12194591
2024-09-12,316.9009704589844,344.29998779296875,346.20001220703125,340.3999938964844,343.45001220703125,15970391
2024-09-13,315.06011962890625,342.29998779296875,349.75,341.6499938964844,346.0,11006109
2024-09-16,313.5414733886719,340.6499938964844,344.8999938964844,340.0,344.8999938964844,4850244
2024-09-17,311.470458984375,338.3999938964844,340.8500061035156,335.04998779296875,339.95001220703125,7237522
2024-09-18,309.35357666015625,336.1000061035156,339.8999938964844,334.45001220703125,339.0,4111826
2024-09-19,298.6306457519531,324.45001220703125,337.95001220703125,322.95001220703125,337.95001220703125,12549677
2024-09-20,304.8434753417969,331.20001220703125,333.1000061035156,324.45001220703125,326.45001220703125,14642546
2024-09-23,311.19439697265625,338.1000061035156,339.5,331.29998779296875,333.0,6110287
2024-09-24,312.16082763671875,339.1499938964844,343.20001220703125,336.70001220703125,338.54998779296875,7068491
2024-09-25,312.7591247558594,339.79998779296875,341.79998779296875,335.1499938964844,341.0,6087353
2024-09-26,317.6373291015625,345.1000061035156,346.95001220703125,335.1499938964844,340.0,9517367
2024-09-27,338.0706481933594,367.29998779296875,370.5,346.3500061035156,347.0,40756678
2024-09-30,340.50982666015625,369.95001220703125,376.0,360.1499938964844,367.1499938964844,23860696
2024-10-01,338.945068359375,368.25,373.3500061035156,364.1499938964844,370.0,9440793
2024-10-03,321.0889587402344,348.8500061035156,361.6000061035156,347.0,353.75,20754875
2024-10-04,313.17327880859375,340.25,347.95001220703125,334.3500061035156,342.5,18185208
2024-10-07,308.3410949707031,335.0,343.29998779296875,332.79998779296875,342.0,7847806
2024-10-08,311.1023254394531,338.0,339.45001220703125,328.25,331.5,9565667
2024-10-09,311.88470458984375,338.8500061035156,350.0,337.75,345.0,13523561
2024-10-10,308.7552795410156,335.45001220703125,343.29998779296875,334.54998779296875,342.0,5706365
2024-10-11,310.7801818847656,337.6499938964844,339.3999938964844,334.0,335.45001220703125,4046559
2024-10-14,313.63348388671875,340.75,344.6000061035156,337.25,340.0,7967181
2024-10-15,320.9968566894531,348.75,351.5,343.8999938964844,344.20001220703125,17183945
2024-10-16,322.83770751953125,350.75,355.8999938964844,348.04998779296875,352.0,17073700
2024-10-17,315.4283142089844,342.70001220703125,350.6000061035156,341.8500061035156,349.1499938964844,11023063
2024-10-18,315.2442321777344,342.5,343.8999938964844,334.29998779296875,342.70001220703125,7328694
2024-10-21,305.2576599121094,331.6499938964844,345.5,330.20001220703125,342.54998779296875,8609636
2024-10-22,297.2039794921875,322.8999938964844,332.54998779296875,322.0,332.0,6372285
2024-10-23,297.3420104980469,323.04998779296875,325.8500061035156,316.54998779296875,322.0,6639274
2024-10-24,295.869384765625,321.45001220703125,325.3999938964844,320.0,323.0,5706821
2024-10-25,281.9249572753906,306.29998779296875,323.6000061035156,303.1000061035156,323.45001220703125,11583887
2024-10-28,285.69873046875,310.3999938964844,315.5,305.29998779296875,307.29998779296875,13299872
2024-10-29,286.6651611328125,311.45001220703125,312.95001220703125,302.25,312.0,8437903
2024-10-30,286.527099609375,311.29998779296875,314.8999938964844,307.3500061035156,309.0,6248318
2024-10-31,286.0208740234375,310.75,316.20001220703125,307.79998779296875,310.5,11375689
2024-11-01,288.091796875,313.0,313.8500061035156,311.79998779296875,311.95001220703125,710149
2024-11-04,279.30181884765625,303.45001220703125,313.5,298.1000061035156,313.0,14063318
2024-11-05,283.4436950683594,307.95001220703125,309.04998779296875,300.20001220703125,301.0,9542018
2024-11-06,291.77349853515625,317.0,319.0,307.25,311.79998779296875,10787602
2024-11-07,289.9326477050781,315.0,317.70001220703125,311.1000061035156,316.3500061035156,7387875
2024-11-08,285.7447509765625,310.45001220703125,315.1000061035156,306.79998779296875,315.0,9304376
2024-11-11,287.6776123046875,312.54998779296875,314.0,304.04998779296875,308.0,5277147
2024-11-12,285.1464538574219,309.79998779296875,318.54998779296875,309.04998779296875,314.1000061035156,7192998
2024-11-13,281.51080322265625,305.8500061035156,309.0,302.0,307.95001220703125,7306795
2024-11-14,274.4695739746094,298.20001220703125,306.0,296.3999938964844,305.79998779296875,11061057
2024-11-18,266.185791015625,289.20001220703125,299.6499938964844,288.29998779296875,298.1499938964844,7940666
2024-11-19,264.62109375,287.5,297.8999938964844,286.5,292.6499938964844,9912544
2024-11-21,259.92694091796875,282.3999938964844,287.45001220703125,279.3500061035156,287.45001220703125,8273120
2024-11-22,263.10235595703125,285.8500061035156,287.0,281.04998779296875,282.6000061035156,6539977
2024-11-25,272.9508972167969,296.54998779296875,304.3999938964844,292.0,292.04998779296875,16903527
2024-11-26,270.46575927734375,293.8500061035156,301.0,293.3500061035156,297.95001220703125,5160007
2024-11-27,270.0976257324219,293.45001220703125,297.0,291.04998779296875,296.95001220703125,5995425
2024-11-28,267.7965087890625,290.95001220703125,298.75,289.5,294.45001220703125,13130411
2024-11-29,268.85504150390625,292.1000061035156,294.25,289.3999938964844,292.3999938964844,8125467
2024-12-02,270.74188232421875,294.1499938964844,295.8999938964844,290.5,292.6499938964844,5193026
2024-12-03,270.8338928222656,294.25,297.79998779296875,292.04998779296875,297.5,9198285
2024-12-04,270.2816467285156,293.6499938964844,299.54998779296875,292.8500061035156,294.20001220703125,9840659
2024-12-05,273.36505126953125,297.0,298.25,291.29998779296875,295.1000061035156,9287638
2024-12-06,276.448486328125,300.3500061035156,303.8999938964844,296.3999938964844,297.8999938964844,9586531
2024-12-09,279.30181884765625,303.45001220703125,304.20001220703125,299.1000061035156,300.95001220703125,11637358
2024-12-10,279.3478088378906,303.5,306.70001220703125,300.8500061035156,302.29998779296875,8649367
2024-12-11,282.9834899902344,307.45001220703125,308.95001220703125,302.1000061035156,303.45001220703125,10867782
2024-12-12,278.1052551269531,302.1499938964844,307.45001220703125,301.29998779296875,307.04998779296875,7454904
2024-12-13,277.6910705566406,301.70001220703125,305.1499938964844,296.0,302.0,7726611
2024-12-16,274.239501953125,297.95001220703125,301.70001220703125,295.79998779296875,300.95001220703125,8696443
2024-12-17,269.6833801269531,293.0,299.8500061035156,292.1000061035156,299.8500061035156,8415828
2024-12-18,265.357421875,288.29998779296875,293.0,287.6499938964844,291.75,6535229
2024-12-19,271.1100158691406,294.54998779296875,295.8500061035156,282.04998779296875,282.04998779296875,11822064
2024-12-20,266.0477294921875,289.04998779296875,299.20001220703125,287.0,293.54998779296875,9979749
2024-12-23,266.09375,289.1000061035156,294.8999938964844,288.0,292.0,6819725
2024-12-24,268.7629699707031,292.0,295.45001220703125,287.3500061035156,289.95001220703125,7937629
2024-12-26,272.07647705078125,295.6000061035156,299.29998779296875,292.54998779296875,294.8500061035156,11310555
2024-12-27,270.1895751953125,293.54998779296875,297.3999938964844,292.5,295.04998779296875,3708404
2024-12-30,269.9595031738281,293.29998779296875,295.25,289.75,293.54998779296875,8236910
2024-12-31,269.17718505859375,292.45001220703125,294.3999938964844,290.79998779296875,291.45001220703125,4161509
2025-01-01,271.8003234863281,295.29998779296875,295.8999938964844,290.29998779296875,292.29998779296875,3545200
2025-01-02,273.27301025390625,296.8999938964844,297.70001220703125,291.79998779296875,295.29998779296875,6846413
2025-01-03,272.8128356933594,296.3999938964844,299.1499938964844,294.3500061035156,296.0,4806469
2025-01-06,262.18194580078125,284.8500061035156,297.25,284.1000061035156,296.3999938964844,7361716
2025-01-07,260.2950744628906,282.79998779296875,290.5,280.70001220703125,287.1000061035156,8306436
2025-01-08,263.9767761230469,286.79998779296875,287.8999938964844,280.5,282.79998779296875,6037032
2025-01-09,257.7179260253906,280.0,287.8500061035156,279.04998779296875,287.0,6215902
2025-01-10,255.55491638183594,277.6499938964844,283.5,275.6000061035156,280.5,9073218
2025-01-13,244.18771362304688,265.29998779296875,274.70001220703125,264.25,271.25,10488655
2025-01-14,248.6977996826172,270.20001220703125,271.5,266.0,267.1000061035156,6710730
2025-01-15,245.75242614746094,267.0,275.8999938964844,265.25,273.8999938964844,13448052
2025-01-16,245.660400390625,266.8999938964844,268.95001220703125,263.5,267.3500061035156,13754046
2025-01-17,251.82723999023438,273.6000061035156,275.20001220703125,267.25,268.79998779296875,9300647
2025-01-20,255.23275756835938,277.29998779296875,278.3999938964844,268.79998779296875,275.0,9623368
2025-01-21,257.9020080566406,280.20001220703125,287.0,278.1499938964844,278.54998779296875,15304149
2025-01-22,255.50888061523438,277.6000061035156,283.54998779296875,274.04998779296875,282.0,6301894
2025-01-23,249.6642303466797,271.25,285.0,270.29998779296875,283.0,18806324
2025-01-24,242.8070831298828,263.79998779296875,279.3999938964844,263.0,274.0,18480516
2025-01-27,240.50601196289062,261.29998779296875,263.70001220703125,258.3500061035156,263.70001220703125,10083126
2025-01-28,237.51466369628906,258.04998779296875,263.8999938964844,254.3000030517578,262.25,13321189
2025-01-29,241.22218322753906,257.0,257.95001220703125,251.5,256.95001220703125,9435973
2025-01-30,241.3629608154297,257.1499938964844,260.8999938964844,256.5,259.8999938964844,9410974
2025-01-31,245.07046508789062,261.1000061035156,262.0,254.25,257.8999938964844,8790578
2025-02-01,239.95504760742188,255.64999389648438,262.04998779296875,248.0,261.75,11464565
2025-02-03,234.22955322265625,249.5500030517578,251.8000030517578,242.1999969482422,250.9499969482422,21517136
2025-02-04,240.23663330078125,255.9499969482422,256.6499938964844,250.1999969482422,250.64999389648438,7000612
2025-02-05,245.2112579345703,261.25,265.6499938964844,260.25,260.25,10088345
2025-02-06,246.43142700195312,262.54998779296875,267.20001220703125,261.6499938964844,263.0,14058587
2025-02-07,248.07398986816406,264.29998779296875,264.8999938964844,260.04998779296875,262.1000061035156,6557480
2025-02-10,243.9441375732422,259.8999938964844,265.79998779296875,257.5,264.54998779296875,8052376
2025-02-11,239.48573303222656,255.14999389648438,259.75,253.75,259.5,6819100
2025-02-12,239.9081268310547,255.60000610351562,256.79998779296875,249.0500030517578,255.14999389648438,6568833
2025-02-13,240.0489044189453,255.75,260.1000061035156,255.0,256.20001220703125,5514711
2025-02-14,235.5905303955078,251.0,258.6000061035156,247.4499969482422,256.3999938964844,5205573
2025-02-17,236.8107147216797,252.3000030517578,253.5500030517578,246.35000610351562,251.0,5899597
2025-02-18,237.2330780029297,252.75,253.5500030517578,246.85000610351562,252.25,5534272
2025-02-19,239.9081268310547,255.60000610351562,256.45001220703125,249.5500030517578,251.0,6887175
2025-02-20,242.7239532470703,258.6000061035156,259.6499938964844,253.1999969482422,254.0,8155780
2025-02-21,235.87210083007812,251.3000030517578,259.3999938964844,250.64999389648438,258.0,9845416
2025-02-24,235.5905303955078,251.0,253.5,248.75,251.25,6773845
2025-02-25,233.19708251953125,248.4499969482422,252.89999389648438,247.6999969482422,251.89999389648438,4172676
2025-02-27,229.72422790527344,244.75,249.39999389648438,242.10000610351562,248.4499969482422,7376510
2025-02-28,222.7316131591797,237.3000030517578,244.0500030517578,236.14999389648438,244.0500030517578,14066882
2025-03-03,227.52789306640625,242.41000366210938,243.63999938964844,234.00999450683594,239.0,6864635
2025-03-04,234.57684326171875,249.9199981689453,250.94000244140625,236.10000610351562,241.0,7201075
2025-03-05,240.13339233398438,255.83999633789062,256.92999267578125,249.89999389648438,249.89999389648438,7802519
2025-03-06,248.76858520507812,265.0400085449219,265.95001220703125,259.0,260.0,12828381
2025-03-07,245.2206573486328,261.260009765625,265.7900085449219,260.0,264.9599914550781,7057204
2025-03-10,241.15646362304688,256.92999267578125,265.9599914550781,256.05999755859375,261.260009765625,8487911
2025-03-11,248.33682250976562,264.5799865722656,264.9700012207031,254.35000610351562,255.99000549316406,12306539
2025-03-12,249.96998596191406,266.32000732421875,272.0,263.3999938964844,266.5,10648004
2025-03-13,248.17727661132812,264.4100036621094,266.6700134277344,262.010009765625,266.32000732421875,4545159
2025-03-17,245.37083435058594,261.4200134277344,263.69000244140625,258.30999755859375,261.1099853515625,6482574
2025-03-18,245.37083435058594,261.4200134277344,261.4200134277344,261.4200134277344,261.4200134277344,0
2025-03-19,248.97508239746094,265.260009765625,266.489990234375,263.010009765625,263.510009765625,4955027
2025-03-20,255.42330932617188,272.1300048828125,272.92999267578125,264.75,266.6000061035156,10789615
2025-03-21,262.49102783203125,279.6600036621094,285.8500061035156,271.05999755859375,272.20001220703125,26173451
2025-03-24,263.22314453125,280.44000244140625,285.29998779296875,280.0,282.0,11376607
2025-03-25,261.9747619628906,279.1099853515625,283.9599914550781,277.17999267578125,280.57000732421875,12143699
2025-03-26,256.2492980957031,273.010009765625,283.3299865722656,272.1300048828125,278.0,9475308
2025-03-27,259.1120300292969,276.05999755859375,279.8500061035156,272.17999267578125,273.3900146484375,107524873
2025-03-28,261.37408447265625,278.4700012207031,284.3299865722656,276.29998779296875,276.989990234375,12687883
2025-04-01,267.12774658203125,284.6000061035156,287.0,275.0,275.0,20780255
2025-04-02,269.1926574707031,286.79998779296875,288.04998779296875,277.70001220703125,283.04998779296875,12058406
2025-04-03,269.1926574707031,286.79998779296875,291.3999938964844,283.0,283.0,6663148
2025-04-04,262.2939453125,279.45001220703125,295.70001220703125,277.04998779296875,292.1499938964844,18852567
2025-04-07,256.8969421386719,273.70001220703125,279.1000061035156,262.0,262.0,15010047
2025-04-08,268.3479309082031,285.8999938964844,287.5,275.1000061035156,279.5,18994276
2025-04-09,270.2720947265625,287.95001220703125,290.6499938964844,279.6000061035156,288.70001220703125,14519066
2025-04-11,275.1997985839844,293.20001220703125,296.45001220703125,286.5,296.45001220703125,14955235
2025-04-15,276.3260803222656,294.3999938964844,296.79998779296875,291.1000061035156,296.79998779296875,8516322
2025-04-16,280.4090270996094,298.75,300.54998779296875,292.54998779296875,294.0,9064723
2025-04-17,280.0335998535156,298.3500061035156,301.75,295.45001220703125,298.0,7510897
2025-04-21,285.3836669921875,304.04998779296875,305.54998779296875,298.0,299.8500061035156,6455955
2025-04-22,287.3078308105469,306.1000061035156,308.5,302.6499938964844,305.0,7096150
2025-04-23,282.0046691894531,300.45001220703125,306.6499938964844,298.29998779296875,306.1000061035156,7400827
2025-04-24,283.45953369140625,302.0,305.5,300.29998779296875,302.95001220703125,5773985
2025-04-25,277.5462951660156,295.70001220703125,304.95001220703125,293.29998779296875,302.3500061035156,7773037
2025-04-28,290.9684143066406,310.0,310.95001220703125,293.1000061035156,293.1000061035156,14414879
2025-04-29,292.56402587890625,311.70001220703125,315.6000061035156,309.79998779296875,311.54998779296875,9522966
2025-04-30,291.0152893066406,310.04998779296875,322.45001220703125,309.0,319.0,21424437
2025-05-02,292.28240966796875,311.3999938964844,317.5,309.8999938964844,310.54998779296875,6850147
2025-05-05,301.3399963378906,321.04998779296875,325.8500061035156,316.0,317.0,16037327
2025-05-06,292.3293762207031,311.45001220703125,322.20001220703125,310.54998779296875,321.1000061035156,5444873
2025-05-07,297.44476318359375,316.8999938964844,317.5,307.0,307.0,7970668
2025-05-08,289.04425048828125,307.95001220703125,320.20001220703125,305.70001220703125,315.5,5918739
2025-05-09,288.01177978515625,306.8500061035156,307.3500061035156,301.3500061035156,302.54998779296875,4955934
2025-05-12,290.07672119140625,309.04998779296875,315.95001220703125,307.1499938964844,315.0,6844271
2025-05-13,288.0586853027344,306.8999938964844,310.6000061035156,304.5,309.04998779296875,7241358
2025-05-14,293.3149108886719,312.5,313.54998779296875,308.3999938964844,308.70001220703125,7733320
2025-05-15,297.53863525390625,317.0,320.20001220703125,313.5,314.0,7055032
2025-05-16,300.4483337402344,320.1000061035156,321.0,315.79998779296875,316.0,6861786
2025-05-19,297.7263488769531,317.20001220703125,319.54998779296875,316.1499938964844,318.54998779296875,2956007
2025-05-20,293.69036865234375,312.8999938964844,319.6499938964844,311.75,317.0,5016433
2025-05-21,296.459228515625,315.8500061035156,316.75,309.3500061035156,312.29998779296875,5232094
2025-05-22,293.83111572265625,313.04998779296875,318.8999938964844,308.70001220703125,314.8999938964844,4876801
2025-05-23,299.3219909667969,318.8999938964844,320.0,312.0,312.0,4257721
2025-05-26,303.12335205078125,322.95001220703125,323.95001220703125,319.0,319.0,5050848
2025-05-27,297.53863525390625,317.0,322.8999938964844,315.5,322.8999938964844,4716473
2025-05-28,301.9501037597656,321.70001220703125,322.6000061035156,313.75,317.0,7112876
2025-05-29,299.556640625,319.1499938964844,322.54998779296875,317.6000061035156,321.20001220703125,4000772
2025-05-30,298.8526611328125,318.3999938964844,322.3999938964844,317.0,317.54998779296875,9148638
2025-06-02,297.1632080078125,316.6000061035156,319.5,315.6499938964844,318.3999938964844,3086437
2025-06-03,290.7337341308594,309.75,320.95001220703125,309.0,315.04998779296875,7853488
2025-06-04,292.4232177734375,311.54998779296875,312.6499938964844,308.6000061035156,309.75,5925942
2025-06-05,290.7806396484375,309.79998779296875,315.3999938964844,308.25,311.1000061035156,5900170
2025-06-06,297.257080078125,316.70001220703125,317.8500061035156,309.0,309.0,5825337
2025-06-09,300.7298889160156,320.3999938964844,321.45001220703125,315.0,317.79998779296875,3787426
2025-06-10,300.4483337402344,320.1000061035156,324.70001220703125,319.3999938964844,321.20001220703125,6489933
2025-06-11,313.35418701171875,333.8500061035156,334.5,320.29998779296875,320.29998779296875,21739121
2025-06-12,299.0873718261719,318.6499938964844,331.0,317.75,330.5,13568848
2025-06-13,293.12713623046875,312.29998779296875,314.3999938964844,299.29998779296875,305.0,13958229
2025-06-16,296.9754638671875,316.3999938964844,316.8500061035156,308.5,309.95001220703125,6893567
2025-06-17,293.59649658203125,312.79998779296875,320.45001220703125,311.70001220703125,314.0,7219608
2025-06-18,296.459228515625,315.8500061035156,316.8500061035156,309.70001220703125,312.0,10011198
2025-06-19,294.2065734863281,313.45001220703125,317.0,310.1000061035156,317.0,5399948
2025-06-20,294.2535095214844,313.5,315.8999938964844,310.0,310.8999938964844,8522458
2025-06-23,294.2065734863281,313.45001220703125,315.5,308.20001220703125,310.0,6848410
2025-06-24,299.6505126953125,319.25,327.79998779296875,317.0,325.5,11172373
2025-06-25,299.9790344238281,319.6000061035156,323.0,316.6000061035156,322.5,6658747
2025-06-26,309.5058898925781,329.75,331.0,318.8500061035156,318.8500061035156,15528180
2025-06-27,312.5563659667969,333.0,334.20001220703125,327.3999938964844,330.0,9911738
2025-06-30,311.5708312988281,331.95001220703125,337.70001220703125,330.3500061035156,334.0,5840638
2025-07-01,311.6646728515625,332.04998779296875,335.5,330.8999938964844,331.54998779296875,3921773
2025-07-02,311.42999267578125,331.79998779296875,334.95001220703125,328.79998779296875,333.70001220703125,3799017
2025-07-03,311.1484375,331.5,335.54998779296875,330.54998779296875,333.0,5049883
2025-07-04,324.94598388671875,346.20001220703125,347.70001220703125,331.8999938964844,334.0,13743465
2025-07-07,328.98199462890625,350.5,351.54998779296875,343.45001220703125,345.79998779296875,8603937
2025-07-08,333.7688903808594,355.6000061035156,358.6499938964844,348.70001220703125,350.0,12905482
2025-07-09,327.1047668457031,348.5,356.3500061035156,347.6499938964844,355.6000061035156,8039090
2025-07-10,329.4043884277344,350.95001220703125,352.8500061035156,348.04998779296875,351.79998779296875,6580919
2025-07-11,323.6788635253906,344.8500061035156,352.6499938964844,343.29998779296875,351.79998779296875,4803470
2025-07-14,323.2565002441406,344.3999938964844,348.20001220703125,342.8500061035156,345.8500061035156,5372218
2025-07-15,326.6824035644531,348.04998779296875,350.5,346.1499938964844,347.6499938964844,6270256
2025-07-16,326.4946594238281,347.8500061035156,351.70001220703125,347.3999938964844,350.04998779296875,8426412
2025-07-17,325.46221923828125,346.75,349.8999938964844,344.25,349.6000061035156,4026086
2025-07-18,322.4117431640625,343.5,351.45001220703125,342.1000061035156,347.5,5631392
2025-07-21,321.5670166015625,342.6000061035156,344.70001220703125,339.45001220703125,343.5,5051058
2025-07-22,319.45513916015625,340.3500061035156,344.3500061035156,339.95001220703125,342.6000061035156,4447293
2025-07-23,323.3034362792969,344.45001220703125,345.0,336.79998779296875,341.8500061035156,5089227
2025-07-24,320.4406433105469,341.3999938964844,344.8999938964844,339.70001220703125,344.45001220703125,3270996
2025-07-25,312.4624938964844,332.8999938964844,341.3999938964844,331.04998779296875,340.1000061035156,3514659
2025-07-28,312.9317932128906,333.3999938964844,338.3500061035156,331.0,332.3500061035156,5630809
2025-07-29,314.38665771484375,334.95001220703125,337.29998779296875,333.20001220703125,336.0,7809814
2025-07-30,316.3576965332031,337.04998779296875,343.54998779296875,330.0,334.0,11366010
2025-07-31,313.7376403808594,329.29998779296875,331.25,323.1000061035156,330.0,6867024
2025-08-01,302.82879638671875,317.8500061035156,329.29998779296875,316.54998779296875,329.0,4105518
2025-08-04,302.82879638671875,317.8500061035156,320.75,314.8999938964844,320.1499938964844,3536322
2025-08-05,300.2087707519531,315.1000061035156,318.0,309.54998779296875,317.0,6730701
2025-08-06,300.8280334472656,315.75,318.1499938964844,314.3999938964844,315.5,3601019
2025-08-07,295.6832275390625,310.3500061035156,314.04998779296875,307.1499938964844,313.29998779296875,5018154
2025-08-08,304.3531799316406,319.45001220703125,321.25,308.6000061035156,310.5,10028343
2025-08-11,305.78228759765625,320.95001220703125,330.0,317.20001220703125,322.25,7957794
2025-08-12,308.40234375,323.70001220703125,326.5,320.70001220703125,321.0,4392686
2025-08-13,307.2590637207031,322.5,326.29998779296875,321.04998779296875,325.0,2707971
2025-08-14,303.0193176269531,318.04998779296875,331.3999938964844,317.1499938964844,327.0,10549386
2025-08-18,299.1607360839844,314.0,321.04998779296875,312.45001220703125,321.0,8091527
2025-08-19,306.2586669921875,321.45001220703125,322.20001220703125,312.70001220703125,315.20001220703125,4343312
2025-08-20,304.8295593261719,319.95001220703125,322.5,319.0,320.0,3670375
2025-08-21,304.8295593261719,319.95001220703125,323.79998779296875,318.75,321.04998779296875,3790333
2025-08-22,301.4949645996094,316.45001220703125,320.3500061035156,314.70001220703125,320.20001220703125,3007303
2025-08-25,300.87567138671875,315.79998779296875,318.95001220703125,314.5,318.95001220703125,2841339
2025-08-26,297.35052490234375,312.1000061035156,318.29998779296875,311.04998779296875,317.29998779296875,10819770
2025-08-28,296.0167236328125,310.70001220703125,315.6000061035156,310.0,315.6000061035156,8888325
2025-08-29,293.6348571777344,308.20001220703125,312.29998779296875,307.0,310.70001220703125,4334416
2025-09-01,299.87530517578125,314.75,315.54998779296875,306.79998779296875,308.5,3672180
2025-09-02,300.06585693359375,314.95001220703125,317.29998779296875,312.75,315.8999938964844,3405312
2025-09-03,299.9705810546875,314.8500061035156,320.5,314.04998779296875,314.95001220703125,6616690
2025-09-04,298.11273193359375,312.8999938964844,319.8500061035156,312.5,319.8500061035156,5225640
2025-09-05,297.73162841796875,312.5,316.45001220703125,311.5,313.0,6159420
2025-09-08,301.4949645996094,316.45001220703125,318.1499938964844,313.54998779296875,313.8999938964844,2002604
2025-09-09,299.1131286621094,313.95001220703125,320.1499938964844,313.54998779296875,317.79998779296875,6476251
2025-09-10,302.924072265625,317.95001220703125,318.25,314.75,315.5,5214899
2025-09-11,304.877197265625,320.0,326.6000061035156,317.5,318.20001220703125,7529271
2025-09-12,302.9717102050781,318.0,323.20001220703125,317.04998779296875,321.04998779296875,4705998
2025-09-15,302.7335205078125,317.75,320.70001220703125,315.70001220703125,318.29998779296875,4653626
2025-09-16,303.2098693847656,318.25,321.1000061035156,316.5,319.3500061035156,5381837
2025-09-17,308.2594299316406,323.54998779296875,324.75,319.25,319.8500061035156,7035565
2025-09-18,310.3078308105469,325.70001220703125,326.1499938964844,321.0,324.8999938964844,5615664
2025-09-19,313.9758605957031,329.54998779296875,334.0,324.79998779296875,325.6000061035156,10022009
2025-09-22,310.02197265625,325.3999938964844,332.29998779296875,322.45001220703125,329.0,4768219
2025-09-23,314.78570556640625,330.3999938964844,335.20001220703125,326.8500061035156,328.70001220703125,7992615
2025-09-24,314.7380676269531,330.3500061035156,332.3999938964844,327.0,330.45001220703125,5489995
2025-09-25,314.0711364746094,329.6499938964844,332.5,327.0,329.1000061035156,5798602
2025-09-26,309.0216064453125,324.3500061035156,330.0,322.95001220703125,329.79998779296875,5692665
2025-09-29,322.1217956542969,338.1000061035156,339.0,325.5,326.6499938964844,12616059
2025-09-30,323.5985412597656,339.6499938964844,342.29998779296875,337.1499938964844,339.75,6762730
2025-10-01,323.6462097167969,339.70001220703125,347.70001220703125,338.6000061035156,341.0,9814406
2025-10-03,325.40875244140625,341.54998779296875,344.8999938964844,337.6000061035156,344.0,5833883
2025-10-06,327.36187744140625,343.6000061035156,345.5,338.54998779296875,342.0,5914399
2025-10-07,325.7422180175781,341.8999938964844,346.25,341.04998779296875,343.6000061035156,5934834
2025-10-08,328.7909851074219,345.1000061035156,350.0,339.5,341.25,7955678
2025-10-09,327.7429504394531,344.0,351.0,343.1000061035156,347.25,7028656
2025-10-10,322.6934509277344,338.70001220703125,347.29998779296875,337.20001220703125,345.5,5737637
2025-10-13,321.9788818359375,337.95001220703125,342.0,335.1499938964844,340.5,6785828
2025-10-14,316.73883056640625,332.45001220703125,340.29998779296875,330.6499938964844,338.1499938964844,4343927
2025-10-15,321.9312438964844,337.8999938964844,340.75,332.04998779296875,334.95001220703125,16271995
2025-10-16,320.0257568359375,335.8999938964844,338.95001220703125,333.54998779296875,338.95001220703125,6279302
2025-10-17,319.9781494140625,335.8500061035156,338.29998779296875,332.70001220703125,336.1000061035156,7824777
2025-10-20,321.74072265625,337.70001220703125,340.04998779296875,335.5,336.25,6134873
2025-10-21,323.0268859863281,339.04998779296875,340.25,337.70001220703125,339.3999938964844,404063
2025-10-23,315.64312744140625,331.29998779296875,340.1499938964844,330.04998779296875,340.0,8457356
2025-10-24,314.8333435058594,330.45001220703125,334.3999938964844,327.20001220703125,330.1499938964844,8260920
2025-10-27,326.79022216796875,343.0,343.5,331.25,332.70001220703125,11767585
2025-10-28,324.5513000488281,340.6499938964844,345.5,339.6000061035156,344.0,6156249
2025-10-29,331.64923095703125,348.1000061035156,349.0,340.8500061035156,341.8999938964844,9756868
2025-10-30,340.70025634765625,357.6000061035156,359.79998779296875,345.29998779296875,350.0,14807100
2025-10-31,339.93804931640625,356.79998779296875,360.54998779296875,355.1000061035156,358.0,7532962
2025-11-03,349.94183349609375,367.29998779296875,369.5,356.25,361.95001220703125,20107281
2025-11-04,355.3248596191406,372.95001220703125,373.95001220703125,368.1499938964844,369.8500061035156,12649509
2025-11-06,350.5611572265625,367.95001220703125,380.0,367.25,380.0,11803637
2025-11-07,357.0773010253906,367.1499938964844,367.8500061035156,359.75,360.0,11711108
2025-11-10,355.1321716308594,365.1499938964844,369.79998779296875,363.6499938964844,366.29998779296875,6934285
2025-11-11,363.88525390625,374.1499938964844,374.8500061035156,360.04998779296875,365.0,10689646
2025-11-12,365.14959716796875,375.45001220703125,379.1000061035156,373.6000061035156,375.20001220703125,9316462
2025-11-13,364.663330078125,374.95001220703125,378.75,372.1000061035156,377.1000061035156,9719258
2025-11-14,360.9675598144531,371.1499938964844,379.75,369.45001220703125,374.0,6848609
2025-11-17,363.9825134277344,374.25,381.54998779296875,372.0,372.6000061035156,9063998
2025-11-18,361.64837646484375,371.8500061035156,376.8999938964844,370.6499938964844,375.8500061035156,7729409
2025-11-19,355.6184387207031,365.6499938964844,372.8999938964844,364.8500061035156,371.8500061035156,7056032
2025-11-20,355.034912109375,365.04998779296875,368.79998779296875,363.29998779296875,367.0,9025414
2025-11-21,354.5486145019531,364.54998779296875,367.8500061035156,363.3999938964844,365.04998779296875,7177944
2025-11-24,349.7830505371094,359.6499938964844,367.25,357.79998779296875,364.54998779296875,13807356
2025-11-25,346.0873107910156,355.8500061035156,358.95001220703125,353.70001220703125,358.95001220703125,4113590
2025-11-26,357.5635681152344,367.6499938964844,368.0,356.1000061035156,356.79998779296875,7651793
2025-11-27,354.69451904296875,364.70001220703125,368.95001220703125,361.5,368.95001220703125,5180488
2025-11-28,349.2481689453125,359.1000061035156,367.0,358.6000061035156,365.79998779296875,3459790
2025-12-01,344.2880859375,354.0,361.5,352.3999938964844,361.5,4470807
2025-12-02,348.9077453613281,358.75,361.1499938964844,354.25,355.75,9468149
2025-12-03,348.5673522949219,358.3999938964844,361.0,355.79998779296875,359.0,6169622
2025-12-04,346.23321533203125,356.0,361.6000061035156,353.5,360.0,5798181
2025-12-05,350.41522216796875,360.29998779296875,361.6000061035156,353.29998779296875,356.0,3479044
2025-12-08,347.74066162109375,357.54998779296875,363.0,355.1499938964844,363.0,6762135
2025-12-09,345.30926513671875,355.04998779296875,358.75,352.95001220703125,357.54998779296875,5612269
2025-12-10,345.4065246582031,355.1499938964844,359.95001220703125,352.75,355.04998779296875,8521964
2025-12-11,341.6621398925781,351.29998779296875,356.3500061035156,349.1000061035156,355.1499938964844,4491115
2025-12-12,355.034912109375,365.04998779296875,366.6499938964844,352.5,352.5,6101145
2025-12-15,356.9314270019531,367.0,369.45001220703125,361.1000061035156,365.1000061035156,6128925
2025-12-16,358.04986572265625,368.1499938964844,369.04998779296875,361.70001220703125,366.75,4332510
2025-12-17,358.244384765625,368.3500061035156,372.8500061035156,366.0,370.0,6872112
2025-12-18,353.3815612792969,363.3500061035156,369.20001220703125,361.5,368.0,3880069
2025-12-19,355.9102478027344,365.95001220703125,367.45001220703125,362.1000061035156,363.95001220703125,6515994
2025-12-22,359.7518615722656,369.8999938964844,370.70001220703125,364.54998779296875,365.95001220703125,3949754
2025-12-23,359.84912109375,370.0,373.5,368.54998779296875,369.8999938964844,3379297
2025-12-24,355.8616027832031,365.8999938964844,371.45001220703125,364.79998779296875,369.8999938964844,2339154
2025-12-26,355.9588623046875,366.0,368.20001220703125,361.70001220703125,365.45001220703125,2997958
2025-12-29,361.40521240234375,371.6000061035156,372.0,364.79998779296875,366.0,4666863
2025-12-30,359.3628234863281,369.5,376.1499938964844,368.20001220703125,371.79998779296875,8567519
2025-12-31,373.46502685546875,384.0,386.0,369.0,369.5,12051156
2026-01-01,371.0335998535156,381.5,388.1499938964844,379.1499938964844,386.3999938964844,6554899
2026-01-02,370.9849853515625,381.45001220703125,385.6000061035156,377.8999938964844,382.0,3614573
2026-01-05,367.5323791503906,377.8999938964844,385.45001220703125,374.3999938964844,380.0,5243413
2026-01-06,360.6271667480469,370.79998779296875,377.79998779296875,364.0,377.75,6881934
2026-01-07,358.0985107421875,368.20001220703125,373.3999938964844,366.5,371.54998779296875,6613161
2026-01-08,344.8229675292969,354.54998779296875,366.54998779296875,352.20001220703125,366.20001220703125,7714421
2026-01-09,344.4339599609375,354.1499938964844,359.6499938964844,352.20001220703125,353.0,5252007
2026-01-12,348.9077453613281,358.75,359.1000061035156,349.54998779296875,353.6000061035156,4474234
2026-01-13,345.35791015625,355.1000061035156,360.1499938964844,352.04998779296875,360.0,3681627
2026-01-14,347.1084899902344,356.8999938964844,358.5,351.1499938964844,354.5,7777436
2026-01-15,347.1084899902344,356.8999938964844,356.8999938964844,356.8999938964844,356.8999938964844,0
2026-01-16,353.2356872558594,363.20001220703125,367.75,358.0,358.0,6243090
2026-01-19,351.33917236328125,361.25,367.0,358.95001220703125,364.0,4545354
2026-01-20,345.4551696777344,355.20001220703125,361.0,353.0,361.0,6408732
2026-01-21,342.2943115234375,351.95001220703125,358.75,345.5,354.0,6076732
2026-01-22,344.4339599609375,354.1499938964844,361.20001220703125,353.79998779296875,355.0,4615713
2026-01-23,339.5711364746094,349.1499938964844,361.8999938964844,348.20001220703125,356.0,5338663
2026-01-27,347.59478759765625,357.3999938964844,359.8999938964844,350.54998779296875,358.0,11887552
2026-01-28,352.40899658203125,362.3500061035156,365.8999938964844,357.3999938964844,360.5,12428097
2026-01-29,356.8828125,366.95001220703125,367.8999938964844,357.25,362.3500061035156,14186586
2026-01-30,354.5,364.5,368.0,359.5,366.70001220703125,12639803
2026-02-02,366.70001220703125,366.70001220703125,367.6000061035156,351.0,353.0,12038292
2026-02-03,373.45001220703125,373.45001220703125,374.70001220703125,358.29998779296875,372.0,12411365
2026-02-04,382.45001220703125,382.45001220703125,383.20001220703125,370.3500061035156,373.0,8138573
2026-02-05,382.04998779296875,382.04998779296875,391.6499938964844,378.3500061035156,386.0,8446290
2026-02-06,386.3500061035156,386.3500061035156,386.8999938964844,381.3500061035156,382.5,7988984
2026-02-09,388.29998779296875,388.29998779296875,389.5,382.8999938964844,386.5,5171617
2026-02-10,386.3500061035156,386.3500061035156,388.0,381.8999938964844,386.0,3114005
2026-02-11,387.6000061035156,387.6000061035156,390.8999938964844,386.0,388.0,5156493
2026-02-12,377.70001220703125,377.70001220703125,389.5,373.54998779296875,387.04998779296875,6352805
2026-02-13,374.1000061035156,374.1000061035156,378.3999938964844,372.95001220703125,377.45001220703125,2696607
2026-02-16,374.3500061035156,374.3500061035156,375.29998779296875,369.04998779296875,372.6499938964844,1709180
2026-02-17,374.95001220703125,374.95001220703125,375.79998779296875,366.54998779296875,374.3500061035156,2646518
2026-02-18,380.8999938964844,380.8999938964844,381.3999938964844,375.75,377.0,2527223
2026-02-19,367.6499938964844,367.6499938964844,378.8500061035156,365.0,377.45001220703125,5506935
2026-02-20,366.29998779296875,366.29998779296875,367.8999938964844,362.29998779296875,364.8500061035156,6928709
2026-02-23,372.1000061035156,372.1000061035156,376.70001220703125,366.6499938964844,370.0,7760029
2026-02-24,374.45001220703125,374.45001220703125,376.0,369.0,370.0,7718539
2026-02-25,381.04998779296875,381.04998779296875,381.8999938964844,374.0,376.1000061035156,7003584
2026-02-26,386.0,386.0,387.0,378.54998779296875,380.0,4800186
2026-02-27,385.3999938964844,385.3999938964844,389.8999938964844,382.5,386.6499938964844,9020770
2026-03-02,374.79998779296875,374.79998779296875,376.95001220703125,367.1000061035156,368.0,14939455
2026-03-04,356.3999938964844,356.3999938964844,367.8500061035156,352.70001220703125,365.0,13534628
2026-03-05,360.3500061035156,360.3500061035156,362.5,351.1000061035156,356.6499938964844,12170764
2026-03-06,352.75,352.75,362.04998779296875,351.20001220703125,362.04998779296875,10536915
2026-03-09,331.1499938964844,331.1499938964844,341.45001220703125,322.79998779296875,341.3500061035156,34756111
2026-03-10,325.8999938964844,325.8999938964844,342.20001220703125,324.3500061035156,336.5,15916729
2026-03-11,325.04998779296875,325.04998779296875,328.8999938964844,322.75,326.0,13909498
2026-03-12,326.3500061035156,326.3500061035156,330.3500061035156,314.0,318.70001220703125,11176171
2026-03-13,319.29998779296875,319.29998779296875,325.3500061035156,318.1499938964844,323.6499938964844,7556076
2026-03-16,304.95001220703125,304.95001220703125,318.45001220703125,301.1000061035156,314.8999938964844,18589204
2026-03-17,300.04998779296875,300.04998779296875,305.8999938964844,298.1499938964844,305.29998779296875,16467622
2026-03-18,303.70001220703125,303.70001220703125,307.45001220703125,299.6000061035156,300.79998779296875,9223774
2026-03-19,286.0,286.0,298.0,284.3999938964844,298.0,15494502
2026-03-20,287.79998779296875,287.79998779296875,295.8500061035156,286.95001220703125,288.5,16601274
2026-03-23,271.29998779296875,271.29998779296875,281.0,270.0,280.04998779296875,14357554
2026-03-24,282.25,282.25,283.0,270.70001220703125,280.0,19542984
2026-03-25,284.54998779296875,284.54998779296875,289.75,281.79998779296875,288.20001220703125,18451485
2026-03-27,282.70001220703125,282.70001220703125,298.5,280.79998779296875,290.0,29524543
2026-03-30,281.0,281.0,285.25,273.1000061035156,274.95001220703125,14757987
2026-04-01,281.25,281.25,292.0,280.1000061035156,292.0,16919233
2026-04-02,278.1499938964844,278.1499938964844,281.1499938964844,266.6000061035156,275.29998779296875,13404373
2026-04-06,278.70001220703125,278.70001220703125,279.95001220703125,272.1499938964844,277.75,11923889
2026-04-07,277.45001220703125,277.45001220703125,278.25,271.0,273.20001220703125,14410706
2026-04-08,298.1000061035156,298.1000061035156,301.5,292.1499938964844,293.5,26646510
2026-04-09,297.3500061035156,297.3500061035156,299.70001220703125,293.0,296.0,17580272
2026-04-10,299.3500061035156,299.3500061035156,303.20001220703125,296.20001220703125,297.3999938964844,13853270
2026-04-13,292.95001220703125,292.95001220703125,294.0,284.25,284.25,13454302
2026-04-15,310.45001220703125,310.45001220703125,311.45001220703125,299.0,300.6000061035156,26146547
2026-04-16,307.95001220703125,307.95001220703125,314.8999938964844,307.25,314.8999938964844,14067180
2026-04-17,312.1000061035156,312.1000061035156,313.70001220703125,306.25,308.79998779296875,10758881
2026-04-20,316.04998779296875,316.04998779296875,319.0,307.0,312.1000061035156,14504057
2026-04-21,318.04998779296875,318.04998779296875,320.1000061035156,315.1000061035156,316.04998779296875,9935289
2026-04-22,314.3999938964844,314.3999938964844,317.0,313.0,317.0,7456858
2026-04-23,309.79998779296875,309.79998779296875,313.75,308.3999938964844,312.0,8518111
2026-04-24,308.1000061035156,308.1000061035156,310.75,300.1499938964844,309.0,10531252
2026-04-27,312.6499938964844,312.6499938964844,315.1000061035156,306.70001220703125,308.29998779296875,5296412
2026-04-28,307.75,307.75,313.1000061035156,305.1499938964844,308.70001220703125,14434171
2026-04-29,303.8999938964844,303.8999938964844,310.8999938964844,303.1499938964844,308.3999938964844,16918034
2026-04-30,300.45001220703125,300.45001220703125,302.3500061035156,295.54998779296875,300.04998779296875,13025294
2026-05-01,300.45001220703125,300.45001220703125,300.45001220703125,300.45001220703125,300.45001220703125,0
2026-05-04,301.70001220703125,301.70001220703125,305.8999938964844,300.1000061035156,302.5,9009471
2026-05-05,298.5,298.5,300.45001220703125,293.29998779296875,300.25,12433693
2026-05-06,314.04998779296875,314.04998779296875,316.6000061035156,301.8500061035156,304.70001220703125,16983058
2026-05-07,307.6000061035156,307.6000061035156,316.95001220703125,305.1000061035156,315.70001220703125,17998452
2026-05-08,302.75,302.75,306.3500061035156,301.3999938964844,306.0,11782486
2026-05-11,294.45001220703125,294.45001220703125,299.3999938964844,293.75,298.75,10388130
2026-05-12,287.8500061035156,287.8500061035156,293.70001220703125,286.0,286.0,10652991
2026-05-13,297.1000061035156,297.1000061035156,299.0,288.54998779296875,288.54998779296875,12403055
2026-05-14,295.0,295.0,301.1000061035156,291.1499938964844,301.1000061035156,11845204
2026-05-15,284.45001220703125,284.45001220703125,294.6499938964844,283.5,293.0,14828416
2026-05-18,280.79998779296875,280.79998779296875,282.5,276.6000061035156,282.0,8613476
2026-05-19,286.45001220703125,286.45001220703125,289.79998779296875,282.0,282.0,6955573
2026-05-20,293.75,293.75,294.75,280.04998779296875,281.8500061035156,10290169
2026-05-21,296.3999938964844,296.3999938964844,298.5,294.75,295.0,10786772
2026-05-22,295.6000061035156,295.6000061035156,297.70001220703125,291.6000061035156,297.0,5366953
2026-05-25,308.25,308.25,309.0,304.04998779296875,305.0,14530864
2026-05-26,304.6000061035156,304.6000061035156,308.29998779296875,302.1000061035156,308.25,8611871
2026-05-27,307.1499938964844,307.1499938964844,308.45001220703125,302.1499938964844,305.5,5948761
2026-05-28,307.1499938964844,307.1499938964844,307.1499938964844,307.1499938964844,307.1499938964844,0
2026-05-29,298.1000061035156,298.1000061035156,312.0,290.0,310.6000061035156,26387806
2026-06-01,296.8500061035156,296.8500061035156,300.3500061035156,295.6499938964844,298.75,7741307
2026-06-02,294.3999938964844,294.3999938964844,297.45001220703125,291.0,294.0,8495475
2026-06-03,292.1000061035156,292.1000061035156,294.25,290.1499938964844,294.0,6711789
2026-06-04,295.1499938964844,295.1499938964844,296.20001220703125,290.1000061035156,290.1000061035156,8514225
2026-06-05,295.0,295.0,295.8999938964844,291.75,295.0,5528678
2026-06-08,285.1499938964844,285.1499938964844,292.3999938964844,283.8999938964844,291.3999938964844,5454197
2026-06-09,289.1000061035156,289.1000061035156,290.1499938964844,285.25,288.75,5025923
2026-06-10,288.0,288.0,290.20001220703125,286.29998779296875,289.0,6874985
2026-06-11,286.3500061035156,286.3500061035156,287.3999938964844,280.25,285.0,12991146
