Date,Adj Close,Close,High,Low,Open,Volume
,BRITANNIA.NS,BRITANNIA.NS,BRITANNIA.NS,BRITANNIA.NS,BRITANNIA.NS,BRITANNIA.NS
2021-01-01,3292.923828125,3567.800048828125,3605.0,3563.050048828125,3575.0,453083
2021-01-04,3279.172119140625,3552.89990234375,3593.89990234375,3537.0,3589.0,698402
2021-01-05,3277.5107421875,3551.10009765625,3563.949951171875,3540.0,3549.0,725278
2021-01-06,3266.98876953125,3539.699951171875,3602.0,3510.0,3568.0,1099588
2021-01-07,3279.079833984375,3552.800048828125,3567.949951171875,3516.449951171875,3560.0,621487
2021-01-08,3299.800048828125,3575.25,3589.949951171875,3532.85009765625,3574.0,961239
2021-01-11,3334.503173828125,3612.85009765625,3625.0,3547.64990234375,3603.800048828125,1043630
2021-01-12,3351.854736328125,3631.64990234375,3648.800048828125,3586.300048828125,3624.0,893653
2021-01-13,3342.16357421875,3621.14990234375,3648.0,3600.0,3640.0,798273
2021-01-14,3383.05078125,3665.449951171875,3704.89990234375,3619.60009765625,3623.0,1192074
2021-01-15,3330.99609375,3609.050048828125,3685.0,3571.0,3680.0,597621
2021-01-18,3329.888427734375,3607.85009765625,3665.0,3575.0,3609.050048828125,826497
2021-01-19,3323.796875,3601.25,3649.85009765625,3587.0,3628.75,594091
2021-01-20,3315.53662109375,3592.300048828125,3641.0,3585.0,3605.0,607449
2021-01-21,3351.0703125,3630.800048828125,3666.550048828125,3602.60009765625,3604.699951171875,834432
2021-01-22,3330.02685546875,3608.0,3690.0,3591.0,3649.0,791205
2021-01-25,3335.1494140625,3613.550048828125,3639.85009765625,3576.25,3633.85009765625,467367
2021-01-27,3332.56494140625,3610.75,3649.89990234375,3593.800048828125,3613.550048828125,646880
2021-01-28,3326.104248046875,3603.75,3650.0,3559.25,3588.699951171875,643832
2021-01-29,3231.362548828125,3501.10009765625,3620.800048828125,3480.199951171875,3605.199951171875,733173
2021-02-01,3249.4990234375,3520.75,3557.89990234375,3483.0,3539.0,544282
2021-02-02,3231.50146484375,3501.25,3554.0,3483.75,3547.89990234375,869950
2021-02-03,3245.576416015625,3516.5,3544.0,3501.0,3526.050048828125,786972
2021-02-04,3304.18408203125,3580.0,3608.050048828125,3511.050048828125,3521.949951171875,958717
2021-02-05,3268.788818359375,3541.64990234375,3616.0,3530.449951171875,3616.0,1159183
2021-02-08,3206.073974609375,3473.699951171875,3616.89990234375,3464.10009765625,3601.0,2388271
2021-02-09,3195.64453125,3462.39990234375,3505.0,3455.0,3505.0,951124
2021-02-10,3160.987548828125,3424.85009765625,3485.10009765625,3417.050048828125,3467.89990234375,893690
2021-02-11,3195.96728515625,3462.75,3470.0,3420.0,3430.75,873772
2021-02-12,3157.664794921875,3421.25,3489.0,3409.050048828125,3480.0,618874
2021-02-15,3153.741943359375,3417.0,3445.0,3403.0,3429.0,513578
2021-02-16,3128.31494140625,3389.449951171875,3432.35009765625,3385.050048828125,3432.0,693631
2021-02-17,3104.825439453125,3364.0,3404.85009765625,3360.0,3370.0,866571
2021-02-18,3100.6259765625,3359.449951171875,3390.949951171875,3340.10009765625,3368.0,616156
2021-02-19,3074.552490234375,3331.199951171875,3383.0,3320.0,3359.0,765676
2021-02-22,3083.7822265625,3341.199951171875,3373.75,3317.300048828125,3350.0,666371
2021-02-23,3078.9365234375,3335.949951171875,3368.0,3325.300048828125,3349.800048828125,484686
2021-02-24,3143.174560546875,3405.550048828125,3415.0,3341.0,3360.0,512568
2021-02-25,3142.666748046875,3405.0,3425.699951171875,3374.60009765625,3420.0,586357
2021-02-26,3104.5947265625,3363.75,3408.949951171875,3343.0,3389.0,748717
2021-03-01,3148.94287109375,3411.800048828125,3420.0,3367.050048828125,3371.5,377869
2021-03-02,3182.307373046875,3447.949951171875,3450.0,3395.0,3411.800048828125,383968
2021-03-03,3212.949462890625,3481.14990234375,3487.14990234375,3435.0,3460.0,409493
2021-03-04,3232.10107421875,3501.89990234375,3514.800048828125,3450.0,3450.0,537283
2021-03-05,3222.7333984375,3491.75,3506.64990234375,3460.75,3486.0,612423
2021-03-08,3196.3828125,3463.199951171875,3508.949951171875,3451.0,3493.60009765625,463984
2021-03-09,3162.7412109375,3426.75,3489.14990234375,3397.35009765625,3473.5,589556
2021-03-10,3212.211669921875,3480.35009765625,3489.0,3438.5,3451.89990234375,270942
2021-03-12,3169.663330078125,3434.25,3493.85009765625,3425.0,3491.89990234375,344205
2021-03-15,3184.568603515625,3450.39990234375,3456.550048828125,3399.0,3443.60009765625,311078
2021-03-16,3220.28759765625,3489.10009765625,3500.0,3456.050048828125,3462.60009765625,383099
2021-03-17,3200.720458984375,3467.89990234375,3499.0,3446.300048828125,3488.0,378136
2021-03-18,3174.64697265625,3439.64990234375,3487.89990234375,3427.39990234375,3480.0,430166
2021-03-19,3199.520751953125,3466.60009765625,3494.85009765625,3379.0,3424.60009765625,1312375
2021-03-22,3289.785888671875,3564.39990234375,3570.0,3440.10009765625,3440.10009765625,820046
2021-03-23,3293.4775390625,3568.39990234375,3578.0,3525.0,3570.0,461046
2021-03-24,3265.189208984375,3537.75,3568.199951171875,3522.0,3536.0,480657
2021-03-25,3178.5234375,3443.85009765625,3564.800048828125,3429.0,3535.0,486516
2021-03-26,3234.593017578125,3504.60009765625,3515.0,3455.35009765625,3455.35009765625,273033
2021-03-30,3337.410400390625,3616.0,3625.0,3510.050048828125,3514.0,567450
2021-03-31,3345.763427734375,3625.050048828125,3655.0,3592.5,3616.0,441583
2021-04-01,3339.718017578125,3618.5,3670.0,3610.25,3635.0,460658
2021-04-05,3415.261962890625,3700.35009765625,3720.0,3630.0,3635.0,807938
2021-04-06,3443.18115234375,3730.60009765625,3736.39990234375,3680.0,3708.0,462351
2021-04-07,3515.125732421875,3808.550048828125,3820.0,3711.550048828125,3732.0,633677
2021-04-08,3580.98974609375,3816.75,3834.0,3761.050048828125,3780.0,613388
2021-04-09,3563.1162109375,3797.699951171875,3843.699951171875,3790.0,3816.75,526934
2021-04-12,3577.23681640625,3812.75,3850.0,3750.0,3777.949951171875,1108910
2021-04-13,3514.609619140625,3746.0,3847.0,3729.050048828125,3814.10009765625,411660
2021-04-15,3464.60205078125,3692.699951171875,3799.89990234375,3673.0,3751.0,494464
2021-04-16,3468.16748046875,3696.5,3733.949951171875,3676.550048828125,3695.5,251741
2021-04-19,3511.607421875,3742.800048828125,3755.0,3653.050048828125,3685.0,560398
2021-04-20,3499.504150390625,3729.89990234375,3752.75,3690.10009765625,3731.89990234375,331477
2021-04-22,3520.23876953125,3752.0,3766.0,3692.14990234375,3725.10009765625,424370
2021-04-23,3424.8212890625,3650.300048828125,3760.89990234375,3640.5,3755.0,491834
2021-04-26,3320.58349609375,3539.199951171875,3662.0,3531.0,3661.10009765625,1031406
2021-04-27,3322.4599609375,3541.199951171875,3574.60009765625,3517.0,3572.699951171875,813608
2021-04-28,3263.867919921875,3478.75,3527.0,3469.0,3488.0,1498181
2021-04-29,3254.626220703125,3468.89990234375,3505.89990234375,3447.0,3496.75,611087
2021-04-30,3235.955322265625,3449.0,3468.35009765625,3437.0,3460.0,436187
2021-05-03,3226.8076171875,3439.25,3478.699951171875,3431.60009765625,3439.10009765625,570022
2021-05-04,3223.617919921875,3435.85009765625,3462.0,3420.0,3432.0,337838
2021-05-05,3238.39501953125,3451.60009765625,3458.89990234375,3436.25,3441.10009765625,234116
2021-05-06,3238.817138671875,3452.050048828125,3491.5,3439.699951171875,3452.0,384450
2021-05-07,3247.448974609375,3461.25,3484.699951171875,3452.25,3484.699951171875,189156
2021-05-10,3202.9296875,3413.800048828125,3478.0,3403.5,3478.0,694001
2021-05-11,3207.24560546875,3418.39990234375,3434.699951171875,3396.050048828125,3413.800048828125,455412
2021-05-12,3227.08935546875,3439.550048828125,3445.0,3401.14990234375,3404.0,252497
2021-05-14,3285.16552734375,3501.449951171875,3524.5,3438.199951171875,3450.0,677498
2021-05-17,3290.607421875,3507.25,3533.89990234375,3496.050048828125,3518.949951171875,338003
2021-05-18,3307.68310546875,3525.449951171875,3533.89990234375,3480.0,3525.199951171875,474368
2021-05-19,3316.080322265625,3534.39990234375,3555.0,3516.050048828125,3535.0,688416
2021-05-20,3211.13916015625,3422.550048828125,3517.699951171875,3415.0,3500.0,1046540
2021-05-21,3223.52392578125,3435.75,3449.0,3418.0,3449.0,521688
2021-05-24,3170.373046875,3379.10009765625,3459.0,3371.39990234375,3459.0,1643611
2021-05-25,3239.02392578125,3439.5,3447.0,3385.0,3385.0,1318946
2021-05-26,3216.893798828125,3416.0,3453.85009765625,3413.050048828125,3441.050048828125,373186
2021-05-27,3215.622314453125,3414.64990234375,3437.5,3400.050048828125,3430.0,444547
2021-05-28,3223.909423828125,3423.449951171875,3449.0,3410.0,3417.0,249529
2021-05-31,3246.8876953125,3447.85009765625,3458.39990234375,3427.25,3428.75,352802
2021-06-01,3245.8515625,3446.75,3469.10009765625,3442.0,3458.0,236580
2021-06-02,3272.690185546875,3475.25,3486.0,3446.050048828125,3446.75,420074
2021-06-03,3292.466064453125,3496.25,3499.5,3467.39990234375,3480.0,380896
2021-06-04,3285.92138671875,3489.300048828125,3512.0,3480.0,3500.0,312826
2021-06-07,3336.11474609375,3542.60009765625,3555.0,3478.5,3506.5,357312
2021-06-08,3391.81689453125,3601.75,3622.0,3542.60009765625,3544.5,787313
2021-06-09,3366.34375,3574.699951171875,3608.35009765625,3557.10009765625,3598.0,546202
2021-06-10,3367.8505859375,3576.300048828125,3611.60009765625,3555.0,3571.0,355092
2021-06-11,3350.52294921875,3557.89990234375,3595.0,3551.0,3575.0,301375
2021-06-14,3381.92919921875,3591.25,3598.0,3510.449951171875,3557.89990234375,312420
2021-06-15,3420.162841796875,3631.85009765625,3640.5,3593.0,3593.35009765625,451019
2021-06-16,3427.319580078125,3639.449951171875,3644.800048828125,3605.050048828125,3631.050048828125,232534
2021-06-17,3444.9296875,3658.14990234375,3663.0,3609.5,3625.89990234375,300185
2021-06-18,3408.25,3619.199951171875,3679.0,3595.0,3661.39990234375,731807
2021-06-21,3436.171875,3648.85009765625,3653.949951171875,3581.10009765625,3600.0,231475
2021-06-22,3438.102294921875,3650.89990234375,3665.0,3616.0,3650.0,235555
2021-06-23,3446.0126953125,3659.300048828125,3684.300048828125,3631.0,3652.0,378997
2021-06-24,3474.075927734375,3689.10009765625,3704.85009765625,3651.0,3659.300048828125,385390
2021-06-25,3456.13623046875,3670.050048828125,3709.89990234375,3644.89990234375,3709.89990234375,176772
2021-06-28,3453.499267578125,3667.25,3685.0,3643.0,3670.050048828125,181793
2021-06-29,3443.98779296875,3657.14990234375,3667.10009765625,3610.050048828125,3655.0,357263
2021-06-30,3436.9248046875,3649.64990234375,3690.0,3632.949951171875,3675.0,428387
2021-07-01,3386.214111328125,3595.800048828125,3661.0,3580.64990234375,3640.0,612678
2021-07-02,3338.6572265625,3545.300048828125,3609.0,3535.0,3609.0,292855
2021-07-05,3318.17529296875,3523.550048828125,3584.5,3512.39990234375,3564.0,519061
2021-07-06,3313.890380859375,3519.0,3533.85009765625,3508.64990234375,3526.0,282115
2021-07-07,3316.103271484375,3521.35009765625,3542.0,3506.0,3521.0,524482
2021-07-08,3287.89892578125,3491.39990234375,3525.89990234375,3473.25,3499.0,627227
2021-07-09,3273.349609375,3475.949951171875,3518.0,3468.0,3491.0,595359
2021-07-12,3268.122802734375,3470.39990234375,3500.0,3464.10009765625,3482.199951171875,146119
2021-07-13,3282.343017578125,3485.5,3489.449951171875,3465.10009765625,3488.75,182918
2021-07-14,3282.578125,3485.75,3488.14990234375,3454.14990234375,3474.0,458955
2021-07-15,3259.1298828125,3460.85009765625,3503.0,3455.5,3503.0,264604
2021-07-16,3240.4365234375,3441.0,3472.699951171875,3437.10009765625,3460.0,399006
2021-07-19,3249.05322265625,3450.14990234375,3457.5,3426.10009765625,3440.39990234375,226731
2021-07-20,3233.420654296875,3433.550048828125,3466.949951171875,3426.5,3455.0,152954
2021-07-22,3225.65185546875,3425.300048828125,3449.5,3415.0,3449.5,389457
2021-07-23,3239.306396484375,3439.800048828125,3452.5,3425.300048828125,3427.0,247778
2021-07-26,3279.046875,3482.0,3498.0,3431.0,3439.949951171875,433827
2021-07-27,3249.618408203125,3450.75,3504.85009765625,3435.14990234375,3496.0,210607
2021-07-28,3224.521728515625,3424.10009765625,3469.0,3410.0,3469.0,352127
2021-07-29,3207.10009765625,3405.60009765625,3428.949951171875,3402.0,3424.199951171875,321411
2021-07-30,3223.8623046875,3423.39990234375,3440.0,3378.0,3424.0,988317
2021-08-02,3300.376708984375,3504.64990234375,3542.0,3440.050048828125,3446.699951171875,1887580
2021-08-03,3364.93115234375,3573.199951171875,3579.0,3531.0,3550.0,1326045
2021-08-04,3369.733642578125,3578.300048828125,3599.0,3540.0,3579.0,478788
2021-08-05,3400.669189453125,3611.14990234375,3617.699951171875,3547.60009765625,3578.300048828125,497146
2021-08-06,3393.93603515625,3604.0,3620.0,3590.10009765625,3611.14990234375,258380
2021-08-09,3424.164794921875,3636.10009765625,3649.0,3606.25,3619.89990234375,444706
2021-08-10,3425.20068359375,3637.199951171875,3644.0,3611.5,3636.10009765625,249493
2021-08-11,3414.182861328125,3625.5,3648.949951171875,3571.10009765625,3637.199951171875,233115
2021-08-12,3409.7568359375,3620.800048828125,3642.949951171875,3607.5,3634.39990234375,232971
2021-08-13,3370.9111328125,3579.550048828125,3644.10009765625,3575.10009765625,3620.800048828125,323144
2021-08-16,3442.245849609375,3655.300048828125,3673.949951171875,3553.050048828125,3570.0,348972
2021-08-17,3481.04443359375,3696.5,3707.60009765625,3668.0,3670.0,579154
2021-08-18,3503.880859375,3720.75,3730.0,3686.949951171875,3708.800048828125,426843
2021-08-20,3668.868896484375,3895.949951171875,3967.5,3635.300048828125,3640.0,1567252
2021-08-23,3640.900146484375,3866.25,3964.64990234375,3850.60009765625,3910.0,645088
2021-08-24,3590.000732421875,3812.199951171875,3892.0,3795.5,3874.85009765625,437167
2021-08-25,3618.817138671875,3842.800048828125,3898.0,3797.0,3812.199951171875,360778
2021-08-26,3701.781982421875,3930.89990234375,3946.949951171875,3825.199951171875,3825.199951171875,1114234
2021-08-27,3711.81103515625,3941.550048828125,3972.949951171875,3911.75,3944.699951171875,475524
2021-08-30,3754.000244140625,3986.35009765625,3993.550048828125,3932.199951171875,3960.0,466524
2021-08-31,3764.500244140625,3997.5,4027.300048828125,3960.0,3995.0,688613
2021-09-01,3781.309814453125,4015.35009765625,4025.89990234375,3963.85009765625,3984.60009765625,352460
2021-09-02,3847.936279296875,4086.10009765625,4104.0,4002.050048828125,4015.0,525680
2021-09-03,3883.8154296875,4124.2001953125,4134.7001953125,4073.14990234375,4105.0,426377
2021-09-06,3841.296875,4079.050048828125,4149.2998046875,4061.0,4144.39990234375,312608
2021-09-07,3856.740966796875,4095.449951171875,4129.60009765625,4080.0,4096.89990234375,259534
2021-09-08,3824.67529296875,4061.39990234375,4087.89990234375,4015.699951171875,4079.800048828125,236283
2021-09-09,3833.52783203125,4070.800048828125,4118.7998046875,4050.10009765625,4058.800048828125,295134
2021-09-13,3855.234375,4093.85009765625,4103.0,4058.800048828125,4070.800048828125,171201
2021-09-14,3862.438232421875,4101.5,4153.0,4082.39990234375,4097.0,419441
2021-09-15,3848.17138671875,4086.35009765625,4135.0,4071.050048828125,4105.2001953125,218163
2021-09-16,3835.646484375,4073.050048828125,4120.0,4039.800048828125,4086.35009765625,243636
2021-09-17,3815.682373046875,4051.85009765625,4115.0,4041.0,4077.39990234375,621517
2021-09-20,3846.42919921875,4084.5,4115.0,4000.0,4035.0,291097
2021-09-21,3838.001220703125,4075.550048828125,4111.5498046875,4053.0,4062.199951171875,424258
2021-09-22,3821.944580078125,4058.5,4105.0,4049.10009765625,4082.0,259937
2021-09-23,3806.736328125,4042.35009765625,4075.449951171875,4017.5,4060.0,322858
2021-09-24,3807.253662109375,4042.89990234375,4098.9501953125,4030.0,4040.0,373614
2021-09-27,3775.895263671875,4009.60009765625,4064.60009765625,4000.0,4049.89990234375,248898
2021-09-28,3770.291748046875,4003.64990234375,4068.949951171875,3990.050048828125,4005.199951171875,354948
2021-09-29,3741.19287109375,3972.75,4019.89990234375,3959.14990234375,3982.0,332446
2021-09-30,3718.77978515625,3948.949951171875,3993.0,3940.300048828125,3972.0,217501
2021-10-01,3692.553466796875,3921.10009765625,3958.800048828125,3885.0,3958.800048828125,181917
2021-10-04,3665.996826171875,3892.89990234375,3967.25,3881.0,3910.0,372752
2021-10-05,3655.920654296875,3882.199951171875,3905.25,3865.5,3894.0,131731
2021-10-06,3709.033447265625,3938.60009765625,3993.14990234375,3882.25,3893.0,409840
2021-10-07,3673.248291015625,3900.60009765625,3963.64990234375,3877.449951171875,3959.800048828125,187556
2021-10-08,3656.95654296875,3883.300048828125,3929.0,3846.85009765625,3915.0,316870
2021-10-11,3616.745361328125,3840.60009765625,3900.75,3831.199951171875,3880.0,253051
2021-10-12,3642.5009765625,3867.949951171875,3874.75,3815.0,3821.0,253262
2021-10-13,3657.3330078125,3883.699951171875,3894.10009765625,3854.5,3871.39990234375,174222
2021-10-14,3667.833251953125,3894.85009765625,3925.0,3881.0,3912.0,299078
2021-10-18,3613.684814453125,3837.35009765625,3960.0,3825.0,3960.0,256837
2021-10-19,3574.650634765625,3795.89990234375,3868.35009765625,3780.0,3860.35009765625,282932
2021-10-20,3542.7265625,3762.0,3917.35009765625,3740.0,3800.0,523002
2021-10-21,3497.85400390625,3714.35009765625,3798.5,3680.0,3798.5,335589
2021-10-22,3474.92333984375,3690.0,3760.0,3650.0,3734.0,192033
2021-10-25,3419.4091796875,3631.050048828125,3696.550048828125,3617.699951171875,3690.0,289025
2021-10-26,3477.56005859375,3692.800048828125,3705.050048828125,3605.85009765625,3649.0,326825
2021-10-27,3482.31591796875,3697.85009765625,3731.199951171875,3681.449951171875,3700.89990234375,441016
2021-10-28,3467.29541015625,3681.89990234375,3728.699951171875,3654.0,3725.0,193658
2021-10-29,3461.503662109375,3675.75,3708.949951171875,3641.050048828125,3681.0,283538
2021-11-01,3463.763916015625,3678.14990234375,3700.0,3651.10009765625,3694.0,139766
2021-11-02,3468.237060546875,3682.89990234375,3707.60009765625,3667.050048828125,3680.199951171875,151547
2021-11-03,3418.279296875,3629.85009765625,3699.800048828125,3618.050048828125,3695.0,185296
2021-11-04,3418.279296875,3629.85009765625,3629.85009765625,3629.85009765625,3629.85009765625,0
2021-11-08,3501.0087890625,3717.699951171875,3728.85009765625,3620.0,3666.0,336938
2021-11-09,3410.51025390625,3621.60009765625,3639.0,3535.14990234375,3590.0,1399094
2021-11-10,3482.927978515625,3698.5,3720.0,3600.0,3629.449951171875,706755
2021-11-11,3431.03955078125,3643.39990234375,3718.0,3633.300048828125,3699.10009765625,298625
2021-11-12,3472.99267578125,3687.949951171875,3701.949951171875,3641.25,3668.60009765625,275060
2021-11-15,3524.45751953125,3742.60009765625,3747.60009765625,3674.0,3700.0,320669
2021-11-16,3475.629638671875,3690.75,3760.0,3681.0,3751.0,199179
2021-11-17,3404.342041015625,3615.050048828125,3699.949951171875,3607.800048828125,3690.75,250996
2021-11-18,3363.424560546875,3571.60009765625,3644.800048828125,3555.0,3644.800048828125,248828
2021-11-22,3372.841796875,3581.60009765625,3628.5,3570.0,3589.0,364653
2021-11-23,3448.696533203125,3662.14990234375,3670.0,3574.0,3577.800048828125,365672
2021-11-24,3412.158203125,3623.35009765625,3674.0,3610.0,3660.0,149025
2021-11-25,3365.119140625,3573.39990234375,3633.800048828125,3566.0,3610.5,232784
2021-11-26,3348.074462890625,3555.300048828125,3635.10009765625,3533.949951171875,3560.0,372530
2021-11-29,3322.930908203125,3528.60009765625,3550.0,3469.10009765625,3550.0,281082
2021-11-30,3338.845947265625,3545.5,3565.0,3501.10009765625,3514.0,633377
2021-12-01,3329.193115234375,3535.25,3606.699951171875,3528.0,3550.5,312855
2021-12-02,3369.922119140625,3578.5,3607.300048828125,3530.0,3540.0,377041
2021-12-03,3346.614990234375,3553.75,3593.449951171875,3550.0,3557.0,313990
2021-12-06,3292.419189453125,3496.199951171875,3581.10009765625,3490.0,3556.0,165986
2021-12-07,3271.701416015625,3474.199951171875,3529.0,3467.0,3502.050048828125,254445
2021-12-08,3367.33251953125,3575.75,3582.449951171875,3483.0,3489.949951171875,326189
2021-12-09,3412.67626953125,3623.89990234375,3634.449951171875,3564.0,3565.0,284117
2021-12-10,3420.727783203125,3632.449951171875,3642.0,3604.39990234375,3623.89990234375,190379
2021-12-13,3379.57470703125,3588.75,3658.35009765625,3576.949951171875,3641.0,311904
2021-12-14,3371.005126953125,3579.64990234375,3597.449951171875,3543.050048828125,3580.0,297867
2021-12-15,3335.173095703125,3541.60009765625,3579.60009765625,3521.5,3571.0,152079
2021-12-16,3353.065673828125,3560.60009765625,3571.64990234375,3536.64990234375,3550.0,121782
2021-12-17,3330.04052734375,3536.14990234375,3556.0,3500.0,3546.0,307396
2021-12-20,3269.53564453125,3471.89990234375,3530.0,3430.10009765625,3522.0,382144
2021-12-21,3301.41259765625,3505.75,3541.35009765625,3461.050048828125,3473.89990234375,222991
2021-12-22,3293.172607421875,3497.0,3538.60009765625,3484.60009765625,3522.0,257611
2021-12-23,3347.415283203125,3554.60009765625,3560.0,3502.0,3503.10009765625,163291
2021-12-24,3334.890380859375,3541.300048828125,3565.0,3519.0,3560.0,136780
2021-12-27,3308.42822265625,3513.199951171875,3544.550048828125,3506.699951171875,3540.0,94111
2021-12-28,3343.695556640625,3550.64990234375,3562.0,3511.10009765625,3531.0,99497
2021-12-29,3352.1240234375,3559.60009765625,3569.800048828125,3525.199951171875,3550.64990234375,163737
2021-12-30,3365.590087890625,3573.89990234375,3586.0,3526.050048828125,3570.0,167005
2021-12-31,3395.8193359375,3606.0,3623.199951171875,3569.050048828125,3586.0,244207
2022-01-03,3406.696044921875,3617.550048828125,3626.0,3582.199951171875,3610.0,149689
2022-01-04,3426.377685546875,3638.449951171875,3643.85009765625,3610.0,3623.0,317247
2022-01-05,3446.389404296875,3659.699951171875,3689.0,3633.050048828125,3638.0,245395
2022-01-06,3460.891845703125,3675.10009765625,3686.949951171875,3625.800048828125,3659.699951171875,340345
2022-01-07,3519.513427734375,3737.35009765625,3742.0,3682.85009765625,3685.0,241905
2022-01-10,3548.65966796875,3768.300048828125,3778.0,3727.89990234375,3737.35009765625,351447
2022-01-11,3525.163818359375,3743.35009765625,3800.949951171875,3738.10009765625,3768.300048828125,206008
2022-01-12,3484.52880859375,3700.199951171875,3759.75,3691.0,3750.0,311095
2022-01-13,3530.53173828125,3749.050048828125,3759.949951171875,3691.300048828125,3700.199951171875,129143
2022-01-14,3495.688232421875,3712.050048828125,3754.89990234375,3695.300048828125,3749.050048828125,97013
2022-01-17,3451.521484375,3665.14990234375,3712.800048828125,3642.35009765625,3697.0,170221
2022-01-18,3410.792724609375,3621.89990234375,3694.699951171875,3611.10009765625,3668.0,168104
2022-01-19,3367.23828125,3575.64990234375,3627.550048828125,3565.0,3620.0,129227
2022-01-20,3395.018798828125,3605.14990234375,3624.0,3576.5,3590.0,173547
2022-01-21,3407.40234375,3618.300048828125,3629.0,3575.699951171875,3606.0,162594
2022-01-24,3318.45751953125,3523.85009765625,3626.550048828125,3505.0,3610.0,240598
2022-01-25,3333.0068359375,3539.300048828125,3565.449951171875,3430.25,3502.0,306411
2022-01-27,3290.48828125,3494.14990234375,3535.0,3435.64990234375,3535.0,353612
2022-01-28,3305.085205078125,3509.64990234375,3595.0,3494.14990234375,3494.14990234375,249034
2022-01-31,3329.240234375,3535.300048828125,3636.0,3510.0,3510.0,462842
2022-02-01,3443.469970703125,3656.60009765625,3710.0,3545.050048828125,3560.0,631482
2022-02-02,3409.9921875,3621.050048828125,3670.0,3604.800048828125,3670.0,209928
2022-02-03,3354.760498046875,3562.39990234375,3652.0,3555.0,3622.0,203975
2022-02-04,3354.3837890625,3562.0,3593.699951171875,3540.0,3583.449951171875,162672
2022-02-07,3247.593994140625,3448.60009765625,3579.800048828125,3440.0,3561.949951171875,279194
2022-02-08,3270.994873046875,3473.449951171875,3490.0,3418.39990234375,3441.0,363856
2022-02-09,3312.33642578125,3517.35009765625,3540.699951171875,3473.449951171875,3509.0,172750
2022-02-10,3328.533935546875,3534.550048828125,3543.85009765625,3485.0,3522.0,172088
2022-02-11,3277.681396484375,3480.550048828125,3509.35009765625,3429.0,3499.0,340217
2022-02-14,3199.94287109375,3398.0,3455.0,3388.050048828125,3428.0,209831
2022-02-15,3275.185546875,3477.89990234375,3490.0,3400.0,3425.0,209065
2022-02-16,3260.21240234375,3462.0,3498.800048828125,3435.0,3480.0,190567
2022-02-17,3262.190185546875,3464.10009765625,3483.0,3430.0,3482.60009765625,173362
2022-02-18,3278.71728515625,3481.64990234375,3495.0,3444.14990234375,3450.0,121161
2022-02-21,3272.690185546875,3475.25,3500.0,3430.0,3431.10009765625,138287
2022-02-22,3286.344970703125,3489.75,3498.0,3405.0,3405.0,246372
2022-02-23,3306.497802734375,3511.14990234375,3530.0,3470.0,3497.75,326853
2022-02-24,3245.145263671875,3446.0,3504.0,3414.0,3439.5,529995
2022-02-25,3223.250244140625,3422.75,3444.0,3350.39990234375,3435.0,722637
2022-02-28,3227.67626953125,3427.449951171875,3440.0,3327.35009765625,3405.0,426929
2022-03-02,3194.05712890625,3391.75,3420.949951171875,3371.75,3420.949951171875,416582
2022-03-03,3170.184814453125,3366.39990234375,3439.550048828125,3350.0,3405.0,429892
2022-03-04,3174.84619140625,3371.35009765625,3394.85009765625,3275.0,3350.0,331936
2022-03-07,2969.64697265625,3153.449951171875,3300.550048828125,3138.550048828125,3300.0,711477
2022-03-08,2932.260498046875,3113.75,3180.0,3050.0,3115.0,541966
2022-03-09,2941.77197265625,3123.85009765625,3170.0,3093.699951171875,3144.0,483468
2022-03-10,3035.095947265625,3222.949951171875,3248.0,3144.800048828125,3225.0,490457
2022-03-11,3013.38916015625,3199.89990234375,3256.60009765625,3192.800048828125,3250.0,362091
2022-03-14,3000.158447265625,3185.85009765625,3215.0,3145.10009765625,3199.89990234375,335292
2022-03-15,3035.001953125,3222.85009765625,3249.0,3181.64990234375,3186.0,258636
2022-03-16,3120.50927734375,3313.64990234375,3318.35009765625,3232.25,3244.0,239522
2022-03-17,3160.34375,3355.949951171875,3362.0,3300.550048828125,3322.0,436218
2022-03-21,3048.844970703125,3237.550048828125,3350.0,3230.0,3350.0,354460
2022-03-22,2974.308349609375,3158.39990234375,3250.0,3132.25,3230.0,583821
2022-03-23,2921.430908203125,3102.25,3173.85009765625,3092.0,3167.39990234375,1044283
2022-03-24,2922.93798828125,3103.85009765625,3130.0,3080.550048828125,3087.0,459226
2022-03-25,2914.132568359375,3094.5,3122.75,3074.10009765625,3110.0,339040
2022-03-28,2914.415283203125,3094.800048828125,3118.949951171875,3060.050048828125,3094.5,310240
2022-03-29,2922.890625,3103.800048828125,3134.0,3090.199951171875,3112.0,359318
2022-03-30,2964.89111328125,3148.39990234375,3160.0,3114.64990234375,3123.64990234375,450273
2022-03-31,3019.51025390625,3206.39990234375,3218.5,3147.300048828125,3149.300048828125,413897
2022-04-01,3042.34716796875,3230.64990234375,3237.89990234375,3191.64990234375,3210.0,260712
2022-04-04,3079.403564453125,3270.0,3276.39990234375,3215.0,3230.0,275388
2022-04-05,3110.8564453125,3303.39990234375,3314.949951171875,3271.89990234375,3280.0,236853
2022-04-06,3091.175048828125,3282.5,3295.0,3254.64990234375,3282.0,245111
2022-04-07,3102.098876953125,3294.10009765625,3322.0,3265.64990234375,3275.0,302703
2022-04-08,3152.76318359375,3347.89990234375,3354.300048828125,3287.0,3287.0,168952
2022-04-11,3155.352783203125,3350.64990234375,3370.0,3297.050048828125,3347.89990234375,186130
2022-04-12,3149.184814453125,3344.10009765625,3364.89990234375,3302.300048828125,3340.0,238043
2022-04-13,3154.410888671875,3349.64990234375,3388.0,3340.0,3340.0,205852
2022-04-18,3148.99609375,3343.89990234375,3367.89990234375,3306.050048828125,3345.0,197878
2022-04-19,3077.42578125,3267.89990234375,3388.0,3245.300048828125,3343.89990234375,296680
2022-04-20,3111.610107421875,3304.199951171875,3335.0,3242.0,3266.0,235572
2022-04-21,3164.0634765625,3359.89990234375,3369.949951171875,3274.39990234375,3297.0,152205
2022-04-22,3168.01904296875,3364.10009765625,3377.5,3325.0,3341.300048828125,148494
2022-04-25,3103.793701171875,3295.89990234375,3347.050048828125,3132.050048828125,3280.0,630312
2022-04-26,3176.117431640625,3372.699951171875,3402.0,3301.300048828125,3308.300048828125,398545
2022-04-27,3143.675537109375,3338.25,3384.699951171875,3312.14990234375,3350.0,248769
2022-04-28,3162.179931640625,3357.89990234375,3391.550048828125,3263.10009765625,3270.0,322548
2022-04-29,3088.114501953125,3279.25,3370.89990234375,3266.5,3360.10009765625,259398
2022-05-02,3080.6279296875,3271.300048828125,3284.89990234375,3203.0,3242.0,215783
2022-05-04,3188.12451171875,3385.449951171875,3596.0,3328.14990234375,3340.0,2871830
2022-05-05,3085.995849609375,3277.0,3423.550048828125,3260.0,3410.0,623098
2022-05-06,3115.000732421875,3307.800048828125,3323.85009765625,3187.10009765625,3245.0,560373
2022-05-09,3062.5,3252.050048828125,3338.300048828125,3225.0,3282.5,403409
2022-05-10,3057.320556640625,3246.550048828125,3320.60009765625,3235.0,3261.0,285192
2022-05-11,3069.844970703125,3259.85009765625,3283.800048828125,3195.0,3240.0,269579
2022-05-12,3029.351806640625,3216.85009765625,3239.949951171875,3156.89990234375,3225.5,310942
2022-05-13,3087.407958984375,3278.5,3321.0,3225.0,3225.0,326757
2022-05-16,3093.434814453125,3284.89990234375,3337.949951171875,3253.39990234375,3337.0,270772
2022-05-17,3172.4921875,3368.85009765625,3382.89990234375,3285.449951171875,3289.0,277190
2022-05-18,3196.505615234375,3394.35009765625,3432.64990234375,3350.0,3350.0,435712
2022-05-19,3137.8369140625,3332.050048828125,3388.60009765625,3308.050048828125,3365.0,394058
2022-05-20,3249.147216796875,3450.25,3463.800048828125,3352.0,3360.0,525530
2022-05-23,3283.802734375,3487.050048828125,3538.0,3451.25,3451.25,524978
2022-05-24,3268.170166015625,3470.449951171875,3518.0,3440.0,3515.0,230532
2022-05-25,3311.535888671875,3516.5,3525.0,3472.14990234375,3491.699951171875,286553
2022-05-26,3353.395263671875,3560.949951171875,3577.85009765625,3513.5,3550.0,545260
2022-05-27,3350.24072265625,3557.60009765625,3583.35009765625,3510.25,3583.0,165721
2022-05-30,3367.80322265625,3576.25,3617.64990234375,3541.60009765625,3561.39990234375,213495
2022-05-31,3435.182861328125,3647.800048828125,3700.0,3555.25,3576.60009765625,562987
2022-06-01,3344.3076171875,3551.300048828125,3669.75,3533.0,3649.10009765625,241386
2022-06-02,3368.556884765625,3577.050048828125,3583.800048828125,3505.75,3570.0,213099
2022-06-03,3324.2490234375,3530.0,3597.10009765625,3493.0,3575.0,271462
2022-06-06,3288.4169921875,3491.949951171875,3535.0,3450.050048828125,3530.0,153889
2022-06-07,3186.240966796875,3383.449951171875,3478.89990234375,3354.0,3465.0,338018
2022-06-08,3165.570556640625,3361.5,3402.60009765625,3310.0,3385.0,320103
2022-06-09,3152.151123046875,3347.25,3382.050048828125,3306.0,3361.14990234375,347351
2022-06-10,3164.958251953125,3360.85009765625,3372.25,3301.10009765625,3316.0,503822
2022-06-13,3163.216064453125,3359.0,3375.0,3310.949951171875,3339.0,463899
2022-06-14,3185.676025390625,3382.85009765625,3393.0,3330.050048828125,3359.550048828125,224645
2022-06-15,3188.0771484375,3385.39990234375,3402.89990234375,3352.050048828125,3388.0,245702
2022-06-16,3192.78564453125,3390.39990234375,3431.89990234375,3372.050048828125,3400.10009765625,481507
2022-06-17,3137.8837890625,3332.10009765625,3390.39990234375,3300.300048828125,3390.39990234375,527370
2022-06-20,3236.5537109375,3378.60009765625,3399.89990234375,3270.949951171875,3300.0,364703
2022-06-21,3285.121826171875,3429.300048828125,3472.85009765625,3375.050048828125,3378.60009765625,223641
2022-06-22,3260.550048828125,3403.64990234375,3454.89990234375,3386.199951171875,3412.0,170854
2022-06-23,3268.0224609375,3411.449951171875,3447.85009765625,3390.5,3414.949951171875,351311
2022-06-24,3323.48828125,3469.35009765625,3504.949951171875,3429.0,3429.0,301133
2022-06-27,3313.6689453125,3459.10009765625,3505.949951171875,3447.25,3502.0,419730
2022-06-28,3290.294677734375,3434.699951171875,3469.89990234375,3388.050048828125,3455.0,182574
2022-06-29,3261.029296875,3404.14990234375,3455.60009765625,3360.0,3434.699951171875,374478
2022-06-30,3320.662109375,3466.39990234375,3483.14990234375,3380.0,3380.0,479308
2022-07-01,3433.653076171875,3584.35009765625,3600.0,3412.0,3412.0,292487
2022-07-04,3544.8720703125,3700.449951171875,3713.449951171875,3575.0,3575.0,614359
2022-07-05,3502.865478515625,3656.60009765625,3714.0,3636.0,3709.0,612519
2022-07-06,3669.74169921875,3830.800048828125,3840.89990234375,3642.25,3650.14990234375,1043070
2022-07-07,3650.0556640625,3810.25,3882.10009765625,3799.85009765625,3828.0,519620
2022-07-08,3656.473876953125,3816.949951171875,3850.949951171875,3792.5,3830.0,379513
2022-07-11,3635.830078125,3795.39990234375,3840.39990234375,3780.0,3829.199951171875,208602
2022-07-12,3568.868896484375,3725.5,3787.85009765625,3716.14990234375,3783.0,283587
2022-07-13,3569.34765625,3726.0,3762.10009765625,3712.10009765625,3731.050048828125,164377
2022-07-14,3615.473388671875,3774.14990234375,3789.0,3713.050048828125,3726.0,265732
2022-07-15,3687.08056640625,3848.89990234375,3862.800048828125,3779.10009765625,3785.0,660790
2022-07-18,3616.239501953125,3774.949951171875,3880.0,3759.0,3860.0,455399
2022-07-19,3628.21435546875,3787.449951171875,3797.10009765625,3742.300048828125,3774.949951171875,228968
2022-07-20,3667.3466796875,3828.300048828125,3849.0,3793.85009765625,3805.0,440495
2022-07-21,3693.4033203125,3855.5,3865.75,3821.0,3844.0,282104
2022-07-22,3708.682861328125,3871.449951171875,3929.0,3843.64990234375,3860.0,433423
2022-07-25,3722.525146484375,3885.89990234375,3915.0,3850.0,3871.449951171875,290157
2022-07-26,3647.0859375,3807.14990234375,3900.0,3795.5,3900.0,267527
2022-07-27,3692.493408203125,3854.550048828125,3863.89990234375,3781.14990234375,3800.0,200264
2022-07-28,3706.671142578125,3869.35009765625,3882.0,3836.39990234375,3863.5,316008
2022-07-29,3736.41552734375,3900.39990234375,3949.35009765625,3876.89990234375,3883.0,418970
2022-08-01,3693.546875,3855.64990234375,3916.0,3838.199951171875,3900.39990234375,323129
2022-08-02,3628.884765625,3788.14990234375,3909.0,3758.10009765625,3875.0,355859
2022-08-03,3611.498046875,3770.0,3793.35009765625,3726.050048828125,3780.0,428088
2022-08-04,3616.335693359375,3775.050048828125,3792.0,3726.0,3762.75,506667
2022-08-05,3533.041259765625,3688.10009765625,3835.89990234375,3678.85009765625,3745.0,798850
2022-08-08,3478.72509765625,3631.39990234375,3701.89990234375,3612.800048828125,3688.10009765625,310094
2022-08-10,3494.387451171875,3647.75,3674.800048828125,3624.050048828125,3640.0,191222
2022-08-11,3487.2509765625,3640.300048828125,3682.800048828125,3632.199951171875,3666.0,167070
2022-08-12,3505.883056640625,3659.75,3667.300048828125,3607.64990234375,3650.0,228587
2022-08-16,3535.29248046875,3690.449951171875,3723.949951171875,3675.0,3678.050048828125,239514
2022-08-17,3549.422119140625,3705.199951171875,3714.949951171875,3681.14990234375,3693.0,353941
2022-08-18,3537.783203125,3693.050048828125,3726.949951171875,3681.050048828125,3712.0,232262
2022-08-19,3508.565673828125,3662.550048828125,3709.449951171875,3642.449951171875,3693.050048828125,177955
2022-08-22,3521.880859375,3676.449951171875,3733.0,3635.050048828125,3662.550048828125,366371
2022-08-23,3524.036376953125,3678.699951171875,3704.949951171875,3638.0,3650.0,189150
2022-08-24,3505.30810546875,3659.14990234375,3688.0,3636.449951171875,3677.0,187721
2022-08-25,3493.2861328125,3646.60009765625,3678.199951171875,3640.0,3677.449951171875,208578
2022-08-26,3496.686767578125,3650.14990234375,3668.0,3627.10009765625,3664.85009765625,220796
2022-08-29,3551.76904296875,3707.64990234375,3730.0,3585.25,3618.0,525684
2022-08-30,3590.183349609375,3747.75,3766.14990234375,3717.0,3717.0,467342
2022-09-01,3561.82763671875,3718.14990234375,3745.39990234375,3672.10009765625,3730.0,314888
2022-09-02,3548.51220703125,3704.25,3758.89990234375,3700.0,3736.75,202152
2022-09-05,3508.61328125,3662.60009765625,3715.0,3658.10009765625,3681.0,234232
2022-09-06,3457.075439453125,3608.800048828125,3692.60009765625,3595.0,3672.0,390746
2022-09-07,3513.690185546875,3667.89990234375,3674.800048828125,3588.0,3600.0,287734
2022-09-08,3518.24072265625,3672.64990234375,3687.0,3632.89990234375,3683.0,384831
2022-09-09,3496.06396484375,3649.5,3700.0,3641.85009765625,3685.5,134487
2022-09-12,3496.06396484375,3649.5,3649.5,3649.5,3649.5,0
2022-09-13,3599.71484375,3757.699951171875,3765.0,3665.0,3665.0,398871
2022-09-14,3589.46484375,3747.0,3761.699951171875,3708.0,3708.0,389253
2022-09-15,3565.0849609375,3721.550048828125,3789.0,3713.050048828125,3765.0,311462
2022-09-16,3486.5322265625,3639.550048828125,3741.39990234375,3621.10009765625,3703.550048828125,559137
2022-09-19,3441.31689453125,3592.35009765625,3642.14990234375,3564.10009765625,3635.0,211795
2022-09-20,3497.117919921875,3650.60009765625,3665.0,3602.0,3610.35009765625,346604
2022-09-21,3607.33056640625,3765.64990234375,3789.0,3637.0,3646.0,773841
2022-09-22,3665.095458984375,3825.949951171875,3835.449951171875,3751.0,3764.0,687172
2022-09-23,3637.0751953125,3796.699951171875,3842.800048828125,3782.35009765625,3825.949951171875,326581
2022-09-26,3628.26220703125,3787.5,3827.85009765625,3775.5,3796.699951171875,626882
2022-09-27,3663.37109375,3824.14990234375,3889.800048828125,3800.0,3806.449951171875,584760
2022-09-28,3691.199951171875,3853.199951171875,3868.0,3795.60009765625,3817.89990234375,364917
2022-09-29,3702.02490234375,3864.5,3873.0,3810.0,3871.449951171875,450207
2022-09-30,3681.4765625,3843.050048828125,3887.64990234375,3820.050048828125,3870.0,309896
2022-10-03,3610.49169921875,3768.949951171875,3878.199951171875,3753.800048828125,3862.0,251830
2022-10-04,3657.62353515625,3818.14990234375,3826.64990234375,3775.550048828125,3807.0,153835
2022-10-06,3609.151123046875,3767.550048828125,3847.64990234375,3760.699951171875,3837.25,308216
2022-10-07,3626.489990234375,3785.64990234375,3795.0,3732.25,3776.0,318472
2022-10-10,3638.177001953125,3797.85009765625,3812.0,3717.0,3750.0,185199
2022-10-11,3571.167724609375,3727.89990234375,3820.699951171875,3718.0,3816.85009765625,202644
2022-10-12,3604.792236328125,3763.0,3774.39990234375,3726.35009765625,3746.550048828125,271156
2022-10-13,3625.484130859375,3784.60009765625,3794.0,3748.89990234375,3771.5,156770
2022-10-14,3636.644287109375,3796.25,3814.89990234375,3769.25,3800.10009765625,350141
2022-10-17,3618.874267578125,3777.699951171875,3801.89990234375,3752.550048828125,3801.89990234375,93315
2022-10-18,3608.48046875,3766.85009765625,3804.949951171875,3748.60009765625,3796.60009765625,189866
2022-10-19,3610.060791015625,3768.5,3789.5,3742.0,3770.0,182278
2022-10-20,3630.80078125,3790.14990234375,3802.89990234375,3747.64990234375,3763.0,230082
2022-10-21,3633.24365234375,3792.699951171875,3814.550048828125,3761.60009765625,3793.0,404955
2022-10-24,3633.24365234375,3792.699951171875,3792.699951171875,3792.699951171875,3792.699951171875,0
2022-10-25,3556.990478515625,3713.10009765625,3804.89990234375,3690.0,3804.0,228569
2022-10-27,3597.416259765625,3755.300048828125,3769.89990234375,3701.300048828125,3714.0,317971
2022-10-28,3618.874267578125,3777.699951171875,3792.0,3732.0,3767.0,215005
2022-10-31,3608.193115234375,3766.550048828125,3800.0,3739.35009765625,3788.0,198318
2022-11-01,3628.7412109375,3788.0,3808.60009765625,3755.050048828125,3780.0,338873
2022-11-02,3567.384033203125,3723.949951171875,3794.39990234375,3714.300048828125,3788.0,185469
2022-11-03,3596.218505859375,3754.050048828125,3760.550048828125,3705.449951171875,3707.0,140994
2022-11-04,3644.260009765625,3804.199951171875,3814.949951171875,3746.14990234375,3748.050048828125,258490
2022-11-07,3965.223388671875,4139.25,4190.0,3930.050048828125,3930.050048828125,3142443
2022-11-09,3999.805908203125,4175.35009765625,4237.0,4140.0,4140.0,1198458
2022-11-10,3960.816650390625,4134.64990234375,4189.64990234375,4108.2998046875,4152.60009765625,417581
2022-11-11,3926.33056640625,4098.64990234375,4177.0,4085.0,4155.35009765625,344558
2022-11-14,3931.40771484375,4103.9501953125,4153.5,4074.60009765625,4100.0,336120
2022-11-15,3965.3193359375,4139.35009765625,4153.60009765625,4083.25,4124.5,325881
2022-11-16,3957.79931640625,4131.5,4145.0,4093.75,4126.75,149924
2022-11-17,3951.764404296875,4125.2001953125,4150.0,4105.14990234375,4120.0,238478
2022-11-18,3933.419189453125,4106.0498046875,4138.0,4061.10009765625,4138.0,281217
2022-11-21,3946.83056640625,4120.0498046875,4149.0,4095.10009765625,4118.0,288522
2022-11-22,3982.802001953125,4157.60009765625,4164.25,4107.60009765625,4133.9501953125,319387
2022-11-23,3980.454833984375,4155.14990234375,4194.0498046875,4139.5,4160.0,247440
2022-11-24,4014.989501953125,4191.2001953125,4209.5498046875,4155.14990234375,4172.0,231515
2022-11-25,4007.804931640625,4183.7001953125,4212.0,4148.2998046875,4212.0,244021
2022-11-28,4035.92041015625,4213.0498046875,4229.2998046875,4161.0,4168.85009765625,222792
2022-11-29,4105.18115234375,4285.35009765625,4302.0,4225.0,4225.0,598884
2022-11-30,4178.8955078125,4362.2998046875,4387.89990234375,4290.0498046875,4297.9501953125,1101544
2022-12-01,4216.2080078125,4401.25,4410.5,4335.35009765625,4364.5498046875,501703
2022-12-02,4246.52734375,4432.89990234375,4444.0498046875,4380.2998046875,4400.0,530333
2022-12-05,4218.22021484375,4403.35009765625,4427.64990234375,4370.0,4422.85009765625,212913
2022-12-06,4238.3369140625,4424.35009765625,4451.64990234375,4382.0498046875,4398.89990234375,349352
2022-12-07,4208.83154296875,4393.5498046875,4435.0,4383.35009765625,4424.35009765625,252294
2022-12-08,4210.12548828125,4394.89990234375,4442.64990234375,4384.2001953125,4393.5498046875,282421
2022-12-09,4224.8779296875,4410.2998046875,4426.39990234375,4384.2001953125,4402.0,233437
2022-12-12,4246.19189453125,4432.5498046875,4439.0498046875,4384.0,4419.0498046875,233360
2022-12-13,4240.4443359375,4426.5498046875,4452.0,4410.0,4452.0,158169
2022-12-14,4224.30322265625,4409.7001953125,4446.0,4390.10009765625,4440.0,195654
2022-12-15,4277.70947265625,4465.4501953125,4485.0,4412.0,4428.2998046875,370501
2022-12-16,4257.83154296875,4444.7001953125,4477.14990234375,4416.7001953125,4459.5,346508
2022-12-19,4336.19189453125,4526.5,4537.0,4423.5,4455.0,330662
2022-12-20,4319.47607421875,4509.0498046875,4533.9501953125,4467.0498046875,4529.0,206833
2022-12-21,4233.068359375,4418.85009765625,4530.0,4406.14990234375,4509.0498046875,303234
2022-12-22,4206.8203125,4391.4501953125,4446.35009765625,4377.0,4444.0,243325
2022-12-23,4149.7744140625,4331.89990234375,4398.9501953125,4324.10009765625,4375.14990234375,224215
2022-12-26,4191.39697265625,4375.35009765625,4399.89990234375,4313.7998046875,4315.5,166686
2022-12-27,4185.5537109375,4369.25,4400.0,4350.0,4380.7001953125,138087
2022-12-28,4201.5517578125,4385.9501953125,4407.4501953125,4362.0,4362.0,159245
2022-12-29,4165.484375,4348.2998046875,4389.75,4296.5498046875,4375.0,244626
2022-12-30,4126.35205078125,4307.4501953125,4374.9501953125,4298.5498046875,4355.2001953125,117753
2023-01-02,4111.6953125,4292.14990234375,4379.9501953125,4275.10009765625,4379.9501953125,255314
2023-01-03,4063.509765625,4241.85009765625,4295.64990234375,4206.2998046875,4255.10009765625,496975
2023-01-04,4056.9482421875,4235.0,4276.0,4216.35009765625,4254.9501953125,216319
2023-01-05,4131.8603515625,4313.2001953125,4387.0,4235.0,4235.0,686633
2023-01-06,4175.78173828125,4359.0498046875,4369.0,4310.0,4313.2001953125,297438
2023-01-09,4180.8115234375,4364.2998046875,4387.89990234375,4336.2001953125,4380.0,170110
2023-01-10,4144.9365234375,4326.85009765625,4363.0,4317.2998046875,4360.0,235445
2023-01-11,4132.91357421875,4314.2998046875,4358.64990234375,4298.0,4326.0,224668
2023-01-12,4118.49658203125,4299.25,4340.89990234375,4284.0,4319.2998046875,248083
2023-01-13,4153.79736328125,4336.10009765625,4370.7001953125,4287.4501953125,4304.0,183772
2023-01-16,4128.41162109375,4309.60009765625,4346.4501953125,4300.0,4336.10009765625,84814
2023-01-17,4178.65625,4362.0498046875,4372.9501953125,4291.75,4309.0,169798
2023-01-18,4208.9755859375,4393.7001953125,4422.0,4355.5498046875,4360.0,192855
2023-01-19,4188.5712890625,4372.39990234375,4399.9501953125,4357.10009765625,4379.7998046875,139431
2023-01-20,4137.36865234375,4318.9501953125,4362.0,4312.85009765625,4362.0,154486
2023-01-23,4155.47412109375,4337.85009765625,4357.4501953125,4319.14990234375,4330.0,119143
2023-01-24,4211.2265625,4396.0498046875,4408.9501953125,4323.2001953125,4350.7998046875,135586
2023-01-25,4203.65869140625,4388.14990234375,4444.0,4360.0,4384.0,288089
2023-01-27,4196.23486328125,4380.39990234375,4439.0,4353.7998046875,4435.0,340484
2023-01-30,4221.47705078125,4406.75,4418.0,4320.0,4396.5,218721
2023-01-31,4136.0751953125,4317.60009765625,4418.0,4264.0,4418.0,605699
2023-02-01,4187.18212890625,4370.9501953125,4444.5,4326.85009765625,4329.89990234375,622541
2023-02-02,4380.78515625,4573.0498046875,4596.0,4370.0,4518.9501953125,1669243
2023-02-03,4434.23974609375,4628.85009765625,4659.75,4570.10009765625,4590.0,517467
2023-02-06,4431.173828125,4625.64990234375,4635.2998046875,4600.0,4605.0,315190
2023-02-07,4413.1640625,4606.85009765625,4664.0,4596.7001953125,4639.0,327040
2023-02-08,4401.62060546875,4594.7998046875,4640.25,4578.0,4604.9501953125,252710
2023-02-09,4442.38232421875,4637.35009765625,4656.10009765625,4575.14990234375,4594.85009765625,284415
2023-02-10,4428.34814453125,4622.7001953125,4669.2001953125,4597.0498046875,4660.0,207919
2023-02-13,4395.10693359375,4588.0,4636.0,4579.0,4600.0,185536
2023-02-14,4406.45849609375,4599.85009765625,4624.0,4581.0,4590.2998046875,245495
2023-02-15,4395.53759765625,4588.4501953125,4599.85009765625,4530.2001953125,4599.85009765625,197822
2023-02-16,4379.779296875,4572.0,4617.89990234375,4567.0,4597.0,160313
2023-02-17,4342.658203125,4533.25,4588.0,4514.7998046875,4570.0,203456
2023-02-20,4266.548828125,4453.7998046875,4545.0,4444.0,4535.25,308681
2023-02-21,4314.015625,4503.35009765625,4527.85009765625,4450.60009765625,4454.9501953125,229380
2023-02-22,4295.95849609375,4484.5,4540.89990234375,4477.7001953125,4505.0,262918
2023-02-23,4264.34521484375,4451.5,4496.0,4424.7998046875,4490.0,210031
2023-02-24,4255.771484375,4442.5498046875,4495.5498046875,4419.64990234375,4460.0,234456
2023-02-27,4203.7548828125,4388.25,4470.0,4375.0,4428.5498046875,162723
2023-02-28,4274.1650390625,4461.75,4475.25,4380.0,4390.0,349283
2023-03-01,4195.65966796875,4379.7998046875,4454.5498046875,4355.14990234375,4439.0,331092
2023-03-02,4209.455078125,4394.2001953125,4405.0,4343.0498046875,4390.0,147032
2023-03-03,4226.45849609375,4411.9501953125,4444.75,4380.39990234375,4400.0,212204
2023-03-06,4138.23046875,4319.85009765625,4389.0,4279.89990234375,4389.0,681562
2023-03-08,4157.1982421875,4339.64990234375,4370.0,4305.75,4319.85009765625,228626
2023-03-09,4111.26416015625,4291.7001953125,4350.0,4275.2001953125,4339.64990234375,242653
2023-03-10,4129.75244140625,4311.0,4361.75,4282.75,4307.39990234375,367075
2023-03-13,4126.49560546875,4307.60009765625,4346.0498046875,4290.0,4309.0,282671
2023-03-14,4112.46142578125,4292.9501953125,4343.89990234375,4277.0,4315.0,197998
2023-03-15,4064.70751953125,4243.10009765625,4323.64990234375,4237.60009765625,4315.0,195193
2023-03-16,4129.9443359375,4311.2001953125,4320.0,4250.0,4263.9501953125,260044
2023-03-17,4179.13525390625,4362.5498046875,4370.0,4305.60009765625,4325.9501953125,294948
2023-03-20,4149.72607421875,4331.85009765625,4366.60009765625,4262.5,4364.60009765625,176552
2023-03-21,4085.399658203125,4264.7001953125,4386.0,4260.0,4355.0,231876
2023-03-22,4066.0009765625,4244.4501953125,4279.0,4230.0,4279.0,146015
2023-03-23,4064.324462890625,4242.7001953125,4255.5,4196.75,4250.0,197372
2023-03-24,4023.37158203125,4199.9501953125,4242.0,4189.85009765625,4242.0,198393
2023-03-27,4037.59716796875,4214.7998046875,4245.2998046875,4198.7998046875,4224.0498046875,283791
2023-03-28,4023.41943359375,4200.0,4229.5,4153.0,4229.5,224554
2023-03-29,4096.416015625,4276.2001953125,4297.9501953125,4198.9501953125,4205.0,316461
2023-03-31,4140.43408203125,4322.14990234375,4333.7998046875,4257.0498046875,4277.4501953125,244995
2023-04-03,4142.25390625,4324.0498046875,4346.0,4282.35009765625,4344.0,365323
2023-04-05,4145.60693359375,4327.5498046875,4358.89990234375,4295.0,4334.0,390846
2023-04-06,4119.02294921875,4299.7998046875,4327.7998046875,4288.2998046875,4327.7998046875,208718
2023-04-10,4087.02783203125,4266.39990234375,4299.7998046875,4243.0,4299.7998046875,253654
2023-04-11,4097.517578125,4277.35009765625,4305.2998046875,4258.25,4266.39990234375,248398
2023-04-12,4091.7216796875,4271.2998046875,4298.7998046875,4263.0,4277.35009765625,325329
2023-04-13,4154.958984375,4264.2001953125,4350.0,4222.5498046875,4239.0,454438
2023-04-17,4227.453125,4338.60009765625,4405.0,4259.7001953125,4278.0,631457
2023-04-18,4191.64453125,4301.85009765625,4374.89990234375,4290.0,4350.9501953125,190132
2023-04-19,4183.849609375,4293.85009765625,4326.0,4270.4501953125,4326.0,347248
2023-04-20,4147.35888671875,4256.39990234375,4318.5,4246.2998046875,4295.0,164008
2023-04-21,4216.92919921875,4327.7998046875,4335.0,4248.2998046875,4259.0,273401
2023-04-24,4200.56005859375,4311.0,4339.4501953125,4297.0,4327.7998046875,182843
2023-04-25,4289.7646484375,4402.5498046875,4411.0,4311.0,4313.0,353719
2023-04-26,4292.15185546875,4405.0,4422.85009765625,4370.7998046875,4400.0,306037
2023-04-27,4302.72412109375,4415.85009765625,4429.35009765625,4397.0,4407.0,179769
2023-04-28,4436.896484375,4553.5498046875,4564.85009765625,4408.64990234375,4415.9501953125,482939
2023-05-02,4395.4853515625,4511.0498046875,4605.75,4500.0,4565.25,261449
2023-05-03,4411.1240234375,4527.10009765625,4548.0,4443.35009765625,4490.0,525015
2023-05-04,4469.5380859375,4587.0498046875,4596.0,4510.0,4527.0498046875,244670
2023-05-05,4507.490234375,4626.0,4636.9501953125,4584.39990234375,4594.64990234375,332347
2023-05-08,4480.59716796875,4598.39990234375,4700.0,4573.5498046875,4640.0,831450
2023-05-09,4477.4306640625,4595.14990234375,4633.25,4582.5498046875,4624.0,367650
2023-05-10,4486.97998046875,4604.9501953125,4667.7998046875,4586.5,4629.7001953125,368807
2023-05-11,4516.40576171875,4635.14990234375,4652.0,4605.0,4610.2001953125,282060
2023-05-12,4498.23388671875,4616.5,4675.0,4601.85009765625,4634.0,311033
2023-05-15,4512.21630859375,4630.85009765625,4679.0,4621.4501953125,4647.85009765625,276965
2023-05-16,4488.87939453125,4606.89990234375,4660.2001953125,4565.0,4632.0,263119
2023-05-17,4513.2392578125,4631.89990234375,4639.2001953125,4583.64990234375,4610.0,268353
2023-05-18,4447.41943359375,4564.35009765625,4655.5,4558.0,4650.0,155214
2023-05-19,4384.572265625,4499.85009765625,4593.10009765625,4484.14990234375,4588.0,367664
2023-05-22,4383.6953125,4498.9501953125,4540.25,4485.0,4500.0,172174
2023-05-23,4405.8134765625,4521.64990234375,4581.5498046875,4486.0,4487.0,297514
2023-05-24,4404.0107421875,4519.7998046875,4569.89990234375,4501.35009765625,4538.2001953125,302733
2023-05-25,4446.396484375,4563.2998046875,4705.4501953125,4533.25,4580.0,861989
2023-05-26,4478.4541015625,4596.2001953125,4624.2001953125,4563.14990234375,4582.0,231911
2023-05-29,4458.04052734375,4575.25,4625.10009765625,4566.0,4611.4501953125,194968
2023-05-30,4456.091796875,4573.25,4623.5,4563.0,4583.0,199772
2023-05-31,4537.74462890625,4657.0498046875,4683.2998046875,4565.25,4571.0,1536463
2023-06-01,4516.50341796875,4635.25,4655.0,4587.5498046875,4655.0,188427
2023-06-02,4534.91943359375,4654.14990234375,4718.7001953125,4635.35009765625,4637.0,359550
2023-06-05,4562.640625,4682.60009765625,4712.5,4657.0498046875,4659.89990234375,349558
2023-06-06,4584.8564453125,4705.39990234375,4717.7001953125,4673.0498046875,4682.60009765625,185910
2023-06-07,4767.79638671875,4893.14990234375,4907.9501953125,4715.0,4715.0,1390193
2023-06-08,4750.15966796875,4875.0498046875,4914.75,4856.5,4901.89990234375,381452
2023-06-09,4753.76513671875,4878.75,4980.0,4836.10009765625,4886.2998046875,820375
2023-06-12,4774.71484375,4900.25,4910.0,4865.0,4899.0,233763
2023-06-13,4813.5439453125,4940.10009765625,4951.64990234375,4892.2998046875,4904.9501953125,326814
2023-06-14,4815.0537109375,4941.64990234375,4977.0,4922.0,4947.0,234174
2023-06-15,4847.98828125,4975.4501953125,5019.89990234375,4914.2998046875,4950.0,452909
2023-06-16,4915.46435546875,5044.7001953125,5058.60009765625,4970.0,4975.4501953125,407485
2023-06-19,4892.419921875,5021.0498046875,5064.39990234375,5002.2998046875,5050.0,197576
2023-06-20,4926.9130859375,5056.4501953125,5062.5,5008.0498046875,5021.0498046875,251372
2023-06-21,4939.67724609375,5069.5498046875,5085.25,5045.64990234375,5070.60009765625,272200
2023-06-22,4859.29052734375,4987.0498046875,5071.89990234375,4975.0,5065.0,145196
2023-06-23,4843.45703125,4970.7998046875,4986.9501953125,4945.2998046875,4972.0498046875,191942
2023-06-26,4880.8740234375,5009.2001953125,5022.0,4952.2998046875,4978.9501953125,179192
2023-06-27,4827.3310546875,4954.25,5037.7998046875,4949.14990234375,5000.5498046875,175475
2023-06-28,4864.26025390625,4992.14990234375,5019.9501953125,4959.89990234375,4989.0,253814
2023-06-30,4895.830078125,5024.5498046875,5032.35009765625,4955.0498046875,4990.2001953125,196106
2023-07-03,4879.99609375,5008.2998046875,5048.60009765625,4990.10009765625,5035.0,139105
2023-07-04,4881.798828125,5010.14990234375,5024.89990234375,4972.5498046875,5008.2998046875,121493
2023-07-05,4965.54736328125,5096.10009765625,5115.39990234375,4960.5,5024.7998046875,186513
2023-07-06,5041.01318359375,5173.5498046875,5270.35009765625,5121.0,5199.0,966410
2023-07-07,4925.0126953125,5054.5,5189.5498046875,5042.89990234375,5173.5498046875,224712
2023-07-10,4902.943359375,5031.85009765625,5099.4501953125,4991.5,5073.0,308544
2023-07-11,4953.65966796875,5083.89990234375,5157.2001953125,5050.0,5050.0,385742
2023-07-12,4943.916015625,5073.89990234375,5114.85009765625,5042.35009765625,5083.89990234375,180640
2023-07-13,4959.94482421875,5090.35009765625,5148.0,5071.4501953125,5089.89990234375,232034
2023-07-14,5001.697265625,5133.2001953125,5150.0,5085.10009765625,5118.0,220335
2023-07-17,5011.6845703125,5143.4501953125,5199.0,5121.10009765625,5149.9501953125,272290
2023-07-18,4934.41552734375,5064.14990234375,5160.5498046875,5052.0,5150.0,189358
2023-07-19,4936.12060546875,5065.89990234375,5144.0,5050.10009765625,5081.9501953125,353528
2023-07-20,4923.11279296875,5052.5498046875,5094.0,5016.0498046875,5070.0,327126
2023-07-21,4917.705078125,5047.0,5108.9501953125,5000.0,5061.5498046875,438176
2023-07-24,4841.60546875,4968.89990234375,5048.0,4944.2001953125,5047.0,224646
2023-07-25,4760.43994140625,4885.60009765625,5007.0,4875.0,5007.0,396810
2023-07-26,4855.9296875,4983.60009765625,4994.9501953125,4880.0,4900.0,231869
2023-07-27,4748.55224609375,4873.39990234375,5016.0,4763.7998046875,4965.0,558492
2023-07-28,4777.7353515625,4903.35009765625,4959.39990234375,4851.0,4904.0,357681
2023-07-31,4671.13818359375,4793.9501953125,4910.39990234375,4765.25,4905.10009765625,800189
2023-08-01,4693.9384765625,4817.35009765625,4843.5,4750.10009765625,4825.10009765625,413904
2023-08-02,4686.24072265625,4809.4501953125,4839.0,4770.0,4839.0,395487
2023-08-03,4676.009765625,4798.9501953125,4818.60009765625,4770.0,4809.9501953125,239070
2023-08-04,4675.57080078125,4798.5,4832.0,4766.64990234375,4790.0,401478
2023-08-07,4540.37548828125,4659.75,4815.0,4618.2001953125,4751.0,1079453
2023-08-08,4487.369140625,4605.35009765625,4677.4501953125,4596.0498046875,4632.75,533341
2023-08-09,4483.033203125,4600.89990234375,4633.35009765625,4575.0,4619.89990234375,912658
2023-08-10,4424.13232421875,4540.4501953125,4618.64990234375,4531.2998046875,4601.0,587011
2023-08-11,4394.75390625,4510.2998046875,4561.0,4489.64990234375,4540.0,1112908
2023-08-14,4384.32861328125,4499.60009765625,4525.0,4455.0,4519.7001953125,557851
2023-08-16,4383.2568359375,4498.5,4512.5498046875,4421.39990234375,4488.60009765625,518358
2023-08-17,4386.27734375,4501.60009765625,4525.0,4472.2998046875,4498.5,394002
2023-08-18,4418.8701171875,4535.0498046875,4554.7998046875,4461.0,4499.0,423415
2023-08-21,4394.94921875,4510.5,4560.0,4498.5,4555.9501953125,244783
2023-08-22,4396.06982421875,4511.64990234375,4524.9501953125,4490.0,4524.7998046875,217446
2023-08-23,4396.84912109375,4512.4501953125,4555.0,4484.7001953125,4555.0,346764
2023-08-24,4426.42138671875,4542.7998046875,4559.5,4515.4501953125,4538.2998046875,357303
2023-08-25,4409.857421875,4525.7998046875,4560.0498046875,4506.2001953125,4544.60009765625,333873
2023-08-28,4395.3876953125,4510.9501953125,4525.7998046875,4485.60009765625,4525.0,343698
2023-08-29,4414.6806640625,4530.75,4540.0,4486.10009765625,4510.9501953125,340257
2023-08-30,4434.21630859375,4550.7998046875,4558.5498046875,4511.7001953125,4552.9501953125,367571
2023-08-31,4353.29443359375,4467.75,4575.0,4442.0,4564.89990234375,874564
2023-09-01,4369.46923828125,4484.35009765625,4491.9501953125,4426.0,4475.0,383124
2023-09-04,4391.734375,4507.2001953125,4511.0,4449.75,4484.35009765625,394391
2023-09-05,4399.28515625,4514.9501953125,4539.0,4485.0,4507.2001953125,453349
2023-09-06,4452.0966796875,4569.14990234375,4590.0,4503.0498046875,4520.0,300673
2023-09-07,4414.6318359375,4530.7001953125,4590.39990234375,4521.0,4590.0,479124
2023-09-08,4424.1806640625,4540.5,4548.60009765625,4513.7998046875,4540.7001953125,278293
2023-09-11,4451.51171875,4568.5498046875,4574.0,4540.0,4540.89990234375,302448
2023-09-12,4450.14794921875,4567.14990234375,4574.39990234375,4508.89990234375,4568.5498046875,321129
2023-09-13,4490.1953125,4608.25,4630.4501953125,4549.10009765625,4567.14990234375,435792
2023-09-14,4457.1640625,4574.35009765625,4631.9501953125,4552.64990234375,4619.0,473085
2023-09-15,4416.7265625,4532.85009765625,4589.25,4518.60009765625,4583.0,408326
2023-09-18,4478.4541015625,4596.2001953125,4603.0,4520.0,4540.0,304844
2023-09-20,4411.416015625,4527.39990234375,4597.0,4507.7001953125,4596.2001953125,357295
2023-09-21,4441.76806640625,4558.5498046875,4565.7001953125,4478.0,4520.0,367638
2023-09-22,4447.7119140625,4564.64990234375,4572.0,4510.0,4558.5498046875,210753
2023-09-25,4452.97314453125,4570.0498046875,4585.0,4510.5498046875,4574.0498046875,498354
2023-09-26,4482.30224609375,4600.14990234375,4609.0,4549.4501953125,4570.25,330231
2023-09-27,4508.80615234375,4627.35009765625,4634.0498046875,4569.0,4601.2001953125,358156
2023-09-28,4408.63916015625,4524.5498046875,4634.2998046875,4505.0498046875,4627.35009765625,390490
2023-09-29,4420.91650390625,4537.14990234375,4560.4501953125,4501.5498046875,4555.0,230125
2023-10-03,4380.28515625,4495.4501953125,4553.25,4486.60009765625,4524.7998046875,543482
2023-10-04,4416.3857421875,4532.5,4540.0,4466.75,4490.0,318564
2023-10-05,4417.74951171875,4533.89990234375,4548.2001953125,4500.0,4540.25,302015
2023-10-06,4422.18359375,4538.4501953125,4549.4501953125,4515.0,4533.85009765625,238131
2023-10-09,4406.6416015625,4522.5,4535.0,4493.5,4511.0,255764
2023-10-10,4413.9013671875,4529.9501953125,4541.9501953125,4503.0,4522.2001953125,222750
2023-10-11,4438.2607421875,4554.9501953125,4568.9501953125,4520.64990234375,4522.0,368192
2023-10-12,4443.912109375,4560.75,4591.60009765625,4531.0,4582.0,518582
2023-10-13,4457.50439453125,4574.7001953125,4582.0,4515.0,4550.0,445822
2023-10-16,4468.56396484375,4586.0498046875,4591.4501953125,4555.0,4559.9501953125,292118
2023-10-17,4482.49755859375,4600.35009765625,4609.89990234375,4562.2001953125,4586.2001953125,196669
2023-10-18,4489.6591796875,4607.7001953125,4623.0,4586.25,4605.0,217179
2023-10-19,4484.5439453125,4602.4501953125,4616.0,4561.7001953125,4600.0498046875,228881
2023-10-20,4462.6689453125,4580.0,4608.0,4558.75,4603.0,351045
2023-10-23,4414.53466796875,4530.60009765625,4600.0,4516.35009765625,4572.7001953125,203004
2023-10-25,4417.603515625,4533.75,4585.60009765625,4470.0,4470.0,330082
2023-10-26,4392.318359375,4507.7998046875,4524.7998046875,4476.75,4517.60009765625,488909
2023-10-27,4398.6513671875,4514.2998046875,4544.0,4491.0,4512.0,382794
2023-10-30,4347.30224609375,4461.60009765625,4508.7001953125,4441.0,4500.0,450526
2023-10-31,4313.10107421875,4426.5,4479.75,4401.89990234375,4460.10009765625,504625
2023-11-01,4284.64892578125,4397.2998046875,4456.0,4347.7001953125,4442.60009765625,395359
2023-11-02,4411.27001953125,4527.25,4568.7998046875,4454.25,4512.10009765625,822845
2023-11-03,4423.2548828125,4539.5498046875,4582.39990234375,4524.14990234375,4528.0,335012
2023-11-06,4505.15185546875,4623.60009765625,4628.14990234375,4546.0498046875,4554.89990234375,205763
2023-11-07,4535.94287109375,4655.2001953125,4670.0,4590.85009765625,4610.10009765625,282612
2023-11-08,4550.9482421875,4670.60009765625,4686.5,4650.5,4670.9501953125,385727
2023-11-09,4532.921875,4652.10009765625,4685.5,4630.5,4670.60009765625,208210
2023-11-10,4562.00732421875,4681.9501953125,4685.85009765625,4621.0,4657.4501953125,142336
2023-11-13,4576.03857421875,4696.35009765625,4703.14990234375,4644.0,4662.2998046875,260394
2023-11-15,4590.11767578125,4710.7998046875,4725.0,4667.39990234375,4723.0,269650
2023-11-16,4581.640625,4702.10009765625,4729.0,4679.60009765625,4710.0,178375
2023-11-17,4597.42578125,4718.2998046875,4745.60009765625,4690.10009765625,4703.0,138652
2023-11-20,4591.287109375,4712.0,4739.4501953125,4690.89990234375,4691.25,126069
2023-11-21,4579.3505859375,4699.75,4730.0,4665.0,4730.0,129602
2023-11-22,4573.94384765625,4694.2001953125,4712.85009765625,4662.75,4709.89990234375,72533
2023-11-23,4585.24560546875,4705.7998046875,4710.9501953125,4678.9501953125,4699.0,109775
2023-11-24,4525.17529296875,4644.14990234375,4715.0,4640.5,4705.7998046875,123628
2023-11-28,4592.70068359375,4713.4501953125,4722.89990234375,4626.0,4632.25,182790
2023-11-29,4680.58935546875,4803.64990234375,4832.10009765625,4701.39990234375,4715.9501953125,363702
2023-11-30,4728.333984375,4852.64990234375,4875.9501953125,4797.5,4815.0,961054
2023-12-01,4843.408203125,4970.75,4984.0,4860.0498046875,4873.0,485597
2023-12-04,4811.25390625,4937.75,4994.9501953125,4915.0,4990.0,310152
2023-12-05,4821.630859375,4948.39990234375,4975.0,4933.0,4937.75,280497
2023-12-06,4874.978515625,5003.14990234375,5022.7001953125,4952.2998046875,4953.0,295686
2023-12-07,4887.4990234375,5016.0,5025.0,4963.14990234375,5003.14990234375,268095
2023-12-08,4815.59033203125,4942.2001953125,5060.0,4931.0,5024.0,282713
2023-12-11,4817.48974609375,4944.14990234375,4974.5,4900.0498046875,4959.89990234375,147976
2023-12-12,4777.44287109375,4903.0498046875,4971.4501953125,4875.0,4968.0,184238
2023-12-13,4793.2763671875,4919.2998046875,4928.0,4860.0,4910.0,153558
2023-12-14,4819.92578125,4946.64990234375,4965.0,4897.0,4932.2001953125,174503
2023-12-15,4788.0146484375,4913.89990234375,4969.85009765625,4880.5,4938.0,216579
2023-12-18,4754.49658203125,4879.5,4925.5,4837.0498046875,4913.85009765625,223278
2023-12-19,4785.4326171875,4911.25,4927.4501953125,4858.7001953125,4891.35009765625,200718
2023-12-20,4828.013671875,4954.9501953125,5051.9501953125,4916.0,4920.0,457942
2023-12-21,4929.982421875,5059.60009765625,5113.2998046875,4877.5498046875,4930.0,796081
2023-12-22,5028.8818359375,5161.10009765625,5183.7001953125,5050.0498046875,5075.0,582688
2023-12-26,5101.81494140625,5235.9501953125,5244.5,5146.0,5155.0,574310
2023-12-27,5083.1552734375,5216.7998046875,5245.0,5160.0,5242.0,241944
2023-12-28,5146.68505859375,5282.0,5338.64990234375,5186.75,5224.9501953125,655367
2023-12-29,5201.68896484375,5338.4501953125,5386.0498046875,5238.64990234375,5260.5498046875,535691
2024-01-01,5183.51611328125,5319.7998046875,5349.89990234375,5290.0,5339.0,130032
2024-01-02,5153.359375,5288.85009765625,5334.9501953125,5224.10009765625,5319.7998046875,193517
2024-01-03,5119.20703125,5253.7998046875,5333.89990234375,5240.0,5288.85009765625,123303
2024-01-04,5223.953125,5361.2998046875,5375.0,5221.0,5253.7998046875,413391
2024-01-05,5137.2822265625,5272.35009765625,5363.35009765625,5256.0,5361.2998046875,299017
2024-01-08,5044.7158203125,5177.35009765625,5305.0,5171.0498046875,5305.0,236628
2024-01-09,4991.17333984375,5122.39990234375,5210.2001953125,5111.0,5199.0,194434
2024-01-10,4956.33935546875,5086.64990234375,5143.64990234375,5051.5,5111.0,191450
2024-01-11,5005.107421875,5136.7001953125,5186.39990234375,5076.5498046875,5102.89990234375,277823
2024-01-12,5019.13818359375,5151.10009765625,5250.39990234375,5100.0498046875,5149.0,462298
2024-01-15,5044.7158203125,5177.35009765625,5228.0,5119.0,5159.9501953125,400069
2024-01-16,4999.1630859375,5130.60009765625,5218.0,5107.25,5168.39990234375,203028
2024-01-17,4932.02880859375,5061.7001953125,5135.25,5055.0,5115.0498046875,270672
2024-01-18,4886.6708984375,5015.14990234375,5077.9501953125,4974.2001953125,5061.0,514119
2024-01-19,5007.0068359375,5138.64990234375,5169.64990234375,5012.2998046875,5029.0,329252
2024-01-23,4918.77685546875,5048.10009765625,5189.85009765625,4925.89990234375,5166.39990234375,491135
2024-01-24,5010.51513671875,5142.25,5173.64990234375,5030.0,5048.10009765625,611741
2024-01-25,5010.173828125,5141.89990234375,5236.5498046875,5106.10009765625,5150.0,342129
2024-01-29,5005.30224609375,5136.89990234375,5219.5,5111.2001953125,5142.0,275710
2024-01-30,4961.30908203125,5091.75,5192.89990234375,5081.0,5163.2998046875,146422
2024-01-31,5065.22607421875,5198.39990234375,5220.0,5031.75,5091.75,549238
2024-02-01,5016.70263671875,5148.60009765625,5201.9501953125,5127.10009765625,5196.0498046875,344394
2024-02-02,5016.94580078125,5148.85009765625,5209.0,5131.4501953125,5166.75,176167
2024-02-05,4993.2197265625,5124.5,5239.75,5078.5,5169.89990234375,231620
2024-02-06,4878.77880859375,5007.0498046875,5125.0,4992.5498046875,5124.5,336609
2024-02-07,4948.154296875,5078.25,5183.89990234375,4925.0,5140.0,1258830
2024-02-08,4750.64697265625,4875.5498046875,5122.39990234375,4833.14990234375,5101.0,623680
2024-02-09,4844.13916015625,4971.5,4978.0498046875,4860.0498046875,4875.5498046875,411953
2024-02-12,4842.873046875,4970.2001953125,4997.9501953125,4940.75,4971.5,158487
2024-02-13,4853.98095703125,4981.60009765625,5053.39990234375,4940.2001953125,4970.2001953125,262011
2024-02-14,4882.2861328125,5010.64990234375,5025.0,4950.0,4967.5498046875,277479
2024-02-15,4823.7255859375,4950.5498046875,5043.35009765625,4932.85009765625,5010.9501953125,189625
2024-02-16,4787.8203125,4913.7001953125,4970.5498046875,4894.75,4954.0,352139
2024-02-19,4799.07421875,4925.25,4948.5498046875,4886.64990234375,4919.9501953125,182521
2024-02-20,4795.0791015625,4921.14990234375,4934.0,4879.10009765625,4910.14990234375,129279
2024-02-21,4796.8818359375,4923.0,4988.2998046875,4888.0,4934.75,235932
2024-02-22,4829.96240234375,4956.9501953125,4968.0,4860.0,4924.9501953125,255308
2024-02-23,4809.8896484375,4936.35009765625,4970.39990234375,4912.10009765625,4956.9501953125,115910
2024-02-26,4776.322265625,4901.89990234375,4957.0,4891.60009765625,4949.9501953125,78084
2024-02-27,4778.70947265625,4904.35009765625,4939.5498046875,4879.0,4879.0,434014
2024-02-28,4762.58349609375,4887.7998046875,4916.10009765625,4867.2001953125,4894.35009765625,96877
2024-02-29,4838.0009765625,4965.2001953125,4980.89990234375,4828.85009765625,4885.0498046875,447941
2024-03-01,4801.4619140625,4927.7001953125,4986.7001953125,4914.14990234375,4965.2001953125,316277
2024-03-04,4714.93603515625,4838.89990234375,4942.4501953125,4833.5,4906.0,307520
2024-03-05,4702.025390625,4825.64990234375,4867.4501953125,4811.0,4839.0498046875,156956
2024-03-06,4755.7138671875,4880.75,4887.7998046875,4788.75,4839.0,190965
2024-03-07,4763.89892578125,4889.14990234375,4902.0,4835.10009765625,4870.0,216747
2024-03-11,4810.9130859375,4937.39990234375,4957.64990234375,4871.10009765625,4894.0498046875,295000
2024-03-12,4744.4111328125,4869.14990234375,4940.0,4852.7998046875,4935.7001953125,140625
2024-03-13,4732.2314453125,4856.64990234375,4975.0,4822.0,4892.60009765625,410729
2024-03-14,4812.37451171875,4938.89990234375,4952.9501953125,4783.0,4853.25,240217
2024-03-15,4846.7705078125,4974.2001953125,5008.7001953125,4912.0,4917.4501953125,491571
2024-03-18,4852.42138671875,4980.0,5014.0,4960.0,4980.0,143928
2024-03-19,4693.548828125,4816.9501953125,4999.9501953125,4800.0,4999.0,265081
2024-03-20,4679.8583984375,4802.89990234375,4832.85009765625,4760.0,4822.10009765625,300159
2024-03-21,4683.56103515625,4806.7001953125,4824.0,4767.7998046875,4812.5,449591
2024-03-22,4740.36767578125,4865.0,4892.9501953125,4784.89990234375,4800.0,264787
2024-03-26,4834.34716796875,4961.4501953125,4975.0,4740.7001953125,4748.39990234375,554559
2024-03-27,4794.1533203125,4920.2001953125,4980.0,4880.0,4960.0,327107
2024-03-28,4785.4326171875,4911.25,4971.2001953125,4864.60009765625,4942.2998046875,648795
2024-04-01,4769.79443359375,4895.2001953125,4960.7001953125,4883.75,4929.9501953125,181877
2024-04-02,4774.42236328125,4899.9501953125,4914.89990234375,4870.0,4910.0,93480
2024-04-03,4710.74658203125,4834.60009765625,4896.9501953125,4806.0,4870.0,246246
2024-04-04,4690.2841796875,4813.60009765625,4855.0,4780.60009765625,4839.9501953125,372526
2024-04-05,4689.74853515625,4813.0498046875,4847.60009765625,4791.60009765625,4813.60009765625,189143
2024-04-08,4703.14599609375,4826.7998046875,4841.0,4781.0,4825.0498046875,235219
2024-04-09,4671.86865234375,4794.7001953125,4850.0,4783.39990234375,4850.0,180114
2024-04-10,4685.51025390625,4808.7001953125,4818.5498046875,4747.5498046875,4818.5,509880
2024-04-12,4630.01904296875,4751.75,4820.85009765625,4745.0,4818.0,620568
2024-04-15,4639.90869140625,4761.89990234375,4777.10009765625,4692.85009765625,4745.0,421873
2024-04-16,4619.25244140625,4740.7001953125,4772.5,4691.2998046875,4748.0,516581
2024-04-18,4574.72265625,4695.0,4758.7001953125,4666.60009765625,4745.0,670722
2024-04-19,4548.70654296875,4668.2998046875,4698.0,4641.0,4682.0498046875,424834
2024-04-22,4631.52880859375,4753.2998046875,4763.89990234375,4662.2998046875,4673.89990234375,321925
2024-04-23,4674.88916015625,4797.7998046875,4812.0,4723.0498046875,4756.0,279440
2024-04-24,4705.24169921875,4828.9501953125,4840.0,4781.0,4797.0,412282
2024-04-25,4720.0517578125,4844.14990234375,4859.0,4747.5,4816.14990234375,509266
2024-04-26,4677.4716796875,4800.4501953125,4861.0,4793.0,4844.0498046875,205462
2024-04-29,4676.88671875,4799.85009765625,4825.60009765625,4776.0,4815.0,147362
2024-04-30,4653.59912109375,4775.9501953125,4825.0,4765.10009765625,4799.0,489132
2024-05-02,4637.716796875,4759.64990234375,4812.0,4750.0498046875,4789.9501953125,356664
2024-05-03,4623.0517578125,4744.60009765625,4781.10009765625,4707.89990234375,4781.10009765625,262493
2024-05-06,4931.93115234375,5061.60009765625,5205.4501953125,4802.2001953125,4818.9501953125,2837757
2024-05-07,5041.3056640625,5173.85009765625,5219.89990234375,5048.7998046875,5057.9501953125,1156073
2024-05-08,5094.4580078125,5228.39990234375,5248.4501953125,5123.85009765625,5151.0,323414
2024-05-09,4940.21337890625,5070.10009765625,5248.0,5045.0,5228.0498046875,379667
2024-05-10,4936.998046875,5066.7998046875,5118.2001953125,4971.75,5070.10009765625,223289
2024-05-13,4999.11474609375,5130.5498046875,5170.0,5055.0,5074.9501953125,323879
2024-05-14,5009.10205078125,5140.7998046875,5161.5,5035.0,5130.5498046875,205585
2024-05-15,4934.26953125,5064.0,5164.75,5053.4501953125,5149.5498046875,166198
2024-05-16,5006.13037109375,5137.75,5150.0,5017.5,5064.14990234375,312988
2024-05-17,4956.4853515625,5086.7998046875,5139.89990234375,5065.0,5139.89990234375,116594
2024-05-21,5045.44677734375,5178.10009765625,5191.0,5045.0498046875,5046.0,376474
2024-05-22,5132.45849609375,5267.39990234375,5302.5,5195.0,5219.7998046875,748236
2024-05-23,5145.8564453125,5281.14990234375,5293.75,5187.89990234375,5261.14990234375,423256
2024-05-24,5106.443359375,5240.7001953125,5285.14990234375,5219.0,5260.10009765625,268208
2024-05-27,5078.7216796875,5212.25,5265.0,5127.25,5265.0,329998
2024-05-28,5116.04052734375,5250.5498046875,5285.39990234375,5180.5498046875,5209.0,259151
2024-05-29,5095.82177734375,5229.7998046875,5268.0,5200.0,5202.0,286144
2024-05-30,5065.37255859375,5198.5498046875,5242.10009765625,5173.0,5202.10009765625,357619
2024-05-31,5047.10302734375,5179.7998046875,5221.0,5110.64990234375,5208.0,651525
2024-06-03,5035.41015625,5167.7998046875,5300.0,5160.0,5300.0,199328
2024-06-04,5188.68115234375,5325.10009765625,5414.39990234375,5127.0498046875,5205.5498046875,989039
2024-06-05,5346.091796875,5486.64990234375,5725.0,5325.0,5325.10009765625,1188965
2024-06-06,5301.07568359375,5440.4501953125,5514.10009765625,5311.4501953125,5465.0,629293
2024-06-07,5323.58349609375,5463.5498046875,5470.0,5395.0,5431.64990234375,226777
2024-06-10,5347.79736328125,5488.39990234375,5560.75,5406.10009765625,5465.0,306665
2024-06-11,5376.3955078125,5517.75,5606.75,5500.0,5500.0,476899
2024-06-12,5299.95458984375,5439.2998046875,5568.0,5431.0,5550.5498046875,279376
2024-06-13,5241.638671875,5379.4501953125,5449.9501953125,5341.7001953125,5439.60009765625,434594
2024-06-14,5255.474609375,5393.64990234375,5450.0,5375.60009765625,5397.5498046875,149569
2024-06-18,5257.6181640625,5395.85009765625,5435.0,5375.2998046875,5419.7998046875,155277
2024-06-19,5223.31982421875,5360.64990234375,5422.85009765625,5350.0,5416.0,135179
2024-06-20,5240.6640625,5378.4501953125,5400.0,5319.0,5360.64990234375,296418
2024-06-21,5193.7470703125,5330.2998046875,5389.85009765625,5317.5,5369.10009765625,244120
2024-06-24,5162.03125,5297.75,5330.0,5250.0,5315.0,463385
2024-06-25,5214.9404296875,5352.0498046875,5370.0,5289.2001953125,5297.7998046875,160890
2024-06-26,5282.80615234375,5421.7001953125,5434.5498046875,5319.0498046875,5352.0498046875,221391
2024-06-27,5291.185546875,5430.2998046875,5450.0,5382.14990234375,5388.7998046875,357573
2024-06-28,5335.2763671875,5475.5498046875,5490.0,5416.25,5435.0,215576
2024-07-01,5336.2021484375,5476.5,5489.14990234375,5431.0498046875,5475.0498046875,223560
2024-07-02,5263.26953125,5401.64990234375,5500.0,5384.2998046875,5500.0,163333
2024-07-03,5309.50439453125,5449.10009765625,5498.0,5389.7998046875,5421.75,211361
2024-07-04,5287.2392578125,5426.25,5487.35009765625,5397.5498046875,5454.9501953125,138170
2024-07-05,5404.70068359375,5546.7998046875,5554.5,5433.9501953125,5445.9501953125,172330
2024-07-08,5425.8935546875,5568.5498046875,5615.9501953125,5534.0498046875,5555.0,171210
2024-07-09,5523.62451171875,5668.85009765625,5705.0,5583.0498046875,5700.0,389812
2024-07-10,5608.10302734375,5755.5498046875,5800.0,5670.0498046875,5670.0498046875,526095
2024-07-11,5613.7060546875,5761.2998046875,5805.0,5720.0,5800.0,372798
2024-07-12,5638.79638671875,5787.0498046875,5805.0,5713.2001953125,5780.0,222315
2024-07-15,5660.8662109375,5809.7001953125,5847.75,5788.0,5807.0,135373
2024-07-16,5712.16748046875,5862.35009765625,5880.0,5770.10009765625,5812.0,162459
2024-07-18,5721.0830078125,5871.5,5920.0,5820.0,5846.5498046875,523157
2024-07-19,5727.3681640625,5877.9501953125,5978.0,5846.64990234375,5850.0,451294
2024-07-22,5737.01416015625,5887.85009765625,5933.7001953125,5842.0,5877.9501953125,347520
2024-07-23,5792.45654296875,5944.75,6005.0,5840.60009765625,5887.85009765625,336696
2024-07-24,5680.15869140625,5829.5,5974.39990234375,5815.0,5949.39990234375,233649
2024-07-25,5680.2568359375,5829.60009765625,5865.0,5801.7001953125,5824.89990234375,303638
2024-07-26,5722.349609375,5872.7998046875,5882.64990234375,5813.10009765625,5830.0,146736
2024-07-29,5746.51416015625,5897.60009765625,5957.60009765625,5840.0498046875,5898.0,129350
2024-07-30,5692.53369140625,5842.2001953125,5989.39990234375,5831.2998046875,5898.39990234375,191681
2024-07-31,5636.26318359375,5784.4501953125,5897.0,5770.14990234375,5897.0,271796
2024-08-01,5583.35400390625,5730.14990234375,5839.89990234375,5700.0,5784.4501953125,304411
2024-08-02,5573.80517578125,5720.35009765625,5808.0,5630.2998046875,5708.0498046875,406998
2024-08-05,5624.19482421875,5697.89990234375,5842.9501953125,5650.0498046875,5709.9501953125,1114298
2024-08-06,5778.76904296875,5854.5,5921.0,5710.14990234375,5724.5498046875,727869
2024-08-07,5761.2978515625,5836.7998046875,5924.7998046875,5809.0498046875,5890.2001953125,314935
2024-08-08,5670.33984375,5744.64990234375,5861.9501953125,5725.0,5844.75,271628
2024-08-09,5666.0458984375,5740.2998046875,5785.5498046875,5720.0,5770.39990234375,232215
2024-08-12,5572.71923828125,5645.75,5774.5,5625.0,5745.0,622193
2024-08-13,5593.20068359375,5666.5,5714.9501953125,5617.0498046875,5678.9501953125,236505
2024-08-14,5585.94580078125,5659.14990234375,5695.2001953125,5594.14990234375,5676.0,164575
2024-08-16,5655.53369140625,5729.64990234375,5742.4501953125,5662.5,5670.5,144969
2024-08-19,5658.34716796875,5732.5,5763.25,5718.10009765625,5745.0,102452
2024-08-20,5691.21630859375,5765.7998046875,5773.7998046875,5728.25,5740.4501953125,189035
2024-08-21,5761.8408203125,5837.35009765625,5849.89990234375,5756.5,5773.7998046875,169215
2024-08-22,5761.2978515625,5836.7998046875,5858.0,5808.64990234375,5858.0,160154
2024-08-23,5717.71875,5792.64990234375,5850.0,5784.35009765625,5837.0,124435
2024-08-26,5721.9638671875,5796.9501953125,5860.0,5776.25,5800.0,265107
2024-08-27,5689.7353515625,5764.2998046875,5845.39990234375,5735.0,5828.7998046875,175740
2024-08-28,5629.57421875,5703.35009765625,5775.39990234375,5690.0498046875,5746.5498046875,161445
2024-08-29,5755.9677734375,5831.39990234375,5845.0,5696.14990234375,5710.0,351330
2024-08-30,5779.50927734375,5855.25,5908.89990234375,5793.25,5842.9501953125,519387
2024-09-02,5845.5439453125,5922.14990234375,5933.9501953125,5865.0,5882.0498046875,307023
2024-09-03,5839.5224609375,5916.0498046875,5944.0,5870.0,5933.0,258133
2024-09-04,5849.88671875,5926.5498046875,5935.35009765625,5828.0,5849.9501953125,219283
2024-09-05,5774.3271484375,5850.0,5920.0,5833.2998046875,5911.75,170014
2024-09-06,5767.96044921875,5843.5498046875,5884.7998046875,5827.10009765625,5846.7001953125,213556
2024-09-09,5862.6201171875,5939.4501953125,5961.2001953125,5846.2001953125,5859.9501953125,321187
2024-09-10,5892.67626953125,5969.89990234375,6010.0,5930.0498046875,5980.0498046875,337831
2024-09-11,5930.9248046875,6008.64990234375,6047.0498046875,5947.25,5953.0498046875,437060
2024-09-12,6030.2236328125,6109.25,6128.7001953125,6004.7001953125,6018.64990234375,548745
2024-09-13,6053.76513671875,6133.10009765625,6148.7998046875,6057.35009765625,6138.0,274846
2024-09-16,5984.57177734375,6063.0,6130.0,5936.7998046875,6000.0,352336
2024-09-17,6032.0,6111.0498046875,6204.64990234375,6069.14990234375,6073.4501953125,527917
2024-09-18,6044.04248046875,6123.25,6166.5498046875,6060.0498046875,6135.0,218424
2024-09-19,6055.14697265625,6134.5,6225.0,6113.64990234375,6128.89990234375,362388
2024-09-20,6130.212890625,6210.5498046875,6258.64990234375,6125.85009765625,6165.35009765625,663556
2024-09-23,6130.85498046875,6211.2001953125,6250.0,6190.7998046875,6235.25,312563
2024-09-24,6122.9091796875,6203.14990234375,6245.89990234375,6185.0498046875,6200.75,234706
2024-09-25,6100.3544921875,6180.2998046875,6203.0,6101.5498046875,6203.0,357145
2024-09-26,6173.2001953125,6254.10009765625,6270.39990234375,6154.35009765625,6200.0,327297
2024-09-27,6187.70947265625,6268.7998046875,6332.9501953125,6180.7998046875,6237.7001953125,400543
2024-09-30,6256.16259765625,6338.14990234375,6362.89990234375,6241.10009765625,6252.64990234375,442617
2024-10-01,6362.6669921875,6446.0498046875,6463.60009765625,6306.89990234375,6306.89990234375,416639
2024-10-03,6249.845703125,6331.75,6469.89990234375,6290.0,6444.2001953125,495791
2024-10-04,6125.72216796875,6206.0,6339.9501953125,6179.85009765625,6278.25,395753
2024-10-07,6041.13037109375,6120.2998046875,6235.0,6105.0,6222.64990234375,374593
2024-10-08,6124.142578125,6204.39990234375,6234.7998046875,6052.0498046875,6137.7001953125,708471
2024-10-09,6018.37890625,6097.25,6185.0,6070.0498046875,6158.64990234375,551094
2024-10-10,5924.5087890625,6002.14990234375,6159.85009765625,5980.0498046875,6127.0,287475
2024-10-11,5901.1650390625,5978.5,6039.5,5961.10009765625,6030.5498046875,94953
2024-10-14,5900.720703125,5978.0498046875,6024.2998046875,5900.0,6005.10009765625,219597
2024-10-15,5990.1982421875,6068.7001953125,6082.9501953125,5986.9501953125,6016.35009765625,426219
2024-10-16,6011.3212890625,6090.10009765625,6114.0,6021.14990234375,6065.0,276677
2024-10-17,5911.03564453125,5988.5,6095.89990234375,5966.25,6090.10009765625,188121
2024-10-18,5811.04638671875,5887.2001953125,5998.0,5870.0,5984.9501953125,354901
2024-10-21,5703.5546875,5778.2998046875,5895.5,5762.60009765625,5887.2001953125,296733
2024-10-22,5652.91845703125,5727.0,5804.0,5711.7998046875,5787.39990234375,320607
2024-10-23,5674.48583984375,5748.85009765625,5797.60009765625,5690.0498046875,5698.60009765625,123095
2024-10-24,5539.80078125,5612.39990234375,5780.5,5601.60009765625,5750.85009765625,269803
2024-10-25,5596.0634765625,5669.39990234375,5706.4501953125,5610.0,5612.39990234375,176680
2024-10-28,5648.27880859375,5722.2998046875,5779.0,5669.39990234375,5677.0,131887
2024-10-29,5594.18798828125,5667.5,5759.89990234375,5611.0498046875,5730.7998046875,204751
2024-10-30,5707.7001953125,5782.5,5799.0,5641.60009765625,5666.60009765625,218180
2024-10-31,5652.8193359375,5726.89990234375,5781.0,5708.0,5779.0,208893
2024-11-01,5619.4072265625,5693.0498046875,5768.5498046875,5652.0498046875,5768.5498046875,31706
2024-11-04,5552.435546875,5625.2001953125,5698.9501953125,5541.85009765625,5685.0,249780
2024-11-05,5532.59521484375,5605.10009765625,5669.0,5584.5498046875,5634.14990234375,185870
2024-11-06,5621.2333984375,5694.89990234375,5719.0,5608.0498046875,5636.2998046875,233799
2024-11-07,5615.31103515625,5688.89990234375,5713.7001953125,5606.0,5710.0,284538
2024-11-08,5672.8076171875,5747.14990234375,5792.85009765625,5641.5498046875,5682.2001953125,306281
2024-11-11,5364.35009765625,5434.64990234375,5902.14990234375,5401.14990234375,5801.64990234375,804824
2024-11-12,4962.515625,5027.5498046875,5426.89990234375,5005.0,5420.0,2441209
2024-11-13,4981.220703125,5046.5,5087.60009765625,4938.4501953125,5009.0,928244
2024-11-14,4852.01416015625,4915.60009765625,5050.5,4901.0,5046.5,479979
2024-11-18,4847.8193359375,4911.35009765625,4970.0,4791.64990234375,4970.0,439087
2024-11-19,4829.41064453125,4892.7001953125,4951.35009765625,4878.60009765625,4924.9501953125,436205
2024-11-21,4741.21630859375,4803.35009765625,4885.0,4746.89990234375,4875.0,1036549
2024-11-22,4785.63427734375,4848.35009765625,4871.0,4765.60009765625,4789.0498046875,410476
2024-11-25,4840.51513671875,4903.9501953125,4980.0,4874.0,4905.0,722912
2024-11-26,4948.74658203125,5013.60009765625,5030.2998046875,4892.9501953125,4903.9501953125,314200
2024-11-27,4919.67724609375,4984.14990234375,5025.0,4941.0,5013.60009765625,255840
2024-11-28,4859.9599609375,4923.64990234375,5012.5498046875,4891.14990234375,4986.60009765625,321308
2024-11-29,4877.2333984375,4941.14990234375,4955.9501953125,4880.0,4880.0,212644
2024-12-02,4843.77197265625,4907.25,4959.0,4866.2001953125,4930.5,314800
2024-12-03,4846.091796875,4909.60009765625,4919.7998046875,4875.85009765625,4899.5498046875,289449
2024-12-04,4788.79248046875,4851.5498046875,4973.89990234375,4841.0,4916.4501953125,392107
2024-12-05,4808.97802734375,4872.0,4893.0,4805.60009765625,4860.0,526114
2024-12-06,4807.84326171875,4870.85009765625,4906.7001953125,4840.0,4872.0,236965
2024-12-09,4731.0,4793.0,4855.89990234375,4750.0498046875,4844.9501953125,467154
2024-12-10,4725.32421875,4787.25,4829.9501953125,4783.0498046875,4799.85009765625,264213
2024-12-11,4826.251953125,4889.5,4915.0,4793.25,4808.0,358246
2024-12-12,4765.89306640625,4828.35009765625,4908.9501953125,4810.0,4900.0,406271
2024-12-13,4787.361328125,4850.10009765625,4863.10009765625,4773.0,4824.0,284721
2024-12-16,4783.80810546875,4846.5,4869.0,4790.0,4869.0,208757
2024-12-17,4714.96044921875,4776.75,4839.89990234375,4765.14990234375,4816.5,312523
2024-12-18,4720.78369140625,4782.64990234375,4798.89990234375,4752.5498046875,4775.0,228821
2024-12-19,4723.84375,4785.75,4803.7998046875,4725.64990234375,4750.0,247805
2024-12-20,4637.32763671875,4698.10009765625,4807.5,4680.5,4790.0,363168
2024-12-23,4643.4970703125,4704.35009765625,4735.0,4663.7998046875,4705.0,332554
2024-12-24,4682.73291015625,4744.10009765625,4766.5498046875,4690.0498046875,4702.0498046875,227672
2024-12-26,4700.0556640625,4761.64990234375,4797.10009765625,4708.0,4754.89990234375,398117
2024-12-27,4707.6064453125,4769.2998046875,4807.35009765625,4738.4501953125,4776.0,131505
2024-12-30,4737.36669921875,4799.4501953125,4818.0,4738.0,4759.7001953125,271403
2024-12-31,4701.14111328125,4762.75,4795.0,4741.2001953125,4795.0,255918
2025-01-01,4732.7275390625,4794.75,4819.7001953125,4752.2001953125,4752.2001953125,87260
2025-01-02,4725.8671875,4787.7998046875,4806.9501953125,4723.10009765625,4790.0498046875,402766
2025-01-03,4771.568359375,4834.10009765625,4859.4501953125,4785.75,4800.0,341848
2025-01-06,4729.2724609375,4791.25,4873.5,4773.2998046875,4873.5,619930
2025-01-07,4769.7421875,4832.25,4885.7998046875,4804.9501953125,4804.9501953125,450200
2025-01-08,4797.03466796875,4859.89990234375,4871.89990234375,4760.14990234375,4850.0,371105
2025-01-09,4862.57568359375,4926.2998046875,5050.0,4840.0498046875,4860.5498046875,832814
2025-01-10,4875.30908203125,4939.2001953125,4958.39990234375,4881.64990234375,4928.5,305669
2025-01-13,4863.31591796875,4927.0498046875,4997.89990234375,4906.0,4922.2001953125,448698
2025-01-14,4799.50244140625,4862.39990234375,4950.0,4850.10009765625,4948.9501953125,283367
2025-01-15,4813.91357421875,4877.0,4937.2001953125,4804.10009765625,4871.0,242422
2025-01-16,4781.8828125,4844.5498046875,4900.0,4743.10009765625,4886.0498046875,454269
2025-01-17,4791.60595703125,4854.39990234375,4923.5,4815.7001953125,4846.10009765625,492847
2025-01-20,4822.20458984375,4885.39990234375,4908.0,4836.64990234375,4860.0,155962
2025-01-21,4840.416015625,4903.85009765625,4944.14990234375,4850.10009765625,4885.39990234375,377457
2025-01-22,4892.58251953125,4956.7001953125,4975.2001953125,4883.2001953125,4930.0,460132
2025-01-23,4947.75927734375,5012.60009765625,5042.9501953125,4883.2001953125,4944.14990234375,361082
2025-01-24,5035.55859375,5101.5498046875,5108.0,5013.14990234375,5037.7001953125,509954
2025-01-27,5109.29248046875,5176.25,5215.0,5103.0498046875,5103.64990234375,937878
2025-01-28,4995.28662109375,5060.75,5216.25,5018.2001953125,5181.14990234375,456912
2025-01-29,4971.89306640625,5037.0498046875,5100.0,4991.0,5100.0,298533
2025-01-30,5009.69775390625,5075.35009765625,5105.0,5034.9501953125,5037.10009765625,354016
2025-01-31,5063.29541015625,5129.64990234375,5170.0,5040.10009765625,5104.0,316771
2025-02-01,5134.06787109375,5201.35009765625,5379.0,5051.0,5160.0,634040
2025-02-03,5039.5068359375,5105.5498046875,5232.60009765625,5015.0,5232.60009765625,517520
2025-02-04,4963.3056640625,5028.35009765625,5118.0,4990.2998046875,5118.0,434664
2025-02-05,4868.84375,4932.64990234375,5058.0,4924.35009765625,5058.0,384948
2025-02-06,4891.94091796875,4956.0498046875,4978.7998046875,4906.0498046875,4932.10009765625,466931
2025-02-07,4807.49755859375,4870.5,5075.39990234375,4844.0,5010.0,701024
2025-02-10,4846.14111328125,4909.64990234375,5009.0,4877.0,4915.0,625074
2025-02-11,4840.61328125,4904.0498046875,4939.5498046875,4854.0,4910.9501953125,279638
2025-02-12,4854.67919921875,4918.2998046875,4932.9501953125,4843.5498046875,4899.0498046875,336331
2025-02-13,4825.46240234375,4888.7001953125,4950.75,4867.25,4915.9501953125,341650
2025-02-14,4875.7529296875,4939.64990234375,4955.0,4873.75,4891.7001953125,489241
2025-02-17,4899.4921875,4963.7001953125,4969.0,4911.89990234375,4934.5,275352
2025-02-18,4827.93017578125,4891.2001953125,4967.0498046875,4859.39990234375,4963.7001953125,314216
2025-02-19,4774.92431640625,4837.5,4899.0,4812.35009765625,4881.0,215919
2025-02-20,4769.89013671875,4832.39990234375,4847.0,4792.0,4819.0,319761
2025-02-21,4769.39697265625,4831.89990234375,4850.2001953125,4783.5498046875,4850.0,334003
2025-02-24,4742.15380859375,4804.2998046875,4829.5,4702.0,4750.0,259886
2025-02-25,4735.984375,4798.0498046875,4853.7001953125,4760.0,4785.89990234375,479647
2025-02-27,4720.931640625,4782.7998046875,4860.7001953125,4766.5,4798.0498046875,386556
2025-02-28,4536.005859375,4595.4501953125,4786.4501953125,4553.7998046875,4782.7998046875,676501
2025-03-03,4537.140625,4596.60009765625,4672.0,4548.14990234375,4595.4501953125,412033
2025-03-04,4516.017578125,4575.2001953125,4581.0,4506.0,4530.0498046875,321501
2025-03-05,4661.06640625,4722.14990234375,4735.2001953125,4560.0,4579.89990234375,350741
2025-03-06,4641.7197265625,4702.5498046875,4799.89990234375,4654.64990234375,4725.0,460852
2025-03-07,4686.8291015625,4748.25,4765.0,4660.0,4690.0,191644
2025-03-10,4676.41552734375,4737.7001953125,4823.9501953125,4710.0498046875,4749.0,290019
2025-03-11,4700.4501953125,4762.0498046875,4795.0,4711.5498046875,4720.0,147357
2025-03-12,4730.06201171875,4792.0498046875,4801.5,4712.39990234375,4769.89990234375,223033
2025-03-13,4667.08740234375,4728.25,4838.0,4712.7998046875,4790.0,284758
2025-03-17,4614.427734375,4674.89990234375,4743.0498046875,4600.0,4600.0,322411
2025-03-18,4614.427734375,4674.89990234375,4674.89990234375,4674.89990234375,4674.89990234375,0
2025-03-19,4646.21142578125,4707.10009765625,4797.0,4673.2998046875,4797.0,469240
2025-03-20,4768.607421875,4831.10009765625,4840.0,4715.0,4741.89990234375,265168
2025-03-21,4751.728515625,4814.0,4853.14990234375,4786.5498046875,4840.0,304441
2025-03-24,4734.80029296875,4796.85009765625,4832.7998046875,4770.25,4816.39990234375,173845
2025-03-25,4782.52490234375,4845.2001953125,4865.0,4738.60009765625,4792.0,422209
2025-03-26,4786.966796875,4849.7001953125,4876.60009765625,4794.0498046875,4846.89990234375,453242
2025-03-27,4778.57666015625,4841.2001953125,4925.39990234375,4780.0498046875,4830.0,6750074
2025-03-28,4873.03857421875,4936.89990234375,5028.64990234375,4861.9501953125,4861.9501953125,415586
2025-04-01,4837.4052734375,4900.7998046875,4965.0,4882.5498046875,4890.10009765625,557968
2025-04-02,4972.23828125,5037.39990234375,5055.0,4900.7998046875,4905.7998046875,459267
2025-04-03,5007.822265625,5073.4501953125,5090.0,4982.0,4990.0498046875,339959
2025-04-04,4958.41943359375,5023.39990234375,5150.0,4977.85009765625,5033.4501953125,722283
2025-04-07,4990.4501953125,5055.85009765625,5072.0,4605.0498046875,4622.0,841464
2025-04-08,5112.3525390625,5179.35009765625,5188.10009765625,5038.64990234375,5062.4501953125,303185
2025-04-09,5270.3818359375,5339.4501953125,5352.10009765625,5149.5,5149.5,549745
2025-04-11,5280.99267578125,5350.2001953125,5400.75,5306.5,5400.75,304650
2025-04-15,5321.560546875,5391.2998046875,5432.0,5309.0,5428.89990234375,446075
2025-04-16,5346.138671875,5416.2001953125,5442.0,5350.5,5350.5,215423
2025-04-17,5384.0419921875,5454.60009765625,5469.2998046875,5396.7998046875,5420.0,186873
2025-04-21,5323.4365234375,5393.2001953125,5480.5,5370.0,5480.5,201975
2025-04-22,5365.18896484375,5435.5,5485.0,5384.0,5440.0,286928
2025-04-23,5472.58154296875,5544.2998046875,5549.0,5406.2998046875,5435.5,266881
2025-04-24,5391.24755859375,5461.89990234375,5622.7001953125,5427.7001953125,5550.0,339754
2025-04-25,5350.3828125,5420.5,5521.0,5362.0,5462.10009765625,244513
2025-04-28,5358.57568359375,5428.7998046875,5481.7998046875,5403.2998046875,5413.0,107666
2025-04-29,5397.564453125,5468.2998046875,5535.0,5405.5,5428.7998046875,294207
2025-04-30,5368.544921875,5438.89990234375,5546.7998046875,5386.10009765625,5484.0,284371
2025-05-02,5232.4287109375,5301.0,5407.0,5276.5,5380.0,262909
2025-05-05,5289.6787109375,5359.0,5380.0,5310.0,5319.0,97149
2025-05-06,5323.732421875,5393.5,5415.5,5311.0,5350.0,175899
2025-05-07,5281.7822265625,5351.0,5395.0,5318.5,5361.0,168716
2025-05-08,5321.2646484375,5391.0,5480.0,5314.5,5351.0,265391
2025-05-09,5365.6826171875,5436.0,5503.5,5354.5,5374.5,476782
2025-05-12,5535.951171875,5608.5,5621.5,5415.0,5540.0,192712
2025-05-13,5414.048828125,5485.0,5640.0,5462.0,5629.5,366566
2025-05-14,5413.0615234375,5484.0,5585.5,5437.5,5456.0,389963
2025-05-15,5394.3076171875,5465.0,5529.5,5457.5,5509.0,462518
2025-05-16,5430.33544921875,5501.5,5527.0,5452.5,5472.0,154274
2025-05-19,5448.1025390625,5519.5,5547.5,5460.0,5501.5,147864
2025-05-20,5357.7861328125,5428.0,5550.0,5420.0,5518.0,275067
2025-05-21,5422.43896484375,5493.5,5534.0,5416.5,5435.0,166304
2025-05-22,5367.1630859375,5437.5,5495.5,5415.0,5493.5,211388
2025-05-23,5415.529296875,5486.5,5499.0,5406.0,5459.0,100229
2025-05-26,5453.53125,5525.0,5547.5,5489.0,5500.0,140009
2025-05-27,5425.39990234375,5496.5,5540.0,5475.0,5525.0,166840
2025-05-28,5402.2041015625,5473.0,5505.5,5410.0,5495.0,321303
2025-05-29,5424.4130859375,5495.5,5533.5,5452.5,5502.0,201350
2025-05-30,5439.21875,5510.5,5532.0,5437.5,5495.5,401901
2025-06-02,5532.49658203125,5605.0,5722.0,5511.5,5515.0,625172
2025-06-03,5503.3779296875,5575.5,5639.0,5545.5,5605.0,166545
2025-06-04,5470.3115234375,5542.0,5595.0,5520.5,5580.0,334358
2025-06-05,5527.56103515625,5600.0,5611.0,5520.5,5542.0,218004
2025-06-06,5534.9638671875,5607.5,5645.5,5555.0,5606.5,152475
2025-06-09,5623.30615234375,5697.0,5721.0,5588.5,5639.0,174499
2025-06-10,5593.6943359375,5667.0,5731.0,5657.0,5731.0,456712
2025-06-11,5576.91455078125,5650.0,5700.0,5634.0,5660.0,138866
2025-06-12,5497.45556640625,5569.5,5698.0,5560.0,5698.0,305696
2025-06-13,5497.94921875,5570.0,5593.5,5425.0,5509.0,324985
2025-06-16,5488.572265625,5560.5,5572.0,5514.5,5552.0,239006
2025-06-17,5496.46875,5568.5,5597.0,5530.0,5550.0,277917
2025-06-18,5500.4169921875,5572.5,5619.5,5545.0,5575.0,220971
2025-06-19,5486.1044921875,5558.0,5609.5,5522.5,5587.0,114523
2025-06-20,5514.7294921875,5587.0,5600.0,5511.0,5564.0,395396
2025-06-23,5497.45556640625,5569.5,5589.0,5450.5,5551.0,221233
2025-06-24,5544.34130859375,5617.0,5638.0,5555.5,5600.0,183157
2025-06-25,5634.1640625,5708.0,5734.5,5610.5,5630.0,282474
2025-06-26,5752.61181640625,5828.0,5840.0,5710.0,5725.0,456290
2025-06-27,5719.544921875,5794.5,5849.0,5748.0,5849.0,350140
2025-06-30,5775.314453125,5851.0,5860.0,5761.0,5800.0,257865
2025-07-01,5669.205078125,5743.5,5869.5,5721.0,5865.0,178343
2025-07-02,5715.103515625,5790.0,5832.5,5677.5,5747.5,300622
2025-07-03,5719.544921875,5794.5,5887.5,5781.0,5799.5,224236
2025-07-04,5696.8427734375,5771.5,5844.0,5756.5,5819.5,145106
2025-07-07,5807.88720703125,5884.0,5899.5,5788.0,5800.0,259829
2025-07-08,5763.4697265625,5839.0,5922.0,5811.5,5890.0,423998
2025-07-09,5805.9130859375,5882.0,5900.0,5813.5,5858.0,232000
2025-07-10,5801.96484375,5878.0,5930.5,5850.5,5905.0,191446
2025-07-11,5684.0107421875,5758.5,5904.5,5717.0,5878.0,175941
2025-07-14,5703.2587890625,5778.0,5808.5,5744.0,5767.0,218865
2025-07-15,5710.66162109375,5785.5,5820.0,5762.0,5800.0,164143
2025-07-16,5711.6484375,5786.5,5829.0,5736.0,5785.5,261589
2025-07-17,5732.376953125,5807.5,5860.0,5785.5,5792.5,196555
2025-07-18,5661.30810546875,5735.5,5820.0,5726.0,5807.5,196043
2025-07-21,5608.0068359375,5681.5,5741.0,5669.0,5735.0,329167
2025-07-22,5634.65771484375,5708.5,5738.5,5634.0,5695.5,235846
2025-07-23,5645.51513671875,5719.5,5757.0,5670.0,5737.0,246735
2025-07-24,5599.61669921875,5673.0,5751.5,5651.5,5724.5,229097
2025-07-25,5521.638671875,5594.0,5698.0,5570.0,5673.0,233003
2025-07-28,5551.744140625,5624.5,5669.0,5571.0,5596.5,173142
2025-07-29,5553.224609375,5626.0,5655.0,5572.0,5601.5,363002
2025-07-30,5672.65966796875,5747.0,5758.5,5627.0,5627.0,176798
2025-07-31,5696.34912109375,5771.0,5825.0,5719.5,5746.0,344973
2025-08-01,5723.0,5798.0,5899.0,5776.5,5799.5,244870
2025-08-04,5787.0,5787.0,5802.0,5714.0,5752.5,189672
2025-08-05,5635.5,5635.5,5795.0,5610.5,5795.0,380387
2025-08-06,5402.5,5402.5,5625.0,5371.0,5599.5,1123534
2025-08-07,5476.5,5476.5,5560.0,5380.5,5380.5,795974
2025-08-08,5387.0,5387.0,5503.0,5380.0,5479.5,551451
2025-08-11,5381.5,5381.5,5400.0,5310.5,5361.0,598841
2025-08-12,5338.0,5338.0,5390.5,5317.5,5390.5,323204
2025-08-13,5375.5,5375.5,5393.0,5299.0,5363.5,388683
2025-08-14,5302.5,5302.5,5398.5,5298.0,5395.0,215308
2025-08-18,5439.0,5439.0,5667.0,5400.0,5400.0,509058
2025-08-19,5499.0,5499.0,5513.0,5399.0,5446.0,153026
2025-08-20,5701.0,5701.0,5734.5,5475.5,5482.0,453573
2025-08-21,5597.5,5597.5,5711.5,5586.0,5701.0,273141
2025-08-22,5545.5,5545.5,5667.5,5525.5,5622.0,269981
2025-08-25,5550.5,5550.5,5608.5,5545.0,5565.5,145718
2025-08-26,5765.5,5765.5,5794.5,5574.5,5574.5,1307463
2025-08-28,5721.0,5721.0,5780.0,5702.5,5765.5,379247
2025-08-29,5824.0,5824.0,5893.5,5671.0,5671.0,699161
2025-09-01,5846.5,5846.5,5873.0,5779.0,5838.5,210421
2025-09-02,5891.5,5891.5,5920.5,5823.0,5840.0,492611
2025-09-03,5908.0,5908.0,5928.5,5865.0,5891.0,399664
2025-09-04,6083.0,6083.0,6336.0,6053.5,6201.0,1385580
2025-09-05,6076.0,6076.0,6104.5,5998.5,6066.0,352302
2025-09-08,6115.5,6115.5,6178.0,6065.0,6117.5,250083
2025-09-09,6142.5,6142.5,6165.0,6088.0,6116.0,216456
2025-09-10,6199.0,6199.0,6238.5,6117.0,6144.5,346491
2025-09-11,6300.5,6300.5,6319.5,6150.0,6180.0,406083
2025-09-12,6247.0,6247.0,6285.5,6207.0,6276.0,212051
2025-09-15,6212.0,6212.0,6270.0,6202.5,6250.0,166253
2025-09-16,6202.5,6202.5,6225.0,6180.0,6219.5,261236
2025-09-17,6097.5,6097.5,6205.0,6035.0,6202.5,713445
2025-09-18,6100.5,6100.5,6129.0,6062.0,6105.0,267540
2025-09-19,6069.5,6069.5,6110.0,6048.0,6105.5,345995
2025-09-22,6056.5,6056.5,6108.0,6025.0,6075.0,394394
2025-09-23,5934.0,5934.0,6069.5,5927.0,6066.5,333112
2025-09-24,5970.5,5970.5,6050.0,5905.5,5935.0,360372
2025-09-25,5953.5,5953.5,6036.0,5939.5,5970.5,374676
2025-09-26,5920.5,5920.5,5980.5,5900.0,5955.0,189383
2025-09-29,5929.0,5929.0,5990.0,5841.0,5900.0,259852
2025-09-30,5991.0,5991.0,6031.0,5917.5,5953.0,298070
2025-10-01,5966.5,5966.5,6018.0,5904.0,5960.5,324111
2025-10-03,5992.5,5992.5,6014.0,5931.5,5965.0,268735
2025-10-06,6011.0,6011.0,6034.0,5957.5,6015.5,197199
2025-10-07,5887.0,5887.0,6036.0,5867.0,6012.0,240923
2025-10-08,5836.0,5836.0,5902.0,5801.5,5855.0,239639
2025-10-09,5876.0,5876.0,5893.0,5795.5,5836.0,231585
2025-10-10,5871.5,5871.5,5920.0,5858.5,5874.5,228395
2025-10-13,5862.0,5862.0,5953.0,5848.0,5871.5,238217
2025-10-14,5800.5,5800.5,5885.0,5794.0,5869.0,176227
2025-10-15,5857.5,5857.5,5880.5,5782.0,5815.0,221062
2025-10-16,6025.5,6025.5,6040.5,5858.0,5876.0,364305
2025-10-17,6083.0,6083.0,6149.0,5994.0,6037.0,392965
2025-10-20,6070.0,6070.0,6148.0,6062.5,6124.0,181283
2025-10-21,6075.0,6075.0,6108.0,6050.0,6108.0,9159
2025-10-23,6068.0,6068.0,6145.0,6049.0,6075.0,255605
2025-10-24,6053.0,6053.0,6069.5,5987.0,6068.0,82081
2025-10-27,5912.0,5912.0,6053.0,5811.5,6053.0,433152
2025-10-28,5861.0,5861.0,5939.0,5806.5,5939.0,392984
2025-10-29,5852.5,5852.5,5906.0,5840.0,5894.0,119742
2025-10-30,5859.5,5859.5,5869.5,5792.0,5850.0,258697
2025-10-31,5836.5,5836.5,5905.0,5825.0,5878.0,264794
2025-11-03,5820.5,5820.5,5899.5,5775.0,5834.0,279737
2025-11-04,5892.5,5892.5,5920.0,5805.0,5820.5,363441
2025-11-06,6013.5,6013.5,6191.5,5993.5,6186.0,1038063
2025-11-07,6157.5,6157.5,6169.5,5913.5,5970.0,715809
2025-11-10,6133.5,6133.5,6261.5,6121.5,6190.0,395489
2025-11-11,5950.5,5950.5,5965.0,5723.0,5950.0,2154927
2025-11-12,5880.0,5880.0,5970.0,5841.0,5950.5,609987
2025-11-13,5851.5,5851.5,5918.0,5835.5,5902.0,361321
2025-11-14,5803.5,5803.5,5851.0,5750.0,5851.0,415356
2025-11-17,5830.5,5830.5,5850.0,5782.0,5803.5,332821
2025-11-18,5840.0,5840.0,5862.0,5805.5,5818.0,262201
2025-11-19,5874.5,5874.5,5882.5,5804.5,5850.0,280409
2025-11-20,5819.0,5819.0,5900.0,5763.5,5882.0,641980
2025-11-21,5813.0,5813.0,5855.0,5764.5,5816.0,320317
2025-11-24,5815.5,5815.5,5849.0,5785.0,5815.0,696665
2025-11-25,5867.0,5867.0,5878.0,5790.0,5815.5,309271
2025-11-26,5880.5,5880.5,5904.5,5843.0,5865.0,157291
2025-11-27,5826.5,5826.5,5900.0,5815.5,5890.5,156675
2025-11-28,5846.0,5846.0,5852.0,5795.0,5826.5,220417
2025-12-01,5813.5,5813.5,5856.0,5800.0,5825.0,199275
2025-12-02,5875.5,5875.5,5894.0,5792.0,5792.0,290994
2025-12-03,5824.5,5824.5,5908.0,5812.0,5908.0,308053
2025-12-04,5876.5,5876.5,5882.5,5824.5,5840.0,239085
2025-12-05,5961.0,5961.0,5974.0,5838.5,5855.0,244408
2025-12-08,5847.5,5847.5,5985.0,5825.0,5961.0,185407
2025-12-09,5884.0,5884.0,5893.0,5780.0,5850.0,174714
2025-12-10,5828.5,5828.5,5966.0,5812.0,5904.0,329466
2025-12-11,5847.0,5847.0,5895.0,5813.0,5840.0,115481
2025-12-12,5915.5,5915.5,5925.5,5830.0,5848.0,202721
2025-12-15,6038.0,6038.0,6055.0,5857.0,5915.5,244119
2025-12-16,6066.0,6066.0,6145.0,6032.0,6059.5,284337
2025-12-17,6096.0,6096.0,6116.0,6051.0,6060.0,298257
2025-12-18,6040.5,6040.5,6134.5,6012.5,6132.0,199067
2025-12-19,6103.0,6103.0,6116.0,5992.5,6020.0,179450
2025-12-22,6083.0,6083.0,6102.5,6066.0,6102.5,206588
2025-12-23,6061.0,6061.0,6119.0,6030.0,6083.0,216840
2025-12-24,6030.0,6030.0,6078.0,6004.0,6065.0,97580
2025-12-26,6032.5,6032.5,6069.5,6002.0,6006.5,65992
2025-12-29,6041.5,6041.5,6065.5,6005.0,6039.0,103209
2025-12-30,6013.0,6013.0,6045.5,5980.0,6045.0,205456
2025-12-31,6031.0,6031.0,6070.0,5995.0,6013.0,179577
2026-01-01,6009.5,6009.5,6063.0,5992.0,6031.0,138484
2026-01-02,5984.5,5984.5,6033.0,5941.5,6009.5,265702
2026-01-05,6026.5,6026.5,6092.0,5930.5,5970.0,468880
2026-01-06,6129.5,6129.5,6142.5,5948.5,6040.0,300112
2026-01-07,6185.0,6185.0,6271.0,6157.5,6200.0,437361
2026-01-08,6033.5,6033.5,6158.5,5945.5,6155.0,641813
2026-01-09,5977.5,5977.5,6106.5,5930.0,6033.5,139764
2026-01-12,5943.5,5943.5,6000.5,5905.0,5977.5,228799
2026-01-13,5918.0,5918.0,5970.0,5896.0,5930.0,327794
2026-01-14,5906.5,5906.5,5945.5,5868.0,5893.5,307200
2026-01-15,5906.5,5906.5,5906.5,5906.5,5906.5,0
2026-01-16,5898.5,5898.5,5944.0,5862.0,5875.0,453904
2026-01-19,5943.5,5943.5,5970.0,5879.0,5898.5,145915
2026-01-20,5884.0,5884.0,5994.5,5862.0,5943.5,350070
2026-01-21,5802.5,5802.5,5899.0,5787.0,5870.0,662863
2026-01-22,5932.0,5932.0,5975.0,5819.0,5850.0,435081
2026-01-23,5835.0,5835.0,5964.0,5813.5,5950.0,142248
2026-01-27,5886.0,5886.0,5925.0,5805.0,5839.0,1044402
2026-01-28,5748.5,5748.5,5924.0,5680.0,5924.0,442618
2026-01-29,5723.0,5723.0,5733.0,5693.0,5711.5,343244
2026-01-30,5860.5,5860.5,5887.5,5710.5,5723.0,806045
2026-02-02,5888.5,5888.5,5899.0,5697.5,5733.0,279213
2026-02-03,5882.0,5882.0,5975.5,5821.0,5920.0,349825
2026-02-04,5879.0,5879.0,5965.0,5855.0,5899.5,160343
2026-02-05,5870.5,5870.5,5946.5,5844.5,5855.0,275290
2026-02-06,5911.0,5911.0,5917.0,5805.0,5870.0,186858
2026-02-09,5843.0,5843.0,5915.5,5792.5,5900.5,331118
2026-02-10,5873.5,5873.5,5893.5,5847.0,5874.0,276901
2026-02-11,6019.0,6019.0,6156.0,5973.5,6000.0,771051
2026-02-12,6102.0,6102.0,6148.0,6020.0,6057.0,455997
2026-02-13,5980.5,5980.5,6098.5,5968.0,6080.0,159821
2026-02-16,6106.0,6106.0,6134.0,5964.5,5980.0,255274
2026-02-17,6145.5,6145.5,6154.5,6066.5,6106.0,164220
2026-02-18,6176.0,6176.0,6190.0,6116.0,6161.0,193569
2026-02-19,6108.5,6108.5,6198.0,6093.5,6170.0,127940
2026-02-20,6098.5,6098.5,6137.5,6066.5,6109.0,388361
2026-02-23,6122.5,6122.5,6150.0,6042.0,6136.0,225252
2026-02-24,6162.5,6162.5,6173.5,6065.5,6083.0,193510
2026-02-25,6158.0,6158.0,6208.5,6140.0,6170.0,253773
2026-02-26,6137.0,6137.0,6187.0,6070.0,6158.0,245317
2026-02-27,6002.5,6002.5,6142.5,5975.0,6135.5,350612
2026-03-02,5959.0,5959.0,6001.0,5866.0,5866.0,185417
2026-03-04,5889.5,5889.5,5924.0,5845.5,5901.5,293377
2026-03-05,5963.0,5963.0,5997.5,5851.0,5899.0,211179
2026-03-06,5983.0,5983.0,6013.0,5926.5,5948.0,348722
2026-03-09,5890.0,5890.0,5932.5,5815.5,5930.0,245594
2026-03-10,5968.0,5968.0,5995.0,5911.0,5911.0,283327
2026-03-11,5921.5,5921.5,5995.0,5900.0,5981.0,298621
2026-03-12,5787.0,5787.0,5910.0,5713.0,5910.0,996754
2026-03-13,5808.5,5808.5,5881.0,5727.0,5750.0,738522
2026-03-16,5842.0,5842.0,5872.5,5764.5,5808.5,350827
2026-03-17,5857.5,5857.5,5868.5,5801.5,5849.0,260165
2026-03-18,5885.0,5885.0,5914.0,5842.0,5860.5,301564
2026-03-19,5673.5,5673.5,5852.0,5642.5,5799.0,234382
2026-03-20,5618.5,5618.5,5749.5,5592.0,5735.0,462806
2026-03-23,5490.0,5490.0,5590.5,5475.5,5590.0,316325
2026-03-24,5513.5,5513.5,5600.0,5404.5,5590.0,542905
2026-03-25,5647.0,5647.0,5737.5,5536.5,5536.5,342559
2026-03-27,5500.0,5500.0,5627.0,5483.0,5600.0,378825
2026-03-30,5423.0,5423.0,5533.0,5364.5,5480.0,783793
2026-04-01,5474.0,5474.0,5538.0,5433.5,5520.0,252740
2026-04-02,5442.0,5442.0,5471.0,5351.5,5460.0,444248
2026-04-06,5535.0,5535.0,5548.0,5402.0,5420.0,228390
2026-04-07,5542.0,5542.0,5552.5,5384.0,5493.0,204113
2026-04-08,5594.5,5594.5,5698.5,5556.0,5698.5,482250
2026-04-09,5475.0,5475.0,5659.5,5430.5,5620.0,624921
2026-04-10,5557.5,5557.5,5570.0,5405.0,5500.0,339513
2026-04-13,5589.0,5589.0,5613.0,5444.0,5526.5,350782
2026-04-15,5654.5,5654.5,5724.0,5600.5,5670.0,542939
2026-04-16,5586.0,5586.0,5705.5,5534.5,5640.0,455115
2026-04-17,5735.5,5735.5,5750.0,5568.5,5601.5,345936
2026-04-20,5700.0,5700.0,5762.5,5640.5,5736.0,610941
2026-04-21,5837.5,5837.5,5864.5,5685.0,5715.0,270416
2026-04-22,5729.5,5729.5,5924.0,5716.5,5874.0,550506
2026-04-23,5671.5,5671.5,5728.0,5640.5,5724.0,408915
2026-04-24,5730.5,5730.5,5753.5,5665.5,5707.5,470926
2026-04-27,5717.5,5717.5,5804.0,5689.0,5750.0,658091
2026-04-28,5662.0,5662.0,5735.0,5641.0,5723.0,249233
2026-04-29,5709.0,5709.0,5734.5,5665.0,5674.0,363567
2026-04-30,5726.0,5726.0,5752.0,5644.0,5720.0,269033
2026-05-01,5726.0,5726.0,5726.0,5726.0,5726.0,0
2026-05-04,5792.5,5792.5,5821.5,5715.0,5730.0,328011
2026-05-05,5834.5,5834.5,5842.5,5734.5,5775.0,710839
2026-05-06,5783.0,5783.0,5880.0,5764.0,5878.0,438886
2026-05-07,5814.0,5814.0,5891.5,5733.5,5798.0,490345
2026-05-08,5520.0,5520.0,5654.0,5503.0,5634.0,3173832
2026-05-11,5410.5,5410.5,5508.0,5395.0,5505.5,668220
2026-05-12,5334.0,5334.0,5425.0,5315.0,5403.5,655043
2026-05-13,5336.0,5336.0,5383.5,5279.5,5345.0,405228
2026-05-14,5372.5,5372.5,5397.0,5310.0,5343.5,340218
2026-05-15,5406.0,5406.0,5420.0,5365.0,5372.5,151714
2026-05-18,5380.5,5380.5,5399.0,5289.5,5385.5,374914
2026-05-19,5416.5,5416.5,5470.5,5375.0,5375.0,271643
2026-05-20,5344.5,5344.5,5390.5,5321.5,5380.0,462006
2026-05-21,5333.0,5333.0,5373.0,5292.0,5361.5,485793
2026-05-22,5331.5,5331.5,5358.5,5298.0,5341.0,498183
2026-05-25,5327.0,5327.0,5370.0,5309.5,5370.0,284971
2026-05-26,5338.0,5338.0,5356.0,5311.0,5356.0,193734
2026-05-27,5335.5,5335.5,5352.5,5301.0,5330.0,195454
2026-05-28,5335.5,5335.5,5335.5,5335.5,5335.5,0
2026-05-29,5204.5,5204.5,5350.0,5164.5,5335.5,1697949
2026-06-01,5157.5,5157.5,5230.0,5122.0,5208.0,341856
2026-06-02,5117.0,5117.0,5148.0,5075.0,5120.5,458858
2026-06-03,5064.0,5064.0,5142.5,5050.0,5130.0,334445
2026-06-04,5090.0,5090.0,5119.5,5035.0,5051.5,300651
2026-06-05,5120.5,5120.5,5135.0,5071.0,5095.0,159398
2026-06-08,5078.5,5078.5,5103.5,5036.5,5094.0,247859
2026-06-09,5107.5,5107.5,5125.0,5063.5,5079.5,277222
2026-06-10,5171.0,5171.0,5232.0,5103.5,5110.0,322498
2026-06-11,5113.0,5113.0,5190.5,5096.5,5160.0,295275
