Date,Adj Close,Close,High,Low,Open,Volume
,CIPLA.NS,CIPLA.NS,CIPLA.NS,CIPLA.NS,CIPLA.NS,CIPLA.NS
2021-01-01,788.78076171875,826.5999755859375,828.9500122070312,820.6500244140625,822.7999877929688,2474916
2021-01-04,794.1721801757812,832.25,837.2999877929688,826.5499877929688,831.0,3487801
2021-01-05,789.4010009765625,827.25,843.75,825.2999877929688,832.25,4559213
2021-01-06,787.0631103515625,824.7999877929688,834.4000244140625,815.25,829.0,3318460
2021-01-07,788.7330322265625,826.5499877929688,830.4500122070312,818.0,830.0,2879675
2021-01-08,800.3270874023438,838.7000122070312,846.2000122070312,827.4000244140625,830.7000122070312,5072916
2021-01-11,817.6466674804688,856.8499755859375,860.0,832.75,839.0,5332109
2021-01-12,804.5735473632812,843.1500244140625,864.5999755859375,841.0,860.0,4338010
2021-01-13,803.1898803710938,841.7000122070312,852.0,832.5,847.3499755859375,3596529
2021-01-14,802.4265747070312,840.9000244140625,847.5499877929688,829.0,841.7000122070312,3652930
2021-01-15,786.013427734375,823.7000122070312,844.9000244140625,821.0,839.0,3137877
2021-01-18,765.0676879882812,801.75,826.6500244140625,796.2000122070312,822.0,3742440
2021-01-19,784.820556640625,822.4500122070312,825.4000244140625,802.5,802.5,3791378
2021-01-20,794.6970825195312,832.7999877929688,834.9000244140625,822.2999877929688,822.5,3056546
2021-01-21,775.564453125,812.75,839.2999877929688,809.0,835.0,3326213
2021-01-22,771.3179321289062,808.2999877929688,822.5,798.25,815.7999877929688,3883231
2021-01-25,798.5140380859375,836.7999877929688,857.0,808.25,813.0,10704200
2021-01-27,803.9533081054688,842.5,856.4500122070312,825.2000122070312,839.9000244140625,7410174
2021-01-28,803.3807983398438,841.9000244140625,848.8499755859375,825.7000122070312,835.5,4489853
2021-01-29,788.11279296875,825.9000244140625,850.8499755859375,820.75,847.9500122070312,7185812
2021-02-01,769.5049438476562,806.4000244140625,831.0,779.9500122070312,815.0,13856367
2021-02-02,784.009521484375,821.5999755859375,826.3499755859375,801.5,807.0,8486828
2021-02-03,810.3944091796875,849.25,878.9000244140625,824.2000122070312,826.0,15674616
2021-02-04,796.2716064453125,834.4500122070312,856.5,832.5999755859375,847.5499877929688,4639606
2021-02-05,808.9154663085938,847.7000122070312,854.9000244140625,830.5,839.5999755859375,7381183
2021-02-08,808.48583984375,847.25,859.25,841.0499877929688,852.0,4244906
2021-02-09,803.2376098632812,841.75,856.8499755859375,839.0,848.0,4200281
2021-02-10,823.8970336914062,863.4000244140625,867.0,841.0,847.5999755859375,5665209
2021-02-11,820.461669921875,859.7999877929688,874.9000244140625,856.0,868.0,5347864
2021-02-12,809.7263793945312,848.5499877929688,864.3499755859375,845.5,859.0,2473012
2021-02-15,805.6709594726562,844.2999877929688,856.5999755859375,842.0,850.0999755859375,2531913
2021-02-16,809.5355834960938,848.3499755859375,852.25,841.25,850.0,2808115
2021-02-17,797.4644165039062,835.7000122070312,854.7000122070312,833.0,849.4500122070312,2539649
2021-02-18,787.683349609375,825.4500122070312,843.4500122070312,822.5,835.0,4114251
2021-02-19,770.4114379882812,807.3499755859375,825.4500122070312,799.0,823.7999877929688,3834443
2021-02-22,756.1932373046875,792.4500122070312,817.5,786.0499877929688,811.4000244140625,4090429
2021-02-23,754.7617797851562,790.9500122070312,803.1500244140625,788.4000244140625,795.0,3264477
2021-02-24,752.9487915039062,789.0499877929688,798.0999755859375,776.25,794.0,1587082
2021-02-25,772.1292114257812,809.1500244140625,814.0,790.4500122070312,795.0,5478169
2021-02-26,751.0402221679688,787.0499877929688,820.0,780.0,805.0,7549015
2021-03-01,753.6644897460938,789.7999877929688,800.5,782.0,795.0,2748271
2021-03-02,774.6578369140625,811.7999877929688,815.0,790.7999877929688,792.5999755859375,4275166
2021-03-03,775.3258666992188,812.5,818.1500244140625,807.5999755859375,817.9500122070312,3265559
2021-03-04,769.8389892578125,806.75,818.0,803.7000122070312,807.4000244140625,3640996
2021-03-05,768.3121337890625,805.1500244140625,812.0,800.25,806.5,3832170
2021-03-08,772.2245483398438,809.25,819.0,806.2000122070312,807.9500122070312,2915298
2021-03-09,760.5350952148438,797.0,816.7000122070312,792.0999755859375,812.5999755859375,2783825
2021-03-10,775.2304077148438,812.4000244140625,814.75,801.0,806.0,2512573
2021-03-12,769.0755004882812,805.9500122070312,818.7000122070312,802.0,816.5,2082799
2021-03-15,768.6461791992188,805.5,808.9000244140625,790.0,807.9000244140625,2651062
2021-03-16,756.0499877929688,792.2999877929688,808.5,787.0,805.0999755859375,3671229
2021-03-17,736.822021484375,772.1500244140625,794.7999877929688,770.0,794.7999877929688,3246092
2021-03-18,720.5997924804688,755.1500244140625,778.4500122070312,750.8499755859375,776.0,2894624
2021-03-19,725.8480834960938,760.6500244140625,767.25,738.0999755859375,751.0,5262000
2021-03-22,737.489990234375,772.8499755859375,784.5999755859375,758.7000122070312,762.0,3563266
2021-03-23,740.5912475585938,776.0999755859375,779.4000244140625,768.4000244140625,775.0,2118532
2021-03-24,756.6702880859375,792.9500122070312,798.7000122070312,772.6500244140625,777.7999877929688,6904173
2021-03-25,751.2311401367188,787.25,802.2999877929688,783.2999877929688,796.9000244140625,5292130
2021-03-26,751.4219360351562,787.4500122070312,799.0,781.25,791.0,2934548
2021-03-30,775.0396118164062,812.2000122070312,815.9000244140625,790.25,790.25,4453933
2021-03-31,777.8067626953125,815.0999755859375,823.9500122070312,805.0,811.0,3075406
2021-04-01,780.8604736328125,818.2999877929688,824.0,811.5999755859375,819.5,1910949
2021-04-05,782.2440795898438,819.75,827.0,806.0999755859375,825.0,2920638
2021-04-06,797.893798828125,836.1500244140625,845.0,821.8499755859375,824.0,4569120
2021-04-07,802.3787231445312,840.8499755859375,844.9000244140625,830.25,836.1500244140625,2404472
2021-04-08,803.4761352539062,842.0,850.4500122070312,838.4000244140625,843.0,2459821
2021-04-09,842.64794921875,883.0499877929688,892.2999877929688,836.6500244140625,840.9000244140625,11189432
2021-04-12,861.1126098632812,902.4000244140625,940.0,879.1500244140625,890.0,30141861
2021-04-13,844.6996459960938,885.2000122070312,932.5999755859375,878.2999877929688,921.9500122070312,11667200
2021-04-15,872.372802734375,914.2000122070312,925.4000244140625,883.9000244140625,898.7999877929688,13218002
2021-04-16,895.1316528320312,938.0499877929688,944.25,910.9000244140625,919.75,13746268
2021-04-19,903.0040893554688,946.2999877929688,955.0,924.0,945.25,17805574
2021-04-20,905.8668823242188,949.2999877929688,966.3499755859375,941.0999755859375,965.0999755859375,10205616
2021-04-22,901.143310546875,944.3499755859375,963.1500244140625,938.8499755859375,958.7999877929688,8522208
2021-04-23,892.7936401367188,935.5999755859375,952.8499755859375,922.75,944.3499755859375,7972589
2021-04-26,863.9754638671875,905.4000244140625,940.0,902.1500244140625,935.5999755859375,10255697
2021-04-27,870.6551513671875,912.4000244140625,919.5,901.0,913.0,5669049
2021-04-28,868.5558471679688,910.2000122070312,918.0,902.9500122070312,914.3499755859375,7251009
2021-04-29,865.025146484375,906.5,917.4000244140625,904.0,911.9500122070312,4953091
2021-04-30,868.6989135742188,910.3499755859375,921.0,900.75,900.75,6459737
2021-05-03,868.5558471679688,910.2000122070312,924.4000244140625,906.4000244140625,919.0999755859375,6330144
2021-05-04,838.2584838867188,878.4500122070312,912.9000244140625,876.0,912.9000244140625,8347795
2021-05-05,847.9917602539062,888.6500244140625,899.0,869.0,885.0,10491085
2021-05-06,843.8408203125,884.2999877929688,916.7000122070312,880.9000244140625,907.0,17973153
2021-05-07,842.5048217773438,882.9000244140625,895.5,877.0,893.0,5479029
2021-05-10,859.06103515625,900.25,906.4500122070312,877.5,892.5,8379304
2021-05-11,850.1388549804688,890.9000244140625,905.9500122070312,888.2000122070312,899.9500122070312,5864464
2021-05-12,857.4865112304688,898.5999755859375,906.75,884.2999877929688,889.2999877929688,5224240
2021-05-14,862.6871948242188,904.0499877929688,921.0,900.7999877929688,909.0,15048471
2021-05-17,840.882568359375,881.2000122070312,905.0,870.0,895.0,14122085
2021-05-18,843.936279296875,884.4000244140625,888.3499755859375,878.4500122070312,887.0,5129966
2021-05-19,862.591796875,903.9500122070312,905.9500122070312,881.0,887.8499755859375,7242643
2021-05-20,881.9152221679688,924.2000122070312,927.9000244140625,905.0,906.0,12378690
2021-05-21,884.4917602539062,926.9000244140625,935.0,922.2999877929688,930.0,6740711
2021-05-24,888.6427001953125,931.25,945.5,926.1500244140625,931.0,6420035
2021-05-25,892.7936401367188,935.5999755859375,940.0,930.0,939.6500244140625,3695242
2021-05-26,901.9067993164062,945.1500244140625,951.9500122070312,939.0499877929688,941.0,5445187
2021-05-27,899.23486328125,942.3499755859375,948.75,934.0499877929688,946.0,6249606
2021-05-28,891.600830078125,934.3499755859375,947.3499755859375,931.0,940.2000122070312,2156991
2021-05-31,905.91455078125,949.3499755859375,951.0,924.0,934.3499755859375,3183414
2021-06-01,903.1472778320312,946.4500122070312,958.0,943.5499877929688,952.0,2904962
2021-06-02,911.0198364257812,954.7000122070312,960.5,946.4500122070312,946.4500122070312,2449102
2021-06-03,904.8648681640625,948.25,959.7000122070312,946.0,955.0,2258695
2021-06-04,903.099609375,946.4000244140625,951.5,936.5,948.0,3057699
2021-06-07,896.801513671875,939.7999877929688,951.75,937.5499877929688,951.75,2028426
2021-06-08,910.11328125,953.75,955.0,931.8499755859375,939.7999877929688,2278534
2021-06-09,914.7890625,958.6500244140625,975.0,950.2000122070312,954.7999877929688,5498857
2021-06-10,929.6276245117188,974.2000122070312,975.0,960.0,960.9500122070312,4754350
2021-06-11,923.568115234375,967.8499755859375,982.2999877929688,965.5,975.0,3480545
2021-06-14,931.4884643554688,976.1500244140625,979.0,957.0,972.7000122070312,2377279
2021-06-15,925.3335571289062,969.7000122070312,978.8499755859375,967.1500244140625,975.0,1289684
2021-06-16,912.9760131835938,956.75,971.1500244140625,953.7999877929688,969.0,1684500
2021-06-17,907.44140625,950.9500122070312,959.75,943.5,955.0,2429291
2021-06-18,916.9362182617188,960.9000244140625,967.6500244140625,945.3499755859375,950.9500122070312,4978288
2021-06-21,916.220458984375,960.1500244140625,962.7000122070312,950.5,958.0,1625660
2021-06-22,912.1171875,955.8499755859375,960.9000244140625,949.1500244140625,956.2000122070312,2344400
2021-06-23,913.9302368164062,957.75,966.0,954.2000122070312,956.0,1807471
2021-06-24,907.3936767578125,950.9000244140625,958.7000122070312,944.0,957.7999877929688,1769651
2021-06-25,913.3099365234375,957.0999755859375,961.0,948.9500122070312,951.0,2134441
2021-06-28,918.98779296875,963.0499877929688,971.3499755859375,957.0999755859375,962.0,1759671
2021-06-29,934.780517578125,979.5999755859375,989.0,960.0499877929688,964.0,4300755
2021-06-30,927.432861328125,971.9000244140625,997.0,969.1500244140625,992.2000122070312,7195632
2021-07-01,933.3491821289062,978.0999755859375,980.0,967.2000122070312,977.2000122070312,2291137
2021-07-02,934.3988647460938,979.2000122070312,985.7999877929688,975.0999755859375,981.8499755859375,1421148
2021-07-05,930.104736328125,974.7000122070312,983.8499755859375,973.0999755859375,979.2999877929688,1286458
2021-07-06,924.7609252929688,969.0999755859375,975.0,964.75,975.0,1157576
2021-07-07,921.0394287109375,965.2000122070312,968.9500122070312,961.0,968.0,1740439
2021-07-08,907.1551513671875,950.6500244140625,968.0,944.7999877929688,965.5,1662518
2021-07-09,915.8863525390625,959.7999877929688,965.5999755859375,949.9500122070312,952.0,1301555
2021-07-12,915.9342041015625,959.8499755859375,967.9500122070312,955.8499755859375,960.0,1122802
2021-07-13,921.4688110351562,965.6500244140625,969.8499755859375,956.0499877929688,962.2000122070312,1317621
2021-07-14,932.442626953125,977.1500244140625,978.4000244140625,961.0999755859375,961.0999755859375,1729994
2021-07-15,929.0550537109375,973.5999755859375,981.0,972.0499877929688,979.0,979315
2021-07-16,932.442626953125,977.1500244140625,989.9000244140625,973.5999755859375,973.5999755859375,2087320
2021-07-19,929.4368286132812,974.0,983.5999755859375,971.25,972.0999755859375,854347
2021-07-20,911.44921875,955.1500244140625,974.0999755859375,952.6500244140625,972.0,1520300
2021-07-22,906.439453125,949.9000244140625,958.9500122070312,946.6500244140625,958.0999755859375,1783069
2021-07-23,904.6262817382812,948.0,957.7000122070312,946.9500122070312,952.0,1056183
2021-07-26,907.0596923828125,950.5499877929688,960.0,947.0,948.0,1306026
2021-07-27,871.3231811523438,913.0999755859375,958.5,909.0,952.5,3366104
2021-07-28,849.1846313476562,889.9000244140625,921.5999755859375,886.6500244140625,921.5999755859375,5094903
2021-07-29,842.6956787109375,883.0999755859375,899.9500122070312,872.0,894.3499755859375,4929314
2021-07-30,877.9551391601562,920.0499877929688,929.9000244140625,877.75,885.0999755859375,6280365
2021-08-02,878.909423828125,921.0499877929688,933.5999755859375,913.4000244140625,928.2999877929688,2981630
2021-08-03,885.6845092773438,928.1500244140625,929.5499877929688,918.5,925.0,2014511
2021-08-04,896.658447265625,939.6500244140625,942.5,927.0,928.1500244140625,2517694
2021-08-05,902.1453247070312,945.4000244140625,953.0,932.0,944.2000122070312,4022548
2021-08-06,869.60546875,911.2999877929688,939.0,909.0,939.0,9727673
2021-08-09,881.4555053710938,918.6500244140625,920.0,897.4000244140625,912.0999755859375,3310964
2021-08-10,875.650390625,912.5999755859375,923.7999877929688,905.0,920.0,2552532
2021-08-11,873.0117797851562,909.8499755859375,914.0,891.0499877929688,912.9000244140625,2174054
2021-08-12,868.64599609375,905.2999877929688,916.2000122070312,903.7000122070312,912.0,2127392
2021-08-13,858.187255859375,894.4000244140625,910.9500122070312,892.3499755859375,906.0,2919925
2021-08-16,852.2863159179688,888.25,901.0999755859375,886.0499877929688,896.0,1954152
2021-08-17,868.0222778320312,904.6500244140625,906.2999877929688,889.9000244140625,891.0,3767678
2021-08-18,872.0521850585938,908.8499755859375,910.7000122070312,900.0,900.2000122070312,2323095
2021-08-20,854.7809448242188,890.8499755859375,909.0499877929688,887.0,908.9000244140625,2354874
2021-08-23,861.9773559570312,898.3499755859375,908.0,888.6500244140625,898.0,2081206
2021-08-24,880.4960327148438,917.6500244140625,919.5499877929688,897.6500244140625,903.0,2588128
2021-08-25,875.650390625,912.5999755859375,923.5999755859375,905.9500122070312,917.0,1697757
2021-08-26,874.4030151367188,911.2999877929688,916.75,906.2999877929688,912.5999755859375,1522032
2021-08-27,886.4928588867188,923.9000244140625,925.4500122070312,907.5,913.7999877929688,1878603
2021-08-30,896.8556518554688,934.7000122070312,936.5,920.4500122070312,924.0,2016968
2021-08-31,909.4252319335938,947.7999877929688,949.7000122070312,930.2999877929688,935.0,2463088
2021-09-01,885.4854125976562,922.8499755859375,954.9000244140625,920.0,949.0,4434153
2021-09-02,916.573486328125,955.25,960.0,923.4000244140625,927.0,3688123
2021-09-03,902.9964599609375,941.0999755859375,963.0,930.6500244140625,956.0999755859375,3110583
2021-09-06,911.7280883789062,950.2000122070312,958.0,942.6500244140625,945.8499755859375,1699875
2021-09-07,912.015869140625,950.5,957.2999877929688,944.0499877929688,950.2000122070312,1113880
2021-09-08,913.2632446289062,951.7999877929688,953.1500244140625,940.0,948.0,1600457
2021-09-09,910.864501953125,949.2999877929688,952.0999755859375,926.0,951.1500244140625,3769007
2021-09-13,911.9679565429688,950.4500122070312,953.9000244140625,942.5499877929688,946.0,865538
2021-09-14,914.55859375,953.1500244140625,958.3499755859375,949.5999755859375,954.7999877929688,1373821
2021-09-15,914.36669921875,952.9500122070312,956.5999755859375,948.2999877929688,955.0,2509424
2021-09-16,915.3741455078125,954.0,964.7999877929688,950.2000122070312,954.5,3574908
2021-09-17,915.422119140625,954.0499877929688,962.5,948.0499877929688,960.0,2006356
2021-09-20,900.1179809570312,938.0999755859375,953.0,929.7999877929688,953.0,2308294
2021-09-21,917.38916015625,956.0999755859375,959.0,933.0,935.0,2438464
2021-09-22,924.4895629882812,963.5,974.25,951.6500244140625,952.25,2267730
2021-09-23,928.9032592773438,968.0999755859375,970.0,959.5,965.4500122070312,1297533
2021-09-24,928.4715576171875,967.6500244140625,983.4000244140625,960.4500122070312,969.5999755859375,1803409
2021-09-27,923.721923828125,962.7000122070312,970.0499877929688,952.2999877929688,965.0,1217035
2021-09-28,931.6859741210938,971.0,977.0,950.7999877929688,960.5,1542732
2021-09-29,947.6137084960938,987.5999755859375,1005.0,965.1500244140625,970.5,4052980
2021-09-30,943.727783203125,983.5499877929688,999.75,976.3499755859375,988.0,2312926
2021-10-01,946.2704467773438,986.2000122070312,991.9000244140625,973.0999755859375,980.0,1948517
2021-10-04,918.7324829101562,957.5,996.9500122070312,954.9000244140625,986.0,4097873
2021-10-05,896.7116088867188,934.5499877929688,961.9000244140625,928.4500122070312,961.7999877929688,4986700
2021-10-06,876.4659423828125,913.4500122070312,938.5499877929688,911.1500244140625,935.5499877929688,2615582
2021-10-07,878.9606323242188,916.0499877929688,922.25,898.0,920.0,7008049
2021-10-08,879.9682006835938,917.0999755859375,929.4500122070312,911.6500244140625,923.0,2075219
2021-10-11,876.7538452148438,913.75,923.1500244140625,910.0,922.7999877929688,1449593
2021-10-12,878.8648071289062,915.9500122070312,924.7000122070312,907.8499755859375,913.5,1164581
2021-10-13,876.5139770507812,913.5,924.4500122070312,912.0499877929688,921.6500244140625,1821818
2021-10-14,874.4509887695312,911.3499755859375,920.5,909.9000244140625,917.4500122070312,913675
2021-10-18,867.15869140625,903.75,915.9000244140625,899.5,911.3499755859375,1913667
2021-10-19,869.509521484375,906.2000122070312,917.2999877929688,903.25,906.0,1360282
2021-10-20,869.2217407226562,905.9000244140625,912.7000122070312,900.0,905.0,1941581
2021-10-21,874.6428833007812,911.5499877929688,917.9000244140625,901.5999755859375,914.4500122070312,2723509
2021-10-22,860.0582885742188,896.3499755859375,915.0,889.3499755859375,911.5499877929688,1360319
2021-10-25,865.3356323242188,901.8499755859375,913.0,890.0,895.9000244140625,1901039
2021-10-26,870.7568359375,907.5,914.1500244140625,900.0,908.9000244140625,1405411
2021-10-27,885.1495361328125,922.5,926.9000244140625,902.4500122070312,916.9500122070312,5111161
2021-10-28,855.64453125,891.75,928.5499877929688,886.2999877929688,922.4000244140625,2224983
2021-10-29,868.4060668945312,905.0499877929688,917.0,885.25,893.0,2783659
2021-11-01,872.43603515625,909.25,918.5499877929688,902.2000122070312,917.0,986133
2021-11-02,866.8229370117188,903.4000244140625,912.8499755859375,900.5,910.0,1038025
2021-11-03,875.6983032226562,912.6500244140625,914.7000122070312,903.7000122070312,909.5499877929688,1275433
2021-11-04,873.8273315429688,910.7000122070312,914.25,908.8499755859375,912.6500244140625,96347
2021-11-08,876.7058715820312,913.7000122070312,917.9500122070312,898.7000122070312,917.9500122070312,860650
2021-11-09,877.1376342773438,914.1500244140625,925.0,909.6500244140625,913.0,843911
2021-11-10,875.5064697265625,912.4500122070312,924.5,910.0,910.0,1597922
2021-11-11,868.26220703125,904.9000244140625,912.4500122070312,896.0,912.4500122070312,1180372
2021-11-12,878.8648071289062,915.9500122070312,917.0,905.0,910.7999877929688,936613
2021-11-15,900.1659545898438,938.1500244140625,939.8499755859375,910.0999755859375,915.0,2615304
2021-11-16,884.429931640625,921.75,943.9000244140625,919.0,943.1500244140625,1925000
2021-11-17,868.6939086914062,905.3499755859375,921.75,901.0,921.75,1996857
2021-11-18,856.1723022460938,892.2999877929688,907.0,891.0,905.2999877929688,1009418
2021-11-22,859.1467895507812,895.4000244140625,909.0,883.0,893.0,1443344
2021-11-23,873.7313842773438,910.5999755859375,918.5499877929688,890.0,891.7000122070312,1820473
2021-11-24,857.2757568359375,893.4500122070312,915.4000244140625,891.3499755859375,911.0,1392190
2021-11-25,863.5125732421875,899.9500122070312,902.4500122070312,884.0,894.0,1325422
2021-11-26,927.5599975585938,966.7000122070312,976.0499877929688,890.6500244140625,892.0,14458893
2021-11-29,925.9287719726562,965.0,998.0,956.0,974.0,8303735
2021-11-30,931.9737548828125,971.2999877929688,984.0,958.5999755859375,965.0,4771579
2021-12-01,890.57080078125,928.1500244140625,986.7000122070312,921.8499755859375,980.75,3879683
2021-12-02,883.9501953125,921.25,937.9500122070312,917.5,937.9500122070312,2749084
2021-12-03,875.1226196289062,912.0499877929688,930.0,908.2999877929688,930.0,2388529
2021-12-06,858.715087890625,894.9500122070312,915.7999877929688,892.5,915.0999755859375,1573419
2021-12-07,853.2457885742188,889.25,898.2999877929688,884.0,898.2999877929688,2471419
2021-12-08,861.5936279296875,897.9500122070312,902.0,890.2999877929688,895.0,1663728
2021-12-09,858.283203125,894.5,902.0,890.0499877929688,900.0,1645541
2021-12-10,857.7074584960938,893.9000244140625,901.0,891.0,895.0,947538
2021-12-13,855.2127685546875,891.2999877929688,903.0,886.5499877929688,895.2000122070312,1785608
2021-12-14,859.3386840820312,895.5999755859375,907.8499755859375,891.0,893.5,2651452
2021-12-15,859.4346313476562,895.7000122070312,901.8499755859375,891.7000122070312,896.2000122070312,1192775
2021-12-16,845.329833984375,881.0,903.5,878.25,903.5,2280037
2021-12-17,825.3720092773438,860.2000122070312,884.5,850.0,882.0,2824703
2021-12-20,857.611572265625,893.7999877929688,898.4500122070312,861.0999755859375,864.0,8501360
2021-12-21,850.8470458984375,886.75,897.4000244140625,882.0499877929688,893.7999877929688,2301316
2021-12-22,853.6776123046875,889.7000122070312,893.8499755859375,880.9500122070312,889.0,1271710
2021-12-23,872.915771484375,909.75,912.5,891.25,892.0,1970110
2021-12-24,871.5245361328125,908.2999877929688,912.9000244140625,901.7999877929688,910.2000122070312,1114033
2021-12-27,892.5857543945312,930.25,933.1500244140625,910.1500244140625,912.9000244140625,4596248
2021-12-28,895.5123901367188,933.2999877929688,936.2999877929688,923.0499877929688,932.0,1907169
2021-12-29,897.671142578125,935.5499877929688,947.5999755859375,933.25,938.0,2687014
2021-12-30,914.1747436523438,952.75,955.0,936.0999755859375,937.0,1729705
2021-12-31,905.875,944.0999755859375,957.25,942.0,955.0,2039044
2022-01-03,892.82568359375,930.5,947.9000244140625,925.7999877929688,947.0499877929688,2013140
2022-01-04,886.8287353515625,924.25,937.4500122070312,920.25,937.4500122070312,1238138
2022-01-05,890.9545288085938,928.5499877929688,931.7999877929688,919.0,926.5,1407995
2022-01-06,884.6697387695312,922.0,935.9500122070312,919.2999877929688,928.5499877929688,1384402
2022-01-07,877.7133178710938,914.75,926.6500244140625,913.3499755859375,926.4000244140625,1546099
2022-01-10,879.1046142578125,916.2000122070312,917.8499755859375,908.6500244140625,914.75,1637506
2022-01-11,878.8648071289062,915.9500122070312,921.75,913.0,917.5,1578147
2022-01-12,869.509521484375,906.2000122070312,918.4000244140625,901.2000122070312,918.4000244140625,2090537
2022-01-13,886.6367797851562,924.0499877929688,929.1500244140625,908.7000122070312,912.0,2739659
2022-01-14,884.1900634765625,921.5,933.0,916.2999877929688,926.0499877929688,2321761
2022-01-17,873.3475952148438,910.2000122070312,920.2000122070312,909.0,915.5999755859375,1058857
2022-01-18,865.62353515625,902.1500244140625,914.5999755859375,898.4500122070312,910.2000122070312,1830577
2022-01-19,859.38671875,895.6500244140625,901.5999755859375,885.0999755859375,900.0499877929688,1413292
2022-01-20,846.6251220703125,882.3499755859375,899.9000244140625,880.0499877929688,895.0,1614683
2022-01-21,832.3284301757812,867.4500122070312,880.0,860.0,880.0,1669132
2022-01-24,855.9804077148438,892.0999755859375,895.0,867.4500122070312,871.5,4992078
2022-01-25,868.9818115234375,905.6500244140625,909.0,881.0999755859375,891.4000244140625,2322693
2022-01-27,890.0430908203125,927.5999755859375,931.5,887.0,901.0,7859401
2022-01-28,894.5048217773438,932.25,942.0,917.4500122070312,926.5499877929688,2428175
2022-01-31,906.738525390625,945.0,950.0,930.6500244140625,939.0,2008278
2022-02-01,908.0819702148438,946.4000244140625,959.0,938.7999877929688,948.0,2033319
2022-02-02,913.2632446289062,951.7999877929688,958.5,944.75,945.5,1735750
2022-02-03,914.1747436523438,952.75,957.0,944.5499877929688,953.0,1116446
2022-02-04,907.7939453125,946.0999755859375,957.75,940.0,951.25,1428601
2022-02-07,895.5123901367188,933.2999877929688,947.0,927.0499877929688,946.2000122070312,949273
2022-02-08,909.6651000976562,948.0499877929688,951.0,931.0999755859375,933.2999877929688,1812035
2022-02-09,929.0472412109375,968.25,972.5,950.25,954.7999877929688,2513281
2022-02-10,935.5718383789062,975.0499877929688,977.3499755859375,963.0,969.0,2044733
2022-02-11,919.6920166015625,958.5,976.0499877929688,953.0,956.5,1292417
2022-02-14,916.2377319335938,954.9000244140625,962.9000244140625,938.8499755859375,947.0,2346622
2022-02-15,884.5258178710938,921.8499755859375,938.7999877929688,912.2999877929688,916.5499877929688,8304774
2022-02-16,895.3203125,933.0999755859375,940.25,920.0999755859375,938.0,2480569
2022-02-17,890.6188354492188,928.2000122070312,955.5,925.7000122070312,934.7999877929688,2843010
2022-02-18,872.2921752929688,909.0999755859375,929.8499755859375,903.0499877929688,927.5,3643338
2022-02-21,870.5169677734375,907.25,913.7000122070312,896.0,903.0999755859375,1860041
2022-02-22,876.4180297851562,913.4000244140625,918.0,890.75,893.2000122070312,1884736
2022-02-23,877.8572998046875,914.9000244140625,921.2999877929688,910.25,915.25,1399309
2022-02-24,859.5305786132812,895.7999877929688,908.75,888.1500244140625,899.7999877929688,2003438
2022-02-25,886.2530517578125,923.6500244140625,926.7000122070312,890.9500122070312,903.0,2825642
2022-02-28,887.5963134765625,925.0499877929688,929.9500122070312,911.0,920.0499877929688,1534018
2022-03-02,885.7252807617188,923.0999755859375,931.2999877929688,911.0999755859375,911.0999755859375,3276260
2022-03-03,897.0475463867188,934.9000244140625,945.0,919.5499877929688,925.0,2622469
2022-03-04,893.4972534179688,931.2000122070312,941.0,920.25,929.0,2453781
2022-03-07,903.0444946289062,941.1500244140625,946.0,917.0499877929688,921.9000244140625,2604231
2022-03-08,930.2946166992188,969.5499877929688,977.0,935.4000244140625,938.0,5826939
2022-03-09,941.8087158203125,981.5499877929688,987.5499877929688,960.0499877929688,969.5499877929688,3501351
2022-03-10,947.0860595703125,987.0499877929688,992.9000244140625,975.0,982.0499877929688,4146797
2022-03-11,1001.6822509765625,1043.949951171875,1053.75,981.3499755859375,984.25,11106725
2022-03-14,1006.1920776367188,1048.6500244140625,1058.0,1036.75,1045.0,5590771
2022-03-15,1024.806640625,1068.050048828125,1083.0,1045.0,1045.0,7945333
2022-03-16,1013.0524291992188,1055.800048828125,1078.0,1049.1500244140625,1077.0,3379138
2022-03-17,1006.0481567382812,1048.5,1066.4000244140625,1045.699951171875,1056.0,3712730
2022-03-21,1007.7752075195312,1050.300048828125,1071.0,1049.0999755859375,1067.800048828125,2039889
2022-03-22,990.791748046875,1032.5999755859375,1049.25,1024.0,1045.0,2269544
2022-03-23,973.3766479492188,1014.4500122070312,1044.9000244140625,1011.25,1044.9000244140625,2781735
2022-03-24,987.3375854492188,1029.0,1040.0999755859375,1001.75,1014.0,3344649
2022-03-25,972.465087890625,1013.5,1033.300048828125,1006.0,1033.300048828125,1680031
2022-03-28,975.9193725585938,1017.0999755859375,1044.25,1008.9000244140625,1022.0,3847112
2022-03-29,996.7886962890625,1038.8499755859375,1041.0,1020.2000122070312,1020.2000122070312,3194089
2022-03-30,987.28955078125,1028.949951171875,1054.800048828125,1025.199951171875,1043.0,3083750
2022-03-31,976.8308715820312,1018.0499877929688,1035.0,1013.5999755859375,1030.0,1976418
2022-04-01,973.7604370117188,1014.8499755859375,1025.9000244140625,1006.0,1023.0,1285646
2022-04-04,986.1862182617188,1027.800048828125,1029.6500244140625,1003.4500122070312,1018.0,1665075
2022-04-05,980.0932006835938,1021.4500122070312,1036.0,1017.0,1035.0,1596381
2022-04-06,987.3375854492188,1029.0,1033.8499755859375,1014.0,1014.0,1487844
2022-04-07,994.725830078125,1036.699951171875,1062.6500244140625,1032.300048828125,1036.0,3496357
2022-04-08,970.6419677734375,1011.5999755859375,1038.449951171875,1005.0,1038.449951171875,3001682
2022-04-11,983.979248046875,1025.5,1028.300048828125,1011.5999755859375,1012.0,2094493
2022-04-12,985.658447265625,1027.25,1031.699951171875,1013.0,1021.5,2746930
2022-04-13,975.4396362304688,1016.5999755859375,1033.800048828125,1012.2000122070312,1031.0,1890795
2022-04-18,986.2341918945312,1027.8499755859375,1035.0,1010.0999755859375,1016.5999755859375,2092141
2022-04-19,959.799560546875,1000.2999877929688,1038.9000244140625,980.3499755859375,1034.699951171875,1813890
2022-04-20,971.0738525390625,1012.0499877929688,1015.0,990.0499877929688,1001.9000244140625,1796999
2022-04-21,958.120361328125,998.5499877929688,1020.0,996.7000122070312,1016.0499877929688,1526774
2022-04-22,927.8478393554688,967.0,998.5499877929688,959.0,998.0,2455188
2022-04-25,914.55859375,953.1500244140625,963.0,946.2999877929688,957.0999755859375,1309361
2022-04-26,938.7863159179688,978.4000244140625,980.5999755859375,957.0499877929688,958.1500244140625,1806747
2022-04-27,938.1625366210938,977.75,980.25,964.0,965.2000122070312,1033333
2022-04-28,941.4729614257812,981.2000122070312,990.5999755859375,977.9500122070312,988.0,1840948
2022-04-29,941.4729614257812,981.2000122070312,994.9000244140625,976.5,981.2999877929688,1972427
2022-05-02,937.0591430664062,976.5999755859375,989.75,971.7999877929688,979.0,1767117
2022-05-04,918.7804565429688,957.5499877929688,983.0,947.0499877929688,977.5,2086372
2022-05-05,910.0009765625,948.4000244140625,967.2000122070312,944.0,959.9500122070312,2161283
2022-05-06,896.903564453125,934.75,946.3499755859375,925.4000244140625,937.7999877929688,1828238
2022-05-09,900.309814453125,938.2999877929688,942.0,922.0,934.75,2047297
2022-05-10,888.6517944335938,926.1500244140625,939.5999755859375,918.5499877929688,930.0,1662201
2022-05-11,899.63818359375,937.5999755859375,942.5999755859375,904.25,912.0,5296875
2022-05-12,883.4703979492188,920.75,937.0,915.5,935.0,2242769
2022-05-13,896.7596435546875,934.5999755859375,940.0999755859375,922.2000122070312,924.0999755859375,1734146
2022-05-16,895.6082763671875,933.4000244140625,945.0,926.0499877929688,926.0499877929688,1456551
2022-05-17,900.02197265625,938.0,941.0499877929688,916.2000122070312,935.0,2301253
2022-05-18,918.3486328125,957.0999755859375,961.2000122070312,941.3499755859375,945.7999877929688,2580102
2022-05-19,900.02197265625,938.0,953.9500122070312,934.4000244140625,940.0,1198917
2022-05-20,938.7863159179688,978.4000244140625,982.5999755859375,939.0,950.0,2594816
2022-05-23,930.7743530273438,970.0499877929688,987.7000122070312,966.4500122070312,978.7999877929688,1220231
2022-05-24,931.1101684570312,970.4000244140625,977.7000122070312,961.75,977.0,1622192
2022-05-25,932.5014038085938,971.8499755859375,985.9000244140625,969.4500122070312,972.4000244140625,1950710
2022-05-26,925.4970703125,964.5499877929688,977.3499755859375,960.25,972.0999755859375,1630614
2022-05-27,927.22412109375,966.3499755859375,977.7999877929688,960.0,970.0999755859375,1249374
2022-05-30,946.8461303710938,986.7999877929688,992.0,968.0,968.4000244140625,2171285
2022-05-31,952.7471923828125,992.9500122070312,1004.9000244140625,978.7000122070312,988.9000244140625,4874664
2022-06-01,943.727783203125,983.5499877929688,998.6500244140625,980.3499755859375,994.5,1285579
2022-06-02,947.134033203125,987.0999755859375,1006.8499755859375,977.5,977.5,2639988
2022-06-03,922.0428466796875,960.9500122070312,998.75,957.1500244140625,990.0499877929688,1057504
2022-06-06,936.5313720703125,976.0499877929688,979.7000122070312,960.5,960.9500122070312,1412548
2022-06-07,933.3650512695312,972.75,979.6500244140625,962.0,971.5499877929688,1759986
2022-06-08,923.9618530273438,962.9500122070312,976.0499877929688,956.9000244140625,972.0,1874689
2022-06-09,932.597412109375,971.9500122070312,974.2999877929688,955.0,962.9000244140625,1405851
2022-06-10,927.6558837890625,966.7999877929688,971.5999755859375,960.0,960.0,776457
2022-06-13,916.09375,954.75,984.75,947.7999877929688,955.0,3016612
2022-06-14,925.6409301757812,964.7000122070312,970.7999877929688,950.7999877929688,955.0,1570434
2022-06-15,929.574951171875,968.7999877929688,974.9000244140625,964.0,965.0,1112618
2022-06-16,902.8526000976562,940.9500122070312,977.75,927.7999877929688,976.0,1898194
2022-06-17,877.7133178710938,914.75,944.5499877929688,910.7999877929688,932.2000122070312,2715476
2022-06-20,888.3638916015625,925.8499755859375,928.1500244140625,902.0,914.75,942685
2022-06-21,900.2138671875,938.2000122070312,944.4500122070312,927.0999755859375,927.0999755859375,521963
2022-06-22,879.7763671875,916.9000244140625,945.0,912.7999877929688,931.0,1698830
2022-06-23,895.5602416992188,933.3499755859375,937.2999877929688,914.4000244140625,917.0,615616
2022-06-24,895.8961181640625,933.7000122070312,943.5,930.0,933.0,722838
2022-06-27,894.6007080078125,932.3499755859375,946.4000244140625,930.5499877929688,936.0,846797
2022-06-28,906.8345336914062,945.0999755859375,947.7999877929688,921.8499755859375,935.0,931109
2022-06-29,909.28125,947.6500244140625,961.9000244140625,922.9000244140625,937.0499877929688,2455089
2022-06-30,880.0641479492188,917.2000122070312,944.0,911.4000244140625,944.0,2433648
2022-07-01,910.864501953125,949.2999877929688,956.0499877929688,911.2000122070312,911.2000122070312,1793834
2022-07-04,892.9696044921875,930.6500244140625,950.0,928.5,944.5999755859375,1004832
2022-07-05,899.4462890625,937.4000244140625,949.6500244140625,930.25,935.0,1532205
2022-07-06,907.3142700195312,945.5999755859375,950.0,933.1500244140625,940.0,1390651
2022-07-07,897.3833618164062,935.25,950.3499755859375,933.2999877929688,950.3499755859375,1390277
2022-07-08,897.5752563476562,935.4500122070312,942.25,927.8499755859375,942.25,1072803
2022-07-11,909.1853637695312,947.5499877929688,950.0,927.0499877929688,938.0,1037956
2022-07-12,897.863037109375,935.75,947.3499755859375,934.0,941.9000244140625,672406
2022-07-13,914.7504272460938,953.3499755859375,958.9000244140625,932.1500244140625,940.4500122070312,1511059
2022-07-14,912.6395874023438,951.1500244140625,968.6500244140625,945.1500244140625,953.4000244140625,1713101
2022-07-15,926.936279296875,966.0499877929688,968.0,951.5,963.0,1046876
2022-07-18,928.1836547851562,967.3499755859375,975.4000244140625,960.0499877929688,971.6500244140625,846036
2022-07-19,921.7550048828125,960.6500244140625,974.0,955.4000244140625,958.2000122070312,1162631
2022-07-20,941.7607421875,981.5,982.9500122070312,958.8499755859375,965.7000122070312,1627220
2022-07-21,929.2869873046875,968.5,989.5,966.3499755859375,985.0,1681422
2022-07-22,932.7413330078125,972.0999755859375,976.5,967.5,973.5,977238
2022-07-25,920.9392700195312,959.7999877929688,979.7999877929688,955.0499877929688,976.0,1024751
2022-07-26,917.0054321289062,955.7000122070312,962.0,944.5,959.9500122070312,988405
2022-07-27,934.6123657226562,974.0499877929688,976.25,951.7999877929688,956.9000244140625,904733
2022-07-28,928.2796630859375,967.4500122070312,978.9500122070312,964.2000122070312,977.0,1043837
2022-07-29,937.8267822265625,977.4000244140625,983.9500122070312,953.0,973.7000122070312,2941566
2022-08-01,963.8775024414062,1004.5499877929688,1031.0,988.2999877929688,990.0,4647912
2022-08-02,963.5416870117188,1004.2000122070312,1006.0999755859375,992.0,1003.6500244140625,1184696
2022-08-03,970.8818359375,1011.8499755859375,1028.75,1004.5,1010.0,4052763
2022-08-04,1002.2100830078125,1044.5,1046.9000244140625,1015.0,1017.7999877929688,2865077
2022-08-05,992.326904296875,1034.199951171875,1045.949951171875,1032.0,1040.0,1561405
2022-08-08,992.66455078125,1029.550048828125,1039.5,1024.0999755859375,1036.199951171875,767289
2022-08-10,1001.1492309570312,1038.3499755859375,1046.300048828125,1029.050048828125,1035.550048828125,1293683
2022-08-11,1001.1974487304688,1038.4000244140625,1049.0,1035.0,1040.5,838963
2022-08-12,990.3504638671875,1027.1500244140625,1043.5999755859375,1022.3499755859375,1043.5999755859375,1140717
2022-08-16,997.4853515625,1034.550048828125,1036.0,1025.25,1027.1500244140625,776409
2022-08-17,989.0006103515625,1025.75,1042.949951171875,1024.199951171875,1039.75,1102323
2022-08-18,995.219482421875,1032.199951171875,1034.050048828125,1007.3499755859375,1028.5,1201720
2022-08-19,993.1947631835938,1030.0999755859375,1036.5999755859375,1020.0999755859375,1029.050048828125,654004
2022-08-22,985.915283203125,1022.5499877929688,1029.8499755859375,1015.5,1016.0,993053
2022-08-23,1003.3668212890625,1040.6500244140625,1046.800048828125,1010.2000122070312,1010.2000122070312,1868332
2022-08-24,1000.1849975585938,1037.3499755859375,1053.8499755859375,1026.050048828125,1041.0,1562062
2022-08-25,989.0006103515625,1025.75,1043.949951171875,1020.5499877929688,1043.949951171875,1112617
2022-08-26,984.2279663085938,1020.7999877929688,1035.699951171875,1018.5,1030.9000244140625,1264070
2022-08-29,980.853271484375,1017.2999877929688,1024.0,991.2999877929688,1000.0,1305557
2022-08-30,1001.2455444335938,1038.449951171875,1042.199951171875,1016.0999755859375,1018.5,1571042
2022-09-01,986.34912109375,1023.0,1044.25,1019.4000244140625,1026.0,1528731
2022-09-02,979.2141723632812,1015.5999755859375,1031.199951171875,1012.0499877929688,1024.0,1655229
2022-09-05,988.9042358398438,1025.6500244140625,1030.449951171875,1012.0,1012.5,1275368
2022-09-06,1003.5596313476562,1040.8499755859375,1042.0,1024.9000244140625,1025.0,1369910
2022-09-07,1013.828125,1051.5,1061.8499755859375,1033.0,1033.8499755859375,2471263
2022-09-08,1018.215087890625,1056.050048828125,1059.75,1044.0,1058.5,1755391
2022-09-09,1020.3845825195312,1058.300048828125,1065.949951171875,1055.0,1060.0,1092235
2022-09-12,1026.6033935546875,1064.75,1068.5,1057.0999755859375,1058.300048828125,936787
2022-09-13,1020.9629516601562,1058.9000244140625,1063.0,1052.6500244140625,1057.050048828125,1144685
2022-09-14,1021.9752197265625,1059.949951171875,1068.0,1040.0,1040.0,998799
2022-09-15,996.2801513671875,1033.300048828125,1062.949951171875,1028.5,1060.0,927244
2022-09-16,1006.11474609375,1043.5,1060.0,1034.0,1038.5,2850439
2022-09-19,999.1726684570312,1036.300048828125,1043.949951171875,1015.0,1043.949951171875,2073673
2022-09-20,1053.16650390625,1092.300048828125,1097.550048828125,1039.5,1041.5,2491392
2022-09-21,1032.051025390625,1070.4000244140625,1101.8499755859375,1064.25,1100.0,2283817
2022-09-22,1023.8555297851562,1061.9000244140625,1071.800048828125,1051.0,1061.1500244140625,1634304
2022-09-23,1029.8333740234375,1068.0999755859375,1093.0,1063.25,1067.25,3268298
2022-09-26,1027.4710693359375,1065.6500244140625,1081.199951171875,1050.8499755859375,1065.699951171875,1219450
2022-09-27,1059.3370361328125,1098.699951171875,1104.9000244140625,1069.0,1070.949951171875,2343041
2022-09-28,1057.842529296875,1097.1500244140625,1117.699951171875,1087.6500244140625,1101.0,3450534
2022-09-29,1075.8726806640625,1115.8499755859375,1121.6500244140625,1088.0999755859375,1100.550048828125,2093772
2022-09-30,1075.0048828125,1114.949951171875,1128.0,1105.050048828125,1119.75,1834565
2022-10-03,1090.23876953125,1130.75,1144.9000244140625,1115.0,1116.800048828125,2601710
2022-10-04,1103.640869140625,1144.6500244140625,1147.5,1133.0,1138.8499755859375,1911413
2022-10-06,1093.8062744140625,1134.449951171875,1150.4000244140625,1124.0,1150.4000244140625,1561938
2022-10-07,1089.997802734375,1130.5,1147.199951171875,1129.050048828125,1135.0,1182984
2022-10-10,1078.76513671875,1118.8499755859375,1131.5,1110.0,1110.0,1583891
2022-10-11,1070.3287353515625,1110.0999755859375,1127.1500244140625,1103.800048828125,1121.800048828125,1538943
2022-10-12,1068.73779296875,1108.449951171875,1118.050048828125,1099.199951171875,1111.5999755859375,1231143
2022-10-13,1064.1097412109375,1103.6500244140625,1127.8499755859375,1101.0999755859375,1108.4000244140625,1438932
2022-10-14,1069.171630859375,1108.9000244140625,1120.0,1105.4000244140625,1115.0999755859375,1131139
2022-10-17,1068.448486328125,1108.1500244140625,1113.050048828125,1098.800048828125,1108.0,1076392
2022-10-18,1085.514404296875,1125.8499755859375,1130.199951171875,1110.300048828125,1113.699951171875,960283
2022-10-19,1081.8023681640625,1122.0,1145.0,1119.0999755859375,1131.5,1300144
2022-10-20,1096.0721435546875,1136.800048828125,1142.0,1117.0,1122.0,1633570
2022-10-21,1094.095458984375,1134.75,1148.0,1132.5,1136.800048828125,1349759
2022-10-24,1105.810302734375,1146.9000244140625,1150.0,1141.550048828125,1145.5999755859375,129688
2022-10-25,1114.48779296875,1155.9000244140625,1164.8499755859375,1146.9000244140625,1147.0,2210622
2022-10-27,1124.1295166015625,1165.9000244140625,1180.0999755859375,1156.300048828125,1169.949951171875,2359658
2022-10-28,1113.812744140625,1155.199951171875,1171.800048828125,1151.0,1169.0,1087865
2022-10-31,1125.57568359375,1167.4000244140625,1177.8499755859375,1159.050048828125,1161.0,1554670
2022-11-01,1131.36083984375,1173.4000244140625,1185.25,1163.5999755859375,1167.5,1491658
2022-11-02,1117.7177734375,1159.25,1178.4000244140625,1156.199951171875,1173.550048828125,1479828
2022-11-03,1121.4298095703125,1163.0999755859375,1176.0,1151.0999755859375,1152.199951171875,1992697
2022-11-04,1105.038818359375,1146.0999755859375,1175.25,1141.0,1167.8499755859375,1712836
2022-11-07,1090.3834228515625,1130.9000244140625,1152.0,1116.5,1146.0999755859375,2006468
2022-11-09,1088.93701171875,1129.4000244140625,1154.949951171875,1125.0,1141.0999755859375,2068940
2022-11-10,1082.091552734375,1122.300048828125,1152.0,1119.0,1130.0,2028565
2022-11-11,1081.223876953125,1121.4000244140625,1143.8499755859375,1116.6500244140625,1130.0,1513809
2022-11-14,1089.03369140625,1129.5,1133.5999755859375,1118.199951171875,1124.5,1501491
2022-11-15,1078.668701171875,1118.75,1134.949951171875,1110.8499755859375,1134.949951171875,1262746
2022-11-16,1081.0308837890625,1121.199951171875,1136.449951171875,1117.25,1120.949951171875,1649021
2022-11-17,1079.3919677734375,1119.5,1132.449951171875,1116.449951171875,1125.0,1270387
2022-11-18,1062.9044189453125,1102.4000244140625,1127.050048828125,1099.449951171875,1124.0,1486381
2022-11-21,1064.880859375,1104.449951171875,1108.199951171875,1093.75,1104.949951171875,1488424
2022-11-22,1064.5435791015625,1104.0999755859375,1109.699951171875,1097.199951171875,1107.449951171875,1302811
2022-11-23,1068.303955078125,1108.0,1124.550048828125,1098.6500244140625,1108.9000244140625,2192276
2022-11-24,1056.1070556640625,1095.3499755859375,1117.6500244140625,1092.4000244140625,1113.550048828125,2933085
2022-11-25,1065.748779296875,1105.3499755859375,1107.0,1078.5,1093.050048828125,1454838
2022-11-28,1062.27783203125,1101.75,1110.0,1094.0999755859375,1100.0,673339
2022-11-29,1080.9827880859375,1121.1500244140625,1125.8499755859375,1105.0,1106.0,1899345
2022-11-30,1098.8199462890625,1139.6500244140625,1149.0,1120.0,1121.1500244140625,2680903
2022-12-01,1084.598388671875,1124.9000244140625,1145.199951171875,1117.0,1145.0,1360439
2022-12-02,1074.42626953125,1114.3499755859375,1124.9000244140625,1099.0,1124.9000244140625,2586376
2022-12-05,1075.3905029296875,1115.3499755859375,1122.550048828125,1108.1500244140625,1114.3499755859375,1236554
2022-12-06,1069.8465576171875,1109.5999755859375,1117.800048828125,1103.4000244140625,1115.0,1180968
2022-12-07,1065.70068359375,1105.300048828125,1122.6500244140625,1103.4000244140625,1111.0,1031921
2022-12-08,1067.82177734375,1107.5,1113.0,1103.1500244140625,1109.199951171875,808315
2022-12-09,1068.2073974609375,1107.9000244140625,1115.8499755859375,1101.0999755859375,1115.0,994866
2022-12-12,1057.5052490234375,1096.800048828125,1110.0,1093.0999755859375,1105.0,1544297
2022-12-13,1070.1358642578125,1109.9000244140625,1112.5,1088.199951171875,1096.949951171875,1282727
2022-12-14,1072.83544921875,1112.699951171875,1119.0,1106.1500244140625,1114.0,1013627
2022-12-15,1062.3260498046875,1101.800048828125,1118.0999755859375,1099.3499755859375,1111.199951171875,710477
2022-12-16,1050.3702392578125,1089.4000244140625,1108.0,1086.0999755859375,1096.300048828125,1309491
2022-12-19,1057.3604736328125,1096.6500244140625,1100.5,1084.449951171875,1090.3499755859375,779326
2022-12-20,1052.0576171875,1091.1500244140625,1097.4000244140625,1088.449951171875,1096.0,795748
2022-12-21,1087.5872802734375,1128.0,1130.0,1085.6500244140625,1096.0999755859375,3224730
2022-12-22,1082.2362060546875,1122.449951171875,1147.3499755859375,1117.050048828125,1135.0,2070809
2022-12-23,1079.054443359375,1119.1500244140625,1146.949951171875,1113.199951171875,1121.0,2773210
2022-12-26,1057.2158203125,1096.5,1135.0,1094.0,1127.0,1279529
2022-12-27,1056.589111328125,1095.8499755859375,1104.9000244140625,1090.0999755859375,1094.050048828125,1209316
2022-12-28,1046.8992919921875,1085.800048828125,1103.1500244140625,1084.0999755859375,1094.0,872940
2022-12-29,1048.5865478515625,1087.550048828125,1098.0,1070.0,1086.0,1625961
2022-12-30,1037.4019775390625,1075.949951171875,1095.0,1073.5,1094.949951171875,1185711
2023-01-02,1032.581298828125,1070.949951171875,1082.0,1063.8499755859375,1080.25,895053
2023-01-03,1037.35400390625,1075.9000244140625,1080.949951171875,1066.4000244140625,1070.050048828125,952230
2023-01-04,1028.6763916015625,1066.9000244140625,1081.949951171875,1063.949951171875,1078.949951171875,1369415
2023-01-05,1049.35791015625,1088.3499755859375,1093.199951171875,1067.4000244140625,1075.0,1605744
2023-01-06,1037.7877197265625,1076.3499755859375,1093.0999755859375,1073.5,1088.3499755859375,824772
2023-01-09,1048.489990234375,1087.449951171875,1096.949951171875,1076.9000244140625,1081.75,893437
2023-01-10,1040.0535888671875,1078.699951171875,1090.25,1074.8499755859375,1086.5,594426
2023-01-11,1010.0677490234375,1047.5999755859375,1083.949951171875,1043.0,1078.699951171875,2168577
2023-01-12,1023.1324462890625,1061.1500244140625,1064.0999755859375,1043.1500244140625,1052.800048828125,1188988
2023-01-13,1029.495849609375,1067.75,1070.5999755859375,1053.25,1064.0,1089004
2023-01-16,1021.6378784179688,1059.5999755859375,1074.699951171875,1051.0,1070.5,825308
2023-01-17,1030.797607421875,1069.0999755859375,1071.0999755859375,1053.3499755859375,1062.800048828125,762941
2023-01-18,1025.3018798828125,1063.4000244140625,1072.0,1059.3499755859375,1068.9000244140625,1299797
2023-01-19,1026.6998291015625,1064.8499755859375,1069.5999755859375,1058.550048828125,1063.5,376954
2023-01-20,1015.7080688476562,1053.449951171875,1067.0,1050.449951171875,1067.0,954230
2023-01-23,1024.482177734375,1062.550048828125,1064.25,1050.699951171875,1053.4000244140625,750581
2023-01-24,1024.096435546875,1062.1500244140625,1074.9000244140625,1055.050048828125,1065.0,712627
2023-01-25,998.1602172851562,1035.25,1068.25,1020.0,1064.9000244140625,2226483
2023-01-27,1009.7302856445312,1047.25,1072.949951171875,1023.25,1023.25,2947920
2023-01-30,997.3407592773438,1034.4000244140625,1057.0,1028.5,1057.0,2118395
2023-01-31,981.4801025390625,1017.9500122070312,1043.0,1007.5,1043.0,2705095
2023-02-01,995.074951171875,1032.050048828125,1035.9000244140625,1015.0999755859375,1019.0,1598213
2023-02-02,988.5667724609375,1025.300048828125,1032.800048828125,1017.2999877929688,1026.0999755859375,1291262
2023-02-03,985.6741943359375,1022.2999877929688,1027.800048828125,1010.5,1022.0,1617105
2023-02-06,992.9055786132812,1029.800048828125,1033.5999755859375,1010.1500244140625,1020.0,979035
2023-02-07,994.351806640625,1031.300048828125,1034.8499755859375,1021.2999877929688,1029.800048828125,965322
2023-02-08,1001.8723754882812,1039.0999755859375,1041.199951171875,1019.1500244140625,1035.0,746863
2023-02-09,984.9029541015625,1021.5,1044.5999755859375,1020.0,1025.300048828125,1331902
2023-02-10,996.1836547851562,1033.199951171875,1036.8499755859375,1015.0499877929688,1021.0,1106858
2023-02-13,985.3367919921875,1021.9500122070312,1040.5999755859375,1019.0,1036.0,1042379
2023-02-14,991.5074462890625,1028.3499755859375,1032.449951171875,1017.5999755859375,1026.699951171875,759416
2023-02-15,993.8697509765625,1030.800048828125,1033.449951171875,1016.0999755859375,1026.8499755859375,662924
2023-02-16,998.4013671875,1035.5,1038.0,1028.3499755859375,1031.75,667265
2023-02-17,989.0006103515625,1025.75,1035.75,1021.1500244140625,1035.5,1509783
2023-02-20,929.4630126953125,964.0,998.0,955.25,998.0,5829572
2023-02-21,931.3431396484375,965.9500122070312,979.0999755859375,963.5,969.7999877929688,2042234
2023-02-22,928.0648803710938,962.5499877929688,972.7999877929688,959.0499877929688,966.5999755859375,1602953
2023-02-23,925.8955078125,960.2999877929688,967.4500122070312,956.0,965.0,1216409
2023-02-24,927.341796875,961.7999877929688,966.0,955.0,961.0999755859375,1585383
2023-02-27,916.1573486328125,950.2000122070312,968.5999755859375,948.6500244140625,965.5999755859375,1377270
2023-02-28,873.9265747070312,906.4000244140625,945.9000244140625,903.0999755859375,945.9000244140625,5380673
2023-03-01,867.3701171875,899.5999755859375,910.25,896.0,907.7999877929688,3496231
2023-03-02,854.6913452148438,886.4500122070312,903.0,884.5,901.9500122070312,1887367
2023-03-03,847.1707763671875,878.6500244140625,892.0,877.0,891.0,1892639
2023-03-06,849.3401489257812,880.9000244140625,885.5499877929688,869.0499877929688,885.0,4090356
2023-03-08,845.8209228515625,877.25,883.7999877929688,871.0999755859375,883.7000122070312,2933956
2023-03-09,850.15966796875,881.75,896.8499755859375,877.0,877.25,6176157
2023-03-10,849.62939453125,881.2000122070312,884.5999755859375,871.2999877929688,879.1500244140625,1718841
2023-03-13,843.4586791992188,874.7999877929688,889.0999755859375,872.1500244140625,882.5999755859375,1697362
2023-03-14,840.8071899414062,872.0499877929688,883.7000122070312,853.8499755859375,873.0,2444217
2023-03-15,846.4957885742188,877.9500122070312,883.4000244140625,872.5999755859375,875.0,1286900
2023-03-16,851.7987670898438,883.4500122070312,890.0,876.75,881.0,2023997
2023-03-17,842.735595703125,874.0499877929688,888.4000244140625,870.0,887.3499755859375,2205087
2023-03-20,835.64892578125,866.7000122070312,876.9000244140625,861.7999877929688,874.0499877929688,997827
2023-03-21,831.4547119140625,862.3499755859375,872.4000244140625,860.5999755859375,866.7999877929688,888443
2023-03-22,832.4671630859375,863.4000244140625,866.0,852.0,864.0,1622488
2023-03-23,837.962890625,869.0999755859375,870.9000244140625,861.25,868.0,1865868
2023-03-24,845.8209228515625,877.25,879.0,866.1500244140625,869.0999755859375,3166046
2023-03-27,857.4391479492188,889.2999877929688,891.3499755859375,876.0499877929688,881.0499877929688,3986238
2023-03-28,857.6319580078125,889.5,894.25,886.4000244140625,891.7999877929688,3623017
2023-03-29,855.8965454101562,887.7000122070312,896.5999755859375,885.3499755859375,893.9500122070312,3049688
2023-03-31,868.2379150390625,900.5,902.7000122070312,886.7000122070312,888.7999877929688,2320879
2023-04-03,859.5121459960938,891.4500122070312,910.0,887.0499877929688,910.0,2623264
2023-04-05,863.6581420898438,895.75,897.3499755859375,886.2999877929688,889.0,1612376
2023-04-06,861.3440551757812,893.3499755859375,899.75,889.0,899.0,1512783
2023-04-10,869.53955078125,901.8499755859375,904.5,894.2000122070312,896.9500122070312,919722
2023-04-11,874.6497192382812,907.1500244140625,908.1500244140625,902.0,905.0,1778775
2023-04-12,885.0628051757812,917.9500122070312,920.9000244140625,908.2000122070312,909.0,3449942
2023-04-13,882.9415893554688,915.75,923.0499877929688,912.2999877929688,921.9000244140625,1068355
2023-04-17,873.9747314453125,906.4500122070312,917.4500122070312,901.0999755859375,915.0,2604979
2023-04-18,891.1370239257812,924.25,925.5,897.0,905.0,1949777
2023-04-19,879.2294921875,911.9000244140625,925.9500122070312,909.0,925.9500122070312,1538261
2023-04-20,871.612548828125,904.0,913.7000122070312,898.9500122070312,912.0,4446158
2023-04-21,882.2666625976562,915.0499877929688,918.5499877929688,903.0,903.0,3481218
2023-04-24,870.6483764648438,903.0,917.2000122070312,901.1500244140625,916.0,1784945
2023-04-25,877.0601196289062,909.6500244140625,912.0,896.2999877929688,904.5999755859375,2440358
2023-04-26,878.4581298828125,911.0999755859375,914.2000122070312,900.0499877929688,911.8499755859375,1400796
2023-04-27,881.2060546875,913.9500122070312,917.2999877929688,903.0,911.2000122070312,2457652
2023-04-28,875.5174560546875,908.0499877929688,919.0,905.1500244140625,918.8499755859375,2695819
2023-05-02,884.82177734375,917.7000122070312,921.0,906.0999755859375,910.4000244140625,1857324
2023-05-03,887.666015625,920.6500244140625,924.5,917.0,920.9500122070312,2566561
2023-05-04,900.0556030273438,933.5,935.4000244140625,920.6500244140625,920.6500244140625,3393228
2023-05-05,891.6673583984375,924.7999877929688,935.2000122070312,920.8499755859375,935.0,2262141
2023-05-08,899.8628540039062,933.2999877929688,934.9000244140625,919.6500244140625,927.2000122070312,3877794
2023-05-09,905.5514526367188,939.2000122070312,943.0,929.0999755859375,935.0,2657968
2023-05-10,910.5651245117188,944.4000244140625,946.7000122070312,933.2000122070312,943.5,1618668
2023-05-11,909.7937622070312,943.5999755859375,947.0,935.0,946.4500122070312,1537103
2023-05-12,903.8641967773438,937.4500122070312,953.0,913.0,948.8499755859375,3850078
2023-05-15,889.739013671875,922.7999877929688,940.0,896.8499755859375,940.0,5487301
2023-05-16,889.0640258789062,922.0999755859375,942.6500244140625,918.4000244140625,927.4000244140625,2964696
2023-05-17,890.8477783203125,923.9500122070312,932.0,917.0,924.9500122070312,1866976
2023-05-18,881.7363891601562,914.5,929.6500244140625,911.5499877929688,929.0,1881606
2023-05-19,883.4236450195312,916.25,922.0,913.0,917.0,1168086
2023-05-22,891.8119506835938,924.9500122070312,931.0499877929688,915.4500122070312,916.25,1402783
2023-05-23,897.0667114257812,930.4000244140625,932.2999877929688,919.5,926.4000244140625,1577827
2023-05-24,904.3944091796875,938.0,939.9000244140625,923.5,923.5,1034319
2023-05-25,911.5775146484375,945.4500122070312,947.0,935.0,941.4500122070312,2178211
2023-05-26,917.26611328125,951.3499755859375,952.75,940.5,945.9000244140625,1130476
2023-05-29,921.9906005859375,956.25,959.2000122070312,945.0999755859375,952.0,1744868
2023-05-30,925.461669921875,959.8499755859375,961.5,951.0,957.5999755859375,1337311
2023-05-31,918.9052124023438,953.0499877929688,965.0,942.2999877929688,960.2000122070312,3561991
2023-06-01,930.18603515625,964.75,966.5,946.75,950.0,1132919
2023-06-02,931.24658203125,965.8499755859375,969.6500244140625,954.6500244140625,965.9000244140625,1098485
2023-06-05,939.8759765625,974.7999877929688,976.9000244140625,959.1500244140625,970.0,1469770
2023-06-06,937.2244873046875,972.0499877929688,974.9500122070312,964.0499877929688,972.9000244140625,2079735
2023-06-07,926.0401000976562,960.4500122070312,977.9000244140625,958.5,972.9500122070312,1614117
2023-06-08,930.8128051757812,965.4000244140625,969.8499755859375,963.0,964.9000244140625,1481632
2023-06-09,934.5248413085938,969.25,971.0,959.1500244140625,966.0,717024
2023-06-12,925.5579833984375,959.9500122070312,973.25,955.1500244140625,973.25,1239721
2023-06-13,946.3359375,981.5,983.8499755859375,957.0,963.0,2158120
2023-06-14,943.6362915039062,978.7000122070312,981.9000244140625,972.5999755859375,981.5,1831109
2023-06-15,962.4376831054688,998.2000122070312,1000.0,980.5999755859375,981.9500122070312,1804458
2023-06-16,970.0064086914062,1006.0499877929688,1007.1500244140625,993.75,1000.0,1572197
2023-06-19,975.0200805664062,1011.25,1017.5499877929688,999.2000122070312,1006.25,1015057
2023-06-20,974.9237670898438,1011.1500244140625,1018.7999877929688,1002.5999755859375,1013.8499755859375,1413571
2023-06-21,972.7542724609375,1008.9000244140625,1013.4500122070312,1002.25,1010.2000122070312,1140198
2023-06-22,962.5340576171875,998.2999877929688,1007.0,990.0999755859375,1003.0999755859375,2852669
2023-06-23,953.9529418945312,989.4000244140625,999.9500122070312,985.6500244140625,999.9500122070312,1776614
2023-06-26,985.2886352539062,1021.9000244140625,1025.0,989.3499755859375,989.3499755859375,2313439
2023-06-27,973.091796875,1009.25,1026.0999755859375,1005.0,1024.0,1651238
2023-06-28,973.718505859375,1009.9000244140625,1018.5,1004.0499877929688,1007.0,1653212
2023-06-30,978.5875244140625,1014.9500122070312,1021.4500122070312,1005.0,1009.9000244140625,1963457
2023-07-03,965.90869140625,1001.7999877929688,1029.9000244140625,999.0,1020.5,1454455
2023-07-04,975.5985717773438,1011.8499755859375,1016.0,996.5,1007.9500122070312,1112255
2023-07-05,974.586181640625,1010.7999877929688,1018.7999877929688,1005.4000244140625,1017.0,748219
2023-07-06,984.6619262695312,1021.25,1023.5499877929688,1011.4000244140625,1012.0,1236819
2023-07-07,984.0833740234375,1020.6500244140625,1028.75,998.0499877929688,1009.4500122070312,1914093
2023-07-10,980.27490234375,1016.7000122070312,1026.0,1013.0,1024.0,1142988
2023-07-11,990.9771728515625,1027.800048828125,1033.5,1018.0,1018.9500122070312,814514
2023-07-12,985.5778198242188,1022.2000122070312,1032.9000244140625,1019.9500122070312,1025.0,1163653
2023-07-13,984.131591796875,1020.7000122070312,1036.0,1018.0499877929688,1027.8499755859375,1419223
2023-07-14,993.966064453125,1030.9000244140625,1034.800048828125,1019.3499755859375,1026.1500244140625,787233
2023-07-17,995.6534423828125,1032.6500244140625,1039.0,1025.4000244140625,1036.199951171875,1047614
2023-07-18,993.8697509765625,1030.800048828125,1035.199951171875,1019.5,1032.6500244140625,780402
2023-07-19,998.6906127929688,1035.800048828125,1042.0,1022.7000122070312,1030.0,1069988
2023-07-20,1018.6971435546875,1056.550048828125,1057.9000244140625,1027.0,1038.949951171875,1280545
2023-07-21,1019.5719604492188,1048.949951171875,1062.0,1045.050048828125,1048.9000244140625,879139
2023-07-24,1019.5719604492188,1048.949951171875,1053.0,1038.0,1048.949951171875,936947
2023-07-25,1025.20947265625,1054.75,1061.75,1049.4000244140625,1058.0,599999
2023-07-26,1038.5743408203125,1068.5,1082.050048828125,1042.1500244140625,1060.0,1854416
2023-07-27,1138.64111328125,1171.449951171875,1219.4000244140625,1108.550048828125,1115.0,14590950
2023-07-28,1144.8133544921875,1177.800048828125,1190.4000244140625,1155.699951171875,1171.449951171875,4454009
2023-07-31,1142.0916748046875,1175.0,1184.75,1165.4000244140625,1181.800048828125,2221571
2023-08-01,1145.3477783203125,1178.3499755859375,1187.300048828125,1168.0999755859375,1175.0,1362536
2023-08-02,1135.5794677734375,1168.300048828125,1185.0,1153.550048828125,1185.0,1861901
2023-08-03,1133.1978759765625,1165.8499755859375,1178.949951171875,1150.0,1166.050048828125,2574025
2023-08-04,1175.8685302734375,1209.75,1238.699951171875,1171.0,1171.0,8359856
2023-08-07,1189.379150390625,1223.6500244140625,1228.5,1174.199951171875,1195.0,2468250
2023-08-08,1230.98046875,1266.449951171875,1269.0,1224.050048828125,1225.0,5064238
2023-08-09,1230.5916748046875,1266.050048828125,1271.6500244140625,1252.25,1270.0,2105178
2023-08-10,1223.6905517578125,1258.949951171875,1277.9000244140625,1248.0999755859375,1266.0,2102129
2023-08-11,1215.185546875,1250.199951171875,1258.800048828125,1245.0,1258.300048828125,1286301
2023-08-14,1200.994384765625,1235.5999755859375,1252.0,1231.6500244140625,1250.199951171875,830936
2023-08-16,1208.7218017578125,1243.550048828125,1246.0,1226.050048828125,1231.550048828125,1665083
2023-08-17,1206.2431640625,1241.0,1245.8499755859375,1226.050048828125,1235.0,1855386
2023-08-18,1201.7720947265625,1236.4000244140625,1257.0,1231.0,1239.0,1292509
2023-08-21,1199.2449951171875,1233.800048828125,1245.300048828125,1230.300048828125,1237.449951171875,1101408
2023-08-22,1186.8033447265625,1221.0,1240.25,1218.050048828125,1233.800048828125,1379445
2023-08-23,1196.18310546875,1230.6500244140625,1259.9000244140625,1225.050048828125,1252.050048828125,2562635
2023-08-24,1186.3172607421875,1220.5,1239.6500244140625,1217.0,1235.199951171875,848018
2023-08-25,1175.5283203125,1209.4000244140625,1219.9000244140625,1205.0,1217.949951171875,887533
2023-08-28,1194.482177734375,1228.9000244140625,1237.0,1211.0,1212.0,1666004
2023-08-29,1195.308349609375,1229.75,1245.6500244140625,1227.300048828125,1232.0,1209087
2023-08-30,1201.529052734375,1236.1500244140625,1256.800048828125,1231.1500244140625,1234.699951171875,1282450
2023-08-31,1222.3782958984375,1257.5999755859375,1266.0999755859375,1223.199951171875,1240.1500244140625,3103295
2023-09-01,1210.52001953125,1245.4000244140625,1268.9000244140625,1239.6500244140625,1264.9000244140625,1167597
2023-09-04,1204.1534423828125,1238.8499755859375,1255.4000244140625,1232.550048828125,1250.300048828125,1126182
2023-09-05,1204.25048828125,1238.949951171875,1266.0,1235.0999755859375,1255.0,2179947
2023-09-06,1221.5521240234375,1256.75,1267.0,1242.5999755859375,1246.1500244140625,2721714
2023-09-07,1214.310791015625,1249.300048828125,1261.0,1245.0,1259.0,849621
2023-09-08,1209.742431640625,1244.5999755859375,1262.0,1239.0,1249.5,787710
2023-09-11,1212.4154052734375,1247.3499755859375,1252.75,1236.5,1244.5999755859375,1162138
2023-09-12,1205.076904296875,1239.800048828125,1259.9000244140625,1234.949951171875,1247.949951171875,1132283
2023-09-13,1194.09326171875,1228.5,1250.0,1223.300048828125,1242.0,1627384
2023-09-14,1199.1961669921875,1233.75,1244.25,1225.0,1230.0,1713142
2023-09-15,1200.8973388671875,1235.5,1241.949951171875,1228.300048828125,1234.800048828125,1938487
2023-09-18,1205.805908203125,1240.550048828125,1257.5999755859375,1237.050048828125,1240.949951171875,1864030
2023-09-20,1204.9794921875,1239.699951171875,1252.5999755859375,1236.0,1243.25,1701959
2023-09-21,1172.6123046875,1206.4000244140625,1240.25,1204.0,1232.0,1895731
2023-09-22,1152.6865234375,1185.9000244140625,1209.0999755859375,1168.550048828125,1207.4000244140625,2796199
2023-09-25,1146.31982421875,1179.3499755859375,1197.1500244140625,1177.0,1186.0,1267600
2023-09-26,1131.0595703125,1163.6500244140625,1185.0,1161.5,1181.0,1056359
2023-09-27,1147.437744140625,1180.5,1189.0,1170.0999755859375,1187.0,2165043
2023-09-28,1131.4483642578125,1164.050048828125,1185.0,1158.9000244140625,1180.5,1303811
2023-09-29,1152.929443359375,1186.1500244140625,1199.199951171875,1165.0,1169.9000244140625,1878381
2023-10-03,1149.67333984375,1182.800048828125,1185.699951171875,1170.949951171875,1184.0,1581125
2023-10-04,1134.3643798828125,1167.050048828125,1185.0,1161.300048828125,1178.0999755859375,999123
2023-10-05,1128.5809326171875,1161.0999755859375,1172.949951171875,1155.25,1170.0999755859375,1446743
2023-10-06,1130.427734375,1163.0,1181.699951171875,1160.449951171875,1165.0,928951
2023-10-09,1127.02587890625,1159.5,1166.8499755859375,1151.6500244140625,1159.0,822110
2023-10-10,1122.700439453125,1155.050048828125,1163.5999755859375,1150.5,1160.0999755859375,822199
2023-10-11,1139.1270751953125,1171.949951171875,1175.0,1146.5,1151.0,1465239
2023-10-12,1125.4705810546875,1157.9000244140625,1186.3499755859375,1152.449951171875,1179.050048828125,2533930
2023-10-13,1135.044677734375,1167.75,1169.199951171875,1150.0,1156.0,940547
2023-10-16,1131.78857421875,1164.4000244140625,1170.0999755859375,1158.800048828125,1166.300048828125,802207
2023-10-17,1140.6336669921875,1173.5,1178.050048828125,1160.6500244140625,1168.0,877856
2023-10-18,1176.6947021484375,1210.5999755859375,1219.449951171875,1176.1500244140625,1185.0,7367540
2023-10-19,1189.0389404296875,1223.300048828125,1225.0,1189.6500244140625,1210.5,2157683
2023-10-20,1166.5858154296875,1200.199951171875,1221.8499755859375,1198.25,1221.8499755859375,692067
2023-10-23,1150.6451416015625,1183.800048828125,1210.199951171875,1178.449951171875,1200.0,957929
2023-10-25,1125.0330810546875,1157.449951171875,1188.75,1154.050048828125,1184.5,1433911
2023-10-26,1118.6180419921875,1150.8499755859375,1155.0,1132.0,1154.800048828125,2016469
2023-10-27,1141.3626708984375,1174.25,1197.9000244140625,1149.25,1152.0,1775011
2023-10-30,1160.02490234375,1193.449951171875,1212.4000244140625,1177.5,1186.0,2853500
2023-10-31,1166.3914794921875,1200.0,1206.0999755859375,1191.0999755859375,1199.949951171875,1720955
2023-11-01,1167.6065673828125,1201.25,1208.699951171875,1186.550048828125,1200.0,1051902
2023-11-02,1174.6534423828125,1208.5,1211.8499755859375,1194.6500244140625,1205.5,1556467
2023-11-03,1172.563720703125,1206.3499755859375,1219.75,1204.0,1215.0,772013
2023-11-06,1170.3765869140625,1204.0999755859375,1217.0,1197.25,1211.949951171875,1262938
2023-11-07,1182.380859375,1216.449951171875,1217.5,1200.75,1205.0,1210644
2023-11-08,1206.2431640625,1241.0,1242.4000244140625,1220.0,1222.0,1107006
2023-11-09,1203.4730224609375,1238.1500244140625,1245.0,1232.0,1242.0,751433
2023-11-10,1205.368408203125,1240.0999755859375,1242.0,1230.0,1237.8499755859375,576673
2023-11-13,1205.805908203125,1240.550048828125,1243.0,1230.6500244140625,1243.0,689808
2023-11-15,1206.97216796875,1241.75,1260.0,1237.699951171875,1260.0,1323010
2023-11-16,1200.216796875,1234.800048828125,1246.300048828125,1232.6500244140625,1241.050048828125,1251094
2023-11-17,1214.407958984375,1249.4000244140625,1256.0999755859375,1235.5,1236.0,992848
2023-11-20,1212.17236328125,1247.0999755859375,1256.0,1241.0,1241.5,848916
2023-11-21,1218.150146484375,1253.25,1255.0,1242.1500244140625,1246.949951171875,594738
2023-11-22,1235.888916015625,1271.5,1283.550048828125,1254.0,1256.949951171875,1735497
2023-11-23,1137.8636474609375,1170.6500244140625,1270.0,1164.550048828125,1270.0,7643376
2023-11-24,1165.079345703125,1198.6500244140625,1205.0,1178.0,1190.050048828125,5331201
2023-11-28,1158.9071044921875,1192.300048828125,1202.75,1188.0,1200.0,1691543
2023-11-29,1167.8980712890625,1201.550048828125,1206.800048828125,1191.75,1198.75,2173427
2023-11-30,1178.3470458984375,1212.300048828125,1217.6500244140625,1198.0999755859375,1200.0,3219799
2023-12-01,1171.9317626953125,1205.699951171875,1217.8499755859375,1203.5,1213.449951171875,1078680
2023-12-04,1182.429443359375,1216.5,1219.0999755859375,1206.25,1212.300048828125,2097408
2023-12-05,1190.15673828125,1224.449951171875,1229.0,1216.0,1222.5999755859375,2132150
2023-12-06,1171.44580078125,1205.199951171875,1229.8499755859375,1201.0,1225.0,1416770
2023-12-07,1188.552978515625,1222.800048828125,1225.0,1197.0,1206.0,1269290
2023-12-08,1184.9566650390625,1219.0999755859375,1231.199951171875,1204.0,1225.0,1453955
2023-12-11,1168.627197265625,1202.300048828125,1218.949951171875,1195.050048828125,1217.5999755859375,1565455
2023-12-12,1165.079345703125,1198.6500244140625,1214.25,1195.199951171875,1210.5999755859375,899911
2023-12-13,1182.429443359375,1216.5,1217.949951171875,1195.199951171875,1198.6500244140625,1809563
2023-12-14,1170.911376953125,1204.6500244140625,1222.550048828125,1201.0999755859375,1219.050048828125,1809248
2023-12-15,1173.2926025390625,1207.0999755859375,1217.5999755859375,1202.8499755859375,1215.0,1976112
2023-12-18,1182.7210693359375,1216.800048828125,1218.949951171875,1192.0999755859375,1205.5999755859375,1995091
2023-12-19,1202.452392578125,1237.0999755859375,1240.1500244140625,1212.199951171875,1219.449951171875,1738507
2023-12-20,1201.57763671875,1236.199951171875,1248.0,1231.0,1239.0,2484819
2023-12-21,1187.6295166015625,1221.8499755859375,1236.199951171875,1205.8499755859375,1236.199951171875,1580136
2023-12-22,1200.994384765625,1235.5999755859375,1242.5,1221.6500244140625,1230.050048828125,1969524
2023-12-26,1210.0826416015625,1244.949951171875,1250.0,1231.8499755859375,1240.0,820163
2023-12-27,1205.0281982421875,1239.75,1250.3499755859375,1236.699951171875,1247.0,2528609
2023-12-28,1225.48876953125,1260.800048828125,1263.800048828125,1239.75,1239.75,2592699
2023-12-29,1211.3948974609375,1246.300048828125,1267.5999755859375,1242.050048828125,1264.0,1794218
2024-01-01,1215.963134765625,1251.0,1256.800048828125,1246.699951171875,1252.449951171875,343584
2024-01-02,1245.6575927734375,1281.550048828125,1285.0,1252.0999755859375,1255.0999755859375,2589484
2024-01-03,1263.7366943359375,1300.1500244140625,1307.0,1274.050048828125,1291.0,2357093
2024-01-04,1260.3345947265625,1296.6500244140625,1308.0,1286.6500244140625,1304.0,1248143
2024-01-05,1250.8577880859375,1286.9000244140625,1301.550048828125,1276.1500244140625,1300.0,1013196
2024-01-08,1236.1319580078125,1271.75,1297.0,1266.199951171875,1296.6500244140625,740848
2024-01-09,1253.239013671875,1289.3499755859375,1295.0,1273.4000244140625,1284.0,1133466
2024-01-10,1291.9730224609375,1329.199951171875,1331.5,1294.300048828125,1296.0,3625567
2024-01-11,1288.5224609375,1325.6500244140625,1340.0,1323.050048828125,1339.8499755859375,1097204
2024-01-12,1271.3668212890625,1308.0,1325.6500244140625,1300.4000244140625,1324.199951171875,2051301
2024-01-15,1276.37255859375,1313.1500244140625,1327.75,1306.5999755859375,1316.0,762036
2024-01-16,1265.8748779296875,1302.3499755859375,1314.4000244140625,1298.25,1313.1500244140625,1030845
2024-01-17,1257.7589111328125,1294.0,1312.9000244140625,1282.0999755859375,1299.3499755859375,2073596
2024-01-18,1285.89794921875,1322.949951171875,1327.199951171875,1267.9000244140625,1285.050048828125,1723297
2024-01-19,1290.7579345703125,1327.949951171875,1330.949951171875,1316.5999755859375,1330.949951171875,1135846
2024-01-23,1369.5380859375,1409.0,1425.0,1368.699951171875,1385.0,7556815
2024-01-24,1377.6541748046875,1417.3499755859375,1423.050048828125,1394.8499755859375,1409.0,1808713
2024-01-25,1331.2901611328125,1369.6500244140625,1413.449951171875,1353.5,1413.3499755859375,1801468
2024-01-29,1299.40869140625,1336.8499755859375,1365.0,1325.300048828125,1365.0,2480508
2024-01-30,1280.2119140625,1317.0999755859375,1352.0,1314.1500244140625,1345.0,1908926
2024-01-31,1313.162353515625,1351.0,1352.9000244140625,1312.0,1317.0999755859375,1723379
2024-02-01,1348.7860107421875,1387.6500244140625,1394.8499755859375,1352.050048828125,1359.699951171875,2784507
2024-02-02,1353.64599609375,1392.6500244140625,1404.699951171875,1385.0,1387.0,1161705
2024-02-05,1393.74072265625,1433.9000244140625,1447.0,1394.300048828125,1400.6500244140625,2369316
2024-02-06,1385.5272216796875,1425.449951171875,1445.9000244140625,1412.550048828125,1444.8499755859375,979752
2024-02-07,1398.454833984375,1438.75,1444.5,1420.8499755859375,1436.0,890299
2024-02-08,1380.4241943359375,1420.199951171875,1457.699951171875,1417.6500244140625,1448.0,1447767
2024-02-09,1399.4267578125,1439.75,1447.550048828125,1417.050048828125,1428.0999755859375,1215784
2024-02-12,1394.56689453125,1434.75,1452.75,1425.0,1440.0,453460
2024-02-13,1416.922607421875,1457.75,1463.550048828125,1430.0,1439.0,981536
2024-02-14,1385.4300537109375,1425.3499755859375,1454.800048828125,1410.449951171875,1454.800048828125,1113254
2024-02-15,1382.5140380859375,1422.3499755859375,1437.949951171875,1412.0,1425.3499755859375,1402161
2024-02-16,1400.3502197265625,1440.699951171875,1449.0,1425.9000244140625,1430.0,857301
2024-02-19,1429.1697998046875,1470.3499755859375,1473.5999755859375,1438.949951171875,1444.949951171875,888909
2024-02-20,1410.9935302734375,1451.6500244140625,1479.0,1436.0,1475.0,1550412
2024-02-21,1406.765380859375,1447.300048828125,1462.5,1433.449951171875,1452.0,1074054
2024-02-22,1412.597412109375,1453.300048828125,1456.0,1420.550048828125,1455.550048828125,1582836
2024-02-23,1425.3304443359375,1466.4000244140625,1482.3499755859375,1449.75,1456.1500244140625,1308103
2024-02-26,1428.683837890625,1469.8499755859375,1481.199951171875,1461.550048828125,1473.5,898290
2024-02-27,1445.7908935546875,1487.449951171875,1491.0,1469.699951171875,1473.449951171875,1231196
2024-02-28,1435.633544921875,1477.0,1493.949951171875,1470.0,1491.449951171875,1083605
2024-02-29,1438.8896484375,1480.3499755859375,1490.0,1451.4000244140625,1475.949951171875,4923680
2024-03-01,1429.7044677734375,1470.9000244140625,1494.0,1460.0,1494.0,1982189
2024-03-04,1430.28759765625,1471.5,1495.300048828125,1469.75,1483.0,1147249
2024-03-05,1432.1829833984375,1473.449951171875,1479.699951171875,1452.800048828125,1465.1500244140625,1306046
2024-03-06,1443.6524658203125,1485.25,1489.9000244140625,1448.1500244140625,1476.0,1158132
2024-03-07,1441.611328125,1483.1500244140625,1490.449951171875,1475.5,1485.25,1569074
2024-03-11,1461.974609375,1504.0999755859375,1519.0,1488.550048828125,1493.0,2183994
2024-03-12,1424.6986083984375,1465.75,1514.0,1460.0,1512.0,1855916
2024-03-13,1430.0445556640625,1471.25,1479.0,1449.0,1470.0,1720173
2024-03-14,1454.733154296875,1496.6500244140625,1501.449951171875,1454.3499755859375,1467.0999755859375,1748907
2024-03-15,1446.3741455078125,1488.050048828125,1496.199951171875,1466.050048828125,1494.800048828125,1537072
2024-03-18,1446.7628173828125,1488.449951171875,1495.8499755859375,1471.0,1489.0,996530
2024-03-19,1395.490234375,1435.699951171875,1486.800048828125,1431.0999755859375,1482.550048828125,1647925
2024-03-20,1377.7027587890625,1417.4000244140625,1444.9000244140625,1415.5999755859375,1435.800048828125,1728210
2024-03-21,1408.1260986328125,1448.699951171875,1455.0999755859375,1420.199951171875,1427.0,1699939
2024-03-22,1439.7645263671875,1481.25,1489.5999755859375,1451.050048828125,1453.0,1746930
2024-03-26,1431.0166015625,1472.25,1481.25,1460.0,1473.0,1635695
2024-03-27,1422.3658447265625,1463.3499755859375,1496.0,1458.0,1484.0,1642266
2024-03-28,1455.024658203125,1496.949951171875,1514.199951171875,1461.1500244140625,1472.0,2110407
2024-04-01,1456.6771240234375,1498.6500244140625,1510.0,1493.800048828125,1510.0,563831
2024-04-02,1447.686279296875,1489.4000244140625,1502.9000244140625,1483.300048828125,1502.9000244140625,614238
2024-04-03,1430.28759765625,1471.5,1501.550048828125,1467.0,1493.3499755859375,1465540
2024-04-04,1418.6722412109375,1459.550048828125,1481.199951171875,1445.0999755859375,1479.0,1474799
2024-04-05,1408.8065185546875,1449.4000244140625,1474.0,1437.5,1439.0,1211684
2024-04-08,1421.490966796875,1462.449951171875,1472.8499755859375,1449.4000244140625,1457.1500244140625,1039235
2024-04-09,1409.681396484375,1450.300048828125,1470.0,1447.0999755859375,1467.75,1225255
2024-04-10,1383.0972900390625,1422.949951171875,1455.300048828125,1406.0,1453.1500244140625,2493253
2024-04-12,1357.6798095703125,1396.800048828125,1424.8499755859375,1388.0,1423.0,2190583
2024-04-15,1342.7110595703125,1381.4000244140625,1399.0,1375.550048828125,1389.949951171875,1125072
2024-04-16,1336.6845703125,1375.199951171875,1391.949951171875,1371.550048828125,1385.0,1433760
2024-04-18,1309.566162109375,1347.300048828125,1383.6500244140625,1342.4000244140625,1376.0,2974196
2024-04-19,1308.0595703125,1345.75,1357.699951171875,1335.0,1347.0,1173025
2024-04-22,1316.9046630859375,1354.8499755859375,1361.949951171875,1348.0,1350.25,974434
2024-04-23,1308.9827880859375,1346.699951171875,1369.75,1344.5,1369.75,1031497
2024-04-24,1359.04052734375,1398.199951171875,1401.9000244140625,1352.199951171875,1353.449951171875,4415480
2024-04-25,1366.81640625,1406.199951171875,1410.449951171875,1384.0999755859375,1407.0,2027213
2024-04-26,1369.683837890625,1409.1500244140625,1417.199951171875,1401.25,1413.0999755859375,695034
2024-04-29,1368.5660400390625,1408.0,1420.0999755859375,1392.4000244140625,1419.0,1082487
2024-04-30,1360.7900390625,1400.0,1418.949951171875,1395.050048828125,1415.050048828125,1327606
2024-05-02,1380.2786865234375,1420.050048828125,1426.0,1398.1500244140625,1400.0,1540210
2024-05-03,1384.846923828125,1424.75,1434.0,1415.199951171875,1428.0,804513
2024-05-06,1383.5347900390625,1423.4000244140625,1431.8499755859375,1405.050048828125,1431.0,929301
2024-05-07,1348.3485107421875,1387.199951171875,1428.8499755859375,1377.75,1423.4000244140625,1085239
2024-05-08,1345.9671630859375,1384.75,1398.1500244140625,1375.050048828125,1375.050048828125,1497782
2024-05-09,1320.7440185546875,1358.800048828125,1392.199951171875,1353.0,1387.8499755859375,1152636
2024-05-10,1302.033203125,1339.550048828125,1396.9000244140625,1317.25,1371.3499755859375,5080539
2024-05-13,1375.02978515625,1414.6500244140625,1425.949951171875,1369.550048828125,1371.0,7910590
2024-05-14,1319.3345947265625,1357.3499755859375,1410.0,1350.0999755859375,1410.0,3721994
2024-05-15,1367.302490234375,1406.699951171875,1428.449951171875,1386.699951171875,1395.0,7893092
2024-05-16,1381.2991943359375,1421.0999755859375,1425.9000244140625,1387.300048828125,1409.0,3226214
2024-05-17,1359.8668212890625,1399.050048828125,1419.9000244140625,1396.4000244140625,1417.0999755859375,3443452
2024-05-21,1401.9052734375,1442.300048828125,1445.949951171875,1396.4000244140625,1410.0,2939271
2024-05-22,1440.78515625,1482.300048828125,1494.800048828125,1437.25,1450.949951171875,4216347
2024-05-23,1447.4432373046875,1489.1500244140625,1504.550048828125,1462.699951171875,1482.0,4389470
2024-05-24,1444.81884765625,1486.449951171875,1493.9000244140625,1479.050048828125,1489.1500244140625,758326
2024-05-27,1437.2374267578125,1478.6500244140625,1492.550048828125,1475.199951171875,1491.0,1393334
2024-05-28,1438.014892578125,1479.449951171875,1494.75,1475.199951171875,1482.949951171875,784496
2024-05-29,1451.719970703125,1493.550048828125,1497.5999755859375,1472.5999755859375,1475.25,1607691
2024-05-30,1425.524658203125,1466.5999755859375,1496.550048828125,1454.0,1495.050048828125,1732140
2024-05-31,1406.6680908203125,1447.199951171875,1472.699951171875,1440.0,1466.949951171875,3270743
2024-06-03,1411.6739501953125,1452.3499755859375,1483.0,1446.050048828125,1482.0,1335614
2024-06-04,1421.58837890625,1462.550048828125,1476.949951171875,1418.550048828125,1460.0,2049577
2024-06-05,1455.024658203125,1496.949951171875,1514.0,1466.8499755859375,1490.0,1834280
2024-06-06,1435.633544921875,1477.0,1501.0,1464.0,1500.0,1605122
2024-06-07,1455.31640625,1497.25,1503.4000244140625,1479.300048828125,1484.0,1591055
2024-06-10,1491.280029296875,1534.25,1540.8499755859375,1502.0,1506.9000244140625,2751606
2024-06-11,1487.39208984375,1530.25,1546.449951171875,1527.0,1545.0,1699446
2024-06-12,1497.7923583984375,1540.949951171875,1549.0,1532.0,1542.449951171875,1578793
2024-06-13,1501.2916259765625,1544.550048828125,1551.0,1520.4000244140625,1550.0,1525789
2024-06-14,1520.9259033203125,1564.75,1567.0,1535.800048828125,1545.0,1845043
2024-06-18,1530.6944580078125,1574.800048828125,1576.949951171875,1563.5999755859375,1570.0,2068897
2024-06-19,1516.1146240234375,1559.800048828125,1582.0,1553.4000244140625,1577.4000244140625,1881544
2024-06-20,1501.583251953125,1544.8499755859375,1559.1500244140625,1540.0,1558.0,1705002
2024-06-21,1498.375732421875,1541.550048828125,1562.9000244140625,1533.5,1549.9000244140625,2613883
2024-06-24,1462.26611328125,1504.4000244140625,1528.0,1495.050048828125,1528.0,1283529
2024-06-25,1457.69775390625,1499.699951171875,1517.800048828125,1495.5,1511.5999755859375,1199626
2024-06-26,1437.6746826171875,1479.0999755859375,1507.199951171875,1475.0,1503.699951171875,1930909
2024-06-27,1439.4244384765625,1480.9000244140625,1486.199951171875,1465.300048828125,1481.0,2792582
2024-06-28,1439.3271484375,1480.800048828125,1492.199951171875,1476.050048828125,1486.300048828125,2087765
2024-07-01,1437.6746826171875,1479.0999755859375,1493.699951171875,1472.199951171875,1484.949951171875,1313651
2024-07-02,1446.957275390625,1488.6500244140625,1492.75,1479.25,1480.0,1191962
2024-07-03,1442.194580078125,1483.75,1500.0,1474.5999755859375,1494.0,1061247
2024-07-04,1439.278564453125,1480.75,1488.949951171875,1467.0,1477.75,1498413
2024-07-05,1467.612060546875,1509.9000244140625,1516.0,1486.0,1487.0,2188675
2024-07-08,1445.402099609375,1487.050048828125,1524.6500244140625,1483.199951171875,1516.0,1524489
2024-07-09,1469.7020263671875,1512.050048828125,1515.0,1487.300048828125,1496.9000244140625,1791406
2024-07-10,1470.8197021484375,1513.199951171875,1517.25,1492.25,1512.0999755859375,671042
2024-07-11,1463.8212890625,1506.0,1519.0,1495.0,1517.0,1314312
2024-07-12,1469.7020263671875,1512.050048828125,1515.0,1502.4000244140625,1506.050048828125,1192685
2024-07-15,1474.7076416015625,1517.199951171875,1531.949951171875,1513.25,1516.5999755859375,1825510
2024-07-16,1468.09814453125,1510.4000244140625,1524.449951171875,1503.0999755859375,1517.199951171875,963199
2024-07-18,1464.453125,1506.6500244140625,1513.0,1485.5999755859375,1497.0,2169744
2024-07-19,1443.8955078125,1485.5,1506.0,1480.199951171875,1501.5999755859375,868261
2024-07-22,1448.26953125,1490.0,1507.050048828125,1470.6500244140625,1475.050048828125,1328847
2024-07-23,1455.9482421875,1497.9000244140625,1504.0,1475.1500244140625,1490.0,1241630
2024-07-24,1461.391357421875,1503.5,1511.300048828125,1485.0,1495.3499755859375,2266300
2024-07-25,1458.0379638671875,1500.050048828125,1508.699951171875,1489.800048828125,1498.0,2200932
2024-07-26,1530.888916015625,1575.0,1600.0,1501.0,1504.75,4687416
2024-07-29,1510.428466796875,1553.949951171875,1589.0,1528.800048828125,1588.0,3983153
2024-07-30,1486.0799560546875,1528.9000244140625,1564.050048828125,1526.0,1554.0,2988651
2024-07-31,1501.048583984375,1544.300048828125,1548.550048828125,1523.550048828125,1530.0999755859375,1645138
2024-08-01,1502.8955078125,1546.199951171875,1552.5,1535.550048828125,1545.949951171875,1529481
2024-08-02,1498.5823974609375,1528.800048828125,1541.4000244140625,1523.699951171875,1529.0,1353707
2024-08-05,1485.104248046875,1515.050048828125,1527.949951171875,1472.0,1472.0,1719770
2024-08-06,1501.62109375,1531.9000244140625,1542.3499755859375,1505.699951171875,1513.0,1775016
2024-08-07,1522.84326171875,1553.550048828125,1556.9000244140625,1532.0999755859375,1532.0999755859375,1359682
2024-08-08,1538.9189453125,1569.949951171875,1589.6500244140625,1545.0,1545.0,3541556
2024-08-09,1543.624267578125,1574.75,1581.199951171875,1561.5,1574.800048828125,956684
2024-08-12,1554.8968505859375,1586.25,1593.0,1571.050048828125,1574.699951171875,1731555
2024-08-13,1552.152099609375,1583.449951171875,1606.699951171875,1580.0,1600.0,2281463
2024-08-14,1532.8907470703125,1563.800048828125,1597.0,1555.0,1597.0,896638
2024-08-16,1544.947509765625,1576.0999755859375,1580.449951171875,1560.0,1567.0,909870
2024-08-19,1544.359375,1575.5,1584.949951171875,1569.699951171875,1578.449951171875,742635
2024-08-20,1531.9593505859375,1562.8499755859375,1579.0,1558.199951171875,1576.5,1413845
2024-08-21,1563.081787109375,1594.5999755859375,1596.1500244140625,1561.0,1565.6500244140625,1074905
2024-08-22,1554.4559326171875,1585.800048828125,1599.0,1576.050048828125,1599.0,906819
2024-08-23,1543.42822265625,1574.550048828125,1585.800048828125,1568.449951171875,1580.050048828125,770573
2024-08-26,1562.4447021484375,1593.949951171875,1596.0,1566.550048828125,1570.0,658120
2024-08-27,1566.4637451171875,1598.050048828125,1619.800048828125,1586.5,1586.5,1570234
2024-08-28,1586.21533203125,1618.199951171875,1630.0,1595.199951171875,1604.0,1433847
2024-08-29,1586.5584716796875,1618.550048828125,1642.300048828125,1609.0,1622.0,2749546
2024-08-30,1622.18994140625,1654.9000244140625,1663.699951171875,1615.0,1615.0,3296701
2024-09-02,1614.10302734375,1646.6500244140625,1681.5999755859375,1642.0,1669.0,1306971
2024-09-03,1620.5235595703125,1653.199951171875,1659.8499755859375,1643.300048828125,1643.300048828125,1264708
2024-09-04,1619.2493896484375,1651.9000244140625,1658.0,1630.800048828125,1635.050048828125,1019049
2024-09-05,1595.5765380859375,1627.75,1659.949951171875,1623.4000244140625,1651.0999755859375,1081756
2024-09-06,1579.206787109375,1611.050048828125,1631.949951171875,1608.050048828125,1627.75,913336
2024-09-09,1588.1268310546875,1620.1500244140625,1636.800048828125,1610.0,1611.050048828125,1003511
2024-09-10,1599.74267578125,1632.0,1644.3499755859375,1624.300048828125,1633.0,1248269
2024-09-11,1596.164794921875,1628.3499755859375,1652.300048828125,1624.25,1627.0999755859375,1243738
2024-09-12,1624.4935302734375,1657.25,1660.0,1630.550048828125,1635.0,1728200
2024-09-13,1626.8951416015625,1659.699951171875,1669.199951171875,1643.5,1658.9000244140625,747149
2024-09-16,1626.60107421875,1659.4000244140625,1671.8499755859375,1654.1500244140625,1661.199951171875,683436
2024-09-17,1638.756103515625,1671.800048828125,1683.0,1656.699951171875,1660.0,958137
2024-09-18,1618.9552001953125,1651.5999755859375,1673.0,1638.050048828125,1673.0,1084127
2024-09-19,1605.3299560546875,1637.699951171875,1668.0,1632.75,1660.0,2048750
2024-09-20,1606.26123046875,1638.6500244140625,1652.5999755859375,1609.800048828125,1645.9000244140625,2504382
2024-09-23,1625.3758544921875,1658.1500244140625,1664.8499755859375,1638.0,1646.8499755859375,1129445
2024-09-24,1605.1829833984375,1637.550048828125,1659.5999755859375,1624.949951171875,1625.0,1476260
2024-09-25,1610.72119140625,1643.199951171875,1649.0,1618.25,1638.0,759761
2024-09-26,1589.744384765625,1621.800048828125,1652.449951171875,1602.300048828125,1643.199951171875,2613098
2024-09-27,1639.442138671875,1672.5,1679.050048828125,1630.0,1630.1500244140625,3866952
2024-09-30,1621.40576171875,1654.0999755859375,1678.9000244140625,1646.300048828125,1675.0,1313437
2024-10-01,1631.943359375,1664.8499755859375,1667.050048828125,1651.550048828125,1660.0,945740
2024-10-03,1623.8074951171875,1656.550048828125,1678.0,1640.3499755859375,1661.25,1533472
2024-10-04,1591.214599609375,1623.300048828125,1656.4000244140625,1577.300048828125,1645.0999755859375,2371220
2024-10-07,1592.5379638671875,1624.6500244140625,1644.8499755859375,1612.050048828125,1623.0,1553239
2024-10-08,1608.2705078125,1640.699951171875,1653.199951171875,1623.8499755859375,1624.6500244140625,1239808
2024-10-09,1647.283935546875,1680.5,1702.050048828125,1630.5,1630.5,1671718
2024-10-10,1586.9014892578125,1618.9000244140625,1694.0,1614.0999755859375,1693.949951171875,2288313
2024-10-11,1564.2091064453125,1595.75,1613.800048828125,1573.75,1602.0999755859375,1894245
2024-10-14,1566.855712890625,1598.449951171875,1605.949951171875,1571.050048828125,1600.0,2301224
2024-10-15,1540.6834716796875,1571.75,1604.949951171875,1568.0,1601.9000244140625,2206500
2024-10-16,1531.3221435546875,1562.199951171875,1573.0,1550.4000244140625,1561.4000244140625,2519123
2024-10-17,1527.891357421875,1558.699951171875,1578.699951171875,1552.1500244140625,1562.199951171875,1498368
2024-10-18,1521.02978515625,1551.699951171875,1562.050048828125,1536.3499755859375,1549.050048828125,1879293
2024-10-21,1493.6322021484375,1523.75,1561.25,1517.1500244140625,1552.0,1297970
2024-10-22,1480.4970703125,1510.3499755859375,1526.699951171875,1501.5,1523.0,1757792
2024-10-23,1456.236328125,1485.5999755859375,1514.0999755859375,1482.300048828125,1504.75,1925211
2024-10-24,1462.803955078125,1492.300048828125,1508.0,1482.050048828125,1496.0,1178365
2024-10-25,1459.4710693359375,1488.9000244140625,1506.75,1478.800048828125,1492.300048828125,1175088
2024-10-28,1473.4393310546875,1503.1500244140625,1513.199951171875,1471.699951171875,1496.800048828125,928896
2024-10-29,1448.345458984375,1477.550048828125,1517.1500244140625,1450.0,1510.0,3475282
2024-10-30,1390.217529296875,1418.25,1440.0,1403.0,1440.0,5064434
2024-10-31,1521.078857421875,1551.75,1565.949951171875,1518.050048828125,1560.050048828125,17447689
2024-11-01,1528.724609375,1559.550048828125,1573.449951171875,1551.75,1565.0999755859375,538362
2024-11-04,1553.279541015625,1584.5999755859375,1602.949951171875,1563.0,1584.0,4190449
2024-11-05,1569.5513916015625,1601.199951171875,1609.949951171875,1577.6500244140625,1583.5999755859375,2238168
2024-11-06,1562.542724609375,1594.050048828125,1612.3499755859375,1581.0,1610.199951171875,2074821
2024-11-07,1544.99658203125,1576.1500244140625,1602.0,1558.550048828125,1600.0,1512145
2024-11-08,1561.121337890625,1592.5999755859375,1597.75,1568.699951171875,1575.0999755859375,1718495
2024-11-11,1522.1080322265625,1552.800048828125,1599.75,1544.5,1590.0999755859375,1725382
2024-11-12,1495.0045166015625,1525.1500244140625,1556.949951171875,1521.949951171875,1551.050048828125,2782808
2024-11-13,1475.8409423828125,1505.5999755859375,1525.9000244140625,1501.199951171875,1516.5,1552443
2024-11-14,1470.1065673828125,1499.75,1517.0,1490.25,1497.0,1469143
2024-11-18,1436.28857421875,1465.25,1505.1500244140625,1460.8499755859375,1497.5,1760344
2024-11-19,1442.4639892578125,1471.550048828125,1485.8499755859375,1456.8499755859375,1465.0,1116002
2024-11-21,1436.5335693359375,1465.5,1478.0999755859375,1453.8499755859375,1470.0,1363706
2024-11-22,1457.1185302734375,1486.5,1496.1500244140625,1460.050048828125,1466.0,704859
2024-11-25,1473.5865478515625,1503.300048828125,1507.5,1487.5,1495.9000244140625,2453548
2024-11-26,1463.1959228515625,1492.699951171875,1515.0,1490.050048828125,1515.0,873585
2024-11-27,1461.6766357421875,1491.1500244140625,1502.0,1468.5,1487.0999755859375,1676606
2024-11-28,1463.2449951171875,1492.75,1505.0,1473.9000244140625,1485.0999755859375,4358321
2024-11-29,1503.5816650390625,1533.9000244140625,1547.699951171875,1490.0,1490.0,3256635
2024-12-02,1477.8994140625,1507.699951171875,1548.5,1504.300048828125,1532.0,5328936
2024-12-03,1503.5816650390625,1533.9000244140625,1549.4000244140625,1508.5,1517.050048828125,1951182
2024-12-04,1471.1849365234375,1500.8499755859375,1536.75,1492.25,1530.0,2971135
2024-12-05,1468.6363525390625,1498.25,1507.0,1470.0999755859375,1507.0,4084059
2024-12-06,1448.1983642578125,1477.4000244140625,1513.25,1476.0,1513.25,3768932
2024-12-09,1439.9644775390625,1469.0,1484.75,1467.300048828125,1480.0,2144057
2024-12-10,1426.4371337890625,1455.199951171875,1479.0,1452.300048828125,1476.949951171875,3397465
2024-12-11,1425.35888671875,1454.0999755859375,1467.9000244140625,1448.0,1456.0999755859375,2448702
2024-12-12,1416.830810546875,1445.4000244140625,1461.3499755859375,1438.5999755859375,1460.0,2651833
2024-12-13,1418.693359375,1447.300048828125,1449.5,1423.800048828125,1445.0999755859375,1318852
2024-12-16,1419.820556640625,1448.449951171875,1457.550048828125,1436.0999755859375,1448.0,2076469
2024-12-17,1422.1732177734375,1450.8499755859375,1483.0,1448.0,1470.0,3500888
2024-12-18,1443.2972412109375,1472.4000244140625,1482.949951171875,1453.199951171875,1455.0,2499842
2024-12-19,1476.7723388671875,1506.550048828125,1510.050048828125,1449.9000244140625,1450.0,3426222
2024-12-20,1442.9541015625,1472.050048828125,1506.5999755859375,1469.050048828125,1506.550048828125,2196991
2024-12-23,1446.8751220703125,1476.050048828125,1491.0,1458.800048828125,1473.949951171875,760728
2024-12-24,1446.5810546875,1475.75,1487.5999755859375,1461.300048828125,1476.0,909994
2024-12-26,1461.0885009765625,1490.550048828125,1494.949951171875,1466.25,1475.75,1254464
2024-12-27,1476.8212890625,1506.5999755859375,1512.75,1484.0,1488.5999755859375,1446303
2024-12-30,1491.3287353515625,1521.4000244140625,1526.699951171875,1495.0999755859375,1509.0,1501086
2024-12-31,1498.7784423828125,1529.0,1535.949951171875,1514.5999755859375,1517.9000244140625,1664122
2025-01-01,1498.87646484375,1529.0999755859375,1547.8499755859375,1518.699951171875,1531.949951171875,1578715
2025-01-02,1507.502685546875,1537.9000244140625,1543.449951171875,1527.25,1534.9000244140625,1448048
2025-01-03,1481.37939453125,1511.25,1539.0,1505.0999755859375,1539.0,1581838
2025-01-06,1461.921630859375,1491.4000244140625,1509.25,1479.5,1500.0,981443
2025-01-07,1467.8519287109375,1497.449951171875,1510.0,1487.949951171875,1490.0,1045516
2025-01-08,1465.3525390625,1494.9000244140625,1513.0,1487.550048828125,1504.9000244140625,1277871
2025-01-09,1458.784912109375,1488.199951171875,1499.4000244140625,1481.0,1490.0999755859375,995821
2025-01-10,1439.7684326171875,1468.800048828125,1497.699951171875,1465.1500244140625,1483.0999755859375,930723
2025-01-13,1410.75341796875,1439.199951171875,1463.949951171875,1436.3499755859375,1460.0,873093
2025-01-14,1419.134521484375,1447.75,1451.949951171875,1434.449951171875,1436.0,1028726
2025-01-15,1418.59521484375,1447.199951171875,1455.0,1429.8499755859375,1454.949951171875,1126634
2025-01-16,1414.9683837890625,1443.5,1454.300048828125,1430.8499755859375,1451.75,1080833
2025-01-17,1413.7921142578125,1442.300048828125,1449.6500244140625,1434.0,1443.5,658778
2025-01-20,1416.8798828125,1445.449951171875,1449.550048828125,1428.9000244140625,1442.300048828125,738447
2025-01-21,1399.7747802734375,1428.0,1464.800048828125,1425.0,1450.5,820225
2025-01-22,1410.949462890625,1439.4000244140625,1440.949951171875,1420.199951171875,1431.0999755859375,808605
2025-01-23,1422.46728515625,1451.1500244140625,1458.199951171875,1432.550048828125,1432.550048828125,1070838
2025-01-24,1383.5029296875,1411.4000244140625,1451.0,1408.0,1445.25,1615412
2025-01-27,1368.5052490234375,1396.0999755859375,1414.9000244140625,1384.199951171875,1408.0999755859375,1448841
2025-01-28,1392.5211181640625,1420.5999755859375,1473.0,1366.0999755859375,1395.050048828125,5627159
2025-01-29,1395.8048095703125,1423.949951171875,1455.0,1410.5999755859375,1440.0,3775947
2025-01-30,1428.6427001953125,1457.449951171875,1469.800048828125,1426.0,1431.0,1773294
2025-01-31,1450.158935546875,1479.4000244140625,1491.0,1452.0999755859375,1460.0,2083385
2025-02-01,1411.0474853515625,1439.5,1486.5,1427.25,1479.4000244140625,1306859
2025-02-03,1392.47216796875,1420.550048828125,1439.300048828125,1406.1500244140625,1435.0,1757831
2025-02-04,1420.4088134765625,1449.050048828125,1463.25,1423.5,1425.9000244140625,1750660
2025-02-05,1408.40087890625,1436.800048828125,1458.0,1429.300048828125,1457.8499755859375,2516488
2025-02-06,1442.4149169921875,1471.5,1475.300048828125,1438.1500244140625,1443.949951171875,2918537
2025-02-07,1443.150146484375,1472.25,1481.8499755859375,1455.0,1473.5,1445335
2025-02-10,1430.0150146484375,1458.8499755859375,1477.5999755859375,1431.550048828125,1476.199951171875,1282801
2025-02-11,1424.4276123046875,1453.1500244140625,1468.0,1443.4000244140625,1465.0,1938792
2025-02-12,1420.5556640625,1449.199951171875,1462.300048828125,1435.1500244140625,1453.1500244140625,1791670
2025-02-13,1443.05224609375,1472.1500244140625,1493.0,1447.0999755859375,1449.199951171875,1879916
2025-02-14,1430.6031494140625,1459.449951171875,1480.1500244140625,1438.550048828125,1478.0,1703559
2025-02-17,1445.502685546875,1474.6500244140625,1480.699951171875,1451.300048828125,1457.449951171875,1113888
2025-02-18,1452.805419921875,1482.0999755859375,1483.8499755859375,1466.0999755859375,1474.6500244140625,967394
2025-02-19,1435.2103271484375,1464.1500244140625,1474.0,1426.3499755859375,1454.949951171875,1210464
2025-02-20,1450.452880859375,1479.699951171875,1483.0,1461.5,1462.0,1652209
2025-02-21,1446.5810546875,1475.75,1502.0,1468.6500244140625,1489.0,1413123
2025-02-24,1447.5611572265625,1476.75,1489.0,1457.5999755859375,1460.0,1403090
2025-02-25,1434.4261474609375,1463.3499755859375,1482.4000244140625,1454.5999755859375,1471.0,992994
2025-02-27,1412.6649169921875,1441.1500244140625,1464.300048828125,1436.0,1452.0,1260808
2025-02-28,1379.679931640625,1407.5,1448.699951171875,1400.0,1440.0,3340343
2025-03-03,1379.72900390625,1407.550048828125,1418.0999755859375,1396.0,1400.0,854264
2025-03-04,1374.0926513671875,1401.800048828125,1405.0,1389.300048828125,1402.449951171875,1456530
2025-03-05,1391.6878662109375,1419.75,1431.9000244140625,1393.0999755859375,1395.0999755859375,2187830
2025-03-06,1432.8577880859375,1461.75,1464.449951171875,1419.75,1424.949951171875,1525159
2025-03-07,1429.6229248046875,1458.449951171875,1471.0999755859375,1451.550048828125,1465.949951171875,678497
2025-03-10,1433.837890625,1462.75,1482.199951171875,1457.0,1458.3499755859375,905854
2025-03-11,1417.1739501953125,1445.75,1459.0,1438.0,1448.0,1231247
2025-03-12,1425.5550537109375,1454.300048828125,1457.0,1437.75,1442.0,1254797
2025-03-13,1433.0047607421875,1461.9000244140625,1465.699951171875,1445.6500244140625,1456.4000244140625,804032
2025-03-17,1463.097900390625,1492.5999755859375,1496.949951171875,1455.699951171875,1459.8499755859375,1329884
2025-03-18,1463.097900390625,1492.5999755859375,1492.5999755859375,1492.5999755859375,1492.5999755859375,0
2025-03-19,1469.5185546875,1499.1500244140625,1515.0,1496.5,1515.0,1015731
2025-03-20,1482.16357421875,1512.050048828125,1517.5999755859375,1495.449951171875,1499.6500244140625,984355
2025-03-21,1493.730224609375,1523.8499755859375,1528.9000244140625,1510.0,1513.9000244140625,2846648
2025-03-24,1493.9263916015625,1524.050048828125,1535.0,1515.199951171875,1525.050048828125,826040
2025-03-25,1481.330322265625,1511.199951171875,1534.0,1505.050048828125,1530.0,1092805
2025-03-26,1447.02197265625,1476.199951171875,1512.3499755859375,1472.300048828125,1507.0,1375794
2025-03-27,1453.5897216796875,1482.9000244140625,1489.0,1462.4000244140625,1464.699951171875,1848444
2025-03-28,1413.694091796875,1442.199951171875,1478.6500244140625,1434.449951171875,1475.0,1495932
2025-04-01,1415.70361328125,1444.25,1466.0,1429.0,1438.550048828125,1080262
2025-04-02,1423.6434326171875,1452.3499755859375,1464.0,1428.4000244140625,1441.0,1054143
2025-04-03,1466.13671875,1495.699951171875,1523.300048828125,1480.0,1482.0,3488899
2025-04-04,1387.27685546875,1415.25,1495.699951171875,1390.050048828125,1495.699951171875,2768438
2025-04-07,1357.33056640625,1384.699951171875,1401.3499755859375,1335.0,1336.0,1604721
2025-04-08,1404.2349853515625,1432.550048828125,1437.5999755859375,1382.6500244140625,1394.800048828125,1324180
2025-04-09,1387.619873046875,1415.5999755859375,1423.0,1396.050048828125,1416.5,1701314
2025-04-11,1434.132080078125,1463.050048828125,1488.5,1448.550048828125,1460.0,2311803
2025-04-15,1452.511474609375,1481.800048828125,1485.9000244140625,1462.0999755859375,1482.199951171875,1720323
2025-04-16,1466.82275390625,1496.4000244140625,1499.0,1464.4000244140625,1467.0999755859375,1023697
2025-04-17,1485.251220703125,1515.199951171875,1522.0,1486.0,1498.0,1211601
2025-04-21,1481.2322998046875,1511.0999755859375,1525.0,1505.0,1525.0,570266
2025-04-22,1497.9942626953125,1528.199951171875,1534.699951171875,1502.699951171875,1514.9000244140625,954974
2025-04-23,1503.385498046875,1533.699951171875,1539.0,1516.0,1533.0,819016
2025-04-24,1521.02978515625,1551.699951171875,1556.0,1524.9000244140625,1533.699951171875,1590469
2025-04-25,1495.73974609375,1525.9000244140625,1566.699951171875,1513.5,1556.0,1353813
2025-04-28,1524.362548828125,1555.0999755859375,1565.0,1525.9000244140625,1525.9000244140625,1207247
2025-04-29,1511.0313720703125,1541.5,1560.5999755859375,1531.0,1555.0,1385331
2025-04-30,1519.46142578125,1550.0999755859375,1570.800048828125,1538.0,1542.0,2315010
2025-05-02,1484.5650634765625,1514.5,1552.5,1513.5,1537.5,1578868
2025-05-05,1512.40380859375,1542.9000244140625,1549.0,1528.300048828125,1532.0,786898
2025-05-06,1481.5263671875,1511.4000244140625,1531.9000244140625,1495.0,1530.0,1788719
2025-05-07,1478.977783203125,1508.800048828125,1517.800048828125,1499.4000244140625,1500.0,1424662
2025-05-08,1457.41259765625,1486.800048828125,1508.699951171875,1477.9000244140625,1500.0,2773328
2025-05-09,1450.7469482421875,1480.0,1486.4000244140625,1463.699951171875,1469.9000244140625,1042380
2025-05-12,1481.722412109375,1511.5999755859375,1516.9000244140625,1462.199951171875,1478.0,1706217
2025-05-13,1490.054443359375,1520.0999755859375,1539.9000244140625,1497.0999755859375,1515.0,4042184
2025-05-14,1465.2545166015625,1494.800048828125,1505.9000244140625,1474.5999755859375,1495.0,3417567
2025-05-15,1472.5081787109375,1502.199951171875,1512.9000244140625,1475.0,1495.0,3918531
2025-05-16,1470.253662109375,1499.9000244140625,1510.199951171875,1492.0,1509.699951171875,1660861
2025-05-19,1462.11767578125,1491.5999755859375,1511.699951171875,1489.0,1499.9000244140625,1857648
2025-05-20,1425.6529541015625,1454.4000244140625,1497.800048828125,1451.199951171875,1495.4000244140625,3573210
2025-05-21,1453.0994873046875,1482.4000244140625,1491.0,1454.5999755859375,1459.0,2001251
2025-05-22,1439.474365234375,1468.5,1489.699951171875,1460.0999755859375,1483.0,1804507
2025-05-23,1454.8638916015625,1484.199951171875,1489.0,1461.0,1468.5,915286
2025-05-26,1454.8638916015625,1484.199951171875,1493.9000244140625,1478.5,1486.0999755859375,885022
2025-05-27,1451.237060546875,1480.5,1491.9000244140625,1475.800048828125,1485.699951171875,881728
2025-05-28,1439.474365234375,1468.5,1486.0,1465.0,1485.0,1090511
2025-05-29,1447.708251953125,1476.9000244140625,1479.5,1463.0,1475.0,1384536
2025-05-30,1436.7296142578125,1465.699951171875,1489.0,1457.0999755859375,1476.0,7040777
2025-06-02,1441.140625,1470.199951171875,1474.800048828125,1458.0,1468.0,962897
2025-06-03,1444.0814208984375,1473.199951171875,1479.4000244140625,1460.4000244140625,1472.4000244140625,870331
2025-06-04,1442.80712890625,1471.9000244140625,1488.0,1465.9000244140625,1473.199951171875,1297075
2025-06-05,1460.3533935546875,1489.800048828125,1498.800048828125,1475.0,1476.0,1570159
2025-06-06,1474.468505859375,1504.199951171875,1505.9000244140625,1484.0,1489.800048828125,861882
2025-06-09,1476.8212890625,1506.5999755859375,1511.699951171875,1497.0,1511.699951171875,689631
2025-06-10,1480.938232421875,1510.800048828125,1513.199951171875,1505.0,1508.9000244140625,929786
2025-06-11,1491.6226806640625,1521.699951171875,1527.9000244140625,1509.4000244140625,1512.5,1046396
2025-06-12,1473.0963134765625,1502.800048828125,1537.9000244140625,1494.5,1527.0,1199034
2025-06-13,1475.4488525390625,1505.199951171875,1510.5,1480.0,1480.0,874315
2025-06-16,1496.818115234375,1527.0,1541.0,1499.800048828125,1501.9000244140625,2679763
2025-06-17,1473.782470703125,1503.5,1533.4000244140625,1495.5,1527.0,1334810
2025-06-18,1468.4892578125,1498.0999755859375,1512.9000244140625,1495.9000244140625,1503.5,1075494
2025-06-19,1454.6678466796875,1484.0,1509.800048828125,1480.199951171875,1502.4000244140625,1124204
2025-06-20,1470.0574951171875,1499.699951171875,1508.199951171875,1481.0999755859375,1484.0,1917041
2025-06-23,1469.469482421875,1499.0999755859375,1504.9000244140625,1482.0999755859375,1499.699951171875,657381
2025-06-24,1472.704345703125,1502.4000244140625,1518.300048828125,1500.199951171875,1506.699951171875,1351552
2025-06-25,1480.154052734375,1510.0,1518.0,1500.0,1509.9000244140625,1032762
2025-06-26,1483.8790283203125,1513.800048828125,1522.4000244140625,1503.0,1511.0,1440423
2025-06-27,1488.436279296875,1502.4000244140625,1508.699951171875,1492.0,1502.0,1851991
2025-06-30,1491.9036865234375,1505.9000244140625,1514.699951171875,1500.199951171875,1509.4000244140625,1053681
2025-07-01,1501.612548828125,1515.699951171875,1517.699951171875,1496.199951171875,1505.9000244140625,1112637
2025-07-02,1483.6807861328125,1497.5999755859375,1525.0,1493.300048828125,1515.699951171875,1273704
2025-07-03,1494.6776123046875,1508.699951171875,1513.199951171875,1498.800048828125,1504.0,869963
2025-07-04,1499.2349853515625,1513.300048828125,1521.0,1503.9000244140625,1508.4000244140625,1118483
2025-07-07,1496.4609375,1510.5,1519.199951171875,1506.5,1516.0,1061434
2025-07-08,1474.46728515625,1488.300048828125,1510.5,1477.0999755859375,1505.5,2197699
2025-07-09,1477.8355712890625,1491.699951171875,1501.699951171875,1486.0,1486.0,1364142
2025-07-10,1464.06494140625,1477.800048828125,1490.9000244140625,1463.199951171875,1489.0,2178068
2025-07-11,1471.1978759765625,1485.0,1490.5,1470.0,1480.0,920651
2025-07-14,1470.2071533203125,1484.0,1492.5,1476.0,1488.9000244140625,1554680
2025-07-15,1477.0430908203125,1490.9000244140625,1492.4000244140625,1469.4000244140625,1483.800048828125,1203850
2025-07-16,1462.08349609375,1475.800048828125,1485.0,1468.199951171875,1485.0,1569604
2025-07-17,1468.6220703125,1482.4000244140625,1489.0,1472.0,1475.0,1349535
2025-07-18,1468.5230712890625,1482.300048828125,1484.800048828125,1470.0,1481.0999755859375,1001794
2025-07-21,1460.2010498046875,1473.9000244140625,1482.5,1468.5,1481.0999755859375,1198993
2025-07-22,1450.7894287109375,1464.4000244140625,1479.4000244140625,1454.5,1475.0,1908949
2025-07-23,1459.8048095703125,1473.5,1476.5,1462.4000244140625,1465.300048828125,1268156
2025-07-24,1474.071044921875,1487.9000244140625,1490.0,1470.300048828125,1470.5,1389152
2025-07-25,1518.2564697265625,1532.5,1553.699951171875,1469.0,1485.0,5226395
2025-07-28,1557.3892822265625,1572.0,1577.0,1520.5,1541.199951171875,3843168
2025-07-29,1559.3707275390625,1574.0,1579.4000244140625,1559.5999755859375,1563.4000244140625,1303888
2025-07-30,1544.906494140625,1559.4000244140625,1579.9000244140625,1551.199951171875,1574.300048828125,1390012
2025-07-31,1540.1510009765625,1554.5999755859375,1564.699951171875,1536.5999755859375,1540.0,2457841
2025-08-01,1488.83251953125,1502.800048828125,1549.699951171875,1494.0,1544.0,2109707
2025-08-04,1501.0181884765625,1515.0999755859375,1519.300048828125,1505.0,1510.0,549494
2025-08-05,1485.8603515625,1499.800048828125,1517.300048828125,1491.0999755859375,1513.5,1156528
2025-08-06,1472.882080078125,1486.699951171875,1498.800048828125,1475.0,1498.800048828125,1157300
2025-08-07,1477.1422119140625,1491.0,1499.800048828125,1464.0999755859375,1476.0999755859375,1882304
2025-08-08,1471.990478515625,1485.800048828125,1493.800048828125,1478.300048828125,1483.0,920270
2025-08-11,1490.81396484375,1504.800048828125,1514.0,1480.199951171875,1488.0,898160
2025-08-12,1507.457763671875,1521.5999755859375,1524.9000244140625,1501.0999755859375,1504.0,910349
2025-08-13,1546.4915771484375,1561.0,1567.800048828125,1520.4000244140625,1521.5999755859375,1859765
2025-08-14,1549.463623046875,1564.0,1574.800048828125,1552.0,1562.5,2535958
2025-08-18,1550.6524658203125,1565.199951171875,1572.800048828125,1557.5,1566.199951171875,1783835
2025-08-19,1534.5040283203125,1548.9000244140625,1568.699951171875,1546.0999755859375,1565.199951171875,898746
2025-08-20,1531.72998046875,1546.0999755859375,1556.9000244140625,1533.4000244140625,1539.199951171875,936556
2025-08-21,1577.99609375,1592.800048828125,1596.0,1538.699951171875,1540.0999755859375,1698280
2025-08-22,1577.99609375,1592.800048828125,1602.0,1585.0,1590.0,1574526
2025-08-25,1586.31787109375,1601.199951171875,1607.800048828125,1592.0,1594.0,1298471
2025-08-26,1565.1168212890625,1579.800048828125,1604.0999755859375,1573.0,1604.0,2332380
2025-08-28,1565.6121826171875,1580.300048828125,1594.0,1568.699951171875,1594.0,1903230
2025-08-29,1574.6275634765625,1589.4000244140625,1596.4000244140625,1567.800048828125,1578.5,1342344
2025-09-01,1572.447998046875,1587.199951171875,1598.0,1583.0,1589.4000244140625,783524
2025-09-02,1554.615234375,1569.199951171875,1593.0,1563.300048828125,1587.0,1161872
2025-09-03,1563.7298583984375,1578.4000244140625,1596.4000244140625,1569.0,1570.0,1160380
2025-09-04,1563.135498046875,1577.800048828125,1599.0,1573.699951171875,1599.0,614470
2025-09-05,1538.962158203125,1553.4000244140625,1585.5999755859375,1550.0,1577.800048828125,701865
2025-09-08,1526.87548828125,1541.199951171875,1564.9000244140625,1538.9000244140625,1554.5,588546
2025-09-09,1537.1788330078125,1551.5999755859375,1555.199951171875,1533.0999755859375,1541.199951171875,788242
2025-09-10,1549.265625,1563.800048828125,1571.0,1553.9000244140625,1555.0,718311
2025-09-11,1546.29345703125,1560.800048828125,1570.5,1554.0999755859375,1563.5,732911
2025-09-12,1559.965087890625,1574.5999755859375,1578.300048828125,1562.0999755859375,1562.0999755859375,785508
2025-09-15,1533.90966796875,1548.300048828125,1579.800048828125,1546.0999755859375,1568.0,758979
2025-09-16,1544.5101318359375,1559.0,1560.199951171875,1550.0,1556.0,471395
2025-09-17,1545.1044921875,1559.5999755859375,1562.5,1549.0999755859375,1556.0,785651
2025-09-18,1563.5316162109375,1578.199951171875,1580.0,1556.4000244140625,1560.0,874860
2025-09-19,1561.154052734375,1575.800048828125,1584.9000244140625,1557.5,1581.0,1464121
2025-09-22,1527.8662109375,1542.199951171875,1583.199951171875,1540.0,1575.0,1257495
2025-09-23,1512.9066162109375,1527.0999755859375,1550.699951171875,1517.5,1542.199951171875,1487350
2025-09-24,1523.705322265625,1538.0,1542.5,1520.300048828125,1527.0,943785
2025-09-25,1495.6683349609375,1509.699951171875,1544.800048828125,1505.4000244140625,1538.0,2502680
2025-09-26,1485.464111328125,1499.4000244140625,1504.9000244140625,1475.199951171875,1495.5999755859375,2653841
2025-09-29,1474.1700439453125,1488.0,1527.300048828125,1485.300048828125,1506.9000244140625,1778220
2025-09-30,1489.327880859375,1503.300048828125,1506.5999755859375,1488.0999755859375,1488.0999755859375,1040806
2025-10-01,1498.9376220703125,1513.0,1517.4000244140625,1498.4000244140625,1505.0,1000285
2025-10-03,1503.593994140625,1517.699951171875,1537.800048828125,1509.5,1522.0,1070489
2025-10-06,1499.0367431640625,1513.0999755859375,1520.0,1497.800048828125,1511.0,772031
2025-10-07,1499.2349853515625,1513.300048828125,1522.0,1506.199951171875,1514.9000244140625,834623
2025-10-08,1480.7086181640625,1494.5999755859375,1519.300048828125,1490.800048828125,1512.0,1068066
2025-10-09,1499.0367431640625,1513.0999755859375,1516.699951171875,1499.300048828125,1510.0,878167
2025-10-10,1547.2841796875,1561.800048828125,1569.0,1506.9000244140625,1513.0,1495524
2025-10-13,1549.0673828125,1563.5999755859375,1566.9000244140625,1550.0999755859375,1559.0,671620
2025-10-14,1537.8724365234375,1552.300048828125,1566.0999755859375,1537.0999755859375,1563.0,1056222
2025-10-15,1544.212890625,1558.699951171875,1564.800048828125,1546.0,1550.0,1638237
2025-10-16,1554.8134765625,1569.4000244140625,1572.0,1555.0999755859375,1559.0,989785
2025-10-17,1562.937255859375,1577.5999755859375,1582.0999755859375,1558.4000244140625,1565.300048828125,1222051
2025-10-20,1623.8656005859375,1639.0999755859375,1647.0,1577.9000244140625,1590.0,3372906
2025-10-21,1648.137939453125,1663.5999755859375,1669.0,1642.0999755859375,1646.699951171875,709223
2025-10-23,1629.809814453125,1645.0999755859375,1673.0,1638.0999755859375,1665.0,2150725
2025-10-24,1569.674072265625,1584.4000244140625,1625.0999755859375,1581.0999755859375,1625.0999755859375,2941997
2025-10-27,1569.27783203125,1584.0,1593.800048828125,1575.199951171875,1585.0,1213749
2025-10-28,1553.5255126953125,1568.0999755859375,1589.9000244140625,1562.0999755859375,1585.800048828125,1489133
2025-10-29,1566.4046630859375,1581.0999755859375,1588.0,1571.699951171875,1575.0,898965
2025-10-30,1525.7857666015625,1540.0999755859375,1593.300048828125,1504.0,1587.0,4053965
2025-10-31,1487.346435546875,1501.300048828125,1529.4000244140625,1500.0,1510.0999755859375,3365093
2025-11-03,1497.45166015625,1511.5,1514.9000244140625,1490.300048828125,1502.9000244140625,1505905
2025-11-04,1489.327880859375,1503.300048828125,1524.0,1498.0999755859375,1511.5,1590643
2025-11-06,1487.5445556640625,1501.5,1512.9000244140625,1498.0,1510.800048828125,1596245
2025-11-07,1491.7054443359375,1505.699951171875,1510.0,1491.5999755859375,1500.0,1037508
2025-11-10,1497.45166015625,1511.5,1516.699951171875,1503.9000244140625,1510.0,1143959
2025-11-11,1500.820068359375,1514.9000244140625,1517.5,1506.0999755859375,1511.300048828125,850772
2025-11-12,1505.17919921875,1519.300048828125,1528.0999755859375,1514.0999755859375,1514.9000244140625,1179131
2025-11-13,1511.6187744140625,1525.800048828125,1534.9000244140625,1515.4000244140625,1520.0,1217362
2025-11-14,1517.860107421875,1532.0999755859375,1534.4000244140625,1522.0,1526.9000244140625,810970
2025-11-17,1521.32763671875,1535.5999755859375,1538.4000244140625,1526.5,1537.5,912322
2025-11-18,1500.4237060546875,1514.5,1535.0,1512.0999755859375,1530.0,747913
2025-11-19,1512.6094970703125,1526.800048828125,1529.5999755859375,1505.4000244140625,1511.4000244140625,1171078
2025-11-20,1514.987060546875,1529.199951171875,1534.800048828125,1519.4000244140625,1526.9000244140625,896750
2025-11-21,1497.7489013671875,1511.800048828125,1527.0,1507.699951171875,1521.0999755859375,1126820
2025-11-24,1490.0213623046875,1504.0,1524.800048828125,1500.0,1515.0,2801854
2025-11-25,1493.48876953125,1507.5,1522.699951171875,1500.199951171875,1500.199951171875,908386
2025-11-26,1509.6373291015625,1523.800048828125,1525.5,1505.0,1505.0,1087736
2025-11-27,1511.0242919921875,1525.199951171875,1531.5,1520.0999755859375,1523.800048828125,810411
2025-11-28,1517.067626953125,1531.300048828125,1535.800048828125,1520.5999755859375,1525.199951171875,991042
2025-12-01,1508.9437255859375,1523.0999755859375,1536.300048828125,1517.5,1532.0,1010599
2025-12-02,1502.504150390625,1516.5999755859375,1531.5,1513.199951171875,1520.0,1760512
2025-12-03,1493.984130859375,1508.0,1522.800048828125,1495.0999755859375,1516.699951171875,1034323
2025-12-04,1506.86328125,1521.0,1525.699951171875,1503.0999755859375,1503.0999755859375,726473
2025-12-05,1506.665283203125,1520.800048828125,1528.0,1513.5999755859375,1525.0,813485
2025-12-08,1483.6807861328125,1497.5999755859375,1520.5,1494.300048828125,1515.0999755859375,1263559
2025-12-09,1476.745849609375,1490.5999755859375,1502.4000244140625,1486.5,1497.5999755859375,1646840
2025-12-10,1477.0430908203125,1490.9000244140625,1505.699951171875,1484.800048828125,1492.0,1316274
2025-12-11,1498.2442626953125,1512.300048828125,1513.4000244140625,1492.0,1492.0,606130
2025-12-12,1503.2967529296875,1517.4000244140625,1524.699951171875,1510.199951171875,1520.0,1054050
2025-12-15,1493.984130859375,1508.0,1515.5,1498.0,1505.0,855508
2025-12-16,1485.6622314453125,1499.5999755859375,1508.9000244140625,1496.0999755859375,1500.0,789492
2025-12-17,1482.9873046875,1496.9000244140625,1505.300048828125,1491.0,1497.5999755859375,1000116
2025-12-18,1484.96875,1498.9000244140625,1511.0,1493.699951171875,1494.800048828125,974170
2025-12-19,1502.99951171875,1517.0999755859375,1520.0999755859375,1495.5,1495.5,769045
2025-12-22,1498.838623046875,1512.9000244140625,1522.5,1508.199951171875,1513.0,757496
2025-12-23,1486.751953125,1500.699951171875,1522.0,1498.300048828125,1520.4000244140625,826988
2025-12-24,1482.3929443359375,1496.300048828125,1508.0,1490.199951171875,1502.5,1022767
2025-12-26,1492.002685546875,1506.0,1510.9000244140625,1494.0,1496.300048828125,951555
2025-12-29,1480.1142578125,1494.0,1514.5,1492.0,1506.0,1077645
2025-12-30,1478.628173828125,1492.5,1498.699951171875,1475.9000244140625,1494.0,1993298
2025-12-31,1497.2535400390625,1511.300048828125,1513.5999755859375,1490.0999755859375,1492.5,883966
2026-01-01,1486.9501953125,1500.9000244140625,1512.0,1499.0,1512.0,228078
2026-01-02,1497.5506591796875,1511.5999755859375,1517.800048828125,1498.5999755859375,1500.9000244140625,964611
2026-01-05,1505.674560546875,1519.800048828125,1525.0,1507.199951171875,1511.0,1532549
2026-01-06,1516.572265625,1530.800048828125,1539.699951171875,1519.800048828125,1519.800048828125,1614326
2026-01-07,1454.2568359375,1467.9000244140625,1516.0,1455.0,1516.0,5076416
2026-01-08,1447.024658203125,1460.5999755859375,1469.300048828125,1458.0,1467.9000244140625,2651011
2026-01-09,1452.0772705078125,1465.699951171875,1468.300048828125,1456.0999755859375,1464.699951171875,1804271
2026-01-12,1451.5819091796875,1465.199951171875,1467.5,1444.199951171875,1464.0,2380033
2026-01-13,1434.839111328125,1448.300048828125,1469.4000244140625,1436.5999755859375,1460.0,1909873
2026-01-14,1421.167236328125,1434.5,1449.800048828125,1425.699951171875,1443.800048828125,1775529
2026-01-15,1421.167236328125,1434.5,1434.5,1434.5,1434.5,0
2026-01-16,1384.51123046875,1397.5,1409.5,1367.199951171875,1379.0,4333315
2026-01-19,1379.3594970703125,1392.300048828125,1398.0999755859375,1371.9000244140625,1396.5,1653550
2026-01-20,1365.5887451171875,1378.4000244140625,1395.9000244140625,1375.4000244140625,1392.300048828125,2040403
2026-01-21,1356.8704833984375,1369.5999755859375,1398.4000244140625,1363.800048828125,1378.4000244140625,2306655
2026-01-22,1357.6630859375,1370.4000244140625,1384.5,1366.699951171875,1381.199951171875,1536604
2026-01-23,1302.7779541015625,1315.0,1385.9000244140625,1303.0,1372.199951171875,6590032
2026-01-27,1300.7965087890625,1313.0,1323.5,1281.699951171875,1300.0,4109525
2026-01-28,1316.053466796875,1328.4000244140625,1334.699951171875,1310.0999755859375,1313.0,1535898
2026-01-29,1308.6231689453125,1320.9000244140625,1327.5999755859375,1307.0,1325.0,2099306
2026-01-30,1311.6943359375,1324.0,1329.9000244140625,1314.4000244140625,1319.0,2157826
2026-02-02,1299.4095458984375,1311.5999755859375,1333.0,1293.0999755859375,1330.0,1832963
2026-02-03,1310.5054931640625,1322.800048828125,1381.300048828125,1319.5999755859375,1365.0,2711571
2026-02-04,1314.369140625,1326.699951171875,1335.0999755859375,1315.800048828125,1322.800048828125,1590247
2026-02-05,1320.907958984375,1333.300048828125,1335.9000244140625,1321.0,1335.9000244140625,999810
2026-02-06,1317.6385498046875,1330.0,1335.699951171875,1316.5,1328.0,1457970
2026-02-09,1330.0223388671875,1342.5,1352.0,1328.0,1338.0,1936551
2026-02-10,1329.6260986328125,1342.0999755859375,1358.0,1337.0,1349.699951171875,1053439
2026-02-11,1337.3536376953125,1349.9000244140625,1352.4000244140625,1335.0,1342.0999755859375,830695
2026-02-12,1317.6385498046875,1330.0,1350.0,1321.5999755859375,1349.9000244140625,1613374
2026-02-13,1319.1246337890625,1331.5,1336.0999755859375,1315.800048828125,1328.0,1236946
2026-02-16,1343.793212890625,1356.4000244140625,1358.0,1327.5,1331.0,1616868
2026-02-17,1331.409423828125,1343.9000244140625,1356.0,1340.0999755859375,1350.0,1413727
2026-02-18,1337.2545166015625,1349.800048828125,1352.9000244140625,1338.0999755859375,1350.800048828125,1119159
2026-02-19,1316.548828125,1328.9000244140625,1357.0,1323.699951171875,1349.800048828125,587384
2026-02-20,1328.6353759765625,1341.0999755859375,1342.9000244140625,1324.300048828125,1328.9000244140625,1551722
2026-02-23,1314.1710205078125,1326.5,1335.9000244140625,1308.800048828125,1335.9000244140625,2435610
2026-02-24,1314.369140625,1326.699951171875,1338.5,1316.5,1326.0,2109672
2026-02-25,1333.5888671875,1346.0999755859375,1349.0,1326.699951171875,1326.699951171875,1018377
2026-02-26,1345.477294921875,1358.0999755859375,1364.9000244140625,1343.300048828125,1352.800048828125,2013877
2026-02-27,1335.6693115234375,1348.199951171875,1356.9000244140625,1338.5,1353.0,2609711
2026-03-02,1339.0377197265625,1351.5999755859375,1354.5,1313.0,1313.0,1899674
2026-03-04,1300.99462890625,1313.199951171875,1348.9000244140625,1311.0,1348.199951171875,1938762
2026-03-05,1314.072021484375,1326.4000244140625,1332.0999755859375,1314.9000244140625,1314.9000244140625,1184085
2026-03-06,1308.9202880859375,1321.199951171875,1332.699951171875,1315.0,1326.0999755859375,695774
2026-03-09,1312.68505859375,1325.0,1329.800048828125,1292.699951171875,1309.0,1674811
2026-03-10,1321.10595703125,1333.5,1340.300048828125,1317.5,1323.0,1050270
2026-03-11,1317.1431884765625,1329.5,1338.0999755859375,1324.9000244140625,1325.0,1268130
2026-03-12,1311.9915771484375,1324.300048828125,1341.699951171875,1319.0,1325.0999755859375,1405268
2026-03-13,1302.480712890625,1314.699951171875,1327.5,1301.0,1324.300048828125,1346347
2026-03-16,1287.9173583984375,1300.0,1327.9000244140625,1291.5999755859375,1314.699951171875,1496780
2026-03-17,1269.985595703125,1281.9000244140625,1302.5999755859375,1275.5999755859375,1300.0,2034284
2026-03-18,1256.7100830078125,1268.5,1289.5,1264.5999755859375,1282.0,2226496
2026-03-19,1227.682373046875,1239.199951171875,1263.5,1235.4000244140625,1253.9000244140625,1080395
2026-03-20,1244.72265625,1256.4000244140625,1264.0,1248.0,1250.0,1151621
2026-03-23,1210.4442138671875,1221.800048828125,1252.699951171875,1217.800048828125,1252.0,1295463
2026-03-24,1208.0665283203125,1219.4000244140625,1240.0,1216.5999755859375,1235.0,853054
2026-03-25,1232.8341064453125,1244.4000244140625,1252.9000244140625,1219.0,1222.699951171875,1466775
2026-03-27,1230.753662109375,1242.300048828125,1249.199951171875,1226.5,1226.5,2220695
2026-03-30,1212.82177734375,1224.199951171875,1235.0,1215.0,1231.199951171875,2089130
2026-04-01,1184.784912109375,1195.9000244140625,1257.0,1194.0,1255.0,2180444
2026-04-02,1181.3175048828125,1192.4000244140625,1196.5999755859375,1165.699951171875,1190.0,3128666
2026-04-06,1189.7384033203125,1200.9000244140625,1206.0,1170.0,1190.300048828125,2188849
2026-04-07,1191.2244873046875,1202.4000244140625,1210.4000244140625,1185.4000244140625,1195.0,2046737
2026-04-08,1204.5989990234375,1215.9000244140625,1223.0,1204.5,1220.0,2476674
2026-04-09,1213.02001953125,1224.4000244140625,1231.199951171875,1213.0999755859375,1215.199951171875,2545266
2026-04-10,1218.0726318359375,1229.5,1239.0,1220.800048828125,1225.4000244140625,2086385
2026-04-13,1199.8436279296875,1211.0999755859375,1222.300048828125,1203.199951171875,1222.300048828125,1611654
2026-04-15,1215.5958251953125,1227.0,1228.699951171875,1216.0999755859375,1220.0,1297882
2026-04-16,1219.0633544921875,1230.5,1235.5,1222.800048828125,1231.0,1778133
2026-04-17,1229.2677001953125,1240.800048828125,1244.5,1224.4000244140625,1230.5,2291092
2026-04-20,1218.0726318359375,1229.5,1246.0,1226.0,1245.0,1158618
2026-04-21,1221.044677734375,1232.5,1236.4000244140625,1223.300048828125,1228.5999755859375,1428292
2026-04-22,1224.8094482421875,1236.300048828125,1240.800048828125,1222.0,1226.0,1172238
2026-04-23,1293.7625732421875,1305.9000244140625,1308.4000244140625,1227.5999755859375,1234.0999755859375,5274028
2026-04-24,1282.9638671875,1295.0,1303.9000244140625,1254.0999755859375,1295.0,4427307
2026-04-27,1304.95751953125,1317.199951171875,1320.699951171875,1299.0,1303.199951171875,1721187
2026-04-28,1294.35693359375,1306.5,1326.0,1296.300048828125,1316.0,1501522
2026-04-29,1305.353759765625,1317.5999755859375,1322.0,1307.800048828125,1312.0,986556
2026-04-30,1297.4281005859375,1309.5999755859375,1329.800048828125,1305.0,1317.9000244140625,1370336
2026-05-01,1297.4281005859375,1309.5999755859375,1309.5999755859375,1309.5999755859375,1309.5999755859375,0
2026-05-04,1322.592041015625,1335.0,1337.4000244140625,1313.5999755859375,1320.0,1088765
2026-05-05,1321.3040771484375,1333.699951171875,1339.4000244140625,1316.4000244140625,1339.0,1051020
2026-05-06,1351.7188720703125,1364.4000244140625,1372.0,1333.0999755859375,1340.0,1854812
2026-05-07,1349.638427734375,1362.300048828125,1379.5,1360.0999755859375,1370.0,1248019
2026-05-08,1334.4805908203125,1347.0,1366.699951171875,1341.300048828125,1355.0,1044824
2026-05-11,1292.7718505859375,1304.9000244140625,1350.0,1300.0999755859375,1347.0,1428197
2026-05-12,1280.2889404296875,1292.300048828125,1309.0,1289.0,1304.5999755859375,1398439
2026-05-13,1315.2608642578125,1327.5999755859375,1356.5999755859375,1274.699951171875,1279.0999755859375,6015153
2026-05-14,1423.3468017578125,1436.699951171875,1442.0,1362.199951171875,1362.199951171875,9166941
2026-05-15,1418.78955078125,1432.0999755859375,1444.5,1425.199951171875,1436.699951171875,1138894
2026-05-18,1412.9443359375,1426.199951171875,1442.0999755859375,1411.800048828125,1422.0,2013605
2026-05-19,1396.6968994140625,1409.800048828125,1426.5999755859375,1408.699951171875,1420.0,1379218
2026-05-20,1386.4925537109375,1399.5,1422.0999755859375,1392.300048828125,1392.300048828125,1316586
2026-05-21,1388.870361328125,1401.9000244140625,1415.9000244140625,1397.699951171875,1406.5,1145360
2026-05-22,1386.1953125,1399.199951171875,1409.5999755859375,1392.0,1409.0,917323
2026-05-25,1400.7587890625,1413.9000244140625,1420.0,1398.5,1406.0,668915
2026-05-26,1404.3253173828125,1417.5,1422.5999755859375,1409.5999755859375,1413.9000244140625,1132793
2026-05-27,1405.0186767578125,1418.199951171875,1432.0,1416.0,1417.5999755859375,937447
2026-05-28,1405.0186767578125,1418.199951171875,1418.199951171875,1418.199951171875,1418.199951171875,0
2026-05-29,1387.9786376953125,1401.0,1429.199951171875,1382.699951171875,1411.0,9540984
2026-06-01,1377.378173828125,1390.300048828125,1413.5999755859375,1386.0,1410.0,714608
2026-06-02,1366.4803466796875,1379.300048828125,1384.9000244140625,1358.199951171875,1380.0,2290839
2026-06-03,1362.4183349609375,1375.199951171875,1384.9000244140625,1365.300048828125,1375.0,1520395
2026-06-04,1385.699951171875,1398.699951171875,1404.9000244140625,1354.0,1365.0,1548692
2026-06-05,1401.300048828125,1401.300048828125,1406.0999755859375,1382.0,1394.0,1050391
2026-06-08,1387.9000244140625,1387.9000244140625,1405.0,1383.0,1397.0,669481
2026-06-09,1376.5,1376.5,1398.800048828125,1373.5999755859375,1383.0999755859375,1419845
2026-06-10,1377.0,1377.0,1391.4000244140625,1371.0999755859375,1374.0,962642
2026-06-11,1383.300048828125,1383.300048828125,1391.0,1373.9000244140625,1376.0999755859375,654474
