Date,Adj Close,Close,High,Low,Open,Volume
,COALINDIA.NS,COALINDIA.NS,COALINDIA.NS,COALINDIA.NS,COALINDIA.NS,COALINDIA.NS
2021-01-01,86.33708190917969,135.35000610351562,136.25,135.0500030517578,135.39999389648438,6995084
2021-01-04,87.54907989501953,137.25,137.75,135.8000030517578,136.85000610351562,11669647
2021-01-05,86.20950317382812,135.14999389648438,136.75,134.39999389648438,136.75,12371842
2021-01-06,86.17762756347656,135.10000610351562,137.3000030517578,133.8000030517578,135.39999389648438,14133415
2021-01-07,87.07066345214844,136.5,137.5,135.5,136.5,17298525
2021-01-08,89.11187744140625,139.6999969482422,140.9499969482422,137.10000610351562,137.10000610351562,27964099
2021-01-11,90.38762664794922,141.6999969482422,143.0,140.3000030517578,140.5,24790683
2021-01-12,93.54511260986328,146.64999389648438,147.5500030517578,141.6999969482422,142.5,28433070
2021-01-13,93.0029296875,145.8000030517578,148.8000030517578,143.5,148.5,21154236
2021-01-14,93.54511260986328,146.64999389648438,148.1999969482422,144.85000610351562,146.60000610351562,14755992
2021-01-15,91.37632751464844,143.25,147.60000610351562,142.35000610351562,146.8000030517578,10647008
2021-01-18,88.47399139404297,138.6999969482422,143.89999389648438,136.60000610351562,143.3000030517578,17085592
2021-01-19,89.36701202392578,140.10000610351562,141.89999389648438,139.60000610351562,140.85000610351562,8951075
2021-01-20,90.26004791259766,141.5,141.9499969482422,138.64999389648438,140.5,11820498
2021-01-21,87.61285400390625,137.35000610351562,142.14999389648438,136.5500030517578,142.0,10828875
2021-01-22,84.96564483642578,133.1999969482422,137.8000030517578,132.5,137.35000610351562,14810848
2021-01-25,84.10450744628906,131.85000610351562,135.5,130.85000610351562,134.89999389648438,10157077
2021-01-27,82.38223266601562,129.14999389648438,132.5500030517578,128.6999969482422,132.0,11638766
2021-01-28,81.7762451171875,128.1999969482422,129.9499969482422,127.80000305175781,128.0,11970139
2021-01-29,80.30912780761719,125.9000015258789,129.64999389648438,125.25,129.25,15268785
2021-02-01,82.28654479980469,129.0,129.75,125.8499984741211,126.4000015258789,12808349
2021-02-02,83.72178649902344,131.25,132.85000610351562,129.64999389648438,131.0,15485139
2021-02-03,87.54907989501953,137.25,138.0,131.25,131.25,25483402
2021-02-04,91.59960174560547,143.60000610351562,144.25,136.8000030517578,137.89999389648438,30751754
2021-02-05,89.84541320800781,140.85000610351562,144.3000030517578,139.35000610351562,144.10000610351562,19930467
2021-02-08,90.29194641113281,141.5500030517578,142.39999389648438,140.3000030517578,141.0500030517578,11810439
2021-02-09,88.8248062133789,139.25,143.4499969482422,138.6999969482422,141.5,8579689
2021-02-10,88.21883392333984,138.3000030517578,140.5500030517578,136.8000030517578,139.89999389648438,8709612
2021-02-11,87.48526000976562,137.14999389648438,139.5,136.0,138.3000030517578,14150298
2021-02-12,85.3802719116211,133.85000610351562,137.0,132.75,136.5,16453706
2021-02-15,84.35964965820312,132.25,134.85000610351562,132.0,134.5,10557047
2021-02-16,85.31649780273438,133.75,135.39999389648438,132.3000030517578,132.3000030517578,11735144
2021-02-17,86.24140167236328,135.1999969482422,135.75,132.89999389648438,133.3000030517578,8950258
2021-02-18,89.27132415771484,139.9499969482422,141.1999969482422,134.0500030517578,135.0,22069738
2021-02-19,88.8248062133789,139.25,143.1999969482422,137.25,139.9499969482422,22944780
2021-02-22,86.91118621826172,136.25,139.39999389648438,135.10000610351562,138.85000610351562,20401387
2021-02-23,87.32579803466797,136.89999389648438,138.60000610351562,136.1999969482422,137.60000610351562,19178437
2021-02-24,92.1098861694336,144.39999389648438,145.0,139.5,139.9499969482422,38775957
2021-02-25,99.5730972290039,156.10000610351562,157.6999969482422,145.75,146.89999389648438,85580477
2021-02-26,97.0853500366211,152.1999969482422,163.0,150.5,156.14999389648438,94115857
2021-03-01,98.45680236816406,154.35000610351562,157.10000610351562,153.6999969482422,155.5,22306110
2021-03-02,97.85082244873047,153.39999389648438,156.14999389648438,152.5,154.35000610351562,17565134
2021-03-03,98.8076400756836,154.89999389648438,157.3000030517578,153.8000030517578,155.0,17610904
2021-03-04,96.98970794677734,152.0500030517578,154.89999389648438,151.6999969482422,154.0,17162557
2021-03-05,96.38369750976562,151.10000610351562,152.6999969482422,149.6999969482422,152.0,17323282
2021-03-08,97.69134521484375,153.14999389648438,156.0,152.35000610351562,153.89999389648438,18727656
2021-03-09,96.76640319824219,151.6999969482422,154.9499969482422,148.5,154.9499969482422,14621175
2021-03-10,96.28800201416016,150.9499969482422,153.25,149.39999389648438,153.0500030517578,10788943
2021-03-12,96.00098419189453,150.5,153.0,149.0,152.0,14835735
2021-03-15,96.92469024658203,146.89999389648438,147.60000610351562,144.75,146.4499969482422,15783310
2021-03-16,96.13291931152344,145.6999969482422,148.0500030517578,144.60000610351562,147.0,11857531
2021-03-17,92.27310943603516,139.85000610351562,145.4499969482422,139.5,145.0500030517578,15554810
2021-03-18,90.42564392089844,137.0500030517578,141.75,136.1999969482422,141.5,14401450
2021-03-19,89.93080139160156,136.3000030517578,140.0,133.5,136.0,33294812
2021-03-22,89.50192260742188,135.64999389648438,137.60000610351562,135.3000030517578,137.60000610351562,11414253
2021-03-23,89.2380142211914,135.25,136.64999389648438,134.10000610351562,135.60000610351562,8887103
2021-03-24,87.29161071777344,132.3000030517578,135.14999389648438,132.0500030517578,133.89999389648438,10865477
2021-03-25,84.52045440673828,128.10000610351562,133.10000610351562,127.05000305175781,132.0,18629600
2021-03-26,85.5101547241211,129.60000610351562,130.39999389648438,128.6999969482422,129.10000610351562,9505615
2021-03-30,87.72047424316406,132.9499969482422,134.4499969482422,130.14999389648438,131.0,20582346
2021-03-31,86.00499725341797,130.35000610351562,133.0,130.0,133.0,14900610
2021-04-01,87.192626953125,132.14999389648438,132.39999389648438,130.60000610351562,131.4499969482422,6226087
2021-04-05,85.64210510253906,129.8000030517578,132.10000610351562,128.0500030517578,131.89999389648438,9012457
2021-04-06,85.97200775146484,130.3000030517578,131.85000610351562,129.3000030517578,130.85000610351562,6689423
2021-04-07,86.59881591796875,131.25,131.6999969482422,129.75,130.3000030517578,5657926
2021-04-08,86.86273193359375,131.64999389648438,133.75,131.1999969482422,131.3000030517578,9330363
2021-04-09,85.44416809082031,129.5,131.9499969482422,128.9499969482422,131.64999389648438,10149401
2021-04-12,82.2771224975586,124.69999694824219,128.3000030517578,123.5999984741211,128.0,11334755
2021-04-13,84.42147827148438,127.94999694824219,128.4499969482422,124.80000305175781,124.80000305175781,7809483
2021-04-15,84.61942291259766,128.25,130.8000030517578,126.94999694824219,127.94999694824219,8924391
2021-04-16,84.3554916381836,127.8499984741211,129.9499969482422,127.0999984741211,128.85000610351562,10358366
2021-04-19,82.21114349365234,124.5999984741211,126.0,123.4000015258789,125.5999984741211,7131534
2021-04-20,82.1451644897461,124.5,126.25,124.05000305175781,125.0,7738871
2021-04-22,82.50807189941406,125.05000305175781,125.5,124.0,124.6500015258789,8514980
2021-04-23,83.23382568359375,126.1500015258789,127.25,124.25,124.94999694824219,8992991
2021-04-26,83.76167297363281,126.94999694824219,128.0,126.5,127.75,4967884
2021-04-27,84.12456512451172,127.5,127.9000015258789,126.5999984741211,127.0,3982954
2021-04-28,84.78435516357422,128.5,129.4499969482422,127.5,128.0,6206074
2021-04-29,84.48745727539062,128.0500030517578,130.0500030517578,127.6500015258789,129.75,8345584
2021-04-30,87.78645324707031,133.0500030517578,134.60000610351562,127.0,127.4000015258789,27396950
2021-05-03,87.22561645507812,132.1999969482422,133.4499969482422,131.1999969482422,133.0,10262391
2021-05-04,87.62151336669922,132.8000030517578,135.8000030517578,132.25,132.5500030517578,9926789
2021-05-05,87.85243225097656,133.14999389648438,134.5,132.5,133.0,4877341
2021-05-06,88.80915069580078,134.60000610351562,135.4499969482422,133.75,134.1999969482422,7632817
2021-05-07,90.293701171875,136.85000610351562,138.0,135.0,135.39999389648438,12644960
2021-05-10,97.02365112304688,147.0500030517578,148.5,137.10000610351562,137.10000610351562,45098431
2021-05-11,102.73092651367188,155.6999969482422,156.75,145.14999389648438,146.4499969482422,66582000
2021-05-12,101.27938842773438,153.5,159.6999969482422,151.8000030517578,155.89999389648438,42959024
2021-05-14,96.85873413085938,146.8000030517578,155.9499969482422,146.10000610351562,155.9499969482422,23140309
2021-05-17,97.74942779541016,148.14999389648438,149.14999389648438,144.0,147.0,17076463
2021-05-18,96.6277847290039,146.4499969482422,149.8000030517578,146.10000610351562,149.10000610351562,10295029
2021-05-19,100.19071197509766,151.85000610351562,152.5,145.10000610351562,146.4499969482422,23999878
2021-05-20,96.75973510742188,146.64999389648438,152.39999389648438,146.0500030517578,152.39999389648438,22983457
2021-05-21,97.12262725830078,147.1999969482422,149.60000610351562,146.85000610351562,147.0,13009821
2021-05-24,98.2442855834961,148.89999389648438,149.75,145.64999389648438,148.10000610351562,14192862
2021-05-25,97.28758239746094,147.4499969482422,150.0,147.10000610351562,149.8000030517578,10434892
2021-05-26,96.13291931152344,145.6999969482422,148.0,145.1999969482422,147.8000030517578,9948786
2021-05-27,95.3741683959961,144.5500030517578,146.3000030517578,144.10000610351562,145.75,24064196
2021-05-28,96.92469024658203,146.89999389648438,148.8000030517578,144.75,145.60000610351562,16465504
2021-05-31,97.45252990722656,147.6999969482422,148.39999389648438,145.0500030517578,147.0500030517578,11767444
2021-06-01,97.38655090332031,147.60000610351562,149.39999389648438,146.89999389648438,148.5500030517578,9307143
2021-06-02,98.37626647949219,149.10000610351562,149.89999389648438,147.0,147.5,10714318
2021-06-03,98.34326171875,149.0500030517578,150.39999389648438,148.60000610351562,150.0,9282774
2021-06-04,101.01546478271484,153.10000610351562,154.39999389648438,148.1999969482422,149.0,29422387
2021-06-07,103.09383392333984,156.25,158.85000610351562,155.4499969482422,156.0,31071589
2021-06-08,102.92888641357422,156.0,157.5,152.8000030517578,157.39999389648438,12874065
2021-06-09,103.19281005859375,156.39999389648438,161.39999389648438,155.1999969482422,157.0,30443113
2021-06-10,103.25878143310547,156.5,158.75,155.75,157.10000610351562,11459484
2021-06-11,107.31654357910156,162.64999389648438,165.0,156.64999389648438,157.0,61728565
2021-06-14,105.13921356201172,159.35000610351562,164.0,155.5500030517578,164.0,30836595
2021-06-15,103.68765258789062,157.14999389648438,161.85000610351562,156.75,161.10000610351562,30153988
2021-06-16,102.63197326660156,155.5500030517578,158.8000030517578,154.85000610351562,157.3000030517578,14098443
2021-06-17,100.38864135742188,152.14999389648438,155.39999389648438,151.39999389648438,155.0,15784276
2021-06-18,96.59479522705078,146.39999389648438,153.8000030517578,145.10000610351562,153.0,24823176
2021-06-21,97.32058715820312,147.5,148.0,143.5,146.0,15038290
2021-06-22,98.11233520507812,148.6999969482422,149.5,147.8000030517578,148.89999389648438,12494441
2021-06-23,97.9473876953125,148.4499969482422,150.60000610351562,148.14999389648438,149.85000610351562,7983220
2021-06-24,96.59479522705078,146.39999389648438,149.10000610351562,146.0,148.4499969482422,12929173
2021-06-25,98.14532470703125,148.75,149.25,146.75,146.75,7400514
2021-06-28,97.12262725830078,147.1999969482422,149.0,147.0,147.10000610351562,8217659
2021-06-29,95.3411865234375,144.5,147.89999389648438,143.9499969482422,147.10000610351562,21576435
2021-06-30,96.75973510742188,146.64999389648438,147.39999389648438,145.10000610351562,145.60000610351562,12919448
2021-07-01,96.09993743896484,145.64999389648438,147.3000030517578,145.5,146.60000610351562,5668038
2021-07-02,97.41954803466797,147.64999389648438,148.64999389648438,146.0500030517578,147.0,20805994
2021-07-05,98.90409088134766,149.89999389648438,150.5,147.60000610351562,148.0,10401054
2021-07-06,97.32058715820312,147.5,150.6999969482422,146.89999389648438,150.0500030517578,9579038
2021-07-07,97.35356903076172,147.5500030517578,148.75,146.5500030517578,147.5,6067804
2021-07-08,96.49581909179688,146.25,148.14999389648438,145.3000030517578,147.0,12349670
2021-07-09,96.7927474975586,146.6999969482422,147.5,145.64999389648438,146.25,4963821
2021-07-12,96.59479522705078,146.39999389648438,147.85000610351562,146.10000610351562,146.8000030517578,4010172
2021-07-13,97.7164535522461,148.10000610351562,148.5,146.64999389648438,147.0,5717442
2021-07-14,97.74942779541016,148.14999389648438,149.39999389648438,147.25,147.9499969482422,7216739
2021-07-15,96.7927474975586,146.6999969482422,148.39999389648438,145.64999389648438,148.0,7257500
2021-07-16,96.03396606445312,145.5500030517578,148.0500030517578,145.3000030517578,146.75,10819800
2021-07-19,95.30816650390625,144.4499969482422,146.39999389648438,144.0,145.0,5158738
2021-07-20,94.28547668457031,142.89999389648438,145.0500030517578,141.6999969482422,144.5,6271740
2021-07-22,95.4731216430664,144.6999969482422,145.39999389648438,143.25,144.0,4772582
2021-07-23,95.07725524902344,144.10000610351562,145.0,143.35000610351562,144.6999969482422,3419739
2021-07-26,95.01126861572266,144.0,145.5,143.25,144.0,4423596
2021-07-27,93.98857116699219,142.4499969482422,145.25,142.10000610351562,144.5,4245486
2021-07-28,95.04425811767578,144.0500030517578,144.3000030517578,141.0500030517578,143.4499969482422,8834228
2021-07-29,93.79064178466797,142.14999389648438,144.64999389648438,141.89999389648438,144.0500030517578,8237916
2021-07-30,94.54942321777344,143.3000030517578,144.89999389648438,141.25,142.3000030517578,9526451
2021-08-02,94.9452896118164,143.89999389648438,144.89999389648438,143.10000610351562,144.3000030517578,6164197
2021-08-03,95.17623138427734,144.25,144.75,143.0,143.89999389648438,5648929
2021-08-04,95.4731216430664,144.6999969482422,147.35000610351562,144.14999389648438,144.14999389648438,8839351
2021-08-05,95.96797180175781,145.4499969482422,145.89999389648438,142.1999969482422,145.0,6237158
2021-08-06,96.3968505859375,146.10000610351562,148.4499969482422,145.25,145.60000610351562,10812438
2021-08-09,94.51641082763672,143.25,147.85000610351562,142.35000610351562,147.5,12986298
2021-08-10,93.8236312866211,142.1999969482422,144.25,140.75,143.6999969482422,14022502
2021-08-11,94.978271484375,143.9499969482422,144.35000610351562,141.14999389648438,142.89999389648438,8356558
2021-08-12,95.27519226074219,144.39999389648438,146.6999969482422,143.6999969482422,144.0500030517578,7685737
2021-08-13,94.84632110595703,143.75,146.3000030517578,143.1999969482422,145.0500030517578,9455100
2021-08-16,93.69168090820312,142.0,144.14999389648438,141.75,143.8000030517578,5259207
2021-08-17,91.87723541259766,139.25,142.5500030517578,137.1999969482422,142.10000610351562,13714266
2021-08-18,91.28341674804688,138.35000610351562,140.25,138.0,139.25,7654460
2021-08-20,89.46894836425781,135.60000610351562,138.0500030517578,135.0,137.5,8877297
2021-08-23,88.38026428222656,133.9499969482422,136.39999389648438,132.75,136.3000030517578,7768805
2021-08-24,89.86482238769531,136.1999969482422,136.89999389648438,134.0,134.35000610351562,7452062
2021-08-25,91.6133041381836,138.85000610351562,139.14999389648438,136.5,136.5,7817617
2021-08-26,90.5905990600586,137.3000030517578,139.39999389648438,136.35000610351562,138.85000610351562,6845692
2021-08-27,91.41536712646484,138.5500030517578,139.3000030517578,137.0500030517578,137.89999389648438,4418540
2021-08-30,94.74736022949219,143.60000610351562,143.9499969482422,138.60000610351562,138.60000610351562,11333690
2021-08-31,96.23191833496094,145.85000610351562,146.14999389648438,143.25,143.60000610351562,14301855
2021-09-01,95.14322662353516,144.1999969482422,146.64999389648438,143.89999389648438,146.60000610351562,8415876
2021-09-02,95.75183868408203,141.60000610351562,143.8000030517578,141.1999969482422,143.8000030517578,7787657
2021-09-03,98.96382904052734,146.35000610351562,147.14999389648438,141.75,141.89999389648438,12734022
2021-09-06,98.96382904052734,146.35000610351562,147.85000610351562,144.3000030517578,147.8000030517578,9712271
2021-09-07,99.53860473632812,147.1999969482422,148.10000610351562,145.5500030517578,147.0,9475870
2021-09-08,100.85723114013672,149.14999389648438,149.85000610351562,146.3000030517578,147.35000610351562,7873034
2021-09-09,100.5191421508789,148.64999389648438,150.9499969482422,148.0,149.14999389648438,9519564
2021-09-13,104.5426254272461,154.60000610351562,155.89999389648438,149.3000030517578,149.60000610351562,35672746
2021-09-14,104.6102294921875,154.6999969482422,155.5,153.35000610351562,155.35000610351562,8804432
2021-09-15,108.90416717529297,161.0500030517578,162.25,154.25,155.5,24591822
2021-09-16,109.74945831298828,162.3000030517578,163.0,157.5500030517578,162.14999389648438,18440504
2021-09-17,105.96265411376953,156.6999969482422,163.3000030517578,155.39999389648438,162.6999969482422,17317065
2021-09-20,104.2721176147461,154.1999969482422,157.5500030517578,152.8000030517578,155.89999389648438,12541523
2021-09-21,105.759765625,156.39999389648438,158.0,153.4499969482422,155.6999969482422,13645046
2021-09-22,109.61421966552734,162.10000610351562,162.5,155.0,157.25,18861877
2021-09-23,113.16432189941406,167.35000610351562,170.0,163.10000610351562,163.75,31399318
2021-09-24,112.31905364990234,166.10000610351562,169.4499969482422,162.89999389648438,168.10000610351562,17259638
2021-09-27,112.9614486694336,167.0500030517578,169.14999389648438,165.35000610351562,167.0,9099672
2021-09-28,118.03305053710938,174.5500030517578,176.3000030517578,168.14999389648438,168.5,41551332
2021-09-29,125.57283020019531,185.6999969482422,197.0,172.8000030517578,174.5,100988643
2021-09-30,125.16712951660156,185.10000610351562,191.5,184.10000610351562,187.60000610351562,48957916
2021-10-01,127.60149383544922,188.6999969482422,189.89999389648438,182.39999389648438,185.39999389648438,25492957
2021-10-04,128.44671630859375,189.9499969482422,193.35000610351562,188.3000030517578,192.5,23341448
2021-10-05,133.8564453125,197.9499969482422,198.89999389648438,190.39999389648438,191.0,42359592
2021-10-06,130.4077606201172,192.85000610351562,203.8000030517578,191.6999969482422,200.0,41926821
2021-10-07,128.9539337158203,190.6999969482422,194.9499969482422,189.25,194.75,16517664
2021-10-08,127.43241882324219,188.4499969482422,191.6999969482422,184.10000610351562,191.10000610351562,28978175
2021-10-11,133.11260986328125,196.85000610351562,199.6999969482422,191.64999389648438,192.0,34952223
2021-10-12,130.71205139160156,193.3000030517578,201.0,191.25,199.1999969482422,25216411
2021-10-13,128.5143585205078,190.0500030517578,194.5500030517578,189.35000610351562,194.0,17378156
2021-10-14,124.28805541992188,183.8000030517578,191.8000030517578,182.3000030517578,190.0,29542941
2021-10-18,125.30233764648438,185.3000030517578,187.75,183.39999389648438,184.8000030517578,15468914
2021-10-19,124.76138305664062,184.5,188.9499969482422,183.60000610351562,187.3000030517578,17403803
2021-10-20,122.0565414428711,180.5,183.39999389648438,177.39999389648438,182.6999969482422,15921230
2021-10-21,123.3413314819336,182.39999389648438,183.0,178.89999389648438,182.0,15586097
2021-10-22,118.94593048095703,175.89999389648438,184.3000030517578,175.3000030517578,183.39999389648438,13603152
2021-10-25,117.72879028320312,174.10000610351562,177.25,173.0,176.25,11744666
2021-10-26,118.37117767333984,175.0500030517578,176.0,171.75,173.0,11602891
2021-10-27,117.39067077636719,173.60000610351562,176.64999389648438,172.8000030517578,175.6999969482422,9535881
2021-10-28,112.62333679199219,166.5500030517578,173.0,165.9499969482422,173.0,24509136
2021-10-29,111.20328521728516,164.4499969482422,169.5,163.3000030517578,165.0,14826816
2021-11-01,115.46343994140625,170.75,171.9499969482422,163.8000030517578,165.0,13585170
2021-11-02,114.41532897949219,169.1999969482422,173.75,168.35000610351562,171.4499969482422,14278962
2021-11-03,114.78723907470703,169.75,171.10000610351562,167.35000610351562,168.1999969482422,8974463
2021-11-04,115.42963409423828,170.6999969482422,171.39999389648438,169.75,171.1999969482422,973260
2021-11-08,116.1058349609375,171.6999969482422,174.1999969482422,168.5,171.0,8761953
2021-11-09,115.29437255859375,170.5,172.39999389648438,169.60000610351562,172.0500030517578,5723308
2021-11-10,112.72476959228516,166.6999969482422,170.85000610351562,166.4499969482422,169.89999389648438,9212143
2021-11-11,112.92766571044922,167.0,167.64999389648438,165.1999969482422,165.89999389648438,6453205
2021-11-12,112.89384460449219,166.9499969482422,168.85000610351562,165.6999969482422,168.85000610351562,7027513
2021-11-15,108.02510070800781,159.75,167.60000610351562,159.5,164.25,19400018
2021-11-16,107.55175018310547,159.0500030517578,161.64999389648438,158.60000610351562,161.0,8505431
2021-11-17,105.55693054199219,156.10000610351562,159.25,155.6999969482422,159.0500030517578,7477627
2021-11-18,103.73113250732422,153.39999389648438,157.75,153.0,156.0500030517578,12981172
2021-11-22,101.8039321899414,150.5500030517578,152.89999389648438,149.10000610351562,152.1999969482422,11522286
2021-11-23,105.62454223632812,156.1999969482422,156.75,150.0,150.0,13305061
2021-11-24,107.58556365966797,159.10000610351562,161.64999389648438,155.60000610351562,158.3000030517578,18809310
2021-11-25,107.21366119384766,158.5500030517578,162.8000030517578,156.0,161.5,22402592
2021-11-26,105.42166137695312,155.89999389648438,159.39999389648438,155.35000610351562,157.75,11829847
2021-11-29,104.3059310913086,154.25,156.64999389648438,151.89999389648438,155.89999389648438,18176163
2021-11-30,102.78443908691406,152.0,158.5,151.35000610351562,158.5,56643275
2021-12-01,105.18501281738281,155.5500030517578,156.25,152.5500030517578,153.60000610351562,16283427
2021-12-02,107.72081756591797,159.3000030517578,159.5500030517578,155.14999389648438,156.89999389648438,15647910
2021-12-03,108.02510070800781,159.75,160.6999969482422,158.25,159.0,20414051
2021-12-06,106.4486083984375,148.5500030517578,152.4499969482422,148.10000610351562,152.0,24185368
2021-12-07,107.95343780517578,150.64999389648438,150.9499969482422,149.14999389648438,150.10000610351562,7866368
2021-12-08,108.132568359375,150.89999389648438,151.75,150.0500030517578,151.25,7313306
2021-12-09,109.38660430908203,152.64999389648438,153.5,150.64999389648438,151.75,9423435
2021-12-10,108.41922760009766,151.3000030517578,153.75,150.89999389648438,152.64999389648438,7419042
2021-12-13,106.77108001708984,149.0,152.8000030517578,147.9499969482422,152.8000030517578,9888293
2021-12-14,106.69942474365234,148.89999389648438,149.75,146.75,149.0,8474759
2021-12-15,106.12613677978516,148.10000610351562,150.60000610351562,147.9499969482422,149.14999389648438,5410912
2021-12-16,107.30850982666016,149.75,150.10000610351562,147.5500030517578,148.10000610351562,7539061
2021-12-17,104.94376373291016,146.4499969482422,149.39999389648438,146.0,149.10000610351562,8758284
2021-12-20,100.82341003417969,140.6999969482422,145.64999389648438,139.14999389648438,145.35000610351562,8858645
2021-12-21,103.6539077758789,144.64999389648438,146.0,141.39999389648438,141.8000030517578,8097050
2021-12-22,104.15553283691406,145.35000610351562,149.39999389648438,144.4499969482422,145.4499969482422,6798820
2021-12-23,105.83951568603516,147.6999969482422,147.9499969482422,146.0,146.25,4857807
2021-12-24,104.54965209960938,145.89999389648438,148.14999389648438,145.39999389648438,148.0,4568316
2021-12-27,104.65715789794922,146.0500030517578,146.5,144.10000610351562,145.0,3534825
2021-12-28,106.66358947753906,148.85000610351562,149.25,146.25,146.25,4907497
2021-12-29,105.15875244140625,146.75,149.25,146.3000030517578,149.25,4216568
2021-12-30,104.76463317871094,146.1999969482422,149.0,143.89999389648438,146.75,24782255
2021-12-31,104.65715789794922,146.0500030517578,147.5500030517578,145.35000610351562,145.9499969482422,5320232
2022-01-03,111.28556060791016,155.3000030517578,155.9499969482422,147.0,147.25,29486720
2022-01-04,109.63739013671875,153.0,156.64999389648438,152.35000610351562,156.0,13744440
2022-01-05,110.1390151977539,153.6999969482422,154.3000030517578,152.10000610351562,153.0,8454060
2022-01-06,110.81976318359375,154.64999389648438,155.25,153.0500030517578,154.5,12446900
2022-01-07,112.46792602539062,156.9499969482422,157.4499969482422,154.9499969482422,155.0,11679683
2022-01-10,115.15508270263672,160.6999969482422,161.0,157.0500030517578,157.8000030517578,14655298
2022-01-11,113.61445617675781,158.5500030517578,160.64999389648438,158.10000610351562,160.64999389648438,7670386
2022-01-12,114.18771362304688,159.35000610351562,160.75,158.5,160.39999389648438,6334581
2022-01-13,118.0572738647461,164.75,166.4499969482422,159.0,159.35000610351562,20271714
2022-01-14,118.0572738647461,164.75,166.14999389648438,163.25,164.75,10211720
2022-01-17,117.30486297607422,163.6999969482422,166.10000610351562,162.0500030517578,165.60000610351562,8384625
2022-01-18,115.22676849365234,160.8000030517578,165.5,160.3000030517578,164.0,6574122
2022-01-19,117.44816589355469,163.89999389648438,164.85000610351562,160.8000030517578,161.0,11503199
2022-01-20,118.27224731445312,165.0500030517578,168.25,163.85000610351562,164.5,17462235
2022-01-21,113.75776672363281,158.75,163.3000030517578,157.5,163.3000030517578,14466758
2022-01-24,112.00212860107422,156.3000030517578,160.39999389648438,154.8000030517578,158.1999969482422,10854431
2022-01-25,115.47755432128906,161.14999389648438,161.60000610351562,154.3000030517578,155.0,7267866
2022-01-27,115.04763793945312,160.5500030517578,161.3000030517578,158.0,158.89999389648438,9269062
2022-01-28,115.83586883544922,161.64999389648438,165.0,160.60000610351562,160.60000610351562,10310726
2022-01-31,114.51016235351562,159.8000030517578,163.39999389648438,159.14999389648438,163.39999389648438,5811200
2022-02-01,116.8390884399414,163.0500030517578,163.4499969482422,158.60000610351562,162.0,7248713
2022-02-02,117.41236877441406,163.85000610351562,164.60000610351562,162.25,163.0,5369074
2022-02-03,115.5850601196289,161.3000030517578,164.14999389648438,160.60000610351562,163.10000610351562,4654885
2022-02-04,114.94013977050781,160.39999389648438,162.8000030517578,160.0,161.3000030517578,6402287
2022-02-07,115.33423614501953,160.9499969482422,163.0,159.64999389648438,160.64999389648438,5871041
2022-02-08,114.61766815185547,159.9499969482422,162.5,158.35000610351562,161.85000610351562,14158927
2022-02-09,120.81610870361328,168.60000610351562,169.35000610351562,160.0,160.5,35079516
2022-02-10,120.42203521728516,168.0500030517578,170.3000030517578,165.0,169.0,17724098
2022-02-11,119.31128692626953,166.5,169.3000030517578,165.1999969482422,167.9499969482422,10097767
2022-02-14,115.83586883544922,161.64999389648438,166.25,161.14999389648438,166.10000610351562,9478670
2022-02-15,117.26900482177734,163.64999389648438,164.85000610351562,159.85000610351562,162.75,16850616
2022-02-16,117.41236877441406,163.85000610351562,166.0,162.8000030517578,165.25,10653203
2022-02-17,116.8390884399414,163.0500030517578,165.5,162.6999969482422,164.6999969482422,6906440
2022-02-18,119.88456726074219,167.3000030517578,168.25,162.60000610351562,163.0,23740696
2022-02-21,119.07202911376953,161.1999969482422,163.5,159.85000610351562,163.14999389648438,14870901
2022-02-22,118.11176300048828,159.89999389648438,160.64999389648438,155.5,159.5,11654816
2022-02-23,117.07765197753906,158.5,162.3000030517578,158.1999969482422,160.35000610351562,7627472
2022-02-24,110.7990493774414,150.0,156.8000030517578,149.0,154.0,12115340
2022-02-25,120.73405456542969,163.4499969482422,164.89999389648438,152.25,152.25,17079977
2022-02-28,125.23985290527344,169.5500030517578,169.9499969482422,160.5500030517578,162.4499969482422,20872239
2022-03-02,136.5044403076172,184.8000030517578,185.64999389648438,171.0,171.0,72648396
2022-03-03,139.56985473632812,188.9499969482422,197.75,186.85000610351562,189.60000610351562,74050073
2022-03-04,133.69749450683594,181.0,191.0,180.5,188.9499969482422,36095156
2022-03-07,139.38519287109375,188.6999969482422,192.0,181.6999969482422,185.9499969482422,41642776
2022-03-08,139.71763610839844,189.14999389648438,191.6999969482422,186.60000610351562,189.0,22940456
2022-03-09,137.87094116210938,186.64999389648438,190.60000610351562,185.60000610351562,190.0,13870658
2022-03-10,132.18324279785156,178.9499969482422,184.0,177.0500030517578,184.0,30890343
2022-03-11,134.25152587890625,181.75,182.5,179.25,181.0,14663558
2022-03-14,133.21737670898438,180.35000610351562,182.14999389648438,177.85000610351562,181.0,8306420
2022-03-15,127.71436309814453,172.89999389648438,180.0,171.5,179.89999389648438,14074860
2022-03-16,130.66900634765625,176.89999389648438,177.8000030517578,172.89999389648438,173.0,11846738
2022-03-17,130.41049194335938,176.5500030517578,180.0,175.5,179.0,20052773
2022-03-21,134.6577606201172,182.3000030517578,186.35000610351562,177.5,177.85000610351562,20271556
2022-03-22,135.43336486816406,183.35000610351562,185.8000030517578,180.5,183.64999389648438,12372751
2022-03-23,135.21177673339844,183.0500030517578,184.25,179.3000030517578,182.60000610351562,13731315
2022-03-24,138.4249267578125,187.39999389648438,188.5,183.3000030517578,183.6999969482422,16323203
2022-03-25,137.46470642089844,186.10000610351562,188.89999389648438,184.60000610351562,187.39999389648438,10044811
2022-03-28,141.26878356933594,191.25,193.6999969482422,185.5,186.10000610351562,19132062
2022-03-29,137.3908233642578,186.0,192.1999969482422,185.5,192.0,10622472
2022-03-30,135.10096740722656,182.89999389648438,187.9499969482422,182.0,187.9499969482422,10298319
2022-03-31,135.21177673339844,183.0500030517578,184.89999389648438,181.64999389648438,184.14999389648438,9435203
2022-04-01,137.50160217285156,186.14999389648438,187.25,183.3000030517578,183.8000030517578,13505929
2022-04-04,138.68345642089844,187.75,189.0,184.60000610351562,185.5,9490374
2022-04-05,138.79428100585938,187.89999389648438,188.9499969482422,186.85000610351562,188.0,7637664
2022-04-06,143.1892852783203,193.85000610351562,197.0,188.3000030517578,188.6999969482422,46157039
2022-04-07,140.8994598388672,190.75,197.0500030517578,189.89999389648438,195.0,21712301
2022-04-08,143.70635986328125,194.5500030517578,198.8000030517578,192.35000610351562,194.6999969482422,20151959
2022-04-11,145.07289123535156,196.39999389648438,198.0,193.35000610351562,194.5,12393619
2022-04-12,137.3908233642578,186.0,195.75,184.3000030517578,195.75,18907630
2022-04-13,137.83401489257812,186.60000610351562,191.3000030517578,185.6999969482422,188.0,14216953
2022-04-18,139.93917846679688,189.4499969482422,190.89999389648438,184.60000610351562,186.60000610351562,13052104
2022-04-19,146.07008361816406,197.75,203.25,190.64999389648438,191.4499969482422,59341710
2022-04-20,147.0672607421875,199.10000610351562,205.5500030517578,197.10000610351562,199.9499969482422,38356653
2022-04-21,152.82882690429688,206.89999389648438,207.89999389648438,201.0,201.1999969482422,43683145
2022-04-22,149.3201446533203,202.14999389648438,209.0,201.25,206.0500030517578,24007670
2022-04-25,139.20053100585938,188.4499969482422,202.1999969482422,186.75,199.64999389648438,26465084
2022-04-26,141.37957763671875,191.39999389648438,192.3000030517578,188.4499969482422,192.1999969482422,20819291
2022-04-27,138.49879455566406,187.5,191.8000030517578,186.60000610351562,190.8000030517578,12214126
2022-04-28,140.5301513671875,190.25,192.5,187.14999389648438,189.0,12706800
2022-04-29,135.06405639648438,182.85000610351562,193.0,181.89999389648438,192.5,21654415
2022-05-02,138.60960388183594,187.64999389648438,188.89999389648438,178.85000610351562,182.6999969482422,21289439
2022-05-04,138.38803100585938,187.35000610351562,190.6999969482422,186.5,188.75,18239949
2022-05-05,137.2799835205078,185.85000610351562,191.9499969482422,184.6999969482422,189.5,12651103
2022-05-06,138.4249267578125,187.39999389648438,188.9499969482422,183.0500030517578,184.5,14257553
2022-05-09,135.21177673339844,183.0500030517578,185.9499969482422,181.5500030517578,185.9499969482422,10549451
2022-05-10,125.60917663574219,170.0500030517578,183.85000610351562,168.8000030517578,182.0,19965511
2022-05-11,125.4614486694336,169.85000610351562,173.6999969482422,165.25,171.6999969482422,20641617
2022-05-12,123.39318084716797,167.0500030517578,170.1999969482422,164.64999389648438,167.85000610351562,10406343
2022-05-13,124.61199188232422,168.6999969482422,173.64999389648438,168.0,170.0,11590435
2022-05-16,126.82794952392578,171.6999969482422,172.8000030517578,167.85000610351562,169.5,7437937
2022-05-17,136.3197479248047,184.5500030517578,185.0,173.14999389648438,173.39999389648438,28092052
2022-05-18,137.0584259033203,185.5500030517578,187.5,181.8000030517578,186.35000610351562,15425248
2022-05-19,133.84523010253906,181.1999969482422,183.5,180.6999969482422,181.10000610351562,9396007
2022-05-20,137.35386657714844,185.9499969482422,186.85000610351562,183.5500030517578,184.5,6365038
2022-05-23,136.13510131835938,184.3000030517578,186.75,182.39999389648438,185.9499969482422,7794071
2022-05-24,134.6947021484375,182.35000610351562,186.75,181.1999969482422,183.4499969482422,8572565
2022-05-25,133.47592163085938,180.6999969482422,185.5500030517578,180.0500030517578,184.1999969482422,7926434
2022-05-26,135.3594970703125,183.25,186.0,177.75,183.9499969482422,23140556
2022-05-27,134.32537841796875,181.85000610351562,188.64999389648438,180.5,184.5,16408080
2022-05-30,138.27720642089844,187.1999969482422,187.89999389648438,182.5500030517578,184.0,10577525
2022-05-31,142.48757934570312,192.89999389648438,195.25,185.1999969482422,186.0,21380248
2022-06-01,144.8143768310547,196.0500030517578,197.3000030517578,193.1999969482422,194.5,30867456
2022-06-02,146.40248107910156,198.1999969482422,199.1999969482422,194.3000030517578,196.5,17646759
2022-06-03,145.51608276367188,197.0,201.0,196.1999969482422,200.0,25335178
2022-06-06,143.927978515625,194.85000610351562,196.8000030517578,193.1999969482422,196.5,22020642
2022-06-07,145.92236328125,197.5500030517578,199.9499969482422,193.60000610351562,193.64999389648438,12961285
2022-06-08,145.99618530273438,197.64999389648438,201.9499969482422,196.5,198.0,13059792
2022-06-09,146.80873107910156,198.75,200.39999389648438,196.5,196.9499969482422,10562238
2022-06-10,146.62408447265625,198.5,199.3000030517578,196.25,197.35000610351562,6741014
2022-06-13,141.1210479736328,191.0500030517578,197.39999389648438,189.5500030517578,196.64999389648438,8516696
2022-06-14,141.97052001953125,192.1999969482422,194.5,189.10000610351562,189.10000610351562,6727598
2022-06-15,140.3824005126953,190.0500030517578,193.85000610351562,189.14999389648438,192.14999389648438,5805589
2022-06-16,132.88497924804688,179.89999389648438,192.8000030517578,179.10000610351562,191.5500030517578,14490962
2022-06-17,134.9163055419922,182.64999389648438,184.85000610351562,179.39999389648438,180.0,15215695
2022-06-20,130.632080078125,176.85000610351562,181.89999389648438,174.75,181.89999389648438,23276003
2022-06-21,136.5044403076172,184.8000030517578,185.64999389648438,178.0,178.0,7564329
2022-06-22,132.4787139892578,179.35000610351562,184.75,179.0,184.75,6560404
2022-06-23,130.85365295410156,177.14999389648438,182.0,174.85000610351562,180.3000030517578,9304799
2022-06-24,130.41049194335938,176.5500030517578,180.39999389648438,174.8000030517578,178.64999389648438,8171322
2022-06-27,134.47308349609375,182.0500030517578,182.8000030517578,177.4499969482422,180.0,7063839
2022-06-28,137.68626403808594,186.39999389648438,186.9499969482422,180.75,181.14999389648438,9844211
2022-06-29,139.422119140625,188.75,190.25,183.64999389648438,186.0,16856241
2022-06-30,137.09535217285156,185.60000610351562,189.0,182.5500030517578,188.10000610351562,8693744
2022-07-01,135.3594970703125,183.25,186.14999389648438,176.60000610351562,185.0,17248729
2022-07-04,134.47308349609375,182.0500030517578,185.6999969482422,179.10000610351562,183.25,8780396
2022-07-05,134.76856994628906,182.4499969482422,185.1999969482422,181.75,183.0,5313753
2022-07-06,134.21453857421875,181.6999969482422,182.85000610351562,178.0,182.5,9367397
2022-07-07,137.3908233642578,186.0,186.60000610351562,181.4499969482422,183.9499969482422,6322630
2022-07-08,140.19775390625,189.8000030517578,191.89999389648438,187.0500030517578,187.0500030517578,14647592
2022-07-11,142.8199920654297,193.35000610351562,194.3000030517578,187.8000030517578,188.9499969482422,9048841
2022-07-12,143.2262420654297,193.89999389648438,195.3000030517578,192.10000610351562,192.8000030517578,6942704
2022-07-13,142.89382934570312,193.4499969482422,196.14999389648438,193.0,193.89999389648438,7842930
2022-07-14,141.8227996826172,192.0,195.4499969482422,190.3000030517578,194.0,6795141
2022-07-15,142.85690307617188,193.39999389648438,193.89999389648438,189.39999389648438,193.0,5610793
2022-07-18,144.48196411132812,195.60000610351562,196.89999389648438,193.85000610351562,194.5,7600779
2022-07-19,146.4394073486328,198.25,199.60000610351562,194.0,194.9499969482422,9913955
2022-07-20,146.14393615722656,197.85000610351562,200.39999389648438,197.39999389648438,199.60000610351562,5519522
2022-07-21,146.69796752929688,198.60000610351562,199.4499969482422,196.3000030517578,197.85000610351562,6167419
2022-07-22,145.5899658203125,197.10000610351562,199.85000610351562,196.8000030517578,198.60000610351562,4844223
2022-07-25,148.39683532714844,200.89999389648438,201.6999969482422,194.60000610351562,197.5,10207034
2022-07-26,149.4309844970703,202.3000030517578,203.3000030517578,199.5500030517578,201.4499969482422,12853314
2022-07-27,150.28042602539062,203.4499969482422,204.6999969482422,201.8000030517578,202.39999389648438,7343180
2022-07-28,149.83724975585938,202.85000610351562,205.0,201.35000610351562,204.0,5096403
2022-07-29,156.0419921875,211.25,212.4499969482422,203.25,203.60000610351562,12477455
2022-08-01,157.1499786376953,212.75,213.6999969482422,209.8000030517578,212.5,7849924
2022-08-02,158.9966278076172,215.25,217.25,211.64999389648438,213.0,12615631
2022-08-03,156.6698760986328,212.10000610351562,214.9499969482422,208.8000030517578,214.9499969482422,9949919
2022-08-04,153.01348876953125,207.14999389648438,213.4499969482422,206.14999389648438,212.14999389648438,8058280
2022-08-05,153.97372436523438,208.4499969482422,210.25,205.75,207.5,31999040
2022-08-08,159.107421875,215.39999389648438,216.14999389648438,207.0500030517578,209.5,16358151
2022-08-10,162.3944854736328,219.85000610351562,220.4499969482422,215.4499969482422,215.85000610351562,14267910
2022-08-11,163.7050018310547,218.60000610351562,226.8000030517578,218.0,226.0,28800337
2022-08-12,165.98910522460938,221.64999389648438,222.25,217.75,219.0,8861089
2022-08-16,166.92518615722656,222.89999389648438,224.39999389648438,220.4499969482422,224.39999389648438,7844356
2022-08-17,165.8393096923828,221.4499969482422,223.5,220.14999389648438,223.5,6119157
2022-08-18,166.0640106201172,221.75,222.64999389648438,220.60000610351562,221.4499969482422,4233196
2022-08-19,162.61912536621094,217.14999389648438,221.64999389648438,215.6999969482422,221.64999389648438,8783707
2022-08-22,163.48036193847656,218.3000030517578,220.9499969482422,214.0500030517578,215.60000610351562,10390480
2022-08-23,166.8877716064453,222.85000610351562,223.6999969482422,216.60000610351562,217.0,9344364
2022-08-24,167.48683166503906,223.64999389648438,226.0,222.0,222.75,10825973
2022-08-25,168.4229278564453,224.89999389648438,227.14999389648438,223.6999969482422,223.6999969482422,13077805
2022-08-26,172.2047882080078,229.9499969482422,232.0,226.5,227.6999969482422,12673156
2022-08-29,172.69155883789062,230.60000610351562,231.60000610351562,221.39999389648438,221.39999389648438,8757016
2022-08-30,175.83685302734375,234.8000030517578,235.5,230.85000610351562,231.8000030517578,12991363
2022-09-01,172.46690368652344,230.3000030517578,236.8000030517578,229.5500030517578,234.35000610351562,9682321
2022-09-02,171.71800231933594,229.3000030517578,232.4499969482422,228.1999969482422,231.0,4599518
2022-09-05,173.4404296875,231.60000610351562,232.35000610351562,228.5,230.0,4909470
2022-09-06,174.26419067382812,232.6999969482422,234.64999389648438,231.0,232.6999969482422,5307321
2022-09-07,178.86981201171875,238.85000610351562,239.3000030517578,232.35000610351562,232.9499969482422,12751679
2022-09-08,177.07249450683594,236.4499969482422,240.5,235.0500030517578,240.5,7677716
2022-09-09,177.93370056152344,237.60000610351562,238.0,233.35000610351562,237.5,8436280
2022-09-12,173.36553955078125,231.5,239.0500030517578,228.0,238.5,19053188
2022-09-13,173.2157745361328,231.3000030517578,235.3000030517578,230.64999389648438,232.6999969482422,9884429
2022-09-14,173.7025604248047,231.9499969482422,233.8000030517578,229.5500030517578,230.14999389648438,7705022
2022-09-15,175.42498779296875,234.25,234.9499969482422,232.25,233.10000610351562,5386854
2022-09-16,173.02857971191406,231.0500030517578,234.0,229.5500030517578,233.85000610351562,8750965
2022-09-19,172.16737365722656,229.89999389648438,232.64999389648438,228.6999969482422,230.9499969482422,4011597
2022-09-20,172.12991333007812,229.85000610351562,233.8000030517578,228.6999969482422,231.0,6890375
2022-09-21,173.40301513671875,231.5500030517578,232.6999969482422,227.14999389648438,229.85000610351562,5673523
2022-09-22,170.03305053710938,227.0500030517578,231.3000030517578,225.5,229.9499969482422,7677219
2022-09-23,166.8877716064453,222.85000610351562,226.9499969482422,221.0,225.0,5495315
2022-09-26,161.3834991455078,215.5,222.10000610351562,212.5,221.0,7832594
2022-09-27,160.18527221679688,213.89999389648438,219.6999969482422,212.75,216.0,5795048
2022-09-28,157.86373901367188,210.8000030517578,213.39999389648438,208.89999389648438,211.6999969482422,6134706
2022-09-29,160.18527221679688,213.89999389648438,215.14999389648438,210.64999389648438,211.8000030517578,8962595
2022-09-30,158.9496307373047,212.25,216.0,207.85000610351562,213.0,12875386
2022-10-03,160.97158813476562,214.9499969482422,218.0,212.3000030517578,213.0,11397506
2022-10-04,167.1873016357422,223.25,224.0,218.10000610351562,218.3000030517578,10862095
2022-10-06,174.86331176757812,233.5,234.10000610351562,224.64999389648438,225.0,12795784
2022-10-07,172.01756286621094,229.6999969482422,233.5500030517578,227.8000030517578,233.0,14641624
2022-10-10,172.12991333007812,229.85000610351562,232.0,226.60000610351562,227.0,10850668
2022-10-11,168.83480834960938,225.4499969482422,230.9499969482422,224.0,230.9499969482422,19154740
2022-10-12,173.81488037109375,232.10000610351562,233.0,225.5500030517578,225.5500030517578,9256951
2022-10-13,175.6496124267578,234.5500030517578,235.60000610351562,231.10000610351562,232.1999969482422,7231841
2022-10-14,176.9976348876953,236.35000610351562,238.9499969482422,235.35000610351562,238.9499969482422,6241886
2022-10-17,178.2332763671875,238.0,238.5500030517578,232.89999389648438,236.35000610351562,5623812
2022-10-18,181.00411987304688,241.6999969482422,242.14999389648438,236.85000610351562,238.5,6674374
2022-10-19,178.38302612304688,238.1999969482422,243.0,237.0,242.0,13886387
2022-10-20,180.47988891601562,241.0,242.5,233.60000610351562,237.0,10755972
2022-10-21,178.7574920654297,238.6999969482422,241.35000610351562,238.0500030517578,241.0,3285505
2022-10-24,180.10548400878906,240.5,241.6999969482422,240.0,240.89999389648438,730136
2022-10-25,179.69357299804688,239.9499969482422,240.9499969482422,237.9499969482422,240.5,6976548
2022-10-27,180.40499877929688,240.89999389648438,241.60000610351562,239.0,240.9499969482422,6422639
2022-10-28,183.02610778808594,244.39999389648438,247.8000030517578,240.5500030517578,242.0,14076967
2022-10-31,184.1868438720703,245.9499969482422,247.5,243.5500030517578,246.0,8365329
2022-11-01,183.96218872070312,245.64999389648438,247.0,243.25,247.0,8813106
2022-11-02,184.0745086669922,245.8000030517578,249.60000610351562,242.14999389648438,245.64999389648438,14974441
2022-11-03,184.3740692138672,246.1999969482422,247.60000610351562,241.0,244.0,6754654
2022-11-04,184.26174926757812,246.0500030517578,248.6999969482422,245.5,246.6999969482422,5511411
2022-11-07,186.88284301757812,249.5500030517578,251.35000610351562,246.75,247.3000030517578,10513106
2022-11-09,191.56332397460938,255.8000030517578,263.3999938964844,254.5500030517578,255.5,40391668
2022-11-10,189.91578674316406,253.60000610351562,260.5,252.10000610351562,257.95001220703125,20832572
2022-11-11,189.6536865234375,253.25,258.8999938964844,252.39999389648438,258.79998779296875,20165337
2022-11-14,185.12294006347656,247.1999969482422,256.25,246.25,254.5500030517578,18762693
2022-11-15,185.08306884765625,232.14999389648438,238.85000610351562,230.60000610351562,234.39999389648438,20225373
2022-11-16,187.27552795410156,234.89999389648438,235.5,230.39999389648438,233.35000610351562,9764275
2022-11-17,185.2823944091797,232.39999389648438,234.75,231.0,234.75,5737884
2022-11-18,183.01022338867188,229.5500030517578,233.5500030517578,228.1999969482422,232.4499969482422,6413585
2022-11-21,182.9304962158203,229.4499969482422,230.39999389648438,226.6999969482422,229.0,6430876
2022-11-22,182.65145874023438,229.10000610351562,230.6999969482422,227.64999389648438,228.5500030517578,5885877
2022-11-23,183.84735107421875,230.60000610351562,231.10000610351562,229.0,230.0,5693274
2022-11-24,182.17312622070312,228.5,231.8000030517578,227.35000610351562,230.75,8198891
2022-11-25,184.48513793945312,231.39999389648438,233.64999389648438,227.8000030517578,229.64999389648438,10046363
2022-11-28,183.2493896484375,229.85000610351562,232.75,228.39999389648438,230.5500030517578,8146840
2022-11-29,181.1366729736328,227.1999969482422,231.3000030517578,226.35000610351562,230.1999969482422,6628470
2022-11-30,181.176513671875,227.25,228.85000610351562,226.5500030517578,227.1999969482422,12154948
2022-12-01,180.2596893310547,226.10000610351562,230.39999389648438,224.89999389648438,228.39999389648438,22435771
2022-12-02,180.65830993652344,226.60000610351562,228.0,225.3000030517578,226.10000610351562,6325649
2022-12-05,184.36553955078125,231.25,231.8000030517578,226.5,226.60000610351562,8732711
2022-12-06,184.6844482421875,231.64999389648438,232.5,229.5,232.0,7394839
2022-12-07,183.16966247558594,229.75,232.14999389648438,228.6999969482422,232.14999389648438,4519547
2022-12-08,183.6878662109375,230.39999389648438,231.25,229.0,229.64999389648438,3135706
2022-12-09,182.4521484375,228.85000610351562,232.35000610351562,227.8000030517578,230.5500030517578,4197165
2022-12-12,185.2823944091797,232.39999389648438,233.6999969482422,228.10000610351562,228.35000610351562,7881379
2022-12-13,184.60472106933594,231.5500030517578,234.4499969482422,231.10000610351562,233.39999389648438,4878457
2022-12-14,185.08306884765625,232.14999389648438,233.1999969482422,231.35000610351562,231.75,4730078
2022-12-15,181.9339141845703,228.1999969482422,232.60000610351562,227.6999969482422,231.89999389648438,5221433
2022-12-16,179.10365295410156,224.64999389648438,229.89999389648438,223.3000030517578,228.0,7757065
2022-12-19,181.2163848876953,227.3000030517578,227.85000610351562,224.5,224.64999389648438,4073907
2022-12-20,180.2596893310547,226.10000610351562,226.89999389648438,223.35000610351562,226.89999389648438,3784271
2022-12-21,178.46585083007812,223.85000610351562,227.6999969482422,222.0500030517578,226.5,3675466
2022-12-22,177.5490264892578,222.6999969482422,225.75,219.10000610351562,224.10000610351562,4755089
2022-12-23,171.45001220703125,215.0500030517578,222.89999389648438,214.1999969482422,220.0,6561011
2022-12-26,175.994384765625,220.75,221.60000610351562,214.25,215.0500030517578,3116608
2022-12-27,176.3929901123047,221.25,222.89999389648438,219.64999389648438,222.0,2961726
2022-12-28,177.94764709472656,223.1999969482422,224.25,220.5500030517578,221.25,3015714
2022-12-29,176.71189880371094,221.64999389648438,224.35000610351562,220.4499969482422,220.8000030517578,4784105
2022-12-30,179.42259216308594,225.0500030517578,226.4499969482422,222.25,222.25,4102247
2023-01-02,179.1833953857422,224.75,227.1999969482422,224.14999389648438,226.75,4210225
2023-01-03,178.66517639160156,224.10000610351562,225.75,223.0,225.0,3643132
2023-01-04,173.12423706054688,217.14999389648438,224.5,216.25,224.35000610351562,9550461
2023-01-05,173.9215087890625,218.14999389648438,218.89999389648438,215.1999969482422,216.8000030517578,8815728
2023-01-06,170.81219482421875,214.25,219.89999389648438,212.0,219.0,12237065
2023-01-09,171.3702850341797,214.9499969482422,217.6999969482422,214.0,215.35000610351562,6967190
2023-01-10,172.8053436279297,216.75,217.3000030517578,214.1999969482422,215.0,5400260
2023-01-11,170.13453674316406,213.39999389648438,218.5,212.1999969482422,217.3000030517578,7637956
2023-01-12,170.5331573486328,213.89999389648438,217.0,212.8000030517578,215.5,7161675
2023-01-13,171.48989868164062,215.10000610351562,215.6999969482422,213.5500030517578,214.1999969482422,3671193
2023-01-16,170.41355895996094,213.75,215.89999389648438,212.4499969482422,215.5,3987352
2023-01-17,169.89537048339844,213.10000610351562,215.14999389648438,211.10000610351562,213.75,5871758
2023-01-18,172.8850555419922,216.85000610351562,217.35000610351562,213.1999969482422,213.85000610351562,6441530
2023-01-19,178.5456085205078,223.9499969482422,224.8000030517578,215.14999389648438,216.75,12938871
2023-01-20,180.9772491455078,227.0,229.25,222.75,224.85000610351562,13444947
2023-01-23,183.44871520996094,230.10000610351562,230.39999389648438,227.1999969482422,228.5,8736715
2023-01-24,181.45558166503906,227.60000610351562,232.0,227.1999969482422,230.1999969482422,4252051
2023-01-25,180.299560546875,226.14999389648438,228.0,223.75,227.8000030517578,3855827
2023-01-27,177.30982971191406,222.39999389648438,227.64999389648438,219.3000030517578,227.0,6171667
2023-01-30,180.0603790283203,225.85000610351562,226.8000030517578,220.75,222.39999389648438,6172517
2023-01-31,179.2631378173828,224.85000610351562,228.35000610351562,223.89999389648438,225.0,7424552
2023-02-01,175.91465759277344,220.64999389648438,228.0,214.14999389648438,228.0,24008324
2023-02-02,173.5228729248047,217.64999389648438,221.6999969482422,217.0,221.0,6806578
2023-02-03,174.51942443847656,218.89999389648438,220.6999969482422,214.60000610351562,218.0,8776614
2023-02-06,175.07752990722656,219.60000610351562,220.35000610351562,215.64999389648438,219.1999969482422,5742881
2023-02-07,175.15725708007812,219.6999969482422,221.14999389648438,217.0,219.60000610351562,4907167
2023-02-08,176.0148468017578,215.5,217.14999389648438,214.14999389648438,214.75,6316867
2023-02-09,175.23892211914062,214.5500030517578,216.8000030517578,213.1999969482422,216.0,4383159
2023-02-10,172.74774169921875,211.5,214.39999389648438,210.9499969482422,214.0,4954439
2023-02-13,174.01376342773438,213.0500030517578,213.6999969482422,209.14999389648438,211.5,6142208
2023-02-14,172.9519500732422,211.75,214.3000030517578,211.10000610351562,213.0500030517578,6758731
2023-02-15,173.8912353515625,212.89999389648438,213.8000030517578,210.3000030517578,211.0,9612884
2023-02-16,175.97402954101562,215.4499969482422,216.5,213.10000610351562,213.5,13093683
2023-02-17,177.64837646484375,217.5,218.25,214.1999969482422,214.85000610351562,7243093
2023-02-20,178.3018341064453,218.3000030517578,218.9499969482422,215.9499969482422,217.85000610351562,8479587
2023-02-21,174.8305206298828,214.0500030517578,219.1999969482422,213.35000610351562,218.8000030517578,4655766
2023-02-22,173.03366088867188,211.85000610351562,215.85000610351562,211.60000610351562,214.5500030517578,6003852
2023-02-23,175.52476501464844,214.89999389648438,215.9499969482422,212.4499969482422,212.9499969482422,6219715
2023-02-24,177.28086853027344,217.0500030517578,217.3000030517578,214.6999969482422,216.0,5154174
2023-02-27,177.1991729736328,216.9499969482422,218.0,215.10000610351562,217.0,4841279
2023-02-28,175.93316650390625,215.39999389648438,216.9499969482422,212.0,216.60000610351562,6054079
2023-03-01,178.66937255859375,218.75,219.0,214.5,215.39999389648438,4510175
2023-03-02,182.01815795898438,222.85000610351562,224.4499969482422,217.35000610351562,218.75,11354939
2023-03-03,182.09983825683594,222.9499969482422,226.4499969482422,222.39999389648438,223.89999389648438,7089438
2023-03-06,183.6925506591797,224.89999389648438,225.5,221.75,222.9499969482422,4771341
2023-03-08,183.65171813964844,224.85000610351562,225.14999389648438,222.64999389648438,224.85000610351562,4271464
2023-03-09,183.61085510253906,224.8000030517578,226.9499969482422,223.64999389648438,224.85000610351562,4263468
2023-03-10,183.24330139160156,224.35000610351562,225.3000030517578,221.4499969482422,222.9499969482422,3670173
2023-03-13,180.34378051757812,220.8000030517578,225.75,219.35000610351562,224.1999969482422,3877606
2023-03-14,180.54795837402344,221.0500030517578,222.8000030517578,218.85000610351562,220.8000030517578,5723922
2023-03-15,179.60865783691406,219.89999389648438,223.1999969482422,219.60000610351562,221.9499969482422,2992144
2023-03-16,180.3845977783203,220.85000610351562,222.4499969482422,216.35000610351562,218.5500030517578,4988245
2023-03-17,181.03802490234375,221.64999389648438,225.9499969482422,220.10000610351562,222.0,15720256
2023-03-20,177.28086853027344,217.0500030517578,221.60000610351562,215.6999969482422,220.0,4244575
2023-03-21,177.28086853027344,217.0500030517578,218.9499969482422,215.9499969482422,218.14999389648438,3998751
2023-03-22,174.7488555908203,213.9499969482422,216.89999389648438,213.10000610351562,216.89999389648438,9675449
2023-03-23,174.2587890625,213.35000610351562,214.75,212.39999389648438,213.14999389648438,4730918
2023-03-24,170.256591796875,208.4499969482422,213.89999389648438,208.0,213.25,6611089
2023-03-27,170.2157745361328,208.39999389648438,210.1999969482422,207.60000610351562,208.5,4002212
2023-03-28,170.62413024902344,208.89999389648438,211.25,208.4499969482422,209.39999389648438,6157526
2023-03-29,173.93211364746094,212.9499969482422,214.89999389648438,208.39999389648438,209.9499969482422,16734166
2023-03-31,174.5038299560547,213.64999389648438,214.3000030517578,211.14999389648438,212.1999969482422,5139018
2023-04-03,179.81288146972656,220.14999389648438,220.85000610351562,213.8000030517578,214.10000610351562,7754066
2023-04-05,181.73226928710938,222.5,224.25,220.3000030517578,220.3000030517578,6491910
2023-04-06,181.078857421875,221.6999969482422,223.14999389648438,220.3000030517578,222.4499969482422,4589598
2023-04-10,181.36474609375,222.0500030517578,224.4499969482422,221.14999389648438,221.4499969482422,3498235
2023-04-11,182.67156982421875,223.64999389648438,224.3000030517578,222.0,222.75,3995959
2023-04-12,185.97950744628906,227.6999969482422,228.0,223.64999389648438,224.0,5136012
2023-04-13,184.18260192871094,225.5,229.64999389648438,224.4499969482422,227.89999389648438,3478451
2023-04-17,187.53138732910156,229.60000610351562,229.9499969482422,225.39999389648438,225.5,6265943
2023-04-18,189.6549835205078,232.1999969482422,232.39999389648438,229.25,229.60000610351562,8004952
2023-04-19,188.18478393554688,230.39999389648438,234.60000610351562,229.0,233.60000610351562,7424582
2023-04-20,187.49053955078125,229.5500030517578,231.5,229.10000610351562,229.89999389648438,2589165
2023-04-21,187.89892578125,230.0500030517578,230.4499969482422,227.4499969482422,230.0,2459508
2023-04-24,189.1240692138672,231.5500030517578,232.0,229.5500030517578,229.5500030517578,2587030
2023-04-25,188.06227111816406,230.25,232.3000030517578,229.89999389648438,231.14999389648438,2570946
2023-04-26,187.6538848876953,229.75,230.64999389648438,228.0,230.0,3439487
2023-04-27,189.28744506835938,231.75,232.5,229.14999389648438,229.75,3349374
2023-04-28,190.39010620117188,233.10000610351562,234.75,231.60000610351562,232.5,4771074
2023-05-02,192.8404083251953,236.10000610351562,237.4499969482422,233.10000610351562,233.1999969482422,3773537
2023-05-03,193.49383544921875,236.89999389648438,238.9499969482422,234.60000610351562,236.0500030517578,4523385
2023-05-04,193.94305419921875,237.4499969482422,238.0,234.14999389648438,236.85000610351562,7248108
2023-05-05,193.9022216796875,237.39999389648438,238.0,236.0,237.85000610351562,3043479
2023-05-08,190.1858673095703,232.85000610351562,233.39999389648438,230.0,232.5,9711437
2023-05-09,193.0446014404297,236.35000610351562,238.8000030517578,233.5,234.8000030517578,7318928
2023-05-10,193.20794677734375,236.5500030517578,237.25,234.5500030517578,236.9499969482422,3650159
2023-05-11,192.88125610351562,236.14999389648438,238.14999389648438,235.6999969482422,236.5500030517578,2675726
2023-05-12,191.9827880859375,235.0500030517578,237.25,234.25,236.14999389648438,2348435
2023-05-15,194.14724731445312,237.6999969482422,239.60000610351562,233.85000610351562,234.60000610351562,4217892
2023-05-16,196.8017578125,240.9499969482422,241.6999969482422,237.4499969482422,238.75,6016484
2023-05-17,197.33267211914062,241.60000610351562,243.6999969482422,240.75,240.9499969482422,4968232
2023-05-18,195.69911193847656,239.60000610351562,242.89999389648438,238.9499969482422,242.0,3512113
2023-05-19,195.94415283203125,239.89999389648438,241.60000610351562,236.3000030517578,240.0,3810543
2023-05-22,194.9640350341797,238.6999969482422,241.1999969482422,237.4499969482422,239.39999389648438,2891415
2023-05-23,195.45408630371094,239.3000030517578,240.1999969482422,236.8000030517578,238.9499969482422,3213453
2023-05-24,196.84259033203125,241.0,241.5,238.0,238.3000030517578,2422138
2023-05-25,196.066650390625,240.0500030517578,242.1999969482422,237.89999389648438,241.25,3810138
2023-05-26,197.25100708007812,241.5,242.4499969482422,239.10000610351562,239.8000030517578,2646742
2023-05-29,201.00816345214844,246.10000610351562,247.64999389648438,240.8000030517578,241.5500030517578,8069985
2023-05-30,199.53794860839844,244.3000030517578,247.14999389648438,243.3000030517578,246.25,4657906
2023-05-31,197.0467987060547,241.25,247.89999389648438,239.3000030517578,247.89999389648438,15727646
2023-06-01,188.14393615722656,230.35000610351562,231.89999389648438,229.14999389648438,230.39999389648438,35509867
2023-06-02,188.59317016601562,230.89999389648438,233.39999389648438,228.10000610351562,228.5,36400588
2023-06-05,187.61305236816406,229.6999969482422,231.1999969482422,229.4499969482422,230.5,19807347
2023-06-06,186.0611572265625,227.8000030517578,230.64999389648438,226.75,229.8000030517578,13495524
2023-06-07,188.4298095703125,230.6999969482422,231.5,228.10000610351562,228.75,21853324
2023-06-08,186.3061981201172,228.10000610351562,231.39999389648438,227.64999389648438,231.39999389648438,8538256
2023-06-09,185.9386749267578,227.64999389648438,229.4499969482422,227.35000610351562,228.9499969482422,5137982
2023-06-12,187.04132080078125,229.0,229.25,226.64999389648438,228.25,4261576
2023-06-13,187.00048828125,228.9499969482422,230.3000030517578,228.0,230.0,5574798
2023-06-14,187.00048828125,228.9499969482422,229.89999389648438,227.5500030517578,229.89999389648438,7034468
2023-06-15,186.71461486816406,228.60000610351562,229.64999389648438,227.89999389648438,229.1999969482422,6363240
2023-06-16,186.6737518310547,228.5500030517578,229.6999969482422,228.0,228.5,8518319
2023-06-19,185.53025817871094,227.14999389648438,228.8000030517578,226.60000610351562,228.5,8210198
2023-06-20,185.6119384765625,227.25,227.75,225.5,227.75,5024593
2023-06-21,186.5920867919922,228.4499969482422,228.8000030517578,226.4499969482422,227.8000030517578,4705567
2023-06-22,185.36691284179688,226.9499969482422,229.60000610351562,226.60000610351562,228.39999389648438,6566989
2023-06-23,184.50930786132812,225.89999389648438,227.5500030517578,224.8000030517578,227.10000610351562,3881707
2023-06-26,183.2024688720703,224.3000030517578,226.4499969482422,223.25,226.0,6145625
2023-06-27,183.89671325683594,225.14999389648438,226.8000030517578,223.89999389648438,226.35000610351562,6282912
2023-06-28,185.6119384765625,227.25,227.64999389648438,224.14999389648438,225.14999389648438,19512531
2023-06-30,188.67486572265625,231.0,231.35000610351562,226.75,227.89999389648438,7850296
2023-07-03,189.20574951171875,231.64999389648438,233.75,229.85000610351562,231.5,7860203
2023-07-04,189.32826232910156,231.8000030517578,232.8000030517578,230.3000030517578,232.25,3662791
2023-07-05,189.00157165527344,231.39999389648438,232.85000610351562,230.10000610351562,231.8000030517578,4859892
2023-07-06,191.61524963378906,234.60000610351562,236.0,231.0,231.39999389648438,7254947
2023-07-07,191.12518310546875,234.0,235.85000610351562,231.6999969482422,232.0,6393850
2023-07-10,190.92098999023438,233.75,235.60000610351562,232.85000610351562,235.0,6223180
2023-07-11,191.12518310546875,234.0,235.8000030517578,233.5,233.8000030517578,10775084
2023-07-12,191.45188903808594,234.39999389648438,237.3000030517578,233.64999389648438,235.0,11313272
2023-07-13,187.7764129638672,229.89999389648438,235.3000030517578,229.0,235.0,20205328
2023-07-14,188.71571350097656,231.0500030517578,232.10000610351562,229.75,230.0,7390502
2023-07-17,188.02146911621094,230.1999969482422,232.64999389648438,229.6999969482422,231.0,4963515
2023-07-18,186.4287109375,228.25,232.4499969482422,227.5500030517578,229.6999969482422,6168942
2023-07-19,186.71461486816406,228.60000610351562,229.89999389648438,228.1999969482422,229.1999969482422,5247533
2023-07-20,187.6538848876953,229.75,230.6999969482422,227.75,228.64999389648438,3195629
2023-07-21,187.04132080078125,229.0,230.5,228.5500030517578,229.60000610351562,3903407
2023-07-24,188.634033203125,230.9499969482422,232.0,228.5500030517578,229.0,3456895
2023-07-25,187.81724548339844,229.9499969482422,232.35000610351562,228.85000610351562,232.3000030517578,11024983
2023-07-26,188.2664794921875,230.5,231.1999969482422,228.89999389648438,230.5500030517578,7574284
2023-07-27,187.08213806152344,229.0500030517578,231.89999389648438,228.14999389648438,231.0,7837850
2023-07-28,185.48944091796875,227.10000610351562,229.9499969482422,226.85000610351562,229.60000610351562,8817344
2023-07-31,187.2455291748047,229.25,229.9499969482422,226.85000610351562,228.5,19422170
2023-08-01,196.31170654296875,240.35000610351562,241.3000030517578,228.9499969482422,230.0,22409256
2023-08-02,191.5744171142578,234.5500030517578,243.14999389648438,232.3000030517578,241.14999389648438,25003960
2023-08-03,187.89892578125,230.0500030517578,235.10000610351562,229.4499969482422,234.5500030517578,13949266
2023-08-04,190.92098999023438,233.75,236.5,230.5,232.8000030517578,6725977
2023-08-07,190.26754760742188,232.9499969482422,236.0,232.3000030517578,234.75,6744074
2023-08-08,188.06227111816406,230.25,235.39999389648438,229.3000030517578,233.0,13828141
2023-08-09,191.73776245117188,234.75,235.6999969482422,230.60000610351562,233.25,35271302
2023-08-10,191.8602752685547,234.89999389648438,236.8000030517578,234.4499969482422,234.75,10749822
2023-08-11,191.8602752685547,234.89999389648438,235.60000610351562,233.75,234.0,6132454
2023-08-14,191.04351806640625,233.89999389648438,236.1999969482422,230.6999969482422,236.0,6092872
2023-08-16,190.34925842285156,233.0500030517578,234.8000030517578,232.10000610351562,234.0,4576249
2023-08-17,189.73667907714844,232.3000030517578,233.89999389648438,231.10000610351562,233.6999969482422,5602132
2023-08-18,189.0302276611328,227.4499969482422,228.9499969482422,227.0,228.5,6904019
2023-08-21,191.23263549804688,230.10000610351562,230.8000030517578,227.0,227.4499969482422,4955953
2023-08-22,191.77281188964844,230.75,232.0500030517578,229.6999969482422,230.39999389648438,4280368
2023-08-23,191.89747619628906,230.89999389648438,231.5,230.3000030517578,231.25,2524601
2023-08-24,190.52621459960938,229.25,232.64999389648438,228.5,231.85000610351562,6378317
2023-08-25,189.23802185058594,227.6999969482422,230.10000610351562,227.5,229.0,3890957
2023-08-28,190.69241333007812,229.4499969482422,230.0500030517578,227.5,228.5,3360861
2023-08-29,191.1079559326172,229.9499969482422,230.39999389648438,228.75,229.4499969482422,3112560
2023-08-30,190.1106719970703,228.75,230.75,228.5,230.10000610351562,4086281
2023-08-31,191.1910858154297,230.0500030517578,230.4499969482422,228.39999389648438,229.0,10403460
2023-09-01,196.88400268554688,236.89999389648438,237.25,230.64999389648438,230.6999969482422,14869577
2023-09-04,205.9428253173828,247.8000030517578,248.9499969482422,238.14999389648438,238.75,24785966
2023-09-05,212.21751403808594,255.35000610351562,255.89999389648438,247.5,249.35000610351562,19654487
2023-09-06,212.5914764404297,255.8000030517578,257.79998779296875,252.5500030517578,255.9499969482422,13346191
2023-09-07,227.71726989746094,274.0,274.75,254.8000030517578,256.0,72255521
2023-09-08,234.44903564453125,282.1000061035156,284.45001220703125,270.8999938964844,274.6000061035156,41855413
2023-09-11,231.83116149902344,278.95001220703125,284.20001220703125,277.25,284.0,14505153
2023-09-12,225.01622009277344,270.75,280.04998779296875,269.0,280.0,17547706
2023-09-13,232.412841796875,279.6499938964844,281.5,269.0,271.5,17607568
2023-09-14,230.66757202148438,277.54998779296875,282.20001220703125,276.70001220703125,281.29998779296875,12033796
2023-09-15,232.1219940185547,279.29998779296875,284.1499938964844,277.54998779296875,278.5,13288180
2023-09-18,233.74258422851562,281.25,282.75,274.45001220703125,279.29998779296875,8754852
2023-09-20,236.27737426757812,284.29998779296875,288.0,279.1000061035156,279.5,18615797
2023-09-21,233.07777404785156,280.45001220703125,286.79998779296875,278.6000061035156,284.8999938964844,11071899
2023-09-22,235.48788452148438,283.3500061035156,286.1000061035156,279.20001220703125,280.0,8691024
2023-09-25,239.39398193359375,288.04998779296875,289.0,281.1499938964844,284.29998779296875,9118957
2023-09-26,238.31358337402344,286.75,291.3999938964844,286.1499938964844,288.45001220703125,11256196
2023-09-27,242.30279541015625,291.54998779296875,293.3999938964844,284.5,288.0,12805340
2023-09-28,241.1808624267578,290.20001220703125,294.1499938964844,289.0,291.54998779296875,12432497
2023-09-29,245.3362579345703,295.20001220703125,297.5,291.3999938964844,292.79998779296875,8640829
2023-10-03,242.5936737060547,291.8999938964844,297.1000061035156,290.1000061035156,297.04998779296875,9348540
2023-10-04,239.31089782714844,287.95001220703125,291.5,285.8999938964844,290.79998779296875,6338888
2023-10-05,240.47439575195312,289.3500061035156,290.54998779296875,283.8999938964844,288.79998779296875,8687014
2023-10-06,239.18618774414062,287.79998779296875,291.0,287.0,290.95001220703125,3741467
2023-10-09,239.18618774414062,287.79998779296875,288.95001220703125,283.04998779296875,286.04998779296875,4647845
2023-10-10,252.02647399902344,303.25,303.8999938964844,287.79998779296875,288.25,23283411
2023-10-11,250.86294555664062,301.8500061035156,305.0,299.45001220703125,304.54998779296875,12321154
2023-10-12,255.30926513671875,307.20001220703125,309.1000061035156,301.8999938964844,302.54998779296875,15375295
2023-10-13,255.93260192871094,307.95001220703125,310.8500061035156,304.45001220703125,305.0,9516879
2023-10-16,259.2984924316406,312.0,313.6499938964844,306.54998779296875,307.8500061035156,10535107
2023-10-17,263.7863464355469,317.3999938964844,318.3500061035156,312.1000061035156,313.0,7760527
2023-10-18,263.412353515625,316.95001220703125,319.75,315.25,317.3500061035156,9662837
2023-10-19,261.62548828125,314.79998779296875,315.70001220703125,308.8500061035156,315.29998779296875,8977527
2023-10-20,259.6308898925781,312.3999938964844,316.70001220703125,309.6000061035156,312.5,6009115
2023-10-23,254.39508056640625,306.1000061035156,312.8500061035156,305.0,312.54998779296875,8086150
2023-10-25,257.8856201171875,310.29998779296875,312.70001220703125,305.0,306.1000061035156,7253336
2023-10-26,253.68865966796875,305.25,309.1499938964844,302.8999938964844,309.1499938964844,8329092
2023-10-27,260.9190979003906,313.95001220703125,317.1499938964844,306.0,306.0,10503070
2023-10-30,261.4177551269531,314.54998779296875,315.79998779296875,311.95001220703125,315.0,6229982
2023-10-31,261.16845703125,314.25,316.79998779296875,310.75,316.75,7446586
2023-11-01,254.85214233398438,306.6499938964844,315.79998779296875,305.8500061035156,313.20001220703125,9593653
2023-11-02,256.6805419921875,308.8500061035156,312.79998779296875,307.29998779296875,308.95001220703125,7071960
2023-11-03,259.2984924316406,312.0,314.70001220703125,310.29998779296875,310.6000061035156,4658440
2023-11-06,263.079833984375,316.54998779296875,319.54998779296875,313.0,313.20001220703125,10340818
2023-11-07,261.16845703125,314.25,318.79998779296875,313.6499938964844,316.5,6826885
2023-11-08,263.7863464355469,317.3999938964844,318.1499938964844,314.54998779296875,316.0,6424833
2023-11-09,268.89752197265625,323.54998779296875,324.5,315.70001220703125,318.45001220703125,15503280
2023-11-10,268.7727966308594,323.3999938964844,326.1499938964844,321.54998779296875,324.45001220703125,8445203
2023-11-13,290.3394775390625,349.3500061035156,350.0,330.29998779296875,333.0,42178783
2023-11-15,291.3783264160156,350.6000061035156,359.0,348.6000061035156,359.0,35092206
2023-11-16,287.3891296386719,345.79998779296875,354.5,344.8500061035156,353.0,17617280
2023-11-17,286.9320068359375,345.25,348.54998779296875,342.29998779296875,348.0,13542916
2023-11-20,289.009765625,347.75,352.3999938964844,343.95001220703125,348.0,19032608
2023-11-21,290.4874267578125,334.20001220703125,338.5,328.8500061035156,335.0,15148068
2023-11-22,288.7055358886719,332.1499938964844,337.8999938964844,330.0,335.79998779296875,7599447
2023-11-23,290.7046813964844,334.45001220703125,336.04998779296875,330.0,332.5,6186567
2023-11-24,289.2705078125,332.79998779296875,337.45001220703125,332.1000061035156,335.3500061035156,7054445
2023-11-28,297.2237548828125,341.95001220703125,342.5,333.29998779296875,334.79998779296875,10791886
2023-11-29,297.5713806152344,342.3500061035156,345.0,338.1000061035156,343.0,14149513
2023-11-30,297.39752197265625,342.1499938964844,345.0,338.04998779296875,345.0,11959336
2023-12-01,301.3089294433594,346.6499938964844,351.1000061035156,342.45001220703125,343.79998779296875,15105221
2023-12-04,308.3060607910156,354.70001220703125,360.0,350.6499938964844,351.1000061035156,22705896
2023-12-05,309.0448913574219,355.54998779296875,356.45001220703125,350.0,355.70001220703125,15782945
2023-12-06,306.0896301269531,352.1499938964844,362.5,349.45001220703125,355.79998779296875,14817158
2023-12-07,305.9157409667969,351.95001220703125,353.79998779296875,348.3999938964844,353.79998779296875,8507659
2023-12-08,305.0899963378906,351.0,358.3999938964844,346.8999938964844,352.0,13444251
2023-12-11,307.39337158203125,353.6499938964844,358.6000061035156,351.0,351.0,11420609
2023-12-12,302.0477600097656,347.5,354.6000061035156,345.1499938964844,354.1499938964844,8789103
2023-12-13,300.0486145019531,345.20001220703125,349.79998779296875,343.70001220703125,349.3999938964844,8091533
2023-12-14,302.1346740722656,347.6000061035156,351.20001220703125,345.79998779296875,349.20001220703125,13142466
2023-12-15,304.2207946777344,350.0,354.3500061035156,348.45001220703125,350.0,14331890
2023-12-18,302.17816162109375,347.6499938964844,351.25,342.29998779296875,351.0,7959685
2023-12-19,318.95379638671875,366.95001220703125,369.75,346.5,346.5,28937243
2023-12-20,306.0896301269531,352.1499938964844,371.79998779296875,350.0,369.0,23224408
2023-12-21,309.00140380859375,355.5,356.79998779296875,346.1000061035156,351.1000061035156,10028664
2023-12-22,315.73773193359375,363.25,367.3999938964844,356.3999938964844,359.0,13916380
2023-12-26,318.1714782714844,366.04998779296875,371.79998779296875,362.5,363.79998779296875,11910267
2023-12-27,317.78033447265625,365.6000061035156,369.20001220703125,362.3999938964844,367.0,7890042
2023-12-28,331.12261962890625,380.95001220703125,382.5,365.79998779296875,366.79998779296875,28310022
2023-12-29,326.8200378417969,376.0,381.70001220703125,374.25,381.5,8859317
2024-01-01,331.8614501953125,381.79998779296875,386.79998779296875,377.45001220703125,377.79998779296875,11124690
2024-01-02,341.292236328125,392.6499938964844,395.8500061035156,384.25,387.3999938964844,28363847
2024-01-03,334.251708984375,384.54998779296875,394.79998779296875,383.8500061035156,394.79998779296875,12903439
2024-01-04,334.42559814453125,384.75,389.79998779296875,383.8999938964844,387.79998779296875,11039940
2024-01-05,333.990966796875,384.25,388.5,382.5,386.79998779296875,8369460
2024-01-08,330.64453125,380.3999938964844,388.6499938964844,379.25,386.45001220703125,9424716
2024-01-09,334.94708251953125,385.3500061035156,387.95001220703125,382.1000061035156,383.6499938964844,9473743
2024-01-10,332.0787048339844,382.04998779296875,385.8500061035156,375.8500061035156,385.8500061035156,9670366
2024-01-11,334.0779113769531,384.3500061035156,388.8999938964844,383.29998779296875,385.5,9163771
2024-01-12,331.2529602050781,381.1000061035156,385.79998779296875,379.54998779296875,385.79998779296875,7471050
2024-01-15,334.33868408203125,384.6499938964844,387.8999938964844,381.3999938964844,382.5,7490747
2024-01-16,331.9483642578125,381.8999938964844,386.95001220703125,377.04998779296875,385.3999938964844,10165133
2024-01-17,329.9925842285156,379.6499938964844,385.3500061035156,377.20001220703125,381.79998779296875,10996538
2024-01-18,326.5158386230469,375.6499938964844,382.54998779296875,368.0,380.79998779296875,12493835
2024-01-19,333.12176513671875,383.25,384.8999938964844,379.1000061035156,380.6499938964844,15893456
2024-01-23,326.21160888671875,375.29998779296875,404.79998779296875,373.6499938964844,403.5,16406737
2024-01-24,332.5567626953125,382.6000061035156,387.79998779296875,374.25,379.79998779296875,22938994
2024-01-25,338.4673767089844,389.3999938964844,391.70001220703125,385.3500061035156,386.79998779296875,13440949
2024-01-29,358.80670166015625,412.79998779296875,414.70001220703125,391.5,392.8999938964844,27149058
2024-01-30,349.8973693847656,402.54998779296875,415.79998779296875,401.6000061035156,415.75,14159072
2024-01-31,353.0264892578125,406.1499938964844,409.1499938964844,400.3999938964844,405.04998779296875,23750822
2024-02-01,353.50457763671875,406.70001220703125,411.8999938964844,402.5,408.79998779296875,8862155
2024-02-02,364.89111328125,419.79998779296875,422.8999938964844,409.6499938964844,410.79998779296875,25177075
2024-02-05,382.66632080078125,440.25,450.0,417.1000061035156,423.25,31418925
2024-02-06,389.96759033203125,448.6499938964844,451.0,437.25,444.79998779296875,13386526
2024-02-07,393.4443664550781,452.6499938964844,460.54998779296875,447.79998779296875,454.0,14430152
2024-02-08,399.1376647949219,459.20001220703125,468.6000061035156,450.0,454.79998779296875,18790158
2024-02-09,396.53009033203125,456.20001220703125,463.79998779296875,435.6499938964844,462.20001220703125,17472069
2024-02-12,376.19073486328125,432.79998779296875,457.45001220703125,430.04998779296875,457.0,19472346
2024-02-13,393.1836242675781,452.3500061035156,457.8500061035156,434.0,443.79998779296875,35665854
2024-02-14,405.3524475097656,466.3500061035156,468.0,443.0,451.6499938964844,18592696
2024-02-15,414.4790954589844,476.8500061035156,481.25,467.54998779296875,469.0,18501875
2024-02-16,417.21710205078125,480.0,487.6000061035156,477.5,482.3999938964844,14513583
2024-02-19,400.7022399902344,461.0,487.45001220703125,455.45001220703125,482.79998779296875,19798448
2024-02-20,392.5694885253906,446.5,457.95001220703125,441.0,457.95001220703125,27899165
2024-02-21,380.6561584472656,432.95001220703125,450.95001220703125,431.0,450.95001220703125,19032050
2024-02-22,391.3825378417969,445.1499938964844,448.0,427.95001220703125,438.0,22083710
2024-02-23,390.2835388183594,443.8999938964844,449.6000061035156,441.6499938964844,448.0,9625544
2024-02-26,388.8768005371094,442.29998779296875,447.25,440.54998779296875,443.8999938964844,7570244
2024-02-27,388.08551025390625,441.3999938964844,445.29998779296875,435.04998779296875,442.29998779296875,8343526
2024-02-28,381.75518798828125,434.20001220703125,442.8500061035156,430.3500061035156,440.29998779296875,8893614
2024-02-29,383.9532165527344,436.70001220703125,444.0,429.6499938964844,444.0,11711699
2024-03-01,392.4376220703125,446.3500061035156,448.79998779296875,438.0,438.0,8411615
2024-03-04,400.3945007324219,455.3999938964844,458.0,448.04998779296875,451.8500061035156,11977226
2024-03-05,405.0103759765625,460.6499938964844,461.75,453.54998779296875,456.0,9605493
2024-03-06,405.8456726074219,461.6000061035156,464.95001220703125,444.54998779296875,462.45001220703125,14061966
2024-03-07,403.2080383300781,458.6000061035156,465.3999938964844,456.04998779296875,461.6000061035156,9680802
2024-03-11,399.07568359375,453.8999938964844,462.8500061035156,452.3999938964844,461.0,7824738
2024-03-12,395.0312805175781,449.29998779296875,455.79998779296875,446.70001220703125,453.8999938964844,8409613
2024-03-13,366.6766357421875,417.04998779296875,449.8999938964844,410.0,449.29998779296875,17803423
2024-03-14,376.040283203125,427.70001220703125,428.8500061035156,412.20001220703125,419.0,20478918
2024-03-15,365.0940246582031,415.25,428.04998779296875,401.20001220703125,427.70001220703125,25435001
2024-03-18,370.8968505859375,421.8500061035156,423.5,413.54998779296875,416.0,9803914
2024-03-19,368.43505859375,419.04998779296875,424.6000061035156,414.0,417.0,8373676
2024-03-20,368.8306884765625,419.5,422.79998779296875,412.70001220703125,419.79998779296875,6950340
2024-03-21,379.86480712890625,432.04998779296875,433.54998779296875,423.1499938964844,424.0,9911230
2024-03-22,379.7769470214844,431.95001220703125,436.20001220703125,428.29998779296875,430.8999938964844,9172888
2024-03-26,383.2937927246094,435.95001220703125,440.95001220703125,430.8999938964844,433.79998779296875,9389403
2024-03-27,377.57891845703125,429.45001220703125,439.79998779296875,426.04998779296875,439.79998779296875,17985246
2024-03-28,381.6672668457031,434.1000061035156,438.45001220703125,430.0,430.0,10332853
2024-04-01,388.6569519042969,442.04998779296875,443.79998779296875,434.79998779296875,436.70001220703125,7256592
2024-04-02,389.6680908203125,443.20001220703125,448.29998779296875,436.04998779296875,442.04998779296875,11530800
2024-04-03,391.6903076171875,445.5,447.0,440.8999938964844,443.20001220703125,6972648
2024-04-04,394.63568115234375,448.8500061035156,453.5,442.54998779296875,450.0,14743020
2024-04-05,392.9651794433594,446.95001220703125,448.8500061035156,444.0,448.75,4820138
2024-04-08,393.36077880859375,447.3999938964844,450.45001220703125,444.54998779296875,449.0,3980972
2024-04-09,386.7227478027344,439.8500061035156,450.29998779296875,437.25,448.70001220703125,8005012
2024-04-10,401.22979736328125,456.3500061035156,458.6000061035156,442.1000061035156,442.54998779296875,15825331
2024-04-12,400.5703430175781,455.6000061035156,463.45001220703125,452.54998779296875,455.0,11259294
2024-04-15,396.5259704589844,451.0,455.79998779296875,441.1000061035156,448.95001220703125,7680715
2024-04-16,398.46026611328125,453.20001220703125,456.3999938964844,446.3500061035156,449.0,4996845
2024-04-18,385.6237487792969,438.6000061035156,456.79998779296875,435.1499938964844,454.95001220703125,10945138
2024-04-19,382.7222900390625,435.29998779296875,438.6000061035156,428.04998779296875,436.0,7628287
2024-04-22,389.44830322265625,442.95001220703125,444.5,438.0,440.8999938964844,6396926
2024-04-23,387.68988037109375,440.95001220703125,445.75,439.25,445.75,5390120
2024-04-24,390.2396240234375,443.8500061035156,448.70001220703125,441.1499938964844,441.54998779296875,6538090
2024-04-25,397.80084228515625,452.45001220703125,454.0,441.75,443.0,10858594
2024-04-26,400.7461853027344,455.79998779296875,460.45001220703125,452.20001220703125,454.0,7209435
2024-04-29,398.5041809082031,453.25,458.70001220703125,450.54998779296875,458.70001220703125,5305655
2024-04-30,399.4273681640625,454.29998779296875,458.3999938964844,452.04998779296875,456.3999938964844,6021793
2024-05-02,399.07568359375,453.8999938964844,459.54998779296875,449.3999938964844,457.54998779296875,14980896
2024-05-03,417.2754211425781,474.6000061035156,475.79998779296875,449.3999938964844,457.8999938964844,51071947
2024-05-06,404.9664611816406,460.6000061035156,481.45001220703125,444.04998779296875,479.0,36408390
2024-05-07,400.9220275878906,456.0,469.5,452.8500061035156,463.0,13728379
2024-05-08,408.3514099121094,464.45001220703125,471.3999938964844,455.1000061035156,456.70001220703125,16978094
2024-05-09,389.931884765625,443.5,467.70001220703125,441.3500061035156,465.3500061035156,15601338
2024-05-10,395.1192626953125,449.3999938964844,451.1499938964844,440.25,447.20001220703125,9190621
2024-05-13,390.3714599609375,444.0,451.79998779296875,434.70001220703125,451.25,11107909
2024-05-14,394.5037536621094,448.70001220703125,450.6499938964844,445.1000061035156,446.70001220703125,6592194
2024-05-15,411.3407897949219,467.8500061035156,470.0,449.5,450.0,23543942
2024-05-16,411.73638916015625,468.29998779296875,475.0,457.8500061035156,468.6499938964844,17232651
2024-05-17,413.45086669921875,470.25,473.70001220703125,466.79998779296875,469.04998779296875,10625019
2024-05-21,431.3868408203125,490.6499938964844,493.8999938964844,469.70001220703125,469.70001220703125,27356982
2024-05-22,441.1021728515625,501.70001220703125,507.3500061035156,491.6000061035156,494.5,28346931
2024-05-23,437.2336120605469,497.29998779296875,503.79998779296875,492.1000061035156,503.3999938964844,14378840
2024-05-24,440.48675537109375,501.0,505.3999938964844,489.1499938964844,495.95001220703125,12190536
2024-05-27,434.7278747558594,494.45001220703125,503.0,490.75,502.95001220703125,8811105
2024-05-28,428.74920654296875,487.6499938964844,496.20001220703125,484.1000061035156,496.0,8165238
2024-05-29,427.6941833496094,486.45001220703125,491.8999938964844,482.1000061035156,482.1000061035156,8014727
2024-05-30,423.9135437011719,482.1499938964844,487.95001220703125,479.5,486.0,7725080
2024-05-31,431.87042236328125,491.20001220703125,493.1000061035156,479.0,484.3999938964844,11223848
2024-06-03,450.4658203125,512.3499755859375,527.4000244140625,505.54998779296875,515.0,24416215
2024-06-04,388.5251159667969,441.8999938964844,512.4000244140625,410.79998779296875,512.3499755859375,48046493
2024-06-05,404.9224548339844,460.54998779296875,462.8500061035156,425.1000061035156,452.0,18966089
2024-06-06,415.82476806640625,472.95001220703125,484.3999938964844,464.6499938964844,470.0,21757857
2024-06-07,421.27587890625,479.1499938964844,481.29998779296875,467.6000061035156,473.0,8317343
2024-06-10,420.0010070800781,477.70001220703125,488.0,475.5,485.0,10958537
2024-06-11,418.8140869140625,476.3500061035156,483.5,475.20001220703125,482.0,11169021
2024-06-12,429.67236328125,488.70001220703125,494.29998779296875,479.3500061035156,481.0,15412796
2024-06-13,428.9690246582031,487.8999938964844,493.8999938964844,483.5,493.8999938964844,7438571
2024-06-14,428.1337585449219,486.95001220703125,492.3999938964844,485.25,487.8999938964844,5974636
2024-06-18,429.98016357421875,489.04998779296875,492.8999938964844,485.20001220703125,492.0,6946544
2024-06-19,420.2208557128906,477.95001220703125,491.20001220703125,476.5,489.3999938964844,8962510
2024-06-20,424.792724609375,483.1499938964844,487.3999938964844,471.54998779296875,481.04998779296875,7864157
2024-06-21,422.1990966796875,480.20001220703125,491.3999938964844,479.0,483.1499938964844,10340882
2024-06-24,416.48419189453125,473.70001220703125,480.04998779296875,472.0,480.0,11124175
2024-06-25,412.5716247558594,469.25,477.95001220703125,465.29998779296875,475.8999938964844,7951999
2024-06-26,412.1319885253906,468.75,471.8500061035156,465.04998779296875,470.25,6655899
2024-06-27,410.6373596191406,467.04998779296875,469.0,461.5,468.75,14857335
2024-06-28,416.0005798339844,473.1499938964844,476.0,468.0,470.0,8302706
2024-07-01,417.4512939453125,474.79998779296875,476.29998779296875,471.25,473.3500061035156,8579861
2024-07-02,421.2319030761719,479.1000061035156,485.0,473.3500061035156,478.0,14629287
2024-07-03,426.3753356933594,484.95001220703125,487.6499938964844,479.3999938964844,481.8999938964844,7244652
2024-07-04,430.419677734375,489.54998779296875,492.79998779296875,485.29998779296875,488.75,7796954
2024-07-05,432.1341857910156,491.5,493.29998779296875,486.8999938964844,489.5,5754517
2024-07-08,433.7167663574219,493.29998779296875,496.0,487.20001220703125,492.70001220703125,7477292
2024-07-09,434.1563720703125,493.79998779296875,496.95001220703125,491.1000061035156,496.95001220703125,6444684
2024-07-10,431.4748229980469,490.75,494.8999938964844,480.54998779296875,493.79998779296875,5981477
2024-07-11,439.6514892578125,500.04998779296875,506.0,488.54998779296875,492.0,20146927
2024-07-12,436.2665100097656,496.20001220703125,508.6000061035156,495.5,504.0,8198389
2024-07-15,437.6292419433594,497.75,503.6000061035156,492.54998779296875,500.0,7106020
2024-07-16,450.5537414550781,512.4500122070312,518.4000244140625,498.0,498.0,23169665
2024-07-18,444.2234191894531,505.25,515.7999877929688,501.25,515.3499755859375,12540956
2024-07-19,429.05694580078125,488.0,506.3999938964844,486.75,505.29998779296875,9971704
2024-07-22,431.87042236328125,491.20001220703125,496.0,483.54998779296875,488.0,7281653
2024-07-23,428.17767333984375,487.0,495.79998779296875,464.54998779296875,494.0,11311831
2024-07-24,434.1563720703125,493.79998779296875,499.3999938964844,485.1000061035156,486.70001220703125,6823248
2024-07-25,434.3322448730469,494.0,503.54998779296875,484.0,491.0,10281157
2024-07-26,448.2677917480469,509.8500061035156,511.70001220703125,498.25,498.25,20437968
2024-07-29,450.2900085449219,512.1500244140625,515.7000122070312,507.5,514.5,7259754
2024-07-30,456.62030029296875,519.3499755859375,525.5999755859375,509.95001220703125,512.1500244140625,13197520
2024-07-31,459.1260986328125,522.2000122070312,525.4000244140625,510.5,523.4500122070312,11972565
2024-08-01,475.1278381347656,540.4000244140625,542.25,528.0,535.0,34763894
2024-08-02,461.1482849121094,524.5,537.2000122070312,522.2999877929688,534.0,10985150
2024-08-05,445.5861511230469,506.79998779296875,515.0,497.54998779296875,515.0,11835031
2024-08-06,439.2558288574219,499.6000061035156,517.2000122070312,498.0,508.1000061035156,7142269
2024-08-07,467.3027648925781,531.5,532.7999877929688,507.70001220703125,507.70001220703125,18293730
2024-08-08,460.22509765625,523.4500122070312,535.0,521.25,534.0,13624148
2024-08-09,465.8080749511719,529.7999877929688,531.3499755859375,521.8499755859375,530.0,6468264
2024-08-12,460.66473388671875,523.9500122070312,530.5,523.2999877929688,529.0,5238736
2024-08-13,458.7304382324219,521.75,529.9000244140625,520.0,525.0,5201294
2024-08-14,443.73980712890625,504.70001220703125,527.9000244140625,499.04998779296875,522.9000244140625,14766889
2024-08-16,454.9287414550781,512.2999877929688,515.75,502.5,507.70001220703125,7313429
2024-08-19,463.54254150390625,522.0,523.4500122070312,513.1500244140625,513.7999877929688,10737456
2024-08-20,465.851318359375,524.5999755859375,528.4500122070312,521.0499877929688,524.3499755859375,8191127
2024-08-21,472.60028076171875,532.2000122070312,535.25,524.4000244140625,526.5,9067794
2024-08-22,469.6253662109375,528.8499755859375,535.4500122070312,526.7999877929688,534.0,8531700
2024-08-23,478.5054626464844,538.8499755859375,541.1500244140625,528.8499755859375,528.9500122070312,12566904
2024-08-26,477.8395080566406,538.0999755859375,543.5499877929688,534.7000122070312,542.0,7193307
2024-08-27,471.8897705078125,531.4000244140625,541.7000122070312,530.0,539.0999755859375,7865530
2024-08-28,467.4053649902344,526.3499755859375,535.5499877929688,525.4500122070312,533.9000244140625,6066259
2024-08-29,468.4709777832031,527.5499877929688,530.0,516.0999755859375,526.3499755859375,9147836
2024-08-30,466.16217041015625,524.9500122070312,537.0,522.0,530.0,30921282
2024-09-02,462.5213317871094,520.8499755859375,529.0,517.6500244140625,527.0,6370038
2024-09-03,461.4112854003906,519.5999755859375,523.5999755859375,518.25,521.0,5526155
2024-09-04,447.2474670410156,503.6499938964844,516.8499755859375,500.54998779296875,516.8499755859375,16783593
2024-09-05,441.3421936035156,497.0,507.5,495.1499938964844,507.5,10830621
2024-09-06,433.8385009765625,488.54998779296875,499.0,481.04998779296875,499.0,13110103
2024-09-09,430.1976013183594,484.45001220703125,488.5,478.04998779296875,488.0,10189742
2024-09-10,436.1029052734375,491.1000061035156,492.0,481.79998779296875,487.29998779296875,9809547
2024-09-11,429.7536315917969,483.95001220703125,493.54998779296875,481.95001220703125,492.8500061035156,8134497
2024-09-12,440.14337158203125,495.6499938964844,497.25,482.25,487.0,12058489
2024-09-13,435.34814453125,490.25,497.8500061035156,489.5,497.0,8093877
2024-09-16,438.01214599609375,493.25,494.8999938964844,487.3500061035156,492.5,5244657
2024-09-17,433.7940673828125,488.5,494.79998779296875,487.6499938964844,493.25,5063902
2024-09-18,432.5508728027344,487.1000061035156,493.6000061035156,486.1499938964844,489.79998779296875,6527832
2024-09-19,424.4255676269531,477.95001220703125,491.6000061035156,476.25,489.0,10014450
2024-09-20,435.9697265625,490.95001220703125,498.0,480.29998779296875,480.95001220703125,12982128
2024-09-23,444.5390625,500.6000061035156,502.5,490.5,493.5,6123879
2024-09-24,447.8246765136719,504.29998779296875,506.6499938964844,501.54998779296875,505.0,7306001
2024-09-25,448.71270751953125,505.29998779296875,507.0,502.0,506.5,5059851
2024-09-26,449.8227233886719,506.54998779296875,507.45001220703125,500.04998779296875,506.0,6877039
2024-09-27,458.3032531738281,516.0999755859375,517.8499755859375,504.8999938964844,506.54998779296875,15443031
2024-09-30,453.0195617675781,510.1499938964844,513.4500122070312,502.5,513.0,8881502
2024-10-01,451.5543212890625,508.5,516.0,506.1499938964844,512.0,4743517
2024-10-03,446.09307861328125,502.3500061035156,509.8999938964844,499.5,499.5,11285134
2024-10-04,441.519775390625,497.20001220703125,504.6499938964844,494.04998779296875,499.6000061035156,7170285
2024-10-07,426.6455993652344,480.45001220703125,500.54998779296875,475.3500061035156,498.1000061035156,8940891
2024-10-08,436.7689514160156,491.8500061035156,492.75,476.45001220703125,480.79998779296875,6049075
2024-10-09,432.41766357421875,486.95001220703125,496.0,485.6499938964844,492.0,6874313
2024-10-10,433.4388732910156,488.1000061035156,493.95001220703125,486.04998779296875,488.70001220703125,4700891
2024-10-11,437.7457580566406,492.95001220703125,493.8999938964844,487.45001220703125,487.5,4364566
2024-10-14,442.4966125488281,498.29998779296875,502.45001220703125,492.95001220703125,494.95001220703125,5369297
2024-10-15,439.0777587890625,494.45001220703125,499.3500061035156,490.04998779296875,498.29998779296875,4279311
2024-10-16,440.232177734375,495.75,499.3999938964844,492.8999938964844,495.0,8000451
2024-10-17,435.0373229980469,489.8999938964844,497.25,487.20001220703125,495.75,4334990
2024-10-18,437.0797424316406,492.20001220703125,493.75,483.3500061035156,488.0,4573163
2024-10-21,431.0412292480469,485.3999938964844,494.75,482.3500061035156,492.0,4737527
2024-10-22,415.900634765625,468.3500061035156,487.5,467.20001220703125,485.0,8671135
2024-10-23,421.0067138671875,474.1000061035156,476.04998779296875,458.95001220703125,468.3500061035156,10686743
2024-10-24,423.803955078125,477.25,483.79998779296875,473.04998779296875,474.1000061035156,5045880
2024-10-25,409.46258544921875,461.1000061035156,479.04998779296875,459.0,478.1000061035156,10330954
2024-10-28,392.190673828125,441.6499938964844,458.0,435.25,452.0,21378247
2024-10-29,395.6539611816406,445.54998779296875,446.6000061035156,438.79998779296875,444.20001220703125,7680865
2024-10-30,398.8507995605469,449.1499938964844,455.79998779296875,445.0,448.0,7818123
2024-10-31,401.4259948730469,452.04998779296875,454.5,443.20001220703125,452.0,8475238
2024-11-01,403.2908630371094,454.1499938964844,459.54998779296875,452.3500061035156,454.6499938964844,3095957
2024-11-04,393.65594482421875,443.29998779296875,458.1499938964844,435.5,458.0,15720990
2024-11-05,400.4232482910156,434.8999938964844,436.25,427.0,429.1000061035156,10186343
2024-11-06,401.25189208984375,435.79998779296875,438.8999938964844,431.20001220703125,437.79998779296875,9130749
2024-11-07,400.8376159667969,435.3500061035156,440.3500061035156,434.6499938964844,437.79998779296875,5861077
2024-11-08,390.4333801269531,424.04998779296875,436.0,421.25,435.3500061035156,9934413
2024-11-11,388.131591796875,421.54998779296875,425.75,417.3500061035156,423.0,7201246
2024-11-12,381.22613525390625,414.04998779296875,424.79998779296875,412.79998779296875,422.5,6564348
2024-11-13,374.6429748535156,406.8999938964844,415.5,405.70001220703125,414.0,7170870
2024-11-14,377.2670593261719,409.75,413.3500061035156,402.6000061035156,407.20001220703125,8776485
2024-11-18,380.5816650390625,413.3500061035156,418.5,411.0,413.95001220703125,7352509
2024-11-19,379.5688171386719,412.25,422.0,410.70001220703125,415.95001220703125,6291292
2024-11-21,373.8143005371094,406.0,413.8999938964844,404.1499938964844,413.04998779296875,14141967
2024-11-22,381.22613525390625,414.04998779296875,415.75,406.3999938964844,407.3999938964844,8155453
2024-11-25,384.3566589355469,417.45001220703125,427.45001220703125,415.70001220703125,421.0,10903727
2024-11-26,378.8782958984375,411.5,420.0,409.70001220703125,418.45001220703125,5798977
2024-11-27,384.0804138183594,417.1499938964844,421.0,412.70001220703125,420.0,9219932
2024-11-28,382.2850036621094,415.20001220703125,424.8999938964844,413.5,420.0,7788912
2024-11-29,383.3898620605469,416.3999938964844,418.0,411.0,415.29998779296875,7057742
2024-12-02,388.26971435546875,421.70001220703125,423.3999938964844,416.79998779296875,418.3999938964844,6404844
2024-12-03,388.6380310058594,422.1000061035156,425.5,419.3500061035156,425.0,7928558
2024-12-04,383.6200256347656,416.6499938964844,425.8999938964844,415.0,422.1000061035156,6836472
2024-12-05,385.23126220703125,418.3999938964844,421.25,412.0,418.1499938964844,9500273
2024-12-06,384.0804138183594,417.1499938964844,421.5,416.3999938964844,420.0,4252732
2024-12-09,381.18011474609375,414.0,420.95001220703125,412.5,418.0,6662023
2024-12-10,381.22613525390625,414.04998779296875,417.20001220703125,411.5,415.5,6035289
2024-12-11,383.8962707519531,416.95001220703125,419.6499938964844,415.54998779296875,416.0,5353413
2024-12-12,376.6685791015625,409.1000061035156,417.8500061035156,407.1000061035156,416.5,9409378
2024-12-13,377.7734069824219,410.29998779296875,411.25,402.0,409.1000061035156,9439175
2024-12-16,377.91156005859375,410.45001220703125,412.8500061035156,406.5,410.5,5434635
2024-12-17,370.9600524902344,402.8999938964844,410.95001220703125,402.0,410.45001220703125,5070262
2024-12-18,364.42291259765625,395.79998779296875,404.79998779296875,394.54998779296875,403.5,7176597
2024-12-19,360.8781433105469,391.95001220703125,394.5,387.0,390.95001220703125,5745829
2024-12-20,351.7169189453125,382.0,393.70001220703125,380.5,393.0,7923854
2024-12-23,352.5916442871094,382.95001220703125,388.6000061035156,382.3999938964844,386.0,5163415
2024-12-24,354.01873779296875,384.5,386.75,381.3999938964844,384.8500061035156,4242999
2024-12-26,355.9522399902344,386.6000061035156,390.29998779296875,385.04998779296875,386.3999938964844,4190081
2024-12-27,350.3358154296875,380.5,388.45001220703125,379.54998779296875,387.5,5909271
2024-12-30,347.9419250488281,377.8999938964844,382.29998779296875,375.70001220703125,380.5,22328728
2024-12-31,353.69647216796875,384.1499938964844,384.70001220703125,376.1000061035156,377.8999938964844,7686615
2025-01-01,355.76806640625,386.3999938964844,388.1499938964844,382.5,383.54998779296875,3584876
2025-01-02,361.79888916015625,392.95001220703125,393.95001220703125,384.04998779296875,388.3999938964844,7538972
2025-01-03,362.443359375,393.6499938964844,399.29998779296875,389.5,393.0,7122319
2025-01-06,348.72454833984375,378.75,394.04998779296875,377.1499938964844,394.04998779296875,8774141
2025-01-07,349.6912841796875,379.79998779296875,384.25,376.5,380.54998779296875,6542121
2025-01-08,350.1977233886719,380.3500061035156,382.04998779296875,376.0,380.04998779296875,7407778
2025-01-09,342.6938171386719,372.20001220703125,381.54998779296875,370.79998779296875,381.54998779296875,6247612
2025-01-10,339.28717041015625,368.5,373.20001220703125,364.70001220703125,371.3999938964844,4893721
2025-01-13,334.1310729980469,362.8999938964844,370.3999938964844,361.25,366.1000061035156,8661589
2025-01-14,339.9776611328125,369.25,374.0,363.0,365.0,5698113
2025-01-15,344.9035339355469,374.6000061035156,381.45001220703125,369.29998779296875,371.8999938964844,11117714
2025-01-16,348.816650390625,378.8500061035156,381.5,374.79998779296875,378.45001220703125,6923722
2025-01-17,356.91900634765625,387.6499938964844,389.29998779296875,378.54998779296875,380.0,8380692
2025-01-20,356.3665771484375,387.04998779296875,391.0,382.6499938964844,389.6000061035156,14597375
2025-01-21,351.3025817871094,381.54998779296875,389.6499938964844,381.0,388.0,20854879
2025-01-22,349.138916015625,379.20001220703125,383.8999938964844,374.6499938964844,381.5,10653690
2025-01-23,355.2156677246094,385.79998779296875,388.20001220703125,376.20001220703125,377.5,5844752
2025-01-24,352.68365478515625,383.04998779296875,392.25,381.70001220703125,386.04998779296875,5351964
2025-01-27,345.9623718261719,375.75,383.0,372.75,380.8999938964844,6645109
2025-01-28,341.2666931152344,370.6499938964844,377.6000061035156,367.75,376.0,10866038
2025-01-29,349.36907958984375,379.45001220703125,385.0,370.79998779296875,372.5,6680927
2025-01-30,354.5251159667969,385.04998779296875,387.3500061035156,380.3999938964844,381.70001220703125,6300164
2025-01-31,369.8945617675781,395.8999938964844,396.95001220703125,374.6499938964844,379.5,10339434
2025-02-01,359.9908752441406,385.29998779296875,399.45001220703125,379.04998779296875,395.8999938964844,7015540
2025-02-03,349.4331359863281,374.0,384.1499938964844,366.5,384.0,7689700
2025-02-04,351.8156433105469,376.54998779296875,380.70001220703125,374.8999938964844,377.5,4649921
2025-02-05,357.7018127441406,382.8500061035156,385.1000061035156,377.8999938964844,378.0,5914200
2025-02-06,354.665283203125,379.6000061035156,384.6499938964844,377.20001220703125,382.79998779296875,4652107
2025-02-07,353.40399169921875,378.25,383.0,376.0,379.5,3006598
2025-02-10,346.16302490234375,370.5,379.8500061035156,369.0,377.0,3380494
2025-02-11,335.41845703125,359.0,370.5,357.5,370.0,6803431
2025-02-12,336.67974853515625,360.3500061035156,361.79998779296875,351.54998779296875,359.8999938964844,4565992
2025-02-13,337.89434814453125,361.6499938964844,367.54998779296875,358.6000061035156,362.0,3712240
2025-02-14,330.9337463378906,354.20001220703125,365.0,350.5,363.8999938964844,4464446
2025-02-17,336.4461975097656,360.1000061035156,362.0,349.25,354.20001220703125,6017586
2025-02-18,337.3804931640625,361.1000061035156,362.3500061035156,353.79998779296875,360.25,3843725
2025-02-19,338.50164794921875,362.29998779296875,365.29998779296875,358.0,360.0,3097726
2025-02-20,343.780517578125,367.95001220703125,369.45001220703125,360.0,360.0,4624287
2025-02-21,345.649169921875,369.95001220703125,371.20001220703125,365.29998779296875,367.54998779296875,5235241
2025-02-24,340.8374328613281,364.79998779296875,368.5,361.1499938964844,368.04998779296875,4533486
2025-02-25,337.42718505859375,361.1499938964844,365.3999938964844,358.70001220703125,364.0,4525493
2025-02-27,339.9498596191406,363.8500061035156,367.79998779296875,356.1499938964844,359.0,6196610
2025-02-28,345.08856201171875,369.3500061035156,375.75,365.29998779296875,366.79998779296875,21899478
2025-03-03,336.67974853515625,360.3500061035156,371.0,352.3999938964844,370.0,12675744
2025-03-04,339.9498596191406,363.8500061035156,366.5,352.6000061035156,356.1000061035156,5535218
2025-03-05,344.06085205078125,368.25,368.8999938964844,362.04998779296875,362.04998779296875,5730797
2025-03-06,357.4682312011719,382.6000061035156,384.1499938964844,368.1000061035156,370.04998779296875,11247215
2025-03-07,355.64630126953125,380.6499938964844,389.6000061035156,379.3999938964844,382.6000061035156,8321771
2025-03-10,350.5075988769531,375.1499938964844,386.6000061035156,374.04998779296875,380.70001220703125,5541001
2025-03-11,354.15142822265625,379.04998779296875,380.0,368.0,371.0,5340552
2025-03-12,355.6930236816406,380.70001220703125,382.8500061035156,373.79998779296875,379.54998779296875,3951912
2025-03-13,353.45068359375,378.29998779296875,383.0,377.3500061035156,381.5,3918004
2025-03-17,360.4112854003906,385.75,387.04998779296875,379.04998779296875,380.20001220703125,5456361
2025-03-18,360.4112854003906,385.75,385.75,385.75,385.75,0
2025-03-19,369.8478698730469,395.8500061035156,398.04998779296875,388.79998779296875,390.04998779296875,5827114
2025-03-20,370.3617248535156,396.3999938964844,398.1000061035156,392.04998779296875,397.70001220703125,7025398
2025-03-21,378.77056884765625,405.3999938964844,411.1000061035156,395.1000061035156,396.3999938964844,16564019
2025-03-24,379.3311462402344,406.0,411.79998779296875,405.04998779296875,407.95001220703125,5260300
2025-03-25,372.1369323730469,398.29998779296875,408.25,397.1000061035156,408.0,5636291
2025-03-26,368.8668518066406,394.79998779296875,402.45001220703125,393.1499938964844,398.5,5025274
2025-03-27,370.7822265625,396.8500061035156,399.6499938964844,392.04998779296875,393.25,7697174
2025-03-28,372.04351806640625,398.20001220703125,401.8999938964844,393.5,397.0,6923988
2025-04-01,371.5296630859375,397.6499938964844,402.54998779296875,395.04998779296875,397.79998779296875,4332950
2025-04-02,371.3895263671875,397.5,401.6000061035156,391.5,401.6000061035156,4197123
2025-04-03,370.96905517578125,397.04998779296875,400.0,393.20001220703125,395.0,4970602
2025-04-04,359.7572937011719,385.04998779296875,396.0,382.6000061035156,396.0,6718760
2025-04-07,352.7032165527344,377.5,379.3999938964844,356.0,358.8500061035156,10202400
2025-04-08,357.7018127441406,382.8500061035156,385.5,376.6499938964844,385.0,3577328
2025-04-09,349.99371337890625,374.6000061035156,382.70001220703125,373.1000061035156,382.29998779296875,5781453
2025-04-11,366.34417724609375,392.1000061035156,392.79998779296875,382.1499938964844,389.95001220703125,6185984
2025-04-15,369.2872619628906,395.25,399.0,393.5,399.0,4371156
2025-04-16,373.0245666503906,399.25,400.1000061035156,392.5,395.25,4992290
2025-04-17,372.65081787109375,398.8500061035156,399.54998779296875,388.29998779296875,396.8999938964844,8364450
2025-04-21,374.19244384765625,400.5,406.0,395.6499938964844,399.25,8987570
2025-04-22,372.417236328125,398.6000061035156,405.79998779296875,394.29998779296875,403.5,7558174
2025-04-23,372.7442626953125,398.95001220703125,401.6000061035156,394.0,400.0,7429142
2025-04-24,373.58514404296875,399.8500061035156,401.29998779296875,396.8500061035156,398.8999938964844,5762303
2025-04-25,367.3252258300781,393.1499938964844,404.0,389.6499938964844,400.29998779296875,7337588
2025-04-28,371.0624694824219,397.1499938964844,398.79998779296875,391.54998779296875,393.1499938964844,3458518
2025-04-29,363.5412902832031,389.1000061035156,400.3500061035156,388.45001220703125,397.1499938964844,6274213
2025-04-30,359.9908752441406,385.29998779296875,390.3500061035156,383.1000061035156,389.1000061035156,4559122
2025-05-02,358.3091125488281,383.5,390.95001220703125,381.3999938964844,385.5,5045851
2025-05-05,360.2711486816406,385.6000061035156,387.8999938964844,381.75,385.95001220703125,6395704
2025-05-06,353.40399169921875,378.25,387.6499938964844,377.3999938964844,386.5,5982166
2025-05-07,358.1222229003906,383.29998779296875,387.29998779296875,370.29998779296875,370.29998779296875,9162368
2025-05-08,360.13104248046875,385.45001220703125,394.95001220703125,382.25,390.0,14258083
2025-05-09,357.2813415527344,382.3999938964844,383.25,377.04998779296875,379.1000061035156,3809943
2025-05-12,369.5208740234375,395.5,396.1000061035156,387.5,391.95001220703125,6743279
2025-05-13,369.1938781738281,395.1499938964844,399.6000061035156,394.04998779296875,395.5,6307140
2025-05-14,376.62164306640625,403.1000061035156,404.04998779296875,396.45001220703125,396.75,6822756
2025-05-15,378.06982421875,404.6499938964844,406.3999938964844,399.6000061035156,403.75,10511989
2025-05-16,378.2099609375,404.79998779296875,409.0,403.6000061035156,406.0,4702603
2025-05-19,376.2479248046875,402.70001220703125,407.45001220703125,401.04998779296875,405.95001220703125,5446656
2025-05-20,381.293212890625,408.1000061035156,417.25,404.0,405.5,18755291
2025-05-21,378.723876953125,405.3500061035156,413.54998779296875,404.25,411.6499938964844,7393102
2025-05-22,372.65081787109375,398.8500061035156,406.6499938964844,393.20001220703125,405.0,7936875
2025-05-23,375.1267395019531,401.5,403.0,399.0,400.20001220703125,4178408
2025-05-26,376.2479248046875,402.70001220703125,405.79998779296875,401.75,402.54998779296875,6067873
2025-05-27,373.67852783203125,399.95001220703125,403.54998779296875,398.29998779296875,402.5,6553758
2025-05-28,372.04351806640625,398.20001220703125,401.8500061035156,396.5,401.0,6002200
2025-05-29,372.04351806640625,398.20001220703125,401.20001220703125,397.0,400.0,7724668
2025-05-30,371.20263671875,397.29998779296875,404.75,396.3500061035156,398.95001220703125,6565658
2025-06-02,373.44500732421875,399.70001220703125,401.3999938964844,395.5,398.95001220703125,6119571
2025-06-03,367.0449523925781,392.8500061035156,400.5,390.5,399.70001220703125,7360608
2025-06-04,368.67999267578125,394.6000061035156,395.0,389.6000061035156,392.8500061035156,3861957
2025-06-05,368.9602966308594,394.8999938964844,397.79998779296875,392.54998779296875,394.6000061035156,6097293
2025-06-06,372.7442626953125,398.95001220703125,400.6000061035156,396.04998779296875,397.8500061035156,7633919
2025-06-09,374.65960693359375,401.0,406.20001220703125,400.0,400.8999938964844,9626374
2025-06-10,373.3048095703125,399.54998779296875,404.5,398.8500061035156,403.0,6362912
2025-06-11,375.68731689453125,402.1000061035156,409.5,398.3999938964844,400.1000061035156,11946342
2025-06-12,366.9048156738281,392.70001220703125,402.3500061035156,391.5,402.0,11262656
2025-06-13,365.50335693359375,391.20001220703125,392.3500061035156,386.0,390.0,5253032
2025-06-16,368.4464111328125,394.3500061035156,394.6000061035156,386.20001220703125,391.0,3706240
2025-06-17,365.59674072265625,391.29998779296875,395.8500061035156,390.1000061035156,394.0,3248476
2025-06-18,364.70916748046875,390.3500061035156,393.3999938964844,388.1000061035156,391.29998779296875,4118145
2025-06-19,359.00982666015625,384.25,391.5,383.5,390.3500061035156,4416367
2025-06-20,363.49456787109375,389.04998779296875,391.79998779296875,384.1499938964844,384.20001220703125,6531957
2025-06-23,366.7178955078125,392.5,393.1000061035156,384.70001220703125,387.0,3359491
2025-06-24,366.8580627441406,392.6499938964844,395.3999938964844,390.70001220703125,394.45001220703125,4606984
2025-06-25,366.0171813964844,391.75,395.3999938964844,391.0,393.8500061035156,4672204
2025-06-26,368.2595520019531,394.1499938964844,394.70001220703125,390.6499938964844,392.0,5569101
2025-06-27,368.2595520019531,394.1499938964844,397.70001220703125,392.1000061035156,395.0,16253653
2025-06-30,366.2040710449219,391.95001220703125,397.3999938964844,390.79998779296875,395.5,4870935
2025-07-01,364.1485290527344,389.75,393.8999938964844,389.0,392.5,5997283
2025-07-02,361.48577880859375,386.8999938964844,391.70001220703125,385.45001220703125,390.0,7752338
2025-07-03,361.0653381347656,386.45001220703125,389.0,385.5,387.8999938964844,3851213
2025-07-04,360.73834228515625,386.1000061035156,387.8999938964844,383.3999938964844,387.70001220703125,3990767
2025-07-07,359.00982666015625,384.25,386.5,384.0,386.5,2810768
2025-07-08,357.7018127441406,382.8500061035156,385.5,382.29998779296875,384.95001220703125,5231160
2025-07-09,361.9996643066406,387.45001220703125,388.1499938964844,382.8500061035156,383.04998779296875,4497121
2025-07-10,358.82293701171875,384.04998779296875,388.8500061035156,382.54998779296875,388.04998779296875,4668066
2025-07-11,355.9266052246094,380.95001220703125,384.29998779296875,380.6000061035156,384.04998779296875,4677164
2025-07-14,358.6361083984375,383.8500061035156,385.8999938964844,381.5,382.0,5109504
2025-07-15,361.0653381347656,386.45001220703125,387.25,383.45001220703125,383.8999938964844,4586811
2025-07-16,361.0653381347656,386.45001220703125,388.0,384.95001220703125,386.6499938964844,5205724
2025-07-17,360.55145263671875,385.8999938964844,388.20001220703125,384.8999938964844,387.04998779296875,3749218
2025-07-18,362.98065185546875,388.5,389.25,384.1000061035156,387.0,5172481
2025-07-21,361.3923034667969,386.79998779296875,389.3999938964844,385.3999938964844,389.0,4396850
2025-07-22,363.5412902832031,389.1000061035156,391.75,385.5,386.79998779296875,5043629
2025-07-23,365.0828857421875,390.75,392.45001220703125,388.8500061035156,389.3999938964844,3670943
2025-07-24,360.22442626953125,385.54998779296875,390.75,383.8999938964844,390.1000061035156,4022204
2025-07-25,355.7864685058594,380.79998779296875,385.8999938964844,380.0,385.54998779296875,4616856
2025-07-28,353.49737548828125,378.3500061035156,383.8500061035156,377.0,381.20001220703125,4521716
2025-07-29,358.44921875,383.6499938964844,384.25,376.95001220703125,376.95001220703125,4872086
2025-07-30,354.945556640625,379.8999938964844,384.04998779296875,379.04998779296875,384.0,5107774
2025-07-31,351.6287841796875,376.3500061035156,379.0,374.70001220703125,378.0,6461803
2025-08-01,348.0316467285156,372.5,381.1499938964844,370.70001220703125,375.0,13769152
2025-08-04,350.0871887207031,374.70001220703125,378.75,370.20001220703125,372.45001220703125,19756930
2025-08-05,354.57183837890625,379.5,380.70001220703125,374.5,376.0,6846687
2025-08-06,357.2738037109375,376.8500061035156,378.04998779296875,373.54998779296875,374.0,5808208
2025-08-07,359.83355712890625,379.54998779296875,380.25,373.6000061035156,375.0,3468573
2025-08-08,359.97576904296875,379.70001220703125,382.1000061035156,378.1499938964844,379.0,4172600
2025-08-11,362.63031005859375,382.5,384.70001220703125,376.54998779296875,378.0,5740719
2025-08-12,365.332275390625,385.3500061035156,386.45001220703125,381.20001220703125,381.54998779296875,4860757
2025-08-13,366.0433044433594,386.1000061035156,388.0,385.1000061035156,385.95001220703125,4216888
2025-08-14,364.47900390625,384.45001220703125,386.8500061035156,382.54998779296875,386.1000061035156,4034887
2025-08-18,367.6549987792969,387.79998779296875,388.54998779296875,384.04998779296875,386.6499938964844,3520271
2025-08-19,365.332275390625,385.3500061035156,388.5,384.25,388.5,5219052
2025-08-20,364.7160339355469,384.70001220703125,386.8500061035156,383.54998779296875,386.0,4904231
2025-08-21,363.3707275390625,378.1499938964844,381.54998779296875,377.25,380.95001220703125,6212604
2025-08-22,359.81536865234375,374.45001220703125,379.0,374.04998779296875,378.1499938964844,4699261
2025-08-25,365.1484375,380.0,380.75,374.79998779296875,375.0,4349832
2025-08-26,357.8935241699219,372.45001220703125,379.8500061035156,371.3999938964844,379.0,6381642
2025-08-28,359.67120361328125,374.29998779296875,375.8999938964844,368.6499938964844,372.5,4372269
2025-08-29,360.15167236328125,374.79998779296875,379.0,372.6499938964844,372.6499938964844,4578400
2025-09-01,363.1304931640625,377.8999938964844,378.6000061035156,375.1000061035156,375.29998779296875,2829114
2025-09-02,365.2445373535156,380.1000061035156,385.0,379.04998779296875,381.1499938964844,7511709
2025-09-03,374.5654296875,389.79998779296875,393.29998779296875,380.0,380.95001220703125,8111851
2025-09-04,376.15093994140625,391.45001220703125,392.1000061035156,385.70001220703125,391.79998779296875,5515006
2025-09-05,377.3040466308594,392.6499938964844,393.25,389.0,392.3999938964844,4535470
2025-09-08,371.92291259765625,387.04998779296875,395.8999938964844,386.29998779296875,394.0,4607020
2025-09-09,372.7877502441406,387.95001220703125,389.3999938964844,386.75,388.70001220703125,4376579
2025-09-10,376.5833435058594,391.8999938964844,392.6499938964844,388.04998779296875,388.5,4285507
2025-09-11,377.9766845703125,393.3500061035156,394.5,390.5,393.6499938964844,3442373
2025-09-12,378.9375915527344,394.3500061035156,396.20001220703125,393.20001220703125,393.54998779296875,4276055
2025-09-15,379.3219909667969,394.75,400.6499938964844,394.29998779296875,394.3500061035156,4618798
2025-09-16,380.3309326171875,395.79998779296875,397.0,394.04998779296875,395.0,2581384
2025-09-17,384.1265563964844,399.75,402.45001220703125,397.5,402.0,5970395
2025-09-18,377.7845153808594,393.1499938964844,400.75,390.6000061035156,400.5,5899621
2025-09-19,379.0817565917969,394.5,395.20001220703125,391.5,394.0,5272435
2025-09-22,379.27392578125,394.70001220703125,396.95001220703125,393.3500061035156,394.5,3399517
2025-09-23,378.6493225097656,394.04998779296875,395.75,392.1000061035156,394.75,4720322
2025-09-24,377.4962463378906,392.8500061035156,395.6000061035156,391.75,394.5,5139791
2025-09-25,377.159912109375,392.5,395.20001220703125,391.6499938964844,392.04998779296875,4563970
2025-09-26,373.9408264160156,389.1499938964844,392.95001220703125,388.04998779296875,392.5,4698693
2025-09-29,373.1240234375,388.29998779296875,391.6000061035156,385.6000061035156,389.79998779296875,6606409
2025-09-30,374.7095947265625,389.95001220703125,391.3999938964844,387.1000061035156,389.70001220703125,5362610
2025-10-01,373.31622314453125,388.5,394.8999938964844,387.8999938964844,389.79998779296875,4976933
2025-10-03,368.3675231933594,383.3500061035156,389.1000061035156,381.5,388.5,7431240
2025-10-06,366.97418212890625,381.8999938964844,384.1000061035156,379.95001220703125,383.5,7022052
2025-10-07,369.6647644042969,384.70001220703125,388.95001220703125,383.79998779296875,384.0,7895734
2025-10-08,367.1663818359375,382.1000061035156,386.3999938964844,381.1000061035156,385.5,3642904
2025-10-09,368.3675231933594,383.3500061035156,386.29998779296875,380.54998779296875,383.0,4628511
2025-10-10,369.4725646972656,384.5,386.70001220703125,382.95001220703125,384.0,5061600
2025-10-13,366.6378479003906,381.54998779296875,384.29998779296875,380.6499938964844,383.25,4750043
2025-10-14,366.06134033203125,380.95001220703125,385.1499938964844,380.1000061035156,382.04998779296875,4288494
2025-10-15,369.2323303222656,384.25,385.3999938964844,381.25,381.25,6135157
2025-10-16,372.451416015625,387.6000061035156,387.95001220703125,384.5,385.0,3513302
2025-10-17,373.6044921875,388.79998779296875,389.5,385.25,387.6000061035156,4093872
2025-10-20,375.33416748046875,390.6000061035156,392.0,388.45001220703125,390.0,4007425
2025-10-21,375.81463623046875,391.1000061035156,393.1499938964844,390.6000061035156,393.1000061035156,678084
2025-10-23,377.3040466308594,392.6499938964844,394.3999938964844,390.45001220703125,391.6000061035156,4311356
2025-10-24,378.6493225097656,394.04998779296875,395.45001220703125,390.79998779296875,392.6499938964844,4070949
2025-10-27,381.1957702636719,396.70001220703125,398.20001220703125,393.6000061035156,395.5,5438773
2025-10-28,376.1029052734375,391.3999938964844,398.20001220703125,389.3500061035156,396.95001220703125,7672258
2025-10-29,367.0702819824219,382.0,399.29998779296875,380.04998779296875,393.25,26856509
2025-10-30,372.5475158691406,387.70001220703125,388.95001220703125,379.29998779296875,382.95001220703125,15154040
2025-10-31,373.46038818359375,388.6499938964844,394.20001220703125,387.75,389.95001220703125,13103909
2025-11-03,373.3642578125,388.54998779296875,390.8999938964844,387.29998779296875,390.54998779296875,14152223
2025-11-04,372.6240539550781,377.54998779296875,382.0,376.5,380.0,10536699
2025-11-06,368.2814636230469,373.1499938964844,378.70001220703125,372.3500061035156,378.70001220703125,6648689
2025-11-07,371.09429931640625,376.0,376.75,371.5,372.0,4650451
2025-11-10,376.3744812011719,381.3500061035156,382.3999938964844,376.1000061035156,376.1000061035156,4451727
2025-11-11,377.8055725097656,382.79998779296875,383.0,378.6000061035156,381.45001220703125,3299015
2025-11-12,381.4573059082031,386.5,387.6000061035156,382.70001220703125,384.25,4326520
2025-11-13,378.20037841796875,383.20001220703125,387.3999938964844,382.75,386.5,3480764
2025-11-14,381.90142822265625,386.95001220703125,387.3500061035156,382.29998779296875,383.20001220703125,3760163
2025-11-17,382.7897033691406,387.8500061035156,389.20001220703125,386.1499938964844,387.0,3847261
2025-11-18,378.9405822753906,383.95001220703125,387.8500061035156,382.95001220703125,387.8500061035156,4462641
2025-11-19,374.1044921875,379.04998779296875,383.8500061035156,378.45001220703125,383.1000061035156,5332643
2025-11-20,374.6966552734375,379.6499938964844,381.25,377.54998779296875,381.0,3971851
2025-11-21,373.2655944824219,378.20001220703125,380.3500061035156,377.54998779296875,378.0,3088629
2025-11-24,367.6893005371094,372.54998779296875,378.20001220703125,372.0,378.1499938964844,5543493
2025-11-25,365.221923828125,370.04998779296875,373.3999938964844,369.6000061035156,372.6000061035156,4902920
2025-11-26,372.42669677734375,377.3500061035156,377.70001220703125,371.29998779296875,371.8500061035156,4102285
2025-11-27,373.1175231933594,378.04998779296875,378.70001220703125,376.1000061035156,377.3500061035156,3330267
2025-11-28,371.2423400878906,376.1499938964844,379.20001220703125,374.8999938964844,379.0,4689402
2025-12-01,374.6966552734375,379.6499938964844,380.0,375.79998779296875,376.8999938964844,4217206
2025-12-02,374.0058288574219,378.95001220703125,379.8999938964844,376.75,379.5,3695491
2025-12-03,370.35406494140625,375.25,379.29998779296875,372.20001220703125,378.95001220703125,4650434
2025-12-04,374.1044921875,379.04998779296875,379.75,373.79998779296875,375.0,3135061
2025-12-05,374.9927673339844,379.95001220703125,380.6499938964844,376.5,378.8999938964844,3154258
2025-12-08,372.42669677734375,377.3500061035156,380.8999938964844,375.54998779296875,380.8999938964844,3911363
2025-12-09,374.40057373046875,379.3500061035156,381.20001220703125,373.3500061035156,375.1000061035156,4242651
2025-12-10,377.1640319824219,382.1499938964844,382.8999938964844,378.25,378.5,4752336
2025-12-11,378.98992919921875,384.0,385.3500061035156,380.5,382.3500061035156,2695140
2025-12-12,378.348388671875,383.3500061035156,385.75,382.25,384.54998779296875,1410201
2025-12-15,379.4340515136719,384.45001220703125,385.0,380.1000061035156,384.0,1870236
2025-12-16,376.6212463378906,381.6000061035156,384.20001220703125,378.3500061035156,384.0,5109787
2025-12-17,379.7301330566406,384.75,385.5,380.79998779296875,380.8500061035156,3651138
2025-12-18,380.27294921875,385.29998779296875,386.5,382.8500061035156,384.3999938964844,2379619
2025-12-19,380.56903076171875,385.6000061035156,387.3500061035156,383.5,385.0,3611941
2025-12-22,381.2105712890625,386.25,386.95001220703125,384.04998779296875,385.6000061035156,3112021
2025-12-23,395.1759338378906,400.3999938964844,400.95001220703125,386.45001220703125,387.45001220703125,18487395
2025-12-24,397.1004943847656,402.3500061035156,412.3999938964844,401.75,403.79998779296875,17624423
2025-12-26,396.9031066894531,402.1499938964844,408.3999938964844,400.6000061035156,403.79998779296875,5435637
2025-12-29,395.42266845703125,400.6499938964844,405.5,399.0,404.0,6105510
2025-12-30,392.8072509765625,398.0,400.20001220703125,395.5,400.0,4418163
2025-12-31,393.7942199707031,399.0,404.0,397.54998779296875,398.3999938964844,4644679
2026-01-01,395.2253112792969,400.45001220703125,402.79998779296875,398.25,399.0,3161157
2026-01-02,422.317138671875,427.8999938964844,429.5,401.0,401.3500061035156,35090129
2026-01-05,421.8730163574219,427.45001220703125,436.70001220703125,423.5,430.95001220703125,17258568
2026-01-06,421.47821044921875,427.04998779296875,431.29998779296875,424.70001220703125,427.0,6308113
2026-01-07,426.0182189941406,431.6499938964844,432.45001220703125,423.6499938964844,426.95001220703125,8920605
2026-01-08,419.70172119140625,425.25,434.0,423.45001220703125,431.6499938964844,5991259
2026-01-09,412.8917541503906,418.3500061035156,428.3500061035156,417.20001220703125,423.70001220703125,7306605
2026-01-12,426.65972900390625,432.29998779296875,433.1499938964844,415.6499938964844,418.8999938964844,14407896
2026-01-13,423.3041076660156,428.8999938964844,435.79998779296875,425.6000061035156,434.0,7104004
2026-01-14,426.5610656738281,432.20001220703125,442.0,427.3999938964844,428.0,17125550
2026-01-15,426.5610656738281,432.20001220703125,432.20001220703125,432.20001220703125,432.20001220703125,0
2026-01-16,425.376708984375,431.0,433.6000061035156,428.0,432.20001220703125,6410141
2026-01-19,424.53778076171875,430.1499938964844,432.8500061035156,428.3500061035156,431.0,7105031
2026-01-20,409.88153076171875,415.29998779296875,430.95001220703125,413.54998779296875,430.1000061035156,6768420
2026-01-21,408.6478271484375,414.04998779296875,419.6499938964844,411.54998779296875,414.95001220703125,7312100
2026-01-22,417.678466796875,423.20001220703125,426.8500061035156,417.1499938964844,417.1499938964844,11497522
2026-01-23,412.94110107421875,418.3999938964844,425.79998779296875,415.3999938964844,424.0,6520896
2026-01-27,417.38238525390625,422.8999938964844,426.95001220703125,418.8999938964844,421.0,8749844
2026-01-28,438.25640869140625,444.04998779296875,445.95001220703125,421.6000061035156,423.5,17496873
2026-01-29,449.80377197265625,455.75,461.54998779296875,442.54998779296875,446.0,16915601
2026-01-30,434.9994812011719,440.75,453.95001220703125,437.0,453.95001220703125,10191610
2026-02-02,417.97454833984375,423.5,425.5,413.0,419.0,9618062
2026-02-03,423.7975769042969,429.3999938964844,437.0,419.95001220703125,437.0,13955805
2026-02-04,429.2257995605469,434.8999938964844,441.3999938964844,428.45001220703125,431.5,11476290
2026-02-05,426.2156066894531,431.8500061035156,437.79998779296875,427.70001220703125,437.0,5252658
2026-02-06,427.1531982421875,432.79998779296875,434.20001220703125,427.04998779296875,430.54998779296875,4738027
2026-02-09,426.06756591796875,431.70001220703125,434.79998779296875,429.79998779296875,434.0,4512635
2026-02-10,425.3273620605469,430.95001220703125,433.75,428.70001220703125,432.0,5103221
2026-02-11,417.7278137207031,423.25,427.95001220703125,420.29998779296875,426.20001220703125,5715603
2026-02-12,413.6813049316406,419.1499938964844,425.95001220703125,416.1499938964844,423.75,5987886
2026-02-13,403.6144104003906,408.95001220703125,417.6000061035156,408.1000061035156,412.29998779296875,8190851
2026-02-16,416.98760986328125,422.5,423.8500061035156,406.6000061035156,408.0,9719418
2026-02-17,416.04998779296875,421.54998779296875,424.6000061035156,418.5,422.25,4564907
2026-02-18,418.0,418.0,418.79998779296875,413.1000061035156,418.45001220703125,4872345
2026-02-19,416.1499938964844,416.1499938964844,419.8500061035156,414.6000061035156,418.0,3824366
2026-02-20,423.54998779296875,423.54998779296875,425.5,415.04998779296875,416.0,8843227
2026-02-23,426.0,426.0,427.5,418.95001220703125,426.0,6515765
2026-02-24,430.95001220703125,430.95001220703125,432.0,422.1000061035156,424.0,8950772
2026-02-25,438.6000061035156,438.6000061035156,439.6499938964844,428.54998779296875,430.95001220703125,8935314
2026-02-26,433.5,433.5,439.54998779296875,429.5,438.75,8650353
2026-02-27,430.6499938964844,430.6499938964844,434.3999938964844,425.45001220703125,432.79998779296875,8147373
2026-03-02,426.25,426.25,429.6000061035156,416.0,417.8999938964844,7498197
2026-03-04,435.1499938964844,435.1499938964844,437.8999938964844,426.0,426.0,18921256
2026-03-05,449.3999938964844,449.3999938964844,458.5,440.0,440.1499938964844,30106255
2026-03-06,440.45001220703125,440.45001220703125,451.6000061035156,438.6000061035156,451.1499938964844,10553695
2026-03-09,437.6499938964844,437.6499938964844,447.20001220703125,434.79998779296875,439.0,15824576
2026-03-10,443.54998779296875,443.54998779296875,444.8999938964844,433.75,444.79998779296875,10860312
2026-03-11,446.75,446.75,453.8999938964844,445.1499938964844,447.0,9975869
2026-03-12,470.1000061035156,470.1000061035156,474.0,445.0,446.75,27328045
2026-03-13,467.0,467.0,476.0,462.29998779296875,473.0,20216953
2026-03-16,460.29998779296875,460.29998779296875,470.79998779296875,456.0,467.0,12312203
2026-03-17,462.25,462.25,465.5,458.0,460.29998779296875,9193238
2026-03-18,455.20001220703125,455.20001220703125,462.8500061035156,449.20001220703125,462.25,9539041
2026-03-19,454.20001220703125,454.20001220703125,460.0,450.6499938964844,450.8999938964844,10192726
2026-03-20,468.1499938964844,468.1499938964844,472.3999938964844,456.20001220703125,456.70001220703125,23878653
2026-03-23,455.25,455.25,466.0,450.6499938964844,466.0,10163783
2026-03-24,442.1000061035156,442.1000061035156,463.0,439.0,463.0,20320746
2026-03-25,443.70001220703125,443.70001220703125,446.3999938964844,438.79998779296875,443.54998779296875,8630612
2026-03-27,445.04998779296875,445.04998779296875,448.5,441.04998779296875,446.0,17184280
2026-03-30,450.45001220703125,450.45001220703125,459.8999938964844,443.1000061035156,445.04998779296875,19114688
2026-04-01,449.3999938964844,449.3999938964844,464.8500061035156,446.79998779296875,464.0,14960312
2026-04-02,449.3500061035156,449.3500061035156,453.29998779296875,440.5,448.3999938964844,6701003
2026-04-06,459.54998779296875,459.54998779296875,461.45001220703125,447.3999938964844,449.29998779296875,12403745
2026-04-07,463.0,463.0,463.79998779296875,455.29998779296875,458.04998779296875,11316785
2026-04-08,449.25,449.25,464.0,447.0,464.0,20653569
2026-04-09,454.1000061035156,454.1000061035156,456.20001220703125,447.8500061035156,449.25,9468415
2026-04-10,434.1000061035156,434.1000061035156,459.6000061035156,427.5,455.0,29605732
2026-04-13,435.1000061035156,435.1000061035156,439.5,431.5,435.0,18702296
2026-04-15,435.79998779296875,435.79998779296875,439.0,431.3999938964844,439.0,10149319
2026-04-16,432.75,432.75,436.95001220703125,430.5,436.5,11776638
2026-04-17,438.75,438.75,440.1499938964844,430.5,432.79998779296875,10733309
2026-04-20,441.75,441.75,443.70001220703125,433.29998779296875,438.6000061035156,8090840
2026-04-21,443.1499938964844,443.1499938964844,445.29998779296875,441.8999938964844,442.29998779296875,5336558
2026-04-22,444.1499938964844,444.1499938964844,447.75,442.5,443.79998779296875,6991939
2026-04-23,450.6499938964844,450.6499938964844,451.5,442.6499938964844,444.25,8989280
2026-04-24,456.0,456.0,462.0,451.04998779296875,452.75,16441909
2026-04-27,452.5,452.5,460.6499938964844,450.6499938964844,458.5,6922067
2026-04-28,467.0,467.0,473.8999938964844,456.20001220703125,456.20001220703125,26732373
2026-04-29,479.8999938964844,479.8999938964844,485.70001220703125,464.04998779296875,469.8500061035156,18063862
2026-04-30,481.45001220703125,481.45001220703125,491.25,478.3999938964844,484.45001220703125,16935052
2026-05-01,481.45001220703125,481.45001220703125,481.45001220703125,481.45001220703125,481.45001220703125,0
2026-05-04,479.95001220703125,479.95001220703125,487.0,475.6000061035156,481.6000061035156,7757497
2026-05-05,472.6000061035156,472.6000061035156,480.0,471.20001220703125,479.95001220703125,6946902
2026-05-06,470.20001220703125,470.20001220703125,477.5,468.04998779296875,473.8500061035156,8596697
2026-05-07,466.6499938964844,466.6499938964844,472.8500061035156,456.1000061035156,470.20001220703125,24264105
2026-05-08,456.3999938964844,456.3999938964844,463.3500061035156,454.8999938964844,461.20001220703125,15767759
2026-05-11,464.45001220703125,464.45001220703125,465.75,452.8500061035156,456.0,6258261
2026-05-12,463.04998779296875,463.04998779296875,469.0,461.6499938964844,465.0,6464174
2026-05-13,462.25,462.25,473.6000061035156,459.5,463.25,12091924
2026-05-14,454.04998779296875,454.04998779296875,469.79998779296875,451.45001220703125,464.0,11408675
2026-05-15,462.20001220703125,462.20001220703125,468.5,455.25,457.0,7859575
2026-05-18,462.1000061035156,462.1000061035156,468.5,457.04998779296875,462.0,7735499
2026-05-19,456.95001220703125,456.95001220703125,463.25,454.0,462.1000061035156,7319865
2026-05-20,458.70001220703125,458.70001220703125,460.04998779296875,452.70001220703125,456.0,3756072
2026-05-21,460.20001220703125,460.20001220703125,465.25,457.25,458.70001220703125,7425043
2026-05-22,456.54998779296875,456.54998779296875,462.8500061035156,456.0,460.0,9201635
2026-05-25,458.0,458.0,462.54998779296875,456.0,460.0,8441223
2026-05-26,458.1499938964844,458.1499938964844,475.6499938964844,455.0,458.0,17073323
2026-05-27,463.04998779296875,463.04998779296875,468.29998779296875,428.3999938964844,429.0,117042535
2026-05-28,463.04998779296875,463.04998779296875,463.04998779296875,463.04998779296875,463.04998779296875,0
2026-05-29,457.8999938964844,457.8999938964844,474.0,455.8999938964844,458.8999938964844,97895486
2026-06-01,472.6000061035156,472.6000061035156,477.0,456.54998779296875,456.54998779296875,47716517
2026-06-02,472.1499938964844,472.1499938964844,474.95001220703125,463.29998779296875,469.8500061035156,24933269
2026-06-03,472.29998779296875,472.29998779296875,478.54998779296875,466.20001220703125,471.8999938964844,15291450
2026-06-04,481.6499938964844,481.6499938964844,484.45001220703125,472.8500061035156,473.0,16059802
2026-06-05,472.29998779296875,472.29998779296875,483.6000061035156,469.1000061035156,483.29998779296875,9592529
2026-06-08,464.8999938964844,464.8999938964844,470.6000061035156,463.95001220703125,465.0,10074583
2026-06-09,466.8999938964844,466.8999938964844,467.54998779296875,458.3999938964844,464.8999938964844,10972434
2026-06-10,451.0,451.0,467.3999938964844,450.20001220703125,465.20001220703125,8127902
2026-06-11,446.20001220703125,446.20001220703125,452.0,445.04998779296875,451.0,6034733
