Date,Adj Close,Close,High,Low,Open,Volume
,DRREDDY.NS,DRREDDY.NS,DRREDDY.NS,DRREDDY.NS,DRREDDY.NS,DRREDDY.NS
2021-01-01,1015.8335571289062,1048.27001953125,1050.969970703125,1040.0,1043.449951171875,2915215
2021-01-04,1021.8222045898438,1054.449951171875,1061.6700439453125,1048.27001953125,1052.0,3923440
2021-01-05,1024.661865234375,1057.3800048828125,1067.4000244140625,1045.3900146484375,1048.0,4770920
2021-01-06,1024.9329833984375,1057.6600341796875,1063.0,1045.199951171875,1057.3800048828125,2713390
2021-01-07,1021.5607299804688,1054.1800537109375,1065.0,1050.5999755859375,1060.199951171875,3266465
2021-01-08,1034.6138916015625,1067.6500244140625,1072.0,1055.800048828125,1059.97998046875,4045915
2021-01-11,1049.8377685546875,1083.3599853515625,1085.4000244140625,1065.199951171875,1068.800048828125,4599235
2021-01-12,1037.6373291015625,1070.77001953125,1088.699951171875,1065.8900146484375,1088.18994140625,3741860
2021-01-13,1025.262451171875,1058.0,1075.0,1047.5999755859375,1073.0,3296060
2021-01-14,1028.9254150390625,1061.780029296875,1065.5999755859375,1053.0,1060.97998046875,2674860
2021-01-15,1010.3003540039062,1042.56005859375,1063.0,1039.1199951171875,1063.0,2577605
2021-01-18,979.1547241210938,1010.4199829101562,1047.5899658203125,1007.0,1046.199951171875,4412055
2021-01-19,986.2870483398438,1017.780029296875,1020.989990234375,1007.3099975585938,1017.5999755859375,3990495
2021-01-20,984.6881103515625,1016.1300048828125,1031.949951171875,1013.010009765625,1020.4600219726562,3398145
2021-01-21,979.1741333007812,1010.4400024414062,1027.5999755859375,1006.780029296875,1022.0,2906620
2021-01-22,976.2088623046875,1007.3800048828125,1021.0700073242188,997.0,1009.75,3815610
2021-01-25,985.0272216796875,1016.47998046875,1025.6800537109375,992.0,1008.4000244140625,3588895
2021-01-27,951.4784545898438,981.8599853515625,1010.47998046875,966.5599975585938,1010.47998046875,5261980
2021-01-28,944.2105102539062,974.3599853515625,980.7899780273438,955.4000244140625,969.0,5165470
2021-01-29,892.0558471679688,920.5399780273438,983.0,910.0,978.0,14820975
2021-02-01,858.22607421875,885.6300048828125,915.530029296875,878.6099853515625,912.010009765625,12951700
2021-02-02,868.7597045898438,896.5,905.5999755859375,876.2000122070312,893.7999877929688,18375530
2021-02-03,901.1359252929688,929.9099731445312,952.3200073242188,908.489990234375,915.7899780273438,17227025
2021-02-04,904.7021484375,933.5900268554688,941.2000122070312,924.4199829101562,938.5999755859375,6508800
2021-02-05,930.4693603515625,960.1799926757812,966.0,925.1300048828125,937.0,12038405
2021-02-08,941.8848266601562,971.9600219726562,981.989990234375,965.0,973.0,10792890
2021-02-09,938.8419189453125,968.8200073242188,979.1400146484375,961.0,970.0,6233845
2021-02-10,934.9560546875,964.8099975585938,976.8200073242188,952.2000122070312,969.0,5767115
2021-02-11,935.1498413085938,965.010009765625,972.0,962.0,964.2000122070312,3557750
2021-02-12,928.744384765625,958.4000244140625,971.9600219726562,957.0,971.9600219726562,2504510
2021-02-15,912.82275390625,941.969970703125,966.7100219726562,940.010009765625,958.4000244140625,4923205
2021-02-16,910.2547607421875,939.3200073242188,952.3200073242188,934.0,945.7999877929688,4064700
2021-02-17,891.63916015625,920.1099853515625,941.989990234375,916.0,939.3200073242188,5106775
2021-02-18,894.8177490234375,923.3900146484375,932.77001953125,912.0,921.4000244140625,5147530
2021-02-19,907.3185424804688,936.2899780273438,945.5999755859375,906.0,920.4000244140625,6392670
2021-02-22,866.1917114257812,893.8499755859375,945.3900146484375,888.6300048828125,941.5999755859375,6976565
2021-02-23,871.2115478515625,899.030029296875,906.8599853515625,884.0999755859375,899.5999755859375,5317090
2021-02-24,859.6602172851562,887.1099853515625,904.75,875.4000244140625,899.030029296875,3677930
2021-02-25,868.3043212890625,896.030029296875,918.0,884.22998046875,884.22998046875,8531875
2021-02-26,857.9160766601562,885.3099975585938,911.719970703125,881.0,892.0,7534450
2021-03-01,863.1198120117188,890.6799926757812,895.5999755859375,880.0499877929688,889.0,3545365
2021-03-02,853.6812744140625,880.9400024414062,895.97998046875,878.030029296875,894.6799926757812,9188390
2021-03-03,872.645751953125,900.510009765625,903.1500244140625,885.2000122070312,893.0,4253070
2021-03-04,886.6969604492188,915.010009765625,916.6699829101562,888.7999877929688,896.4000244140625,7364955
2021-03-05,870.6978759765625,898.5,912.0,896.7999877929688,910.0,4131845
2021-03-08,870.6494140625,898.4500122070312,904.4000244140625,892.5999755859375,900.0,2782080
2021-03-09,862.1314086914062,889.6599731445312,904.0,883.2999877929688,900.1900024414062,2715590
2021-03-10,872.2289428710938,900.0800170898438,903.969970703125,891.2100219726562,899.2000122070312,3149805
2021-03-12,857.9063110351562,885.2999877929688,905.989990234375,880.6199951171875,904.0,3439260
2021-03-15,841.5777587890625,868.4500122070312,892.4400024414062,857.0,892.0,4608715
2021-03-16,862.4027709960938,889.9400024414062,893.3400268554688,873.0,876.02001953125,4678635
2021-03-17,844.2135009765625,871.1699829101562,893.0,868.8599853515625,889.9400024414062,4769865
2021-03-18,816.4791259765625,842.5499877929688,875.7000122070312,839.010009765625,874.0,6054535
2021-03-19,828.4373168945312,854.8900146484375,861.0700073242188,827.0,842.0,7062075
2021-03-22,843.8453369140625,870.7899780273438,873.5900268554688,853.6500244140625,855.3800048828125,4336515
2021-03-23,847.39208984375,874.4500122070312,880.5999755859375,864.4199829101562,870.0,3326180
2021-03-24,843.1766967773438,870.0999755859375,883.7999877929688,866.27001953125,870.0499877929688,3912020
2021-03-25,849.0006103515625,876.1099853515625,880.4299926757812,856.9500122070312,870.0,4707080
2021-03-26,853.9331665039062,881.2000122070312,884.5999755859375,869.5399780273438,884.0,3626590
2021-03-30,875.6788330078125,903.6400146484375,905.489990234375,884.2100219726562,885.989990234375,4331625
2021-03-31,875.25244140625,903.2000122070312,909.3400268554688,896.2000122070312,902.0,3862550
2021-04-01,889.1390991210938,917.530029296875,918.989990234375,904.4099731445312,910.0,3238200
2021-04-05,883.1211547851562,911.3200073242188,916.7999877929688,884.780029296875,912.0,3661290
2021-04-06,895.263427734375,923.8499755859375,927.97998046875,908.4000244140625,911.7999877929688,3711470
2021-04-07,909.4892578125,938.530029296875,946.7999877929688,928.2000122070312,932.4600219726562,5568060
2021-04-08,908.79150390625,937.8099975585938,951.2000122070312,932.239990234375,938.5499877929688,3303175
2021-04-09,922.6005859375,952.0599975585938,958.7999877929688,938.25,938.5800170898438,6810735
2021-04-12,968.466064453125,999.3900146484375,1024.0,939.0,955.0,17568825
2021-04-13,925.8954467773438,955.4600219726562,1028.93994140625,950.219970703125,1028.93994140625,19686170
2021-04-15,939.1229858398438,969.1099853515625,975.010009765625,957.0,968.5800170898438,6934505
2021-04-16,948.3678588867188,978.6500244140625,988.0,963.0399780273438,972.760009765625,5990145
2021-04-19,962.8745727539062,993.6199951171875,1001.0,961.4099731445312,978.5999755859375,9219640
2021-04-20,999.4371337890625,1031.3499755859375,1042.1500244140625,1017.9000244140625,1020.0,17424880
2021-04-22,1007.7904663085938,1039.969970703125,1058.0,1031.800048828125,1035.989990234375,12120670
2021-04-23,981.984375,1013.3400268554688,1053.22998046875,1006.02001953125,1045.5999755859375,11774495
2021-04-26,981.984375,1013.3400268554688,1026.0,1006.0499877929688,1025.0,4752885
2021-04-27,980.1528930664062,1011.4500122070312,1023.2000122070312,1004.27001953125,1018.0999755859375,4789175
2021-04-28,977.672119140625,1008.8900146484375,1021.3800048828125,1006.0,1016.510009765625,4219765
2021-04-29,988.8841552734375,1020.4600219726562,1028.800048828125,1008.4600219726562,1014.0499877929688,5359655
2021-04-30,1000.6678466796875,1032.6199951171875,1042.199951171875,1025.030029296875,1028.0,6534750
2021-05-03,1005.0963134765625,1037.18994140625,1042.469970703125,1028.0,1038.7900390625,4689495
2021-05-04,982.0910034179688,1013.4500122070312,1044.5799560546875,1010.8699951171875,1042.199951171875,3978090
2021-05-05,1000.2510986328125,1032.18994140625,1040.4000244140625,1014.0,1022.0,5055995
2021-05-06,1001.7046508789062,1033.68994140625,1050.4000244140625,1026.0,1033.0,4891875
2021-05-07,1002.9159545898438,1034.93994140625,1049.800048828125,1033.199951171875,1039.989990234375,3924345
2021-05-10,1032.5400390625,1065.510009765625,1077.989990234375,1054.4000244140625,1076.0,11222420
2021-05-11,1026.4156494140625,1059.18994140625,1069.989990234375,1054.260009765625,1065.0,4724450
2021-05-12,1027.481689453125,1060.2900390625,1068.0,1055.0,1063.5999755859375,4400825
2021-05-14,1007.2088623046875,1039.3699951171875,1079.6800537109375,1032.0,1067.7099609375,14885055
2021-05-17,1017.5682373046875,1050.06005859375,1052.0,1029.0,1050.0,6846935
2021-05-18,1010.8138427734375,1043.0899658203125,1060.97998046875,1042.0,1058.050048828125,4550200
2021-05-19,1015.1455078125,1047.56005859375,1052.800048828125,1041.2099609375,1047.0,4594605
2021-05-20,1014.8547973632812,1047.260009765625,1057.199951171875,1045.0,1051.0,3879585
2021-05-21,1011.0076293945312,1043.2900390625,1053.9000244140625,1039.260009765625,1051.199951171875,3558170
2021-05-24,1021.8029174804688,1054.4300537109375,1059.800048828125,1045.3399658203125,1047.199951171875,3532490
2021-05-25,1029.371337890625,1062.239990234375,1064.0,1051.0,1057.8800048828125,3478075
2021-05-26,1024.332275390625,1057.0400390625,1067.0,1055.0,1064.0,2537400
2021-05-27,1021.1633911132812,1053.77001953125,1056.780029296875,1046.030029296875,1055.75,3891965
2021-05-28,1006.7632446289062,1038.9100341796875,1056.0,1030.0,1056.0,4373725
2021-05-31,1028.97412109375,1061.8299560546875,1067.050048828125,1034.22998046875,1043.4000244140625,4338240
2021-06-01,1030.3985595703125,1063.300048828125,1067.800048828125,1053.06005859375,1061.0,3736865
2021-06-02,1029.5941162109375,1062.469970703125,1070.800048828125,1056.5999755859375,1061.25,2729755
2021-06-03,1023.8185424804688,1056.510009765625,1068.0,1053.4000244140625,1062.0,2833590
2021-06-04,1018.4791259765625,1051.0,1058.0,1048.4000244140625,1056.510009765625,2007655
2021-06-07,1011.5405883789062,1043.8399658203125,1054.75,1042.5400390625,1052.199951171875,1819835
2021-06-08,1022.3067016601562,1054.949951171875,1059.1800537109375,1030.02001953125,1044.0,3663570
2021-06-09,1012.2384643554688,1044.56005859375,1062.0,1041.6099853515625,1055.5799560546875,2365525
2021-06-10,1025.6597900390625,1058.4100341796875,1060.0,1046.5,1046.5,1836400
2021-06-11,1056.8536376953125,1090.5999755859375,1097.97998046875,1057.7099609375,1060.0,7277420
2021-06-14,1058.47216796875,1092.27001953125,1103.0,1074.0,1090.5999755859375,4489710
2021-06-15,1048.6846923828125,1082.1700439453125,1096.6099853515625,1080.4000244140625,1095.0,2844075
2021-06-16,1047.763916015625,1081.219970703125,1091.5999755859375,1068.06005859375,1082.0,3492955
2021-06-17,1024.584228515625,1057.300048828125,1082.800048828125,1049.7099609375,1081.219970703125,3536160
2021-06-18,1024.080322265625,1056.780029296875,1069.0,1046.9599609375,1063.0,3487140
2021-06-21,1023.7119750976562,1056.4000244140625,1060.0,1045.4000244140625,1055.0,2077445
2021-06-22,1028.81884765625,1061.6700439453125,1064.0,1050.0999755859375,1057.0999755859375,2134275
2021-06-23,1027.0745849609375,1059.8699951171875,1069.989990234375,1057.43994140625,1064.4000244140625,2055715
2021-06-24,1022.8690795898438,1055.530029296875,1062.989990234375,1050.010009765625,1059.800048828125,1830910
2021-06-25,1029.0029296875,1061.8599853515625,1067.199951171875,1053.4000244140625,1055.4000244140625,2320365
2021-06-28,1047.405517578125,1080.8499755859375,1083.989990234375,1062.510009765625,1065.800048828125,2964815
2021-06-29,1052.9969482421875,1086.6199951171875,1090.989990234375,1076.0,1082.199951171875,2881305
2021-06-30,1051.0491943359375,1084.6099853515625,1093.760009765625,1081.0,1087.800048828125,2340440
2021-07-01,1077.3009033203125,1111.699951171875,1116.0,1082.47998046875,1085.199951171875,4157750
2021-07-02,1080.63427734375,1115.1400146484375,1120.0,1102.300048828125,1116.0,2858690
2021-07-05,1073.308349609375,1107.5799560546875,1119.199951171875,1106.3900146484375,1115.239990234375,1486705
2021-07-06,1073.6087646484375,1107.8900146484375,1112.239990234375,1102.800048828125,1107.9599609375,890540
2021-07-07,1077.998779296875,1112.4200439453125,1122.9200439453125,1103.010009765625,1105.800048828125,2692540
2021-07-08,1059.5185546875,1093.3499755859375,1117.5999755859375,1089.9200439453125,1108.0,2255835
2021-07-09,1063.1304931640625,1092.06005859375,1104.050048828125,1083.3900146484375,1089.5999755859375,2304980
2021-07-12,1069.750244140625,1098.8599853515625,1100.0,1088.0,1099.97998046875,913295
2021-07-13,1058.6134033203125,1087.4200439453125,1106.800048828125,1085.800048828125,1098.8599853515625,1852410
2021-07-14,1049.6083984375,1078.1700439453125,1091.780029296875,1073.5,1087.4200439453125,2506775
2021-07-15,1050.1534423828125,1078.72998046875,1087.699951171875,1074.239990234375,1082.0,1518410
2021-07-16,1052.665283203125,1081.31005859375,1090.0,1076.77001953125,1078.5999755859375,2189520
2021-07-19,1055.1573486328125,1083.8699951171875,1089.0,1076.4200439453125,1079.5999755859375,1204290
2021-07-20,1040.4964599609375,1068.81005859375,1087.199951171875,1064.52001953125,1087.199951171875,1322140
2021-07-22,1048.3720703125,1076.9000244140625,1078.800048828125,1065.31005859375,1078.800048828125,929240
2021-07-23,1055.70263671875,1084.4300537109375,1086.4000244140625,1072.02001953125,1076.300048828125,1533805
2021-07-26,1053.580322265625,1082.25,1089.4000244140625,1079.9599609375,1083.800048828125,934695
2021-07-27,943.0090942382812,968.6699829101562,1088.989990234375,956.0,1087.5999755859375,29369105
2021-07-28,921.2803344726562,946.3499755859375,974.969970703125,933.2999877929688,973.989990234375,16190650
2021-07-29,909.7734985351562,934.530029296875,953.0,932.0,950.0,5434680
2021-07-30,917.2792358398438,942.239990234375,961.0,935.52001953125,937.0,6866000
2021-08-02,915.4003295898438,940.3099975585938,950.0999755859375,937.52001953125,947.7999877929688,3781730
2021-08-03,919.3236694335938,944.3400268554688,945.8900146484375,938.3400268554688,945.6799926757812,2991305
2021-08-04,928.4940795898438,953.760009765625,962.0,945.1199951171875,945.1199951171875,5520990
2021-08-05,931.12255859375,956.4600219726562,961.7999877929688,948.4000244140625,958.7999877929688,2969750
2021-08-06,931.9013671875,957.260009765625,961.25,951.260009765625,959.6799926757812,1998185
2021-08-09,938.1708374023438,963.7000122070312,966.760009765625,951.8599853515625,959.0,2717725
2021-08-10,928.6790771484375,953.9500122070312,971.77001953125,946.7100219726562,967.7999877929688,3083355
2021-08-11,923.8309326171875,948.969970703125,953.3900146484375,938.0,953.0,2633925
2021-08-12,918.2916870117188,943.280029296875,950.6599731445312,938.0999755859375,949.8800048828125,3107090
2021-08-13,905.7918701171875,930.4400024414062,947.1599731445312,926.4000244140625,944.4199829101562,3969475
2021-08-16,907.5343627929688,932.22998046875,937.3300170898438,921.7999877929688,928.0,2096145
2021-08-17,915.1959228515625,940.0999755859375,943.8400268554688,932.22998046875,933.0,2130070
2021-08-18,912.5771484375,937.4099731445312,951.010009765625,935.0,940.0,2768780
2021-08-20,887.0615234375,911.2000122070312,931.97998046875,901.5999755859375,931.97998046875,4134540
2021-08-23,879.049560546875,902.969970703125,919.7999877929688,900.0,919.7999877929688,2837575
2021-08-24,893.1751098632812,917.47998046875,919.1400146484375,889.1400146484375,910.4000244140625,3084680
2021-08-25,885.6887817382812,909.7899780273438,918.9199829101562,904.6699829101562,914.0,2220705
2021-08-26,876.8397216796875,900.7000122070312,910.97998046875,897.280029296875,909.7899780273438,2408595
2021-08-27,895.7354736328125,920.1099853515625,922.1599731445312,901.2000122070312,901.2000122070312,2816975
2021-08-30,910.7860107421875,935.5700073242188,940.0,915.6099853515625,923.7999877929688,3141835
2021-08-31,915.8871459960938,940.8099975585938,944.3499755859375,930.0999755859375,935.5800170898438,3227635
2021-09-01,927.4524536132812,952.6900024414062,956.8900146484375,937.4000244140625,947.7999877929688,2814755
2021-09-02,946.1924438476562,971.9400024414062,980.8800048828125,962.0,962.2000122070312,6299320
2021-09-03,953.7567138671875,979.7100219726562,981.8499755859375,972.4600219726562,975.239990234375,2156575
2021-09-06,957.1444091796875,983.1900024414062,988.6599731445312,974.2899780273438,988.0,3080995
2021-09-07,953.5424194335938,979.489990234375,985.1900024414062,971.1099853515625,983.0,2101070
2021-09-08,956.2390747070312,982.260009765625,988.0,972.260009765625,983.0,2500145
2021-09-09,956.3850708007812,982.4099731445312,984.489990234375,975.4199829101562,977.0,1812055
2021-09-13,960.152587890625,986.280029296875,989.4400024414062,974.6199951171875,985.780029296875,1493265
2021-09-14,960.0260620117188,986.1500244140625,997.7999877929688,984.75,989.97998046875,1549905
2021-09-15,966.227294921875,992.52001953125,995.0,983.780029296875,987.4000244140625,1601600
2021-09-16,960.2597045898438,986.3900146484375,999.2999877929688,983.3099975585938,996.2000122070312,1482575
2021-09-17,951.03076171875,976.9099731445312,991.5499877929688,973.8099975585938,986.5999755859375,2274150
2021-09-20,929.6914672851562,954.989990234375,977.1099853515625,949.6400146484375,975.0,1660330
2021-09-21,945.0144653320312,970.72998046875,972.7999877929688,949.0499877929688,953.75,1701950
2021-09-22,943.5932006835938,969.27001953125,975.760009765625,962.4099731445312,970.8400268554688,1253645
2021-09-23,934.0431518554688,959.4600219726562,973.719970703125,954.0,973.3800048828125,2800365
2021-09-24,932.68994140625,958.0700073242188,964.219970703125,955.6099853515625,961.2000122070312,1258075
2021-09-27,932.9430541992188,958.3300170898438,961.1300048828125,946.5999755859375,959.4600219726562,1130285
2021-09-28,941.0231323242188,966.6300048828125,970.8200073242188,951.02001953125,961.97998046875,1527230
2021-09-29,950.3396606445312,976.2000122070312,984.5800170898438,958.3300170898438,966.5999755859375,3275350
2021-09-30,950.2811889648438,976.1400146484375,997.0,973.0900268554688,977.97998046875,3880075
2021-10-01,964.9130859375,991.1699829101562,994.0,970.4500122070312,970.5999755859375,1710665
2021-10-04,981.8228759765625,1008.5399780273438,1015.4000244140625,990.0,991.0,3801765
2021-10-05,980.2457885742188,1006.9199829101562,1010.0,994.0,1007.4199829101562,1774235
2021-10-06,965.05908203125,991.3200073242188,1008.4400024414062,981.3599853515625,1003.5,2646320
2021-10-07,952.3060913085938,978.219970703125,997.97998046875,976.5900268554688,995.1799926757812,1719870
2021-10-08,944.1481323242188,969.8400268554688,989.3300170898438,964.2000122070312,981.3300170898438,1741550
2021-10-11,952.9389038085938,978.8699951171875,984.2999877929688,965.5800170898438,974.0,3440320
2021-10-12,956.0443725585938,982.0599975585938,991.4000244140625,971.2000122070312,980.0,1427440
2021-10-13,959.5782470703125,985.6900024414062,989.2000122070312,978.02001953125,981.7999877929688,1207980
2021-10-14,965.4679565429688,991.739990234375,1001.9299926757812,982.8099975585938,984.7999877929688,1460300
2021-10-18,949.6581420898438,975.5,994.989990234375,973.1300048828125,989.0,1668255
2021-10-19,934.9192504882812,960.3599853515625,984.0,958.0,981.0,2698595
2021-10-20,925.5930786132812,950.780029296875,968.8900146484375,943.5999755859375,960.2100219726562,1580485
2021-10-21,905.6847534179688,930.3300170898438,957.760009765625,920.0,956.0,2584000
2021-10-22,902.9199829101562,927.489990234375,937.5599975585938,918.6500244140625,931.0,1814980
2021-10-25,910.4548950195312,935.22998046875,939.7999877929688,907.4000244140625,930.1799926757812,1380835
2021-10-26,908.5176391601562,933.239990234375,939.760009765625,927.4000244140625,939.0,1363565
2021-10-27,907.8362426757812,932.5399780273438,945.5999755859375,929.4099731445312,931.0999755859375,1929040
2021-10-28,889.7776489257812,913.989990234375,937.9400024414062,910.2100219726562,935.0,1341975
2021-10-29,907.15478515625,931.8400268554688,983.5700073242188,905.2100219726562,918.5999755859375,9725820
2021-11-01,934.8510131835938,960.2899780273438,966.989990234375,925.8099975585938,937.0,3383505
2021-11-02,924.0743408203125,949.219970703125,960.7999877929688,944.4000244140625,959.969970703125,2046660
2021-11-03,929.049072265625,954.3300170898438,959.6500244140625,950.7100219726562,951.7999877929688,1862160
2021-11-04,927.9780883789062,953.22998046875,957.72998046875,950.7999877929688,955.0,104180
2021-11-08,932.3783569335938,957.75,962.030029296875,940.219970703125,952.0,1191260
2021-11-09,933.0792846679688,958.469970703125,967.0,955.0599975585938,958.0,1249435
2021-11-10,940.2832641601562,965.8699951171875,969.989990234375,954.7999877929688,956.8200073242188,1711170
2021-11-11,937.4795532226562,962.989990234375,969.8699951171875,956.7999877929688,966.2000122070312,1586300
2021-11-12,942.9895629882812,968.6500244140625,974.0,963.0,970.0,1166710
2021-11-15,948.9085693359375,974.72998046875,979.7999877929688,966.6099853515625,968.2000122070312,1337395
2021-11-16,937.9955444335938,963.52001953125,980.2000122070312,959.469970703125,980.2000122070312,1679855
2021-11-17,928.3966674804688,953.6599731445312,964.969970703125,950.02001953125,963.52001953125,983295
2021-11-18,909.539794921875,934.2899780273438,953.5399780273438,930.219970703125,951.9600219726562,1168320
2021-11-22,897.108154296875,921.52001953125,937.9199829101562,916.3200073242188,935.2899780273438,910090
2021-11-23,901.8491821289062,926.3900146484375,932.3699951171875,910.2999877929688,920.0,1063495
2021-11-24,895.2487182617188,919.6099853515625,930.719970703125,917.3200073242188,925.780029296875,996290
2021-11-25,893.992919921875,918.3200073242188,939.2000122070312,917.0,922.7999877929688,2726870
2021-11-26,925.0089111328125,950.1799926757812,964.0,915.22998046875,916.0,5361365
2021-11-29,914.6312866210938,939.52001953125,977.0,933.1199951171875,970.0,4500925
2021-11-30,910.3965454101562,935.1699829101562,949.6500244140625,930.0,942.780029296875,3589115
2021-12-01,896.8648071289062,921.27001953125,942.47998046875,918.0,939.2000122070312,2127105
2021-12-02,907.8458862304688,932.5499877929688,933.7999877929688,921.8099975585938,921.97998046875,1163740
2021-12-03,894.9468994140625,919.2999877929688,932.7999877929688,916.5999755859375,930.4400024414062,2738865
2021-12-06,875.9050903320312,899.739990234375,921.8499755859375,896.8599853515625,921.8499755859375,1336375
2021-12-07,880.1885986328125,904.1400146484375,910.0,888.260009765625,904.0,2662500
2021-12-08,889.9236450195312,914.1400146484375,917.9400024414062,905.4500122070312,905.4500122070312,979280
2021-12-09,894.5088500976562,918.8499755859375,923.5900268554688,913.0700073242188,920.0,1130885
2021-12-10,894.3239135742188,918.6599731445312,923.9000244140625,914.7000122070312,922.0,802565
2021-12-13,895.5894775390625,919.9600219726562,935.5999755859375,913.2899780273438,935.5999755859375,1355025
2021-12-14,904.6917724609375,929.3099975585938,932.0,915.4199829101562,919.2000122070312,1195915
2021-12-15,895.6868286132812,920.0599975585938,929.3099975585938,914.4600219726562,929.02001953125,1537725
2021-12-16,895.1124877929688,919.469970703125,927.7899780273438,914.0,926.0,1006605
2021-12-17,879.6531982421875,903.5900268554688,929.5999755859375,899.3599853515625,926.0,2417560
2021-12-20,887.9766235351562,912.1400146484375,915.0,892.4000244140625,899.239990234375,1708885
2021-12-21,899.6976928710938,924.1799926757812,925.8400268554688,908.760009765625,912.2100219726562,1293770
2021-12-22,905.0714721679688,929.7000122070312,935.8599853515625,922.0,928.0,1068395
2021-12-23,914.086181640625,938.9600219726562,940.0,931.02001953125,934.739990234375,831200
2021-12-24,903.1536865234375,927.72998046875,946.0,922.2000122070312,945.0,1259130
2021-12-27,922.2830810546875,947.3800048828125,949.0,924.219970703125,924.8200073242188,1696340
2021-12-28,923.6265258789062,948.760009765625,954.719970703125,940.6099853515625,947.3800048828125,3342970
2021-12-29,941.0231323242188,966.6300048828125,969.6300048828125,948.760009765625,948.760009765625,2528020
2021-12-30,954.9541015625,980.9400024414062,985.5900268554688,965.010009765625,966.0,2765730
2021-12-31,955.4019165039062,981.4000244140625,986.2100219726562,975.2999877929688,980.7999877929688,1442840
2022-01-03,944.917236328125,970.6300048828125,986.0599975585938,969.5399780273438,981.4000244140625,1463005
2022-01-04,941.470947265625,967.0900268554688,978.5800170898438,965.0,972.2000122070312,1267190
2022-01-05,932.6996459960938,958.0800170898438,980.9199829101562,951.4099731445312,976.0,2684010
2022-01-06,922.7796020507812,947.8900146484375,967.2100219726562,945.6599731445312,958.0800170898438,1908215
2022-01-07,916.7340698242188,941.6799926757812,953.8900146484375,938.0,953.8900146484375,1335615
2022-01-10,914.9136962890625,939.8099975585938,945.6799926757812,931.030029296875,945.6799926757812,1575095
2022-01-11,909.1114501953125,933.8499755859375,947.97998046875,932.1099853515625,942.0,1547160
2022-01-12,913.8135986328125,938.6799926757812,940.6599731445312,926.7999877929688,936.0,1188845
2022-01-13,920.151123046875,945.1900024414062,951.9199829101562,936.9199829101562,940.0,2270255
2022-01-14,912.9957885742188,937.8400268554688,944.5999755859375,932.1099853515625,944.0399780273438,1594300
2022-01-17,909.7247924804688,934.47998046875,939.989990234375,921.0999755859375,933.0999755859375,2693245
2022-01-18,913.8427734375,938.7100219726562,944.8900146484375,924.2000122070312,934.0,2122640
2022-01-19,912.1682739257812,936.989990234375,946.8800048828125,930.989990234375,939.0,1539435
2022-01-20,893.983154296875,918.3099975585938,942.4000244140625,914.0,942.4000244140625,1588695
2022-01-21,875.4085693359375,899.22998046875,914.0,887.0,912.25,2787740
2022-01-24,849.7469482421875,872.8699951171875,897.9600219726562,862.2000122070312,897.219970703125,2782490
2022-01-25,857.2429809570312,880.5700073242188,883.7899780273438,860.2000122070312,872.8699951171875,1704510
2022-01-27,828.7191772460938,851.27001953125,873.030029296875,846.4000244140625,868.0,3527530
2022-01-28,821.369140625,843.719970703125,876.0,835.0900268554688,849.760009765625,6514920
2022-01-31,837.7630615234375,860.5599975585938,873.719970703125,848.010009765625,849.989990234375,3092775
2022-02-01,839.057861328125,861.8900146484375,865.280029296875,851.5999755859375,864.0,1858315
2022-02-02,859.6767578125,883.0700073242188,885.9500122070312,863.02001953125,865.0,1525005
2022-02-03,851.7523193359375,874.9299926757812,887.3900146484375,872.0,883.5999755859375,1107685
2022-02-04,847.3326416015625,870.3900146484375,881.2999877929688,867.4000244140625,880.9099731445312,1234965
2022-02-07,839.0091552734375,861.8400268554688,870.0,850.010009765625,864.0,1279790
2022-02-08,841.4915771484375,864.3900146484375,875.8699951171875,856.010009765625,861.7999877929688,1982015
2022-02-09,850.6036376953125,873.75,879.0,862.2999877929688,864.4400024414062,994400
2022-02-10,850.9832763671875,874.1400146484375,877.75,866.739990234375,877.0,1189325
2022-02-11,842.1632690429688,865.0800170898438,869.9099731445312,856.030029296875,862.2000122070312,1687690
2022-02-14,818.6432495117188,840.9199829101562,853.3200073242188,833.3499755859375,850.0,2246930
2022-02-15,832.8468017578125,855.510009765625,858.8900146484375,837.719970703125,846.7999877929688,1790055
2022-02-16,840.420654296875,863.2899780273438,874.5599975585938,848.7100219726562,855.5999755859375,1903065
2022-02-17,837.41259765625,860.2000122070312,867.0499877929688,858.6400146484375,864.5800170898438,1145155
2022-02-18,841.3358154296875,864.22998046875,868.5999755859375,852.9199829101562,856.0,1790540
2022-02-21,836.8771362304688,859.6500244140625,883.3300170898438,856.52001953125,875.2000122070312,2939755
2022-02-22,821.3497314453125,843.7000122070312,847.1199951171875,831.1400146484375,837.989990234375,2404200
2022-02-23,817.9326782226562,840.1900024414062,852.1300048828125,838.1699829101562,852.0,1857420
2022-02-24,796.8171997070312,818.5,829.7999877929688,809.989990234375,810.0,3485635
2022-02-25,813.191650390625,835.3200073242188,840.2000122070312,820.4199829101562,822.7999877929688,1527165
2022-02-28,791.1513671875,812.6799926757812,830.0,810.5,830.0,4914250
2022-03-02,750.21533203125,770.6300048828125,812.6799926757812,765.0,812.27001953125,7703175
2022-03-03,724.06689453125,743.77001953125,778.8499755859375,740.0,775.7999877929688,6673625
2022-03-04,745.4451293945312,765.72998046875,774.7899780273438,730.7999877929688,742.0,6040250
2022-03-07,733.9090576171875,753.8800048828125,758.3900146484375,733.5999755859375,749.7999877929688,3015430
2022-03-08,753.2138061523438,773.7100219726562,777.3900146484375,747.5700073242188,750.0,3920845
2022-03-09,765.2658081054688,786.0900268554688,796.260009765625,776.4400024414062,780.2999877929688,4046845
2022-03-10,757.8768310546875,778.5,797.2999877929688,775.1099853515625,795.0,3560495
2022-03-11,774.0565795898438,795.1199951171875,799.2000122070312,774.5999755859375,778.5999755859375,5566315
2022-03-14,770.4935302734375,791.4600219726562,798.9299926757812,785.0,792.2000122070312,2850290
2022-03-15,759.3079223632812,779.969970703125,799.7999877929688,776.0,791.5999755859375,2356470
2022-03-16,767.8650512695312,788.760009765625,794.7999877929688,778.0,794.7999877929688,1793880
2022-03-17,787.0139770507812,808.4299926757812,810.0,789.239990234375,793.02001953125,3862935
2022-03-21,779.7710571289062,800.989990234375,816.5900268554688,799.3499755859375,814.7999877929688,2008195
2022-03-22,784.7164916992188,806.0700073242188,811.3900146484375,794.0,804.2000122070312,6451110
2022-03-23,803.5928955078125,825.4600219726562,837.7899780273438,808.0,808.0,5220570
2022-03-24,842.7669067382812,865.7000122070312,869.7100219726562,820.2899780273438,822.5999755859375,8690735
2022-03-25,849.1823120117188,872.2899780273438,875.0,858.0,865.4000244140625,4321985
2022-03-28,834.385009765625,857.0900268554688,872.5900268554688,847.8300170898438,871.9600219726562,2484535
2022-03-29,841.8031005859375,864.7100219726562,871.1099853515625,849.4099731445312,858.7999877929688,2105420
2022-03-30,847.8096923828125,870.8800048828125,873.2999877929688,856.8200073242188,870.5599975585938,3084130
2022-03-31,836.33203125,859.0900268554688,877.5,856.02001953125,870.5999755859375,3058595
2022-04-01,833.2167358398438,855.8900146484375,866.9299926757812,852.5999755859375,859.0,1569355
2022-04-04,840.5570068359375,863.4299926757812,868.0,854.0,868.0,1298870
2022-04-05,843.0394287109375,865.97998046875,881.5999755859375,860.5499877929688,867.780029296875,2399325
2022-04-06,832.6910400390625,855.3499755859375,871.0,853.260009765625,866.0,2059755
2022-04-07,840.605712890625,863.47998046875,871.4099731445312,855.3499755859375,859.0,1397010
2022-04-08,862.5972290039062,886.0700073242188,895.530029296875,865.3699951171875,869.4000244140625,3358875
2022-04-11,852.8912963867188,876.0999755859375,890.0,874.6900024414062,886.0,1077795
2022-04-12,851.3045043945312,874.469970703125,881.6199951171875,865.72998046875,875.2000122070312,1855070
2022-04-13,837.0621337890625,859.8400268554688,872.469970703125,858.1199951171875,870.2000122070312,1847180
2022-04-18,834.2875366210938,856.989990234375,863.6900024414062,846.1400146484375,855.0,1698380
2022-04-19,819.63623046875,841.9400024414062,863.219970703125,838.0,862.0,1550720
2022-04-20,835.932861328125,858.6799926757812,868.0,842.6099853515625,843.4000244140625,2252075
2022-04-21,841.1702880859375,864.0599975585938,870.3099975585938,862.0,863.7999877929688,1972180
2022-04-22,816.3360595703125,838.5499877929688,859.7999877929688,833.4000244140625,859.3900146484375,1953715
2022-04-25,801.28564453125,823.0900268554688,835.9400024414062,812.2000122070312,830.0,1705680
2022-04-26,808.8984985351562,830.9099731445312,837.0499877929688,826.2100219726562,835.0,792225
2022-04-27,793.80908203125,815.4099731445312,832.739990234375,814.510009765625,830.9099731445312,993500
2022-04-28,802.590087890625,824.4299926757812,830.3300170898438,816.3200073242188,820.0,1504805
2022-04-29,804.4982299804688,826.3900146484375,853.2000122070312,823.02001953125,832.0,2615175
2022-05-02,802.930908203125,824.780029296875,829.0499877929688,814.0,824.4299926757812,925300
2022-05-04,777.3177490234375,798.469970703125,827.0800170898438,793.4000244140625,824.7999877929688,1712475
2022-05-05,771.7591552734375,792.760009765625,814.97998046875,790.2000122070312,810.0,1264655
2022-05-06,765.3048095703125,786.1300048828125,789.77001953125,776.0,785.9600219726562,1197395
2022-05-09,760.4663696289062,781.1599731445312,787.1900024414062,774.1300048828125,785.7999877929688,886775
2022-05-10,762.0629272460938,782.7999877929688,786.7999877929688,778.0,780.0,1014140
2022-05-11,756.2316284179688,776.8099975585938,788.5900268554688,770.2000122070312,779.0999755859375,1356280
2022-05-12,755.443115234375,776.0,779.239990234375,757.969970703125,772.2999877929688,1468145
2022-05-13,764.068359375,784.8599853515625,795.7999877929688,778.0999755859375,779.8800048828125,1092005
2022-05-16,757.0785522460938,777.6799926757812,791.0,772.2100219726562,784.5999755859375,1089575
2022-05-17,760.1159057617188,780.7999877929688,788.969970703125,774.2000122070312,786.97998046875,1277320
2022-05-18,760.4663696289062,781.1599731445312,796.989990234375,776.4000244140625,782.7999877929688,2500790
2022-05-19,765.0711669921875,785.8900146484375,802.9500122070312,765.8099975585938,777.2000122070312,9129055
2022-05-20,827.3074951171875,849.8200073242188,859.8200073242188,795.0,795.0,12401575
2022-05-23,832.340576171875,854.989990234375,865.4000244140625,847.239990234375,849.8200073242188,3035360
2022-05-24,846.3883056640625,869.4199829101562,875.0,851.2899780273438,854.780029296875,5054480
2022-05-25,838.6683959960938,861.489990234375,879.5999755859375,859.260009765625,878.219970703125,2500200
2022-05-26,838.02587890625,860.8300170898438,869.7999877929688,857.9299926757812,863.2000122070312,2145360
2022-05-27,854.8383178710938,878.0999755859375,881.7999877929688,853.7899780273438,864.0,2171455
2022-05-30,850.9054565429688,874.0599975585938,885.3499755859375,870.219970703125,880.7999877929688,2324015
2022-05-31,850.7788696289062,873.9299926757812,879.7999877929688,866.1199951171875,871.0,2380075
2022-06-01,840.917236328125,863.7999877929688,872.3300170898438,860.219970703125,870.0,1772530
2022-06-02,843.6722412109375,866.6300048828125,872.0,858.0,860.6199951171875,1639675
2022-06-03,845.0059204101562,868.0,878.3300170898438,862.9600219726562,871.9400024414062,1423865
2022-06-06,838.3373413085938,861.1500244140625,870.72998046875,854.2000122070312,866.4000244140625,566055
2022-06-07,806.8345947265625,828.7899780273438,855.0,820.739990234375,852.0,3605015
2022-06-08,817.5821533203125,839.8300170898438,842.4600219726562,822.5999755859375,834.7999877929688,2264910
2022-06-09,841.6765747070312,864.5800170898438,867.0,834.02001953125,834.02001953125,3702930
2022-06-10,847.2547607421875,870.3099975585938,872.7999877929688,856.3599853515625,864.5800170898438,2107480
2022-06-13,830.8316040039062,853.4400024414062,871.0,851.2999877929688,864.5999755859375,1839815
2022-06-14,839.369384765625,862.2100219726562,864.989990234375,847.8099975585938,850.0,2035905
2022-06-15,844.1296997070312,867.0999755859375,869.8200073242188,857.4099731445312,861.3400268554688,1585315
2022-06-16,834.7840576171875,857.5,871.8599853515625,855.1300048828125,870.0,1750035
2022-06-17,807.3701171875,829.3400268554688,859.780029296875,813.2100219726562,858.0,4764870
2022-06-20,808.363037109375,830.3599853515625,835.8400268554688,821.4199829101562,829.3400268554688,1387575
2022-06-21,831.1139526367188,853.72998046875,855.3099975585938,832.02001953125,832.02001953125,1191555
2022-06-22,829.60498046875,852.1799926757812,869.77001953125,832.0,856.2000122070312,2847785
2022-06-23,836.224853515625,858.97998046875,861.5399780273438,851.0,859.0,1675510
2022-06-24,839.0966796875,861.9299926757812,874.510009765625,858.4000244140625,864.4000244140625,1518295
2022-06-27,841.218994140625,864.1099853515625,879.969970703125,861.1699829101562,879.969970703125,1663765
2022-06-28,851.7426147460938,874.9199829101562,876.0,862.4000244140625,865.8499755859375,1412215
2022-06-29,849.7469482421875,872.8699951171875,881.75,866.8800048828125,871.4199829101562,1905735
2022-06-30,855.48095703125,878.760009765625,883.0,870.2000122070312,873.9500122070312,1845325
2022-07-01,853.9428100585938,877.1799926757812,879.0,858.010009765625,877.0,1523995
2022-07-04,847.8193969726562,870.8900146484375,882.25,859.2000122070312,872.4199829101562,1303490
2022-07-05,855.558837890625,878.8400268554688,893.5,870.239990234375,872.97998046875,2434495
2022-07-06,854.7410278320312,878.0,888.6599731445312,875.8699951171875,879.0,1678505
2022-07-07,844.314697265625,867.2899780273438,888.5999755859375,865.5999755859375,885.3499755859375,2161110
2022-07-08,857.8951416015625,881.239990234375,882.989990234375,860.8800048828125,866.0,2089480
2022-07-11,882.360595703125,900.2000122070312,913.739990234375,870.02001953125,875.8300170898438,4797040
2022-07-12,878.9690551757812,896.739990234375,907.7999877929688,885.2000122070312,894.02001953125,2079370
2022-07-13,882.4782104492188,900.3200073242188,906.9400024414062,890.0,898.9000244140625,1893835
2022-07-14,896.9457397460938,915.0800170898438,921.5999755859375,900.6099853515625,901.2000122070312,4423835
2022-07-15,891.1821899414062,909.2000122070312,922.510009765625,904.2000122070312,919.0800170898438,1504725
2022-07-18,875.5188598632812,893.219970703125,922.760009765625,891.0599975585938,915.2000122070312,2337315
2022-07-19,871.9510498046875,889.5800170898438,899.5999755859375,887.030029296875,891.5599975585938,1961920
2022-07-20,874.0780029296875,891.75,898.4000244140625,888.0,898.0,1130700
2022-07-21,856.8953857421875,874.219970703125,897.3699951171875,871.2000122070312,893.7999877929688,3126100
2022-07-22,857.3659057617188,874.7000122070312,881.3599853515625,870.5999755859375,878.7999877929688,1806315
2022-07-25,848.9461059570312,866.1099853515625,878.1699829101562,860.0,875.530029296875,1726910
2022-07-26,825.7060546875,842.4000244140625,865.760009765625,838.8099975585938,865.760009765625,2971165
2022-07-27,840.2225341796875,857.2100219726562,860.0,832.5999755859375,841.5900268554688,1866270
2022-07-28,835.1256103515625,852.010009765625,862.97998046875,839.0,862.7999877929688,2832835
2022-07-29,801.8580932617188,818.0700073242188,836.5900268554688,811.1199951171875,836.5900268554688,9872475
2022-08-01,805.7984619140625,822.0900268554688,827.9600219726562,820.0999755859375,827.9600219726562,2136850
2022-08-02,800.8876953125,817.0800170898438,825.5999755859375,814.239990234375,825.5999755859375,2635115
2022-08-03,803.0245361328125,819.260009765625,820.7999877929688,808.0,818.989990234375,2600985
2022-08-04,813.1498413085938,829.5900268554688,831.8599853515625,817.8099975585938,822.0,3006675
2022-08-05,814.8945922851562,831.3699951171875,838.760009765625,828.77001953125,831.0,2075395
2022-08-08,827.9309692382812,844.6699829101562,846.7999877929688,831.3699951171875,831.3699951171875,2041885
2022-08-10,831.8419189453125,848.6599731445312,852.7999877929688,842.9099731445312,848.719970703125,2108115
2022-08-11,834.782470703125,851.6599731445312,855.5999755859375,847.1799926757812,852.0,1285185
2022-08-12,835.2725219726562,852.1599731445312,857.9199829101562,844.2000122070312,851.5999755859375,2021290
2022-08-16,842.52587890625,859.5599975585938,863.7999877929688,852.5599975585938,855.0,1314065
2022-08-17,846.0741577148438,863.1799926757812,865.97998046875,858.3499755859375,863.5900268554688,2169055
2022-08-18,828.2741088867188,845.02001953125,848.0,826.6699829101562,848.0,5137920
2022-08-19,824.1376953125,840.7999877929688,849.4199829101562,837.0,846.4000244140625,1928705
2022-08-22,820.7952880859375,837.3900146484375,845.989990234375,832.0,833.8200073242188,1692810
2022-08-23,828.283935546875,845.030029296875,847.0399780273438,829.0,829.0,1398150
2022-08-24,826.8920288085938,843.6099853515625,849.260009765625,839.4000244140625,849.260009765625,1467185
2022-08-25,830.7833251953125,847.5800170898438,852.780029296875,842.4000244140625,847.8300170898438,1552875
2022-08-26,827.9212036132812,844.6599731445312,855.0,842.4299926757812,854.5999755859375,818685
2022-08-29,825.3433227539062,842.030029296875,844.6500244140625,831.4299926757812,834.0,966050
2022-08-30,832.1849975585938,849.010009765625,852.3200073242188,838.530029296875,842.7999877929688,2359905
2022-09-01,823.7651977539062,840.4199829101562,846.5,839.4099731445312,843.2000122070312,1656700
2022-09-02,821.38330078125,837.989990234375,846.4000244140625,834.7899780273438,844.6300048828125,1008280
2022-09-05,826.1470336914062,842.8499755859375,843.9099731445312,831.0,839.0,1581715
2022-09-06,831.0381469726562,847.8400268554688,850.4000244140625,837.0,846.0,1129375
2022-09-07,833.0181884765625,849.8599853515625,853.2000122070312,842.4600219726562,843.0,1073975
2022-09-08,837.3995361328125,854.3300170898438,859.3900146484375,850.5399780273438,859.3900146484375,1577545
2022-09-09,834.1551513671875,851.02001953125,863.9000244140625,849.2100219726562,854.5,1570630
2022-09-12,835.3411254882812,852.22998046875,860.0,848.9400024414062,852.0,1262745
2022-09-13,833.723876953125,850.5800170898438,861.3900146484375,847.4000244140625,852.8099975585938,2209365
2022-09-14,826.1275024414062,842.8300170898438,852.489990234375,833.0700073242188,833.0700073242188,1723540
2022-09-15,817.2764282226562,833.7999877929688,847.0499877929688,828.27001953125,847.0499877929688,1881365
2022-09-16,799.3096923828125,815.469970703125,837.0,812.1599731445312,837.0,1893520
2022-09-19,803.5833129882812,819.8300170898438,822.2100219726562,799.4000244140625,814.0,1506440
2022-09-20,826.4901123046875,843.2000122070312,847.5999755859375,821.219970703125,822.4000244140625,2957845
2022-09-21,814.0908203125,830.5499877929688,853.8200073242188,826.5700073242188,843.989990234375,1894725
2022-09-22,819.9032592773438,836.47998046875,844.4199829101562,821.6799926757812,822.02001953125,2391915
2022-09-23,811.4345092773438,827.8400268554688,842.9500122070312,825.9000244140625,832.5999755859375,1659940
2022-09-26,809.2095336914062,825.5700073242188,831.760009765625,817.8599853515625,823.8400268554688,2055290
2022-09-27,819.7464599609375,836.3200073242188,840.0,825.0599975585938,829.7000122070312,1485445
2022-09-28,837.017333984375,853.9400024414062,859.4000244140625,835.6300048828125,835.6300048828125,3133240
2022-09-29,854.8566284179688,872.1400146484375,881.4000244140625,857.2000122070312,858.25,5442790
2022-09-30,849.9557495117188,867.1400146484375,881.0,854.4099731445312,876.510009765625,3164565
2022-10-03,866.4129638671875,883.9299926757812,887.7999877929688,862.47998046875,863.0,3476290
2022-10-04,865.2955322265625,882.7899780273438,889.97998046875,875.2100219726562,889.2000122070312,1543270
2022-10-06,862.08056640625,879.510009765625,889.5900268554688,873.97998046875,887.2100219726562,1231195
2022-10-07,857.9833984375,875.3300170898438,881.7100219726562,874.4000244140625,878.0,1338865
2022-10-10,858.64013671875,876.0,877.5999755859375,864.0,870.0,1218745
2022-10-11,839.5755615234375,856.5499877929688,877.5999755859375,850.4000244140625,877.4000244140625,1486910
2022-10-12,831.42041015625,848.22998046875,862.0,843.010009765625,860.0,1470100
2022-10-13,834.06689453125,850.9299926757812,861.7999877929688,848.260009765625,849.989990234375,1513920
2022-10-14,845.0744018554688,862.1599731445312,868.0,852.6099853515625,861.0,1244005
2022-10-17,849.857666015625,867.0399780273438,874.7999877929688,856.5,861.0,1050700
2022-10-18,854.0430908203125,871.3099975585938,874.72998046875,867.0399780273438,871.3800048828125,721180
2022-10-19,846.270263671875,863.3800048828125,878.8099975585938,861.010009765625,872.010009765625,860840
2022-10-20,852.5728149414062,869.8099975585938,871.0,856.0,861.0,1287620
2022-10-21,848.9951171875,866.1599731445312,877.7899780273438,861.719970703125,871.0,1002975
2022-10-24,858.1500244140625,875.5,876.7999877929688,871.0,872.9600219726562,158840
2022-10-25,870.8629760742188,888.469970703125,895.5,874.2000122070312,877.989990234375,3118275
2022-10-27,880.4393920898438,898.239990234375,903.7999877929688,890.0700073242188,892.0,2207370
2022-10-28,874.3132934570312,891.989990234375,900.5499877929688,886.0,897.0,1767930
2022-10-31,869.1672973632812,886.739990234375,925.0,868.9299926757812,906.2000122070312,9128805
2022-11-01,889.0845947265625,907.0599975585938,916.0,887.0499877929688,887.0499877929688,5350980
2022-11-02,893.0739135742188,911.1300048828125,929.0,909.010009765625,909.010009765625,3708780
2022-11-03,899.7882080078125,917.97998046875,920.0,905.469970703125,911.1300048828125,1766075
2022-11-04,887.0850219726562,905.02001953125,920.0,902.489990234375,918.010009765625,2463380
2022-11-07,879.3121948242188,897.0900268554688,909.4600219726562,888.8800048828125,906.2000122070312,2100085
2022-11-09,889.0061645507812,906.97998046875,913.1599731445312,900.02001953125,908.0,3565560
2022-11-10,891.8585205078125,909.8900146484375,923.2000122070312,905.5999755859375,907.989990234375,2959765
2022-11-11,889.898193359375,907.8900146484375,915.7999877929688,900.4000244140625,914.4400024414062,1625215
2022-11-14,855.4349365234375,872.72998046875,896.77001953125,863.0,880.0,3722425
2022-11-15,869.1672973632812,886.739990234375,888.52001953125,872.739990234375,873.4400024414062,1872600
2022-11-16,878.4398193359375,896.2000122070312,908.989990234375,878.6400146484375,886.72998046875,2610960
2022-11-17,866.7364501953125,884.260009765625,897.6900024414062,876.469970703125,896.1900024414062,1561865
2022-11-18,864.3349609375,881.8099975585938,886.9099731445312,875.0999755859375,884.75,1693670
2022-11-21,852.7295532226562,869.969970703125,878.5999755859375,863.510009765625,876.0,2153040
2022-11-22,855.20947265625,872.5,880.52001953125,865.2000122070312,874.3200073242188,2015475
2022-11-23,863.6685180664062,881.1300048828125,884.0,872.0,876.0,1964345
2022-11-24,865.2760009765625,882.77001953125,887.989990234375,875.1699829101562,885.5399780273438,1188110
2022-11-25,866.109130859375,883.6199951171875,886.989990234375,877.7999877929688,884.77001953125,1477045
2022-11-28,862.9529418945312,880.4000244140625,889.47998046875,877.2999877929688,882.9500122070312,1530840
2022-11-29,873.0193481445312,890.6699829101562,895.739990234375,880.8099975585938,881.02001953125,2045690
2022-11-30,879.6454467773438,897.4299926757812,903.5900268554688,888.2000122070312,894.0,4256840
2022-12-01,877.1361694335938,894.8699951171875,906.3599853515625,889.3599853515625,901.9199829101562,1936730
2022-12-02,884.203369140625,902.0800170898438,904.7999877929688,892.030029296875,896.989990234375,2080040
2022-12-05,878.1261596679688,895.8800048828125,906.4000244140625,890.030029296875,905.97998046875,1961695
2022-12-06,857.5031127929688,874.8400268554688,894.8900146484375,871.8099975585938,892.02001953125,1742295
2022-12-07,855.0134887695312,872.2999877929688,876.5999755859375,864.0,873.0,1661035
2022-12-08,853.9744262695312,871.239990234375,875.8499755859375,866.2100219726562,874.7899780273438,1386625
2022-12-09,863.9526977539062,881.4199829101562,882.9600219726562,870.8499755859375,875.0,1539865
2022-12-12,872.8037719726562,890.4500122070312,892.5800170898438,873.4099731445312,873.4099731445312,1367975
2022-12-13,873.9603881835938,891.6300048828125,894.9299926757812,888.0999755859375,890.0399780273438,1087545
2022-12-14,883.0564575195312,900.9099731445312,902.7000122070312,890.27001953125,895.0,1392005
2022-12-15,876.0775756835938,893.7899780273438,905.52001953125,892.2000122070312,897.22998046875,1209055
2022-12-16,844.7411499023438,861.8200073242188,891.77001953125,852.25,886.9000244140625,16783045
2022-12-19,861.7865600585938,879.2100219726562,881.72998046875,863.010009765625,868.989990234375,1661755
2022-12-20,856.6307373046875,873.9500122070312,878.0,861.6199951171875,876.0,1214105
2022-12-21,864.0409545898438,881.510009765625,887.0,870.6799926757812,875.989990234375,1739615
2022-12-22,852.6119995117188,869.8499755859375,891.2000122070312,863.02001953125,886.0,1737350
2022-12-23,845.0057983398438,862.0900268554688,883.5999755859375,858.25,865.010009765625,2498780
2022-12-26,832.880859375,849.719970703125,869.4000244140625,846.010009765625,866.4099731445312,1593040
2022-12-27,833.322021484375,850.1699829101562,853.9600219726562,840.2000122070312,853.9600219726562,1366245
2022-12-28,833.6944580078125,850.5499877929688,853.3300170898438,843.1900024414062,850.1699829101562,1088005
2022-12-29,835.2333374023438,852.1199951171875,870.9299926757812,844.6099853515625,855.0,4064660
2022-12-30,830.7147216796875,847.510009765625,857.02001953125,845.0,856.0,882895
2023-01-02,830.2246704101562,847.010009765625,853.510009765625,841.7999877929688,851.75,663630
2023-01-03,830.8715209960938,847.6699829101562,851.6199951171875,843.219970703125,847.760009765625,810895
2023-01-04,833.8414916992188,850.7000122070312,852.0,844.260009765625,847.0,832835
2023-01-05,842.4671020507812,859.5,860.77001953125,848.2999877929688,853.0,994925
2023-01-06,837.4191284179688,854.3499755859375,863.8599853515625,851.8200073242188,859.9000244140625,630680
2023-01-09,849.6224365234375,866.7999877929688,867.989990234375,855.030029296875,858.6300048828125,830195
2023-01-10,840.741943359375,857.739990234375,869.6599731445312,856.7899780273438,864.0,1170765
2023-01-11,835.4882202148438,852.3800048828125,864.0,848.8800048828125,860.989990234375,1273265
2023-01-12,845.0352172851562,862.1199951171875,864.4000244140625,848.4199829101562,854.989990234375,1280325
2023-01-13,846.9564208984375,864.0800170898438,868.3400268554688,858.0,864.7999877929688,1234630
2023-01-16,848.06396484375,865.2100219726562,870.5499877929688,858.010009765625,867.9400024414062,446555
2023-01-17,853.10205078125,870.3499755859375,871.9600219726562,861.1199951171875,867.7899780273438,778125
2023-01-18,855.5721435546875,872.8699951171875,878.989990234375,868.4000244140625,870.3499755859375,1318465
2023-01-19,849.2695922851562,866.4400024414062,876.6300048828125,863.3099975585938,872.969970703125,1242455
2023-01-20,852.8766479492188,870.1199951171875,876.2100219726562,856.0,866.3900146484375,1182675
2023-01-23,850.377197265625,867.5700073242188,873.0900268554688,863.8699951171875,871.989990234375,770265
2023-01-24,833.6944580078125,850.5499877929688,870.9600219726562,847.4000244140625,868.2000122070312,1320270
2023-01-25,823.5397338867188,840.1900024414062,853.780029296875,835.02001953125,852.0,1470210
2023-01-27,845.7017211914062,862.7999877929688,876.1799926757812,850.6699829101562,856.0,4781440
2023-01-30,848.6030883789062,865.760009765625,867.8900146484375,856.989990234375,863.989990234375,1873685
2023-01-31,847.6915283203125,864.8300170898438,875.3400268554688,858.6599731445312,869.0,3159705
2023-02-01,853.0531005859375,870.2999877929688,876.0,862.0499877929688,868.2000122070312,2027270
2023-02-02,856.6994018554688,874.02001953125,875.8099975585938,858.3099975585938,862.5999755859375,1946775
2023-02-03,854.3959350585938,871.6699829101562,885.97998046875,863.6400146484375,875.0,1874895
2023-02-06,852.6708374023438,869.9099731445312,876.030029296875,857.0,876.030029296875,1516105
2023-02-07,870.4513549804688,888.0499877929688,893.6500244140625,872.0499877929688,876.1300048828125,2987405
2023-02-08,879.7728881835938,897.5599975585938,899.3200073242188,886.530029296875,890.0,1196855
2023-02-09,879.714111328125,897.5,905.9099731445312,886.719970703125,888.7999877929688,2054810
2023-02-10,882.0861206054688,899.9199829101562,901.0,886.510009765625,898.7899780273438,685110
2023-02-13,887.0066528320312,904.9400024414062,911.47998046875,900.02001953125,901.6199951171875,1872775
2023-02-14,889.6923217773438,907.6799926757812,912.7999877929688,900.1300048828125,909.0,1202135
2023-02-15,886.0558471679688,903.969970703125,912.6400146484375,900.8400268554688,909.5999755859375,1283685
2023-02-16,885.947998046875,903.8599853515625,909.969970703125,901.8900146484375,908.489990234375,1352330
2023-02-17,884.1935424804688,902.0700073242188,907.0,892.7000122070312,900.239990234375,1056035
2023-02-20,877.2244262695312,894.9600219726562,907.7100219726562,893.6900024414062,904.0,761745
2023-02-21,879.4494018554688,897.22998046875,900.8599853515625,891.760009765625,900.8599853515625,791630
2023-02-22,877.596923828125,895.3400268554688,904.0399780273438,893.8800048828125,897.3800048828125,882305
2023-02-23,872.2842407226562,889.9199829101562,903.0,888.2000122070312,895.219970703125,1187840
2023-02-24,880.4197387695312,898.219970703125,902.0,888.3599853515625,892.97998046875,1764830
2023-02-27,866.6776123046875,884.2000122070312,898.219970703125,871.0,898.219970703125,1370570
2023-02-28,846.21142578125,863.3200073242188,887.7999877929688,860.0,887.7999877929688,2699875
2023-03-01,851.6220092773438,868.8400268554688,871.4299926757812,859.4000244140625,863.2899780273438,995515
2023-03-02,860.7181396484375,878.1199951171875,880.2899780273438,864.0,871.5999755859375,1413260
2023-03-03,870.0004272460938,887.5900268554688,889.3900146484375,872.0999755859375,882.52001953125,1371180
2023-03-06,870.2454833984375,887.8400268554688,891.760009765625,883.2100219726562,887.4000244140625,877920
2023-03-08,867.7068481445312,885.25,888.7999877929688,880.25,886.5999755859375,1173705
2023-03-09,858.8263549804688,876.1900024414062,887.6699829101562,874.3599853515625,883.1300048828125,1022125
2023-03-10,861.6884765625,879.1099853515625,882.6099853515625,870.0,874.5900268554688,1686010
2023-03-13,856.7581787109375,874.0800170898438,883.1900024414062,869.0999755859375,875.0,812710
2023-03-14,852.6708374023438,869.9099731445312,884.1799926757812,861.7999877929688,878.7999877929688,2141980
2023-03-15,861.482666015625,878.9000244140625,885.0,868.1599731445312,871.3900146484375,1717110
2023-03-16,859.375244140625,876.75,886.0,874.0700073242188,882.2000122070312,1384640
2023-03-17,869.6475830078125,887.22998046875,892.6300048828125,876.75,881.1400146484375,3092990
2023-03-20,870.2945556640625,887.8900146484375,898.7999877929688,884.5,886.2000122070312,3949945
2023-03-21,866.3541259765625,883.8699951171875,896.0,881.8400268554688,888.3900146484375,1984640
2023-03-22,877.2537841796875,894.989990234375,896.0,883.1699829101562,885.8699951171875,1598885
2023-03-23,871.7647705078125,889.3900146484375,899.9000244140625,886.1099853515625,895.7999877929688,2418370
2023-03-24,875.1365966796875,892.8300170898438,899.5999755859375,889.989990234375,889.989990234375,1126970
2023-03-27,879.3513793945312,897.1300048828125,905.72998046875,893.010009765625,898.0,1759570
2023-03-28,887.4182739257812,905.3599853515625,909.4199829101562,896.0,899.7899780273438,1834690
2023-03-29,895.4557495117188,913.5599975585938,915.0,904.4299926757812,909.8900146484375,2083535
2023-03-31,906.22802734375,924.5499877929688,931.2999877929688,913.5700073242188,916.5999755859375,2282485
2023-04-03,912.84423828125,931.2999877929688,936.4000244140625,919.6199951171875,929.7899780273438,1500675
2023-04-05,918.0,936.5599975585938,939.0,928.260009765625,930.0,1823560
2023-04-06,921.2542114257812,939.8800048828125,942.239990234375,935.1900024414062,938.7899780273438,1460345
2023-04-10,933.0654296875,951.9299926757812,954.4400024414062,937.5999755859375,946.4000244140625,920770
2023-04-11,933.7907104492188,952.6699829101562,961.1799926757812,941.5999755859375,954.5999755859375,2309250
2023-04-12,956.8544921875,976.2000122070312,983.9199829101562,945.239990234375,952.6699829101562,3403195
2023-04-13,951.3458251953125,970.5800170898438,977.5999755859375,966.239990234375,977.5999755859375,1169335
2023-04-17,951.2282104492188,970.4600219726562,984.5900268554688,963.9500122070312,975.3900146484375,1705675
2023-04-18,963.0099487304688,982.47998046875,983.5999755859375,969.0999755859375,972.280029296875,1797050
2023-04-19,962.4120483398438,981.8699951171875,988.0,976.1099853515625,977.47998046875,1920935
2023-04-20,952.3848266601562,971.6400146484375,983.2000122070312,964.4500122070312,983.2000122070312,3175850
2023-04-21,954.4530639648438,973.75,975.7999877929688,964.6300048828125,971.6199951171875,1657195
2023-04-24,942.1712036132812,961.219970703125,970.7999877929688,950.4199829101562,970.7999877929688,2190830
2023-04-25,947.5034790039062,966.6599731445312,968.22998046875,951.5499877929688,960.7100219726562,1639985
2023-04-26,949.8167724609375,969.02001953125,974.8499755859375,962.0,962.0,1020765
2023-04-27,964.2156372070312,983.7100219726562,987.7999877929688,963.6199951171875,969.0,1098280
2023-04-28,966.4307861328125,985.969970703125,987.0,975.4199829101562,983.7100219726562,1235220
2023-05-02,970.4593505859375,990.0800170898438,991.7899780273438,980.6799926757812,980.6799926757812,1209890
2023-05-03,970.822021484375,990.4500122070312,992.0,983.0,989.97998046875,883875
2023-05-04,973.9096069335938,993.5999755859375,995.0,984.0700073242188,990.4500122070312,1006635
2023-05-05,968.9107055664062,988.5,997.7999877929688,985.1099853515625,994.989990234375,461545
2023-05-08,961.970947265625,981.4199829101562,993.3400268554688,969.3300170898438,989.0,1190915
2023-05-09,967.097412109375,986.6500244140625,987.97998046875,978.010009765625,983.6099853515625,1545295
2023-05-10,954.168701171875,973.4600219726562,992.969970703125,967.97998046875,992.969970703125,2271505
2023-05-11,888.437744140625,906.4000244140625,940.0,904.8099975585938,935.0,13916795
2023-05-12,875.5188598632812,893.219970703125,908.989990234375,889.0,908.989990234375,5242020
2023-05-15,885.801025390625,903.7100219726562,906.4199829101562,889.2999877929688,894.030029296875,1588765
2023-05-16,885.1149291992188,903.010009765625,909.5800170898438,900.9099731445312,904.5999755859375,1430235
2023-05-17,878.537841796875,896.2999877929688,909.010009765625,890.219970703125,903.9600219726562,1749805
2023-05-18,867.0892944335938,884.6199951171875,900.4400024414062,880.97998046875,898.4000244140625,2127235
2023-05-19,860.9827880859375,878.3900146484375,888.0,876.8099975585938,885.5900268554688,1630405
2023-05-22,873.8623657226562,891.530029296875,893.969970703125,876.8499755859375,881.7999877929688,1224880
2023-05-23,874.4308471679688,892.1099853515625,899.9299926757812,889.2100219726562,891.6199951171875,1616475
2023-05-24,885.9381713867188,903.8499755859375,904.7999877929688,891.97998046875,893.0,1683665
2023-05-25,882.9388427734375,900.7899780273438,906.780029296875,896.47998046875,906.780029296875,1033820
2023-05-26,888.2318115234375,906.1900024414062,907.7999877929688,899.989990234375,901.010009765625,752935
2023-05-29,893.1915893554688,911.25,913.7999877929688,904.0,909.5800170898438,928140
2023-05-30,885.86962890625,903.780029296875,911.25,899.77001953125,911.25,1369945
2023-05-31,882.370361328125,900.2100219726562,905.9299926757812,896.1900024414062,902.0,6313505
2023-06-01,892.3681640625,910.4099731445312,911.989990234375,900.2100219726562,901.969970703125,1528955
2023-06-02,903.8168334960938,922.0900268554688,924.0,913.010009765625,913.7899780273438,2509565
2023-06-05,902.464111328125,920.7100219726562,930.4000244140625,919.3400268554688,926.2000122070312,1132140
2023-06-06,908.9529418945312,927.3300170898438,928.0,921.0,922.0,1161655
2023-06-07,916.225830078125,934.75,935.5999755859375,929.02001953125,930.0,1139525
2023-06-08,911.4523315429688,929.8800048828125,938.5999755859375,927.4000244140625,935.0,1203490
2023-06-09,914.8634033203125,933.3599853515625,941.0,929.1199951171875,936.2100219726562,1084700
2023-06-12,916.5983276367188,935.1300048828125,939.0,930.8900146484375,939.0,717870
2023-06-13,921.763916015625,940.4000244140625,945.760009765625,931.6099853515625,940.0,1294905
2023-06-14,921.1757202148438,939.7999877929688,945.9099731445312,937.0,941.5599975585938,901255
2023-06-15,941.6517944335938,960.6900024414062,971.0,939.2000122070312,939.3200073242188,3630745
2023-06-16,963.5294799804688,983.010009765625,988.0,965.030029296875,968.969970703125,3814515
2023-06-19,956.4623413085938,975.7999877929688,1004.7999877929688,972.4099731445312,990.2000122070312,3540755
2023-06-20,960.8143920898438,980.239990234375,985.3499755859375,973.4099731445312,975.7999877929688,1070755
2023-06-21,962.617919921875,982.0800170898438,990.0,978.739990234375,984.3900146484375,1123550
2023-06-22,960.4713745117188,979.8900146484375,985.3900146484375,978.0,982.3099975585938,1242850
2023-06-23,978.9869995117188,998.780029296875,1003.0,980.2000122070312,980.2000122070312,2791140
2023-06-26,988.337890625,1008.3200073242188,1014.7999877929688,990.4000244140625,997.97998046875,3607125
2023-06-27,985.2012939453125,1005.1199951171875,1017.3099975585938,1003.2000122070312,1008.3200073242188,3330315
2023-06-28,1001.3253173828125,1021.5700073242188,1023.8800048828125,1000.8699951171875,1005.1099853515625,4426340
2023-06-30,1011.4702758789062,1031.9200439453125,1034.989990234375,1022.02001953125,1023.2000122070312,2430705
2023-07-03,999.453125,1019.6599731445312,1035.800048828125,1018.0599975585938,1031.9200439453125,1174135
2023-07-04,1017.1161499023438,1037.6800537109375,1040.949951171875,1017.010009765625,1022.97998046875,1863335
2023-07-05,1015.1459350585938,1035.6700439453125,1040.3599853515625,1027.4000244140625,1037.0,1410270
2023-07-06,1025.6240234375,1046.3599853515625,1051.699951171875,1034.0,1035.68994140625,2534370
2023-07-07,1015.9594116210938,1036.5,1054.6300048828125,1022.0,1046.0,2771720
2023-07-10,1010.5586547851562,1030.989990234375,1043.0,1029.0,1038.989990234375,1003625
2023-07-11,1020.614990234375,1033.1700439453125,1043.0,1022.7100219726562,1028.800048828125,1056805
2023-07-12,1025.188720703125,1037.800048828125,1039.7900390625,1026.0,1030.0,1203590
2023-07-13,1015.9917602539062,1028.489990234375,1040.6300048828125,1026.97998046875,1038.0,2034915
2023-07-14,1006.0342407226562,1018.4099731445312,1032.97998046875,1015.25,1031.0,1942045
2023-07-17,1033.239501953125,1045.949951171875,1049.0,1018.5999755859375,1019.9299926757812,1976770
2023-07-18,1025.583740234375,1038.199951171875,1043.1400146484375,1029.31005859375,1040.699951171875,1286955
2023-07-19,1031.580078125,1044.27001953125,1054.0,1032.3199462890625,1036.800048828125,1961585
2023-07-20,1054.88330078125,1067.8599853515625,1078.93994140625,1048.0,1049.800048828125,6016030
2023-07-21,1044.78759765625,1057.6400146484375,1067.949951171875,1055.52001953125,1064.6600341796875,1150370
2023-07-24,1065.2359619140625,1078.3399658203125,1087.3699951171875,1055.6500244140625,1055.6500244140625,2119525
2023-07-25,1071.89404296875,1085.0799560546875,1095.989990234375,1078.3699951171875,1084.0,2162155
2023-07-26,1081.822021484375,1095.1300048828125,1098.0,1080.2099609375,1088.0,1701060
2023-07-27,1088.015869140625,1101.4000244140625,1122.800048828125,1084.010009765625,1106.0,7539055
2023-07-28,1103.0311279296875,1116.5999755859375,1123.5999755859375,1102.4000244140625,1102.4000244140625,3180540
2023-07-31,1114.3814697265625,1128.0899658203125,1132.0799560546875,1114.0,1116.9100341796875,1599490
2023-08-01,1119.6368408203125,1133.4100341796875,1141.8699951171875,1121.4200439453125,1127.969970703125,2122735
2023-08-02,1118.332763671875,1132.0899658203125,1139.1700439453125,1126.8900146484375,1133.4200439453125,1791795
2023-08-03,1118.1451416015625,1131.9000244140625,1146.800048828125,1124.300048828125,1129.0,2570520
2023-08-04,1116.179443359375,1129.9100341796875,1142.199951171875,1128.0,1131.9200439453125,1726520
2023-08-07,1112.4552001953125,1126.1400146484375,1137.5999755859375,1123.780029296875,1132.0,2499830
2023-08-08,1117.8388671875,1131.5899658203125,1147.7900390625,1129.0,1130.4000244140625,2987010
2023-08-09,1159.9310302734375,1174.199951171875,1176.75,1134.219970703125,1134.219970703125,10067015
2023-08-10,1156.0093994140625,1170.22998046875,1183.3299560546875,1161.199951171875,1176.02001953125,2763310
2023-08-11,1150.44775390625,1164.5999755859375,1177.010009765625,1161.6300048828125,1170.800048828125,2256960
2023-08-14,1150.5169677734375,1164.6700439453125,1175.800048828125,1160.0,1165.989990234375,2167595
2023-08-16,1157.3330078125,1171.5699462890625,1177.9000244140625,1155.0,1166.0,4308265
2023-08-17,1161.837646484375,1176.1300048828125,1181.4100341796875,1171.1800537109375,1174.27001953125,2138070
2023-08-18,1160.6126708984375,1174.8900146484375,1196.0,1168.1199951171875,1179.9000244140625,4281645
2023-08-21,1167.8043212890625,1182.1700439453125,1185.0,1170.7900390625,1174.050048828125,1334640
2023-08-22,1170.7086181640625,1185.1099853515625,1189.0,1174.56005859375,1183.800048828125,1688225
2023-08-23,1176.2010498046875,1190.6700439453125,1194.989990234375,1182.4000244140625,1184.0,3142630
2023-08-24,1167.0733642578125,1181.4300537109375,1197.93994140625,1178.239990234375,1196.0,4124730
2023-08-25,1141.8040771484375,1155.8499755859375,1178.0,1154.1099853515625,1178.0,4713240
2023-08-28,1141.142333984375,1155.1800537109375,1165.800048828125,1145.43994140625,1156.0,2350770
2023-08-29,1130.848876953125,1144.760009765625,1157.300048828125,1143.0,1154.0,3258085
2023-08-30,1116.2188720703125,1129.949951171875,1151.2099609375,1128.0,1147.56005859375,3551815
2023-08-31,1107.940673828125,1121.5699462890625,1139.0,1118.0,1129.949951171875,3178875
2023-09-01,1102.15185546875,1115.7099609375,1126.8499755859375,1110.02001953125,1126.0,1105280
2023-09-04,1118.13525390625,1131.8900146484375,1133.3399658203125,1115.7099609375,1117.0,1473020
2023-09-05,1102.2210693359375,1115.780029296875,1128.0,1112.1099853515625,1128.0,1968470
2023-09-06,1103.0904541015625,1116.6600341796875,1126.989990234375,1111.8499755859375,1115.9599609375,2256645
2023-09-07,1109.383056640625,1123.030029296875,1130.9000244140625,1116.25,1116.5899658203125,2634215
2023-09-08,1103.189208984375,1116.760009765625,1126.72998046875,1114.0,1126.199951171875,923950
2023-09-11,1109.1162109375,1122.760009765625,1132.800048828125,1117.010009765625,1119.0,1313930
2023-09-12,1120.9703369140625,1134.760009765625,1143.4000244140625,1125.199951171875,1127.989990234375,2581215
2023-09-13,1133.8321533203125,1147.780029296875,1151.9000244140625,1134.260009765625,1142.0,1571615
2023-09-14,1134.96826171875,1148.9300537109375,1155.260009765625,1140.9100341796875,1154.0,1139730
2023-09-15,1149.75634765625,1163.9000244140625,1168.5699462890625,1146.6199951171875,1155.3199462890625,2069105
2023-09-18,1131.6787109375,1145.5999755859375,1165.760009765625,1144.3800048828125,1164.199951171875,1256740
2023-09-20,1109.3631591796875,1123.010009765625,1144.3699951171875,1120.4000244140625,1144.3699951171875,2266405
2023-09-21,1119.9232177734375,1133.699951171875,1139.4000244140625,1122.5699462890625,1123.0999755859375,2926715
2023-09-22,1090.00146484375,1103.4100341796875,1138.780029296875,1100.4000244140625,1133.699951171875,2447785
2023-09-25,1074.5316162109375,1087.75,1107.97998046875,1085.5999755859375,1105.969970703125,1217045
2023-09-26,1080.26123046875,1093.550048828125,1105.3900146484375,1089.800048828125,1091.800048828125,1379915
2023-09-27,1085.931396484375,1099.2900390625,1121.0,1096.010009765625,1102.800048828125,2443890
2023-09-28,1072.6251220703125,1085.8199462890625,1101.489990234375,1082.199951171875,1101.489990234375,1931555
2023-09-29,1103.8212890625,1117.4000244140625,1126.0,1090.6500244140625,1093.800048828125,3101955
2023-10-03,1079.0657958984375,1092.3399658203125,1117.3800048828125,1090.0,1117.3800048828125,2065240
2023-10-04,1070.3927001953125,1083.56005859375,1099.800048828125,1080.300048828125,1093.0,2109530
2023-10-05,1068.3082275390625,1081.449951171875,1095.0,1080.0,1092.0,2058530
2023-10-06,1071.7952880859375,1084.97998046875,1097.43994140625,1081.8399658203125,1087.0,1572990
2023-10-09,1085.6153564453125,1098.969970703125,1105.469970703125,1080.030029296875,1082.010009765625,2368110
2023-10-10,1082.3948974609375,1095.7099609375,1097.4000244140625,1085.5999755859375,1096.800048828125,1519630
2023-10-11,1099.988525390625,1113.52001953125,1117.5999755859375,1102.0,1102.0,1961240
2023-10-12,1092.5994873046875,1106.0400390625,1116.81005859375,1103.0,1113.52001953125,1695245
2023-10-13,1078.7696533203125,1092.0400390625,1104.8199462890625,1084.3199462890625,1085.43994140625,1633255
2023-10-16,1085.26953125,1098.6199951171875,1101.4000244140625,1092.0,1097.800048828125,859220
2023-10-17,1095.3455810546875,1108.8199462890625,1114.5999755859375,1097.010009765625,1097.4000244140625,1626760
2023-10-18,1121.6915283203125,1135.489990234375,1138.949951171875,1108.3599853515625,1108.9000244140625,3014855
2023-10-19,1112.4947509765625,1126.1800537109375,1134.949951171875,1122.0999755859375,1134.949951171875,2525845
2023-10-20,1100.3243408203125,1113.8599853515625,1124.010009765625,1110.199951171875,1124.010009765625,1141375
2023-10-23,1096.896484375,1110.3900146484375,1133.3900146484375,1105.0999755859375,1105.0999755859375,1809785
2023-10-25,1089.369140625,1102.77001953125,1122.43994140625,1100.0,1120.0,2104480
2023-10-26,1071.2125244140625,1084.3900146484375,1103.5,1068.1800537109375,1099.5999755859375,1544145
2023-10-27,1066.34228515625,1079.4599609375,1090.7900390625,1070.199951171875,1084.3800048828125,2159725
2023-10-30,1056.07861328125,1069.0699462890625,1078.7900390625,1041.1099853515625,1078.7900390625,2691600
2023-10-31,1060.4647216796875,1073.510009765625,1088.18994140625,1070.6199951171875,1074.800048828125,1884070
2023-11-01,1056.2960205078125,1069.2900390625,1084.0799560546875,1062.9000244140625,1077.0,1376665
2023-11-02,1054.7252197265625,1067.699951171875,1083.0,1064.6800537109375,1076.0,2365835
2023-11-03,1039.818603515625,1052.6099853515625,1075.4000244140625,1049.4200439453125,1075.4000244140625,2921805
2023-11-06,1054.6463623046875,1067.6199951171875,1071.4300537109375,1056.6400146484375,1060.0,2847485
2023-11-07,1067.7352294921875,1080.8699951171875,1094.6099853515625,1063.9599609375,1074.800048828125,3498735
2023-11-08,1077.45556640625,1090.7099609375,1100.0699462890625,1081.3199462890625,1085.780029296875,2096955
2023-11-09,1078.324951171875,1091.5899658203125,1099.7900390625,1088.0,1095.780029296875,1642660
2023-11-10,1071.7952880859375,1084.97998046875,1090.1400146484375,1074.4000244140625,1087.989990234375,1144920
2023-11-13,1070.7974853515625,1083.969970703125,1096.3599853515625,1076.4200439453125,1086.0,855910
2023-11-15,1070.8172607421875,1083.989990234375,1091.030029296875,1081.0,1086.18994140625,1422405
2023-11-16,1095.375244140625,1108.8499755859375,1115.0,1084.1700439453125,1085.0,1695060
2023-11-17,1108.6717529296875,1122.31005859375,1127.9000244140625,1109.0,1113.0,2120630
2023-11-20,1107.2095947265625,1120.8299560546875,1131.219970703125,1117.1800537109375,1122.989990234375,2001625
2023-11-21,1115.5670166015625,1129.2900390625,1135.7900390625,1121.0999755859375,1122.0,1903465
2023-11-22,1119.1429443359375,1132.9100341796875,1146.0,1131.02001953125,1131.02001953125,2124580
2023-11-23,1115.2113037109375,1128.9300537109375,1136.8900146484375,1121.77001953125,1135.0,1511300
2023-11-24,1115.507568359375,1129.22998046875,1151.3699951171875,1123.0,1129.989990234375,2305405
2023-11-28,1121.3656005859375,1135.1600341796875,1142.8900146484375,1129.4000244140625,1129.4000244140625,1555790
2023-11-29,1129.1793212890625,1143.0699462890625,1148.800048828125,1130.800048828125,1139.5799560546875,1602385
2023-11-30,1143.5625,1157.6300048828125,1160.0,1143.199951171875,1145.0,4267760
2023-12-01,1135.90673828125,1149.8800048828125,1171.31005859375,1147.8900146484375,1160.0,1391500
2023-12-04,1137.2105712890625,1151.199951171875,1160.0,1145.6800537109375,1160.0,1121300
2023-12-05,1141.2509765625,1155.2900390625,1163.800048828125,1148.4000244140625,1153.0,1121875
2023-12-06,1132.142822265625,1146.0699462890625,1164.0,1141.6099853515625,1159.199951171875,2659705
2023-12-07,1142.9599609375,1157.02001953125,1169.97998046875,1150.0699462890625,1154.0699462890625,3791150
2023-12-08,1138.771484375,1152.780029296875,1156.969970703125,1142.4000244140625,1156.969970703125,1142525
2023-12-11,1081.3970947265625,1094.699951171875,1115.5999755859375,1074.0,1100.0,9493150
2023-12-12,1094.6046142578125,1108.0699462890625,1126.9599609375,1095.47998046875,1100.0,4281525
2023-12-13,1106.123046875,1119.72998046875,1122.0,1106.0699462890625,1112.8900146484375,3111975
2023-12-14,1101.12451171875,1114.6700439453125,1125.3199462890625,1113.5799560546875,1122.3699951171875,3164560
2023-12-15,1104.305419921875,1117.8900146484375,1123.0,1108.4000244140625,1120.0,3636220
2023-12-18,1104.62158203125,1118.2099609375,1137.800048828125,1114.989990234375,1117.0,3279260
2023-12-19,1113.788818359375,1127.489990234375,1129.199951171875,1118.5999755859375,1124.0,1123370
2023-12-20,1102.2705078125,1115.8299560546875,1134.219970703125,1110.4100341796875,1130.0,1307230
2023-12-21,1097.400390625,1110.9000244140625,1118.800048828125,1094.239990234375,1108.0,1681900
2023-12-22,1111.8624267578125,1125.5400390625,1131.199951171875,1112.0,1115.5999755859375,1315040
2023-12-26,1112.74169921875,1126.4300537109375,1139.0,1120.510009765625,1125.5,1658265
2023-12-27,1129.011474609375,1142.9000244140625,1144.4000244140625,1120.260009765625,1126.9599609375,1473880
2023-12-28,1157.471435546875,1171.7099609375,1178.1600341796875,1134.1800537109375,1143.77001953125,4888545
2023-12-29,1145.48876953125,1159.5799560546875,1168.9000244140625,1152.199951171875,1166.02001953125,1452615
2024-01-01,1150.1810302734375,1164.3299560546875,1172.0,1160.0,1160.0,978400
2024-01-02,1170.95556640625,1185.3599853515625,1189.800048828125,1161.1300048828125,1161.4100341796875,2869280
2024-01-03,1171.963134765625,1186.3800048828125,1194.0,1177.6400146484375,1185.3599853515625,1412035
2024-01-04,1154.240966796875,1168.43994140625,1184.4300537109375,1165.0,1184.4300537109375,2048300
2024-01-05,1152.947021484375,1167.1300048828125,1174.9100341796875,1161.300048828125,1174.0,1037255
2024-01-08,1138.267578125,1152.27001953125,1176.199951171875,1146.52001953125,1176.1800537109375,1205700
2024-01-09,1135.9857177734375,1149.9599609375,1167.72998046875,1148.8199462890625,1163.800048828125,1292220
2024-01-10,1143.374755859375,1157.43994140625,1160.0,1138.0400390625,1149.81005859375,1273855
2024-01-11,1124.6551513671875,1138.489990234375,1155.5999755859375,1129.02001953125,1155.5999755859375,2964925
2024-01-12,1123.94384765625,1137.77001953125,1146.969970703125,1129.2099609375,1146.969970703125,1385710
2024-01-15,1142.5943603515625,1156.6500244140625,1159.800048828125,1140.4000244140625,1147.5899658203125,1665610
2024-01-16,1137.6353759765625,1151.6300048828125,1158.0,1141.2099609375,1158.0,1142145
2024-01-17,1116.2584228515625,1129.989990234375,1148.0,1125.4000244140625,1148.0,1778960
2024-01-18,1116.2584228515625,1129.989990234375,1133.6600341796875,1104.1300048828125,1129.489990234375,1727635
2024-01-19,1119.864013671875,1133.6400146484375,1142.989990234375,1122.3699951171875,1135.02001953125,1641460
2024-01-23,1121.0889892578125,1134.8800048828125,1150.800048828125,1128.18994140625,1130.3800048828125,2329945
2024-01-24,1166.0755615234375,1180.4200439453125,1183.0,1138.5999755859375,1141.5899658203125,5244260
2024-01-25,1156.8687744140625,1171.0999755859375,1185.0,1164.4000244140625,1180.4200439453125,2677510
2024-01-29,1154.5374755859375,1168.739990234375,1178.52001953125,1148.0400390625,1160.0,1509570
2024-01-30,1153.9940185546875,1168.18994140625,1189.800048828125,1166.199951171875,1179.7900390625,1576585
2024-01-31,1209.3531494140625,1224.22998046875,1227.5,1161.4100341796875,1165.010009765625,7857425
2024-02-01,1184.0643310546875,1198.6300048828125,1229.8800048828125,1190.02001953125,1217.8900146484375,3112555
2024-02-02,1193.2215576171875,1207.9000244140625,1214.93994140625,1199.2099609375,1203.18994140625,1686230
2024-02-05,1204.078125,1218.8900146484375,1227.5999755859375,1198.219970703125,1207.800048828125,2126485
2024-02-06,1218.3326416015625,1233.3199462890625,1238.0,1216.75,1217.0,2587065
2024-02-07,1220.9306640625,1235.949951171875,1238.0,1226.1199951171875,1233.199951171875,2953275
2024-02-08,1217.03857421875,1232.010009765625,1243.989990234375,1225.0,1243.5999755859375,1791205
2024-02-09,1216.2088623046875,1231.1700439453125,1241.0400390625,1220.8399658203125,1228.0,1238970
2024-02-12,1251.30712890625,1266.699951171875,1277.68994140625,1246.0,1246.8599853515625,4296460
2024-02-13,1251.6724853515625,1267.0699462890625,1281.969970703125,1262.2099609375,1270.0,2086675
2024-02-14,1236.459716796875,1251.6700439453125,1267.989990234375,1234.02001953125,1266.010009765625,1724345
2024-02-15,1235.3336181640625,1250.530029296875,1259.800048828125,1241.219970703125,1248.02001953125,1469095
2024-02-16,1248.0767822265625,1263.4300537109375,1273.1400146484375,1249.469970703125,1254.3900146484375,1275915
2024-02-19,1267.8338623046875,1283.4300537109375,1290.7900390625,1263.0,1263.4300537109375,1393520
2024-02-20,1259.7037353515625,1275.199951171875,1293.0,1268.1099853515625,1284.4000244140625,1399485
2024-02-21,1254.3990478515625,1269.8299560546875,1280.510009765625,1261.0,1277.4000244140625,995895
2024-02-22,1257.3231201171875,1272.7900390625,1275.9599609375,1246.27001953125,1275.0,1420120
2024-02-23,1272.7730712890625,1288.4300537109375,1298.81005859375,1272.5999755859375,1273.5400390625,1842255
2024-02-26,1272.4964599609375,1288.1500244140625,1298.0,1276.1300048828125,1289.010009765625,1089190
2024-02-27,1274.2449951171875,1289.9200439453125,1291.9200439453125,1277.050048828125,1283.199951171875,966475
2024-02-28,1269.9871826171875,1285.6099853515625,1301.1800537109375,1278.4200439453125,1288.68994140625,1560230
2024-02-29,1269.2364501953125,1284.8499755859375,1294.5799560546875,1271.4200439453125,1276.4100341796875,5513940
2024-03-01,1223.6572265625,1238.7099609375,1294.5999755859375,1234.4200439453125,1289.800048828125,2876430
2024-03-04,1251.6231689453125,1267.02001953125,1287.8699951171875,1247.800048828125,1248.0,2196055
2024-03-05,1245.3404541015625,1260.6600341796875,1268.4300537109375,1249.4000244140625,1266.97998046875,1040180
2024-03-06,1247.5828857421875,1262.9300537109375,1266.4000244140625,1238.0,1260.6600341796875,1207130
2024-03-07,1249.459716796875,1264.8299560546875,1273.93994140625,1261.0999755859375,1261.0999755859375,1174600
2024-03-11,1261.9659423828125,1277.489990234375,1284.719970703125,1262.0,1273.800048828125,1412365
2024-03-12,1245.11328125,1260.4300537109375,1285.5999755859375,1253.25,1277.6300048828125,1647055
2024-03-13,1245.439208984375,1260.760009765625,1270.0,1249.760009765625,1260.47998046875,1051325
2024-03-14,1243.62158203125,1258.9200439453125,1264.030029296875,1241.780029296875,1256.4000244140625,2001060
2024-03-15,1241.705078125,1256.97998046875,1261.7099609375,1242.9000244140625,1257.02001953125,2429735
2024-03-18,1252.7987060546875,1268.2099609375,1270.97998046875,1253.6099853515625,1258.4200439453125,902465
2024-03-19,1212.0697021484375,1226.97998046875,1267.0,1224.68994140625,1267.0,1581835
2024-03-20,1205.8265380859375,1220.6600341796875,1227.6199951171875,1204.6400146484375,1224.989990234375,1385185
2024-03-21,1210.7459716796875,1225.6400146484375,1231.199951171875,1212.0,1225.0,1626230
2024-03-22,1225.563720703125,1240.6400146484375,1247.8800048828125,1221.010009765625,1225.800048828125,1528595
2024-03-26,1212.0599365234375,1226.969970703125,1242.2900390625,1221.2099609375,1238.0,1361275
2024-03-27,1194.13037109375,1208.8199462890625,1230.199951171875,1206.8199462890625,1230.199951171875,1452965
2024-03-28,1216.6138916015625,1231.5799560546875,1241.9599609375,1215.5999755859375,1215.5999755859375,2586915
2024-04-01,1234.879150390625,1250.0699462890625,1256.489990234375,1231.5799560546875,1243.0,772020
2024-04-02,1232.3502197265625,1247.510009765625,1253.7900390625,1241.199951171875,1253.7900390625,1191030
2024-04-03,1209.995361328125,1224.8800048828125,1253.5999755859375,1222.4000244140625,1247.510009765625,1346125
2024-04-04,1213.5712890625,1228.5,1235.0,1209.5,1231.0,1995095
2024-04-05,1220.8419189453125,1235.8599853515625,1261.1700439453125,1228.0,1228.5,2705055
2024-04-08,1219.9034423828125,1234.9100341796875,1245.3499755859375,1227.010009765625,1243.489990234375,1420525
2024-04-09,1218.5894775390625,1233.5799560546875,1246.0400390625,1231.0,1240.43994140625,643620
2024-04-10,1216.6138916015625,1231.5799560546875,1239.97998046875,1229.0,1239.97998046875,980420
2024-04-12,1201.9837646484375,1216.77001953125,1237.800048828125,1215.0,1233.780029296875,1974255
2024-04-15,1187.561279296875,1202.1700439453125,1214.6400146484375,1196.449951171875,1214.6400146484375,1349665
2024-04-16,1195.3651123046875,1210.0699462890625,1214.77001953125,1197.010009765625,1201.1700439453125,2041490
2024-04-18,1176.951904296875,1191.4300537109375,1225.5,1187.530029296875,1219.989990234375,2988680
2024-04-19,1174.12646484375,1188.5699462890625,1200.0,1176.1600341796875,1200.0,1713255
2024-04-22,1188.5985107421875,1203.219970703125,1212.800048828125,1190.699951171875,1195.0,1667285
2024-04-23,1175.9541015625,1190.4200439453125,1213.0,1186.780029296875,1210.0,1494175
2024-04-24,1175.697265625,1190.1600341796875,1198.969970703125,1184.2099609375,1192.010009765625,1334935
2024-04-25,1228.6358642578125,1243.75,1252.4000244140625,1185.5999755859375,1195.010009765625,4634925
2024-04-26,1235.2249755859375,1250.4200439453125,1261.77001953125,1235.77001953125,1244.97998046875,2063090
2024-04-29,1244.1156005859375,1259.4200439453125,1265.0,1240.469970703125,1254.0,1485530
2024-04-30,1225.7811279296875,1240.8599853515625,1262.5999755859375,1237.0,1259.97998046875,1906520
2024-05-02,1242.2188720703125,1257.5,1259.9599609375,1239.050048828125,1239.050048828125,3134765
2024-05-03,1254.4781494140625,1269.9100341796875,1283.97998046875,1251.5999755859375,1259.97998046875,2906840
2024-05-06,1243.394287109375,1258.68994140625,1276.0,1249.27001953125,1275.93994140625,2263770
2024-05-07,1236.3115234375,1251.52001953125,1270.0,1240.0,1265.97998046875,1586770
2024-05-08,1196.5506591796875,1211.27001953125,1222.989990234375,1190.5400390625,1220.0,4940700
2024-05-09,1161.1856689453125,1175.469970703125,1214.9000244140625,1174.0,1214.9000244140625,2534535
2024-05-10,1169.8095703125,1184.199951171875,1187.0,1163.6199951171875,1175.0,1480900
2024-05-13,1167.3497314453125,1181.7099609375,1189.800048828125,1170.0999755859375,1184.199951171875,852820
2024-05-14,1159.4964599609375,1173.760009765625,1189.0799560546875,1171.0,1187.780029296875,1186650
2024-05-15,1160.721435546875,1175.0,1193.3900146484375,1172.0,1177.0,1458405
2024-05-16,1155.8612060546875,1170.0799560546875,1185.5999755859375,1141.800048828125,1185.5999755859375,3660485
2024-05-17,1145.8148193359375,1159.9100341796875,1171.2900390625,1158.199951171875,1170.0799560546875,3006695
2024-05-21,1141.9127197265625,1155.9599609375,1166.6600341796875,1154.5999755859375,1162.18994140625,2456865
2024-05-22,1160.2769775390625,1174.550048828125,1181.0,1158.0799560546875,1170.0,2605110
2024-05-23,1165.2061767578125,1179.5400390625,1186.5999755859375,1167.0,1180.489990234375,2827915
2024-05-24,1158.8939208984375,1173.1500244140625,1181.8199462890625,1167.699951171875,1179.280029296875,2122215
2024-05-27,1160.26708984375,1174.5400390625,1177.989990234375,1159.219970703125,1173.1500244140625,3366290
2024-05-28,1178.56201171875,1193.06005859375,1201.02001953125,1174.4300537109375,1174.4300537109375,3966010
2024-05-29,1185.5657958984375,1200.1500244140625,1203.5899658203125,1182.9200439453125,1197.0,2533990
2024-05-30,1160.4744873046875,1174.75,1195.0,1166.5999755859375,1195.0,3005220
2024-05-31,1144.29345703125,1158.3699951171875,1180.9300537109375,1150.5699462890625,1179.989990234375,5146590
2024-06-03,1142.6043701171875,1156.6600341796875,1187.5799560546875,1155.4300537109375,1187.5799560546875,2087555
2024-06-04,1132.23193359375,1146.1600341796875,1165.469970703125,1120.0,1161.4000244140625,3287175
2024-06-05,1150.6749267578125,1164.8299560546875,1176.3399658203125,1145.1600341796875,1147.5799560546875,2542820
2024-06-06,1163.87255859375,1178.18994140625,1185.199951171875,1156.3199462890625,1167.0,3598380
2024-06-07,1197.528564453125,1212.260009765625,1216.8199462890625,1175.25,1178.18994140625,3747525
2024-06-10,1206.3896484375,1221.22998046875,1231.530029296875,1200.81005859375,1212.260009765625,3148275
2024-06-11,1193.1722412109375,1207.8499755859375,1220.050048828125,1205.5999755859375,1217.0,2581810
2024-06-12,1197.2816162109375,1212.010009765625,1217.0,1198.199951171875,1212.0,1932925
2024-06-13,1204.3546142578125,1219.1700439453125,1223.97998046875,1206.300048828125,1223.97998046875,2191150
2024-06-14,1202.260498046875,1217.050048828125,1223.699951171875,1207.02001953125,1219.199951171875,1985020
2024-06-18,1183.6888427734375,1198.25,1212.4000244140625,1196.0,1209.5999755859375,3076985
2024-06-19,1176.7640380859375,1191.239990234375,1199.9300537109375,1184.0,1198.3900146484375,3056645
2024-06-20,1179.648681640625,1194.1600341796875,1199.199951171875,1177.5999755859375,1185.0,2489735
2024-06-21,1187.6798095703125,1202.2900390625,1211.0,1191.030029296875,1194.199951171875,2150475
2024-06-24,1196.2740478515625,1210.989990234375,1220.0,1194.5999755859375,1199.5999755859375,1624525
2024-06-25,1200.9072265625,1215.6800537109375,1219.0400390625,1203.2099609375,1218.0,1977490
2024-06-26,1199.2574462890625,1214.010009765625,1218.9300537109375,1205.06005859375,1212.699951171875,1958240
2024-06-27,1232.0242919921875,1247.1800537109375,1249.8900146484375,1199.0,1200.0,12168270
2024-06-28,1264.9097900390625,1280.469970703125,1284.0,1250.2099609375,1251.0899658203125,5118295
2024-07-01,1255.2979736328125,1270.739990234375,1296.0,1267.4300537109375,1286.0,2251925
2024-07-02,1258.5677490234375,1274.050048828125,1276.18994140625,1256.8499755859375,1269.0,1819075
2024-07-03,1269.5625,1285.1800537109375,1305.1600341796875,1273.030029296875,1274.800048828125,2913200
2024-07-04,1280.1226806640625,1295.8699951171875,1308.4000244140625,1274.02001953125,1286.0,1744245
2024-07-05,1288.15380859375,1304.0,1309.4300537109375,1291.2099609375,1295.8699951171875,1139175
2024-07-08,1290.949462890625,1306.8299560546875,1315.0,1297.199951171875,1304.0,807380
2024-07-09,1300.571044921875,1316.5699462890625,1319.0,1286.18994140625,1308.0,1734640
2024-07-10,1302.487548828125,1318.510009765625,1320.8900146484375,1296.5999755859375,1314.9000244140625,1287550
2024-07-11,1302.922119140625,1318.949951171875,1324.3900146484375,1306.969970703125,1318.6300048828125,1581340
2024-07-12,1327.55908203125,1343.8900146484375,1349.0,1312.93994140625,1318.050048828125,2944400
2024-07-15,1342.43603515625,1358.949951171875,1376.989990234375,1340.510009765625,1350.0,3023975
2024-07-16,1320.8330078125,1329.2099609375,1356.5899658203125,1327.3299560546875,1351.989990234375,1556420
2024-07-18,1325.0960693359375,1333.5,1341.77001953125,1318.0799560546875,1329.199951171875,1928535
2024-07-19,1318.835693359375,1327.199951171875,1343.6800537109375,1325.260009765625,1332.0,900340
2024-07-22,1345.645751953125,1354.1800537109375,1356.0,1316.0,1316.0,2061455
2024-07-23,1364.34716796875,1373.0,1376.800048828125,1343.4000244140625,1354.0,4330455
2024-07-24,1355.4337158203125,1364.030029296875,1387.780029296875,1358.6500244140625,1387.780029296875,3019385
2024-07-25,1362.001953125,1370.6400146484375,1374.989990234375,1351.4100341796875,1359.0,1315525
2024-07-26,1367.0599365234375,1375.72998046875,1393.199951171875,1358.3199462890625,1377.7900390625,2051955
2024-07-29,1359.3885498046875,1368.010009765625,1389.6199951171875,1347.0,1384.0,3271945
2024-07-30,1352.2537841796875,1360.8299560546875,1378.199951171875,1358.5799560546875,1369.010009765625,1458475
2024-07-31,1341.5914306640625,1350.0999755859375,1365.9000244140625,1347.0,1360.780029296875,1730870
2024-08-01,1368.908203125,1377.5899658203125,1380.0999755859375,1357.3299560546875,1359.0999755859375,2320480
2024-08-02,1384.0521240234375,1392.8299560546875,1396.199951171875,1374.8900146484375,1376.199951171875,2209945
2024-08-05,1353.8238525390625,1362.4100341796875,1392.199951171875,1358.800048828125,1386.02001953125,2186945
2024-08-06,1352.899658203125,1361.47998046875,1383.06005859375,1359.06005859375,1367.780029296875,1227135
2024-08-07,1376.539794921875,1385.27001953125,1387.0,1368.0,1376.0,968865
2024-08-08,1378.914794921875,1387.6600341796875,1407.0,1382.8900146484375,1385.0,2705840
2024-08-09,1393.85986328125,1402.699951171875,1405.0,1392.6700439453125,1396.0,656255
2024-08-12,1368.6300048828125,1377.31005859375,1406.0,1374.6600341796875,1402.7900390625,1853275
2024-08-13,1380.9219970703125,1389.6800537109375,1392.449951171875,1370.25,1380.4000244140625,1217325
2024-08-14,1351.6376953125,1360.2099609375,1392.4000244140625,1358.5,1391.0,1727965
2024-08-16,1350.1571044921875,1358.719970703125,1369.7900390625,1351.6300048828125,1366.2099609375,2565660
2024-08-19,1373.5587158203125,1382.27001953125,1384.800048828125,1363.52001953125,1367.5899658203125,809235
2024-08-20,1384.29052734375,1393.0699462890625,1394.8399658203125,1380.0,1386.0,747970
2024-08-21,1403.5882568359375,1412.489990234375,1421.489990234375,1393.0699462890625,1399.97998046875,1905585
2024-08-22,1385.0260009765625,1393.81005859375,1412.469970703125,1384.6400146484375,1412.469970703125,1683410
2024-08-23,1382.13427734375,1390.9000244140625,1398.0,1386.010009765625,1395.969970703125,711440
2024-08-26,1379.908447265625,1388.6600341796875,1391.989990234375,1379.8399658203125,1384.989990234375,1018915
2024-08-27,1383.8135986328125,1392.5899658203125,1401.31005859375,1380.4100341796875,1389.0,2277085
2024-08-28,1391.037841796875,1399.8599853515625,1409.6500244140625,1384.5999755859375,1392.5899658203125,1632585
2024-08-29,1377.49365234375,1386.22998046875,1403.989990234375,1377.8199462890625,1379.6600341796875,1784160
2024-08-30,1397.407470703125,1406.27001953125,1409.0,1387.5999755859375,1387.5999755859375,3415210
2024-09-02,1365.7681884765625,1374.4300537109375,1414.989990234375,1366.0,1409.93994140625,2354285
2024-09-03,1362.1312255859375,1370.77001953125,1382.800048828125,1369.5999755859375,1380.0,1246805
2024-09-04,1348.8851318359375,1357.43994140625,1369.56005859375,1353.4000244140625,1369.56005859375,2177470
2024-09-05,1330.71044921875,1339.1500244140625,1369.760009765625,1337.199951171875,1359.5,2001265
2024-09-06,1325.0264892578125,1333.4300537109375,1344.02001953125,1330.5999755859375,1339.780029296875,2074285
2024-09-09,1322.790771484375,1331.1800537109375,1343.18994140625,1320.5400390625,1335.989990234375,1466880
2024-09-10,1321.697509765625,1330.0799560546875,1339.56005859375,1322.6300048828125,1338.800048828125,2328120
2024-09-11,1314.1654052734375,1322.5,1349.8699951171875,1319.1800537109375,1332.1800537109375,1833720
2024-09-12,1328.345458984375,1336.77001953125,1342.43994140625,1316.06005859375,1340.0,2663355
2024-09-13,1323.74462890625,1332.1400146484375,1339.81005859375,1329.4000244140625,1337.280029296875,1197575
2024-09-16,1321.041748046875,1329.4200439453125,1337.97998046875,1326.300048828125,1337.97998046875,691625
2024-09-17,1317.97119140625,1326.3299560546875,1333.1500244140625,1320.5999755859375,1328.02001953125,911735
2024-09-18,1305.28173828125,1313.56005859375,1329.5999755859375,1306.199951171875,1329.4000244140625,1239415
2024-09-19,1292.31396484375,1300.510009765625,1322.5,1296.5,1316.800048828125,4661780
2024-09-20,1301.97265625,1310.22998046875,1319.5899658203125,1297.1400146484375,1306.9599609375,2823650
2024-09-23,1322.5025634765625,1330.8900146484375,1332.4000244140625,1316.0,1320.0,1326620
2024-09-24,1321.6876220703125,1330.0699462890625,1337.97998046875,1316.0400390625,1330.8900146484375,1962100
2024-09-25,1329.85595703125,1338.2900390625,1341.52001953125,1319.1099853515625,1331.25,2388280
2024-09-26,1340.379150390625,1348.8800048828125,1351.4000244140625,1332.8599853515625,1342.9599609375,2842130
2024-09-27,1341.47216796875,1349.97998046875,1354.47998046875,1333.300048828125,1342.199951171875,2794555
2024-09-30,1341.8099365234375,1350.3199462890625,1358.199951171875,1342.0,1351.0,1827470
2024-10-01,1341.3131103515625,1349.8199462890625,1357.0799560546875,1335.6099853515625,1350.3199462890625,1738090
2024-10-03,1338.64013671875,1347.1300048828125,1359.0,1338.4200439453125,1356.0,2277090
2024-10-04,1318.2891845703125,1326.6500244140625,1346.5799560546875,1322.199951171875,1342.5999755859375,1742335
2024-10-07,1313.648681640625,1321.97998046875,1342.4100341796875,1316.219970703125,1336.7099609375,2224190
2024-10-08,1322.8204345703125,1331.2099609375,1333.5999755859375,1315.0,1321.989990234375,1395550
2024-10-09,1324.5693359375,1332.969970703125,1350.97998046875,1329.4200439453125,1339.199951171875,1680365
2024-10-10,1308.3223876953125,1316.6199951171875,1339.5999755859375,1310.739990234375,1339.5999755859375,1582735
2024-10-11,1311.5220947265625,1319.8399658203125,1324.93994140625,1309.010009765625,1317.0,1130225
2024-10-14,1323.5855712890625,1331.97998046875,1338.18994140625,1320.0,1327.199951171875,1117595
2024-10-15,1313.996337890625,1322.3299560546875,1339.97998046875,1321.0400390625,1336.800048828125,1423265
2024-10-16,1333.721435546875,1342.1800537109375,1349.18994140625,1325.81005859375,1328.0,1849620
2024-10-17,1332.3599853515625,1340.81005859375,1355.0,1330.0899658203125,1348.9599609375,1819115
2024-10-18,1339.7232666015625,1348.219970703125,1354.800048828125,1332.47998046875,1340.81005859375,1143115
2024-10-21,1331.038330078125,1339.47998046875,1354.0,1337.2099609375,1354.0,1175275
2024-10-22,1324.0823974609375,1332.47998046875,1351.0,1326.4599609375,1345.4000244140625,1904985
2024-10-23,1313.2510986328125,1321.5799560546875,1337.6199951171875,1318.0,1331.8699951171875,1548860
2024-10-24,1308.242919921875,1316.5400390625,1328.800048828125,1313.8399658203125,1328.800048828125,1587305
2024-10-25,1294.7286376953125,1302.93994140625,1316.4000244140625,1290.02001953125,1314.0,1285830
2024-10-28,1303.2347412109375,1311.5,1325.9000244140625,1290.25,1320.0,829374
2024-10-29,1266.6666259765625,1274.699951171875,1335.4000244140625,1263.5,1327.0,1443741
2024-10-30,1241.97314453125,1249.8499755859375,1273.0,1228.800048828125,1273.0,2065575
2024-10-31,1266.169677734375,1274.199951171875,1283.6500244140625,1248.0,1258.5999755859375,1902206
2024-11-01,1251.6617431640625,1259.5999755859375,1289.0,1201.800048828125,1280.0,540201
2024-11-04,1260.3070068359375,1268.300048828125,1276.9000244140625,1250.550048828125,1259.5999755859375,1771490
2024-11-05,1264.182373046875,1272.199951171875,1279.0,1241.25,1265.0999755859375,1603920
2024-11-06,1293.8939208984375,1302.0999755859375,1321.9000244140625,1251.5999755859375,1274.0,3908554
2024-11-07,1279.23681640625,1287.3499755859375,1309.0,1280.550048828125,1304.949951171875,1479152
2024-11-08,1275.5601806640625,1283.6500244140625,1293.0,1259.1500244140625,1292.800048828125,1328199
2024-11-11,1279.783447265625,1287.9000244140625,1295.25,1262.1500244140625,1284.0,1175591
2024-11-12,1255.9346923828125,1263.9000244140625,1288.4000244140625,1258.300048828125,1287.8499755859375,1110785
2024-11-13,1237.15380859375,1245.0,1265.050048828125,1238.300048828125,1258.0,995217
2024-11-14,1218.9691162109375,1226.699951171875,1253.0,1222.199951171875,1249.9000244140625,1346891
2024-11-18,1186.028076171875,1193.550048828125,1219.800048828125,1170.199951171875,1206.0999755859375,3367815
2024-11-19,1205.8026123046875,1213.449951171875,1232.0,1186.25,1193.0,1509716
2024-11-21,1187.816650390625,1195.3499755859375,1206.699951171875,1172.5,1174.9000244140625,2121476
2024-11-22,1206.7962646484375,1214.449951171875,1223.199951171875,1193.5999755859375,1199.0,763755
2024-11-25,1201.6788330078125,1209.300048828125,1247.0,1205.75,1233.949951171875,3280431
2024-11-26,1201.0328369140625,1208.6500244140625,1218.3499755859375,1203.199951171875,1209.0,1190121
2024-11-27,1192.3380126953125,1199.9000244140625,1215.5999755859375,1198.050048828125,1212.0,1402977
2024-11-28,1184.4381103515625,1191.949951171875,1209.9000244140625,1188.449951171875,1209.050048828125,2819269
2024-11-29,1194.722900390625,1202.300048828125,1219.3499755859375,1198.6500244140625,1206.0,2535820
2024-12-02,1214.05029296875,1221.75,1225.25,1202.300048828125,1214.25,1826479
2024-12-03,1216.782958984375,1224.5,1229.0,1217.550048828125,1229.0,2237453
2024-12-04,1207.889404296875,1215.550048828125,1229.0999755859375,1209.5999755859375,1224.5,1435443
2024-12-05,1232.0362548828125,1239.8499755859375,1249.5,1210.0999755859375,1216.550048828125,3324867
2024-12-06,1245.7989501953125,1253.699951171875,1255.1500244140625,1236.3499755859375,1246.0,1717216
2024-12-09,1247.2398681640625,1255.1500244140625,1261.800048828125,1243.25,1254.6500244140625,1269332
2024-12-10,1232.5330810546875,1240.3499755859375,1253.5999755859375,1233.0,1250.0,2025890
2024-12-11,1230.7445068359375,1238.550048828125,1243.4000244140625,1226.699951171875,1240.300048828125,1178864
2024-12-12,1237.55126953125,1245.4000244140625,1250.199951171875,1226.3499755859375,1244.800048828125,1648944
2024-12-13,1238.4952392578125,1246.3499755859375,1250.199951171875,1226.449951171875,1240.300048828125,1258819
2024-12-16,1261.946533203125,1269.949951171875,1274.1500244140625,1245.199951171875,1246.3499755859375,1920945
2024-12-17,1239.787109375,1247.6500244140625,1270.949951171875,1243.25,1269.0,2706166
2024-12-18,1267.3621826171875,1275.4000244140625,1281.0,1249.550048828125,1251.9000244140625,2823838
2024-12-19,1317.245849609375,1325.5999755859375,1331.3499755859375,1271.6500244140625,1275.0,7185903
2024-12-20,1335.18212890625,1343.6500244140625,1368.699951171875,1317.4000244140625,1326.0,7499087
2024-12-23,1332.8966064453125,1341.3499755859375,1367.0,1330.300048828125,1362.0,3740109
2024-12-24,1342.3863525390625,1350.9000244140625,1365.0,1336.199951171875,1347.0,2587142
2024-12-26,1346.609619140625,1355.1500244140625,1360.199951171875,1342.75,1350.9000244140625,1531359
2024-12-27,1380.693359375,1389.449951171875,1398.25,1345.5,1363.050048828125,3656253
2024-12-30,1368.2225341796875,1376.9000244140625,1392.0,1372.0999755859375,1389.5999755859375,2462657
2024-12-31,1379.7493896484375,1388.5,1395.0,1366.550048828125,1370.300048828125,1892083
2025-01-01,1360.372314453125,1369.0,1389.050048828125,1355.3499755859375,1388.449951171875,1658723
2025-01-02,1366.38427734375,1375.050048828125,1387.949951171875,1370.050048828125,1371.449951171875,1726305
2025-01-03,1344.1253662109375,1352.6500244140625,1378.1500244140625,1347.199951171875,1375.050048828125,1573592
2025-01-06,1341.83984375,1350.3499755859375,1361.300048828125,1333.800048828125,1360.4000244140625,1539970
2025-01-07,1343.0323486328125,1351.550048828125,1373.050048828125,1347.5,1352.0,1723188
2025-01-08,1362.111328125,1370.75,1405.9000244140625,1358.0,1369.5,3456684
2025-01-09,1362.9559326171875,1371.5999755859375,1382.949951171875,1364.0999755859375,1380.0,1607980
2025-01-10,1345.8643798828125,1354.4000244140625,1386.0,1352.5999755859375,1366.0999755859375,1582776
2025-01-13,1326.6859130859375,1335.0999755859375,1354.1500244140625,1330.199951171875,1354.050048828125,2822318
2025-01-14,1329.12060546875,1337.550048828125,1348.8499755859375,1323.6500244140625,1335.1500244140625,1370223
2025-01-15,1328.772705078125,1337.199951171875,1345.0,1313.949951171875,1345.0,1940371
2025-01-16,1294.539794921875,1302.75,1347.0,1297.0,1340.9000244140625,1195731
2025-01-17,1301.14794921875,1309.4000244140625,1320.699951171875,1288.0,1298.0,1432206
2025-01-20,1294.142333984375,1302.3499755859375,1309.0,1293.6500244140625,1308.3499755859375,561642
2025-01-21,1280.0318603515625,1288.1500244140625,1312.949951171875,1285.6500244140625,1302.3499755859375,738787
2025-01-22,1288.080810546875,1296.25,1308.0,1288.0,1291.0,1301422
2025-01-23,1281.2740478515625,1289.4000244140625,1303.949951171875,1274.550048828125,1289.0,1448659
2025-01-24,1216.68359375,1224.4000244140625,1252.6500244140625,1203.5,1229.949951171875,7082467
2025-01-27,1190.1021728515625,1197.6500244140625,1234.3499755859375,1191.5,1224.4000244140625,2184847
2025-01-28,1173.8055419921875,1181.25,1197.6500244140625,1164.6500244140625,1197.6500244140625,3142189
2025-01-29,1173.755859375,1181.199951171875,1192.449951171875,1173.5,1187.4000244140625,3458251
2025-01-30,1186.9720458984375,1194.5,1204.800048828125,1184.0,1188.0,3290757
2025-01-31,1209.677978515625,1217.3499755859375,1221.0,1196.0,1202.0,1505147
2025-02-01,1197.356201171875,1204.949951171875,1220.4000244140625,1200.0999755859375,1220.4000244140625,1067956
2025-02-03,1196.2630615234375,1203.8499755859375,1220.0,1196.800048828125,1200.0,1407877
2025-02-04,1212.2615966796875,1219.949951171875,1233.0,1201.449951171875,1207.0,2239920
2025-02-05,1219.8138427734375,1227.550048828125,1233.0999755859375,1215.8499755859375,1227.0,1460238
2025-02-06,1228.8564453125,1236.6500244140625,1254.0,1230.199951171875,1234.9000244140625,2990483
2025-02-07,1232.582763671875,1240.4000244140625,1243.75,1226.0,1240.0,1236992
2025-02-10,1213.2552490234375,1220.949951171875,1239.699951171875,1211.050048828125,1239.699951171875,1565579
2025-02-11,1202.1756591796875,1209.800048828125,1222.9000244140625,1201.25,1220.0,1819297
2025-02-12,1208.1875,1215.8499755859375,1220.4000244140625,1202.8499755859375,1218.0,1306601
2025-02-13,1215.888671875,1223.5999755859375,1243.0,1216.9000244140625,1216.9000244140625,4447231
2025-02-14,1189.5059814453125,1197.050048828125,1230.0,1186.25,1223.5,1211843
2025-02-17,1191.3939208984375,1198.949951171875,1202.0,1183.1500244140625,1196.8499755859375,613030
2025-02-18,1189.853759765625,1197.4000244140625,1204.949951171875,1182.0,1198.949951171875,1713796
2025-02-19,1158.5025634765625,1165.8499755859375,1176.949951171875,1127.5,1166.0,3062142
2025-02-20,1163.5704345703125,1170.949951171875,1174.1500244140625,1156.25,1164.5,1579890
2025-02-21,1144.541259765625,1151.800048828125,1170.75,1145.25,1170.699951171875,6828902
2025-02-24,1157.2108154296875,1164.550048828125,1173.9000244140625,1151.0,1151.800048828125,2017521
2025-02-25,1121.040283203125,1128.1500244140625,1169.550048828125,1122.5,1167.1500244140625,6463238
2025-02-27,1118.4566650390625,1125.550048828125,1136.3499755859375,1115.0,1128.5,3435069
2025-02-28,1109.463623046875,1116.5,1132.0,1104.550048828125,1128.699951171875,3895033
2025-03-03,1112.5440673828125,1119.5999755859375,1130.25,1103.9000244140625,1118.3499755859375,1810605
2025-03-04,1113.0906982421875,1120.1500244140625,1124.1500244140625,1105.050048828125,1111.0999755859375,1074133
2025-03-05,1119.30126953125,1126.4000244140625,1129.0,1110.550048828125,1120.5,1260157
2025-03-06,1132.9149169921875,1140.0999755859375,1145.699951171875,1118.6500244140625,1135.0,1648697
2025-03-07,1126.1080322265625,1133.25,1145.199951171875,1130.0,1140.0999755859375,790599
2025-03-10,1113.1402587890625,1120.199951171875,1137.1500244140625,1115.4000244140625,1134.949951171875,950503
2025-03-11,1109.6126708984375,1116.6500244140625,1126.949951171875,1110.6500244140625,1117.0,884438
2025-03-12,1098.1851806640625,1105.1500244140625,1116.6500244140625,1092.449951171875,1116.5999755859375,1914579
2025-03-13,1100.9674072265625,1107.949951171875,1110.25,1095.050048828125,1105.1500244140625,1299174
2025-03-17,1143.447998046875,1150.699951171875,1154.0999755859375,1101.5,1107.9000244140625,2714559
2025-03-18,1143.447998046875,1150.699951171875,1150.699951171875,1150.699951171875,1150.699951171875,0
2025-03-19,1164.713134765625,1172.0999755859375,1177.699951171875,1158.0999755859375,1174.0,1507415
2025-03-20,1179.718017578125,1187.199951171875,1190.75,1165.300048828125,1178.949951171875,1521677
2025-03-21,1192.58642578125,1200.1500244140625,1204.6500244140625,1177.050048828125,1190.199951171875,2313824
2025-03-24,1202.6724853515625,1210.300048828125,1216.3499755859375,1190.25,1205.0,1660669
2025-03-25,1170.4766845703125,1177.9000244140625,1215.949951171875,1167.949951171875,1210.300048828125,2860907
2025-03-26,1157.260498046875,1164.5999755859375,1179.800048828125,1152.6500244140625,1177.9000244140625,2864505
2025-03-27,1154.8756103515625,1162.199951171875,1172.4000244140625,1144.0,1160.0,4460409
2025-03-28,1136.989013671875,1144.199951171875,1159.25,1140.75,1159.25,2762934
2025-04-01,1144.9385986328125,1152.199951171875,1164.4000244140625,1136.050048828125,1144.199951171875,4158012
2025-04-02,1142.75244140625,1150.0,1152.699951171875,1135.0,1150.0,2071245
2025-04-03,1144.193359375,1151.449951171875,1226.9000244140625,1149.050048828125,1190.5,6324685
2025-04-04,1102.954833984375,1109.949951171875,1157.449951171875,1076.199951171875,1151.800048828125,5423861
2025-04-07,1081.0439453125,1087.9000244140625,1098.8499755859375,1020.0,1020.0,3888037
2025-04-08,1100.9674072265625,1107.949951171875,1113.6500244140625,1088.699951171875,1100.0,1577632
2025-04-09,1087.1551513671875,1094.050048828125,1103.25,1061.6500244140625,1094.5,5511474
2025-04-11,1102.5076904296875,1109.5,1139.9000244140625,1102.25,1139.9000244140625,2740831
2025-04-15,1147.62158203125,1154.9000244140625,1158.0999755859375,1129.0,1140.9000244140625,2683350
2025-04-16,1151.099609375,1158.4000244140625,1161.4000244140625,1143.699951171875,1150.199951171875,1451875
2025-04-17,1156.2667236328125,1163.5999755859375,1173.5999755859375,1150.0999755859375,1150.0999755859375,2788024
2025-04-21,1169.9798583984375,1177.4000244140625,1179.699951171875,1155.0,1163.4000244140625,1938756
2025-04-22,1167.594970703125,1175.0,1180.5,1162.300048828125,1173.9000244140625,1313400
2025-04-23,1178.525634765625,1186.0,1191.800048828125,1175.9000244140625,1185.0999755859375,3192132
2025-04-24,1192.9342041015625,1200.5,1210.0,1176.300048828125,1179.0,4819678
2025-04-25,1167.396240234375,1174.800048828125,1210.5,1159.699951171875,1203.9000244140625,1286573
2025-04-28,1191.1455078125,1198.699951171875,1205.0,1176.300048828125,1176.300048828125,1236678
2025-04-29,1168.588623046875,1176.0,1204.4000244140625,1169.0,1204.4000244140625,1663018
2025-04-30,1176.4388427734375,1183.9000244140625,1196.5999755859375,1175.9000244140625,1176.199951171875,1604442
2025-05-02,1170.4766845703125,1177.9000244140625,1194.800048828125,1171.4000244140625,1176.0999755859375,910973
2025-05-05,1163.9183349609375,1171.300048828125,1193.9000244140625,1154.5,1188.699951171875,1893680
2025-05-06,1153.0870361328125,1160.4000244140625,1175.0,1129.4000244140625,1172.199951171875,1990745
2025-05-07,1153.385009765625,1160.699951171875,1164.5999755859375,1143.4000244140625,1143.4000244140625,1421366
2025-05-08,1140.76513671875,1148.0,1161.4000244140625,1142.0,1152.699951171875,2616533
2025-05-09,1148.6153564453125,1155.9000244140625,1167.0,1138.5,1142.5,1248574
2025-05-12,1188.0650634765625,1195.5999755859375,1204.0,1143.9000244140625,1155.9000244140625,5065176
2025-05-13,1199.49267578125,1207.0999755859375,1241.0,1196.0,1196.0,3134295
2025-05-14,1212.3114013671875,1220.0,1223.300048828125,1193.199951171875,1213.300048828125,1197152
2025-05-15,1228.5086669921875,1236.300048828125,1239.800048828125,1200.199951171875,1214.0,2053553
2025-05-16,1222.94384765625,1230.699951171875,1238.9000244140625,1221.0,1238.9000244140625,882873
2025-05-19,1211.317626953125,1219.0,1241.800048828125,1214.199951171875,1228.300048828125,2235758
2025-05-20,1216.48486328125,1224.199951171875,1234.4000244140625,1216.5999755859375,1222.0,1385750
2025-05-21,1216.981689453125,1224.699951171875,1256.5999755859375,1220.0999755859375,1225.0999755859375,2615092
2025-05-22,1214.4974365234375,1222.199951171875,1229.800048828125,1211.4000244140625,1224.699951171875,2260610
2025-05-23,1222.34765625,1230.0999755859375,1234.9000244140625,1216.0,1228.0,734297
2025-05-26,1233.0797119140625,1240.9000244140625,1247.9000244140625,1228.699951171875,1229.9000244140625,985434
2025-05-27,1235.3651123046875,1243.199951171875,1249.0,1237.300048828125,1243.9000244140625,1145000
2025-05-28,1234.7689208984375,1242.5999755859375,1252.199951171875,1237.0,1247.800048828125,766968
2025-05-29,1240.3336181640625,1248.199951171875,1253.4000244140625,1240.4000244140625,1245.4000244140625,1791885
2025-05-30,1243.314697265625,1251.199951171875,1257.5999755859375,1241.0,1248.199951171875,3161983
2025-06-02,1239.836669921875,1247.699951171875,1251.5,1232.5,1251.0,1139977
2025-06-03,1240.4329833984375,1248.300048828125,1253.4000244140625,1240.800048828125,1250.0,811620
2025-06-04,1244.0103759765625,1251.9000244140625,1266.0,1246.300048828125,1248.300048828125,1387633
2025-06-05,1282.4664306640625,1290.5999755859375,1303.4000244140625,1264.199951171875,1264.199951171875,3834672
2025-06-06,1312.575439453125,1320.9000244140625,1322.9000244140625,1295.0,1295.0999755859375,2158757
2025-06-09,1310.7867431640625,1319.0999755859375,1329.0,1308.5999755859375,1327.4000244140625,1227356
2025-06-10,1340.2996826171875,1348.800048828125,1362.5999755859375,1321.0,1321.0,3022355
2025-06-11,1342.5850830078125,1351.0999755859375,1355.4000244140625,1340.199951171875,1350.0,1094247
2025-06-12,1354.1119384765625,1362.699951171875,1379.699951171875,1343.5,1360.0,2625058
2025-06-13,1353.913330078125,1362.5,1366.800048828125,1345.0,1355.0,1419556
2025-06-16,1338.312255859375,1346.800048828125,1359.800048828125,1342.199951171875,1359.800048828125,1294663
2025-06-17,1310.48876953125,1318.800048828125,1349.699951171875,1302.5999755859375,1348.300048828125,1649457
2025-06-18,1305.0234375,1313.300048828125,1324.800048828125,1308.800048828125,1311.0999755859375,728945
2025-06-19,1317.74267578125,1326.0999755859375,1332.0,1304.300048828125,1305.0,1654212
2025-06-20,1316.94775390625,1325.300048828125,1335.0,1318.199951171875,1332.4000244140625,1843895
2025-06-23,1309.5943603515625,1317.9000244140625,1323.0,1302.0999755859375,1318.9000244140625,843945
2025-06-24,1328.8721923828125,1337.300048828125,1353.699951171875,1309.0999755859375,1317.9000244140625,1011128
2025-06-25,1333.14501953125,1341.5999755859375,1348.300048828125,1336.0,1348.300048828125,833145
2025-06-26,1313.171630859375,1321.5,1333.699951171875,1314.5999755859375,1326.0,2373431
2025-06-27,1292.8009033203125,1301.0,1331.5999755859375,1298.4000244140625,1328.9000244140625,1770595
2025-06-30,1275.2125244140625,1283.300048828125,1305.0,1272.5,1302.9000244140625,2224279
2025-07-01,1268.75341796875,1276.800048828125,1294.9000244140625,1273.300048828125,1286.300048828125,1851442
2025-07-02,1262.791259765625,1270.800048828125,1280.9000244140625,1263.699951171875,1276.0,2027306
2025-07-03,1283.1619873046875,1291.300048828125,1297.5999755859375,1270.0,1274.9000244140625,1918977
2025-07-04,1299.1605224609375,1307.4000244140625,1313.0,1287.199951171875,1303.0,1466009
2025-07-07,1302.240966796875,1310.5,1313.4000244140625,1298.0999755859375,1307.9000244140625,569025
2025-07-08,1275.7093505859375,1283.800048828125,1310.300048828125,1273.5999755859375,1310.300048828125,1602620
2025-07-09,1261.4000244140625,1269.4000244140625,1285.699951171875,1266.9000244140625,1280.0,1494337
2025-07-10,1262.5999755859375,1262.5999755859375,1269.9000244140625,1252.0999755859375,1262.9000244140625,1246082
2025-07-11,1254.699951171875,1254.699951171875,1272.0,1251.300048828125,1263.0,895466
2025-07-14,1250.5999755859375,1250.5999755859375,1261.4000244140625,1245.300048828125,1254.699951171875,1035555
2025-07-15,1260.9000244140625,1260.9000244140625,1264.5,1241.0,1254.800048828125,1183659
2025-07-16,1259.4000244140625,1259.4000244140625,1262.0,1250.0,1260.9000244140625,1159859
2025-07-17,1263.0999755859375,1263.0999755859375,1274.800048828125,1255.5,1259.4000244140625,709420
2025-07-18,1257.5,1257.5,1270.5999755859375,1251.0999755859375,1265.0,690731
2025-07-21,1259.300048828125,1259.300048828125,1262.4000244140625,1245.199951171875,1250.199951171875,1065189
2025-07-22,1240.0,1240.0,1263.5999755859375,1236.0,1261.0,1304352
2025-07-23,1247.4000244140625,1247.4000244140625,1252.0999755859375,1231.0,1240.199951171875,1088262
2025-07-24,1265.5,1265.5,1287.9000244140625,1256.0999755859375,1261.0999755859375,3809212
2025-07-25,1277.9000244140625,1277.9000244140625,1288.5,1261.199951171875,1266.0,1621138
2025-07-28,1287.4000244140625,1287.4000244140625,1290.0,1271.5999755859375,1280.0,1553778
2025-07-29,1299.800048828125,1299.800048828125,1302.0,1282.800048828125,1287.0,1943466
2025-07-30,1292.0999755859375,1292.0999755859375,1298.0999755859375,1277.699951171875,1298.0999755859375,1387013
2025-07-31,1270.300048828125,1270.300048828125,1285.0,1257.0,1274.5,1968821
2025-08-01,1220.5999755859375,1220.5999755859375,1259.0,1213.699951171875,1258.0,2525210
2025-08-04,1225.0,1225.0,1232.199951171875,1219.199951171875,1225.0999755859375,767310
2025-08-05,1214.800048828125,1214.800048828125,1232.0,1205.0,1225.0,956582
2025-08-06,1196.699951171875,1196.699951171875,1217.800048828125,1187.5,1214.800048828125,1701845
2025-08-07,1200.800048828125,1200.800048828125,1210.0,1183.4000244140625,1184.0,1246560
2025-08-08,1211.4000244140625,1211.4000244140625,1215.0,1195.4000244140625,1200.800048828125,2389106
2025-08-11,1219.5,1219.5,1237.0,1208.5999755859375,1212.5,1246374
2025-08-12,1220.300048828125,1220.300048828125,1227.199951171875,1204.0999755859375,1210.0,922461
2025-08-13,1253.4000244140625,1253.4000244140625,1255.5,1219.800048828125,1220.300048828125,1192506
2025-08-14,1260.4000244140625,1260.4000244140625,1266.0,1250.199951171875,1255.0999755859375,1603933
2025-08-18,1262.699951171875,1262.699951171875,1270.5999755859375,1241.0999755859375,1270.0,1648543
2025-08-19,1244.199951171875,1244.199951171875,1263.800048828125,1241.9000244140625,1263.0,1061816
2025-08-20,1245.4000244140625,1245.4000244140625,1250.699951171875,1238.0,1244.0,685379
2025-08-21,1276.5999755859375,1276.5999755859375,1281.800048828125,1240.300048828125,1245.4000244140625,2008295
2025-08-22,1277.5999755859375,1277.5999755859375,1284.0999755859375,1265.5999755859375,1274.0999755859375,1229920
2025-08-25,1283.9000244140625,1283.9000244140625,1288.9000244140625,1275.300048828125,1277.699951171875,967056
2025-08-26,1263.199951171875,1263.199951171875,1279.5999755859375,1259.0,1276.0,2798216
2025-08-28,1259.800048828125,1259.800048828125,1267.4000244140625,1248.5,1263.199951171875,1827890
2025-08-29,1260.0999755859375,1260.0999755859375,1266.4000244140625,1240.800048828125,1259.0,2422956
2025-09-01,1279.9000244140625,1279.9000244140625,1285.0,1260.0999755859375,1260.0999755859375,1273903
2025-09-02,1253.699951171875,1253.699951171875,1283.4000244140625,1248.0,1279.9000244140625,1632660
2025-09-03,1262.199951171875,1262.199951171875,1265.9000244140625,1247.5999755859375,1250.0,1294925
2025-09-04,1253.0,1253.0,1274.699951171875,1249.0,1268.0,1230934
2025-09-05,1268.0999755859375,1268.0999755859375,1271.699951171875,1253.5999755859375,1254.300048828125,769861
2025-09-08,1250.5999755859375,1250.5999755859375,1277.0,1248.699951171875,1269.0,969297
2025-09-09,1291.300048828125,1291.300048828125,1295.800048828125,1256.800048828125,1257.5,1643726
2025-09-10,1304.199951171875,1304.199951171875,1310.0,1293.699951171875,1294.4000244140625,1232984
2025-09-11,1303.0999755859375,1303.0999755859375,1311.0,1283.0,1304.0,1349391
2025-09-12,1316.699951171875,1316.699951171875,1321.0,1302.800048828125,1303.0999755859375,1042942
2025-09-15,1300.800048828125,1300.800048828125,1311.800048828125,1292.5,1308.9000244140625,1331182
2025-09-16,1310.4000244140625,1310.4000244140625,1312.5,1296.4000244140625,1300.0,1034369
2025-09-17,1311.4000244140625,1311.4000244140625,1318.199951171875,1305.199951171875,1317.0,716840
2025-09-18,1322.699951171875,1322.699951171875,1325.800048828125,1305.699951171875,1312.0999755859375,822010
2025-09-19,1321.699951171875,1321.699951171875,1326.800048828125,1312.0,1324.699951171875,1409571
2025-09-22,1301.4000244140625,1301.4000244140625,1320.9000244140625,1293.5,1320.9000244140625,1399531
2025-09-23,1308.4000244140625,1308.4000244140625,1311.9000244140625,1295.199951171875,1300.0,1271238
2025-09-24,1298.0999755859375,1298.0999755859375,1308.300048828125,1294.4000244140625,1303.300048828125,750456
2025-09-25,1275.199951171875,1275.199951171875,1307.300048828125,1268.0,1298.300048828125,1241492
2025-09-26,1253.0999755859375,1253.0999755859375,1278.5,1246.199951171875,1250.0,2284377
2025-09-29,1234.5999755859375,1234.5999755859375,1270.0,1231.0,1265.0,3899164
2025-09-30,1223.699951171875,1223.699951171875,1240.300048828125,1217.5,1235.0999755859375,2635047
2025-10-01,1244.699951171875,1244.699951171875,1250.699951171875,1226.0,1227.9000244140625,4083180
2025-10-03,1248.0999755859375,1248.0999755859375,1265.4000244140625,1240.0,1243.9000244140625,2742600
2025-10-06,1248.5999755859375,1248.5999755859375,1251.300048828125,1234.199951171875,1248.199951171875,1880910
2025-10-07,1248.5,1248.5,1256.0999755859375,1244.4000244140625,1250.300048828125,1380941
2025-10-08,1234.5,1234.5,1251.0,1231.4000244140625,1248.300048828125,1496744
2025-10-09,1246.0999755859375,1246.0999755859375,1264.9000244140625,1240.300048828125,1245.0,2699135
2025-10-10,1264.4000244140625,1264.4000244140625,1267.699951171875,1244.699951171875,1249.5999755859375,1680920
2025-10-13,1262.4000244140625,1262.4000244140625,1265.0999755859375,1248.300048828125,1257.0,1188201
2025-10-14,1237.300048828125,1237.300048828125,1262.4000244140625,1232.300048828125,1262.4000244140625,1944911
2025-10-15,1232.4000244140625,1232.4000244140625,1242.300048828125,1231.0,1233.0,2150067
2025-10-16,1240.199951171875,1240.199951171875,1242.5999755859375,1230.300048828125,1235.9000244140625,1308931
2025-10-17,1255.9000244140625,1255.9000244140625,1262.0,1238.0999755859375,1245.0,1473018
2025-10-20,1282.0,1282.0,1287.699951171875,1259.800048828125,1264.800048828125,1368192
2025-10-21,1288.699951171875,1288.699951171875,1294.0,1283.0999755859375,1288.0,226788
2025-10-23,1279.4000244140625,1279.4000244140625,1303.5999755859375,1271.5999755859375,1303.5999755859375,1991213
2025-10-24,1283.5999755859375,1283.5999755859375,1288.0,1265.5,1280.0,1167634
2025-10-27,1284.300048828125,1284.300048828125,1293.4000244140625,1264.5999755859375,1283.0,1927956
2025-10-28,1289.4000244140625,1289.4000244140625,1294.9000244140625,1275.300048828125,1283.9000244140625,1828290
2025-10-29,1250.9000244140625,1250.9000244140625,1301.5,1235.0,1299.0,2574921
2025-10-30,1202.199951171875,1202.199951171875,1207.199951171875,1180.9000244140625,1196.0,8883497
2025-10-31,1197.5999755859375,1197.5999755859375,1205.5,1191.0,1202.5,4250157
2025-11-03,1196.0,1196.0,1200.800048828125,1187.9000244140625,1196.9000244140625,1547000
2025-11-04,1200.0,1200.0,1204.300048828125,1193.300048828125,1198.0,1015516
2025-11-06,1205.199951171875,1205.199951171875,1213.9000244140625,1193.199951171875,1202.0,1560897
2025-11-07,1205.4000244140625,1205.4000244140625,1211.9000244140625,1198.0,1208.0,1076140
2025-11-10,1198.699951171875,1198.699951171875,1209.5,1195.0,1199.4000244140625,3483082
2025-11-11,1211.5,1211.5,1214.800048828125,1198.5999755859375,1203.5999755859375,1048552
2025-11-12,1229.5999755859375,1229.5999755859375,1235.0,1215.0,1220.0999755859375,1222295
2025-11-13,1234.9000244140625,1234.9000244140625,1242.4000244140625,1227.300048828125,1235.800048828125,1426984
2025-11-14,1246.0,1246.0,1249.0,1231.800048828125,1235.199951171875,827643
2025-11-17,1244.4000244140625,1244.4000244140625,1253.0,1240.5,1253.0,1423044
2025-11-18,1243.800048828125,1243.800048828125,1247.0,1232.699951171875,1244.5,971685
2025-11-19,1250.199951171875,1250.199951171875,1252.699951171875,1237.0,1248.699951171875,830105
2025-11-20,1248.5999755859375,1248.5999755859375,1255.0,1237.699951171875,1255.0,854999
2025-11-21,1243.9000244140625,1243.9000244140625,1250.699951171875,1237.0999755859375,1244.800048828125,941902
2025-11-24,1226.199951171875,1226.199951171875,1262.4000244140625,1219.0,1248.0,7611988
2025-11-25,1236.0999755859375,1236.0999755859375,1251.199951171875,1230.300048828125,1236.300048828125,1983817
2025-11-26,1248.0,1248.0,1251.0,1234.5999755859375,1236.0999755859375,809816
2025-11-27,1249.300048828125,1249.300048828125,1256.0,1241.0,1248.0,1060956
2025-11-28,1258.800048828125,1258.800048828125,1260.300048828125,1245.0,1250.0,809748
2025-12-01,1260.0999755859375,1260.0999755859375,1268.800048828125,1248.4000244140625,1263.9000244140625,1457856
2025-12-02,1275.199951171875,1275.199951171875,1278.300048828125,1260.5,1260.5,2361183
2025-12-03,1280.699951171875,1280.699951171875,1293.0,1269.199951171875,1283.5999755859375,4969448
2025-12-04,1277.5999755859375,1277.5999755859375,1284.199951171875,1266.5,1280.5999755859375,1971130
2025-12-05,1275.199951171875,1275.199951171875,1282.800048828125,1271.5999755859375,1277.5999755859375,1036082
2025-12-08,1266.5,1266.5,1279.0,1263.699951171875,1275.0,1435892
2025-12-09,1246.199951171875,1246.199951171875,1267.4000244140625,1241.300048828125,1266.5,2118272
2025-12-10,1250.800048828125,1250.800048828125,1262.0999755859375,1246.800048828125,1249.300048828125,1669910
2025-12-11,1273.5,1273.5,1275.9000244140625,1248.0,1250.800048828125,1717539
2025-12-12,1279.300048828125,1279.300048828125,1280.4000244140625,1267.300048828125,1275.0,981548
2025-12-15,1280.5999755859375,1280.5999755859375,1282.800048828125,1264.0999755859375,1274.9000244140625,1078613
2025-12-16,1276.9000244140625,1276.9000244140625,1285.9000244140625,1272.0,1285.9000244140625,928506
2025-12-17,1272.0,1272.0,1281.0,1267.300048828125,1270.0,894068
2025-12-18,1280.0,1280.0,1283.9000244140625,1262.0,1277.0,889699
2025-12-19,1278.199951171875,1278.199951171875,1292.9000244140625,1268.9000244140625,1277.0,1209487
2025-12-22,1283.4000244140625,1283.4000244140625,1286.300048828125,1276.699951171875,1278.199951171875,614138
2025-12-23,1283.5,1283.5,1288.5999755859375,1277.800048828125,1288.5999755859375,408490
2025-12-24,1265.800048828125,1265.800048828125,1285.0999755859375,1252.4000244140625,1281.0999755859375,1265233
2025-12-26,1269.300048828125,1269.300048828125,1275.0,1261.0999755859375,1265.0,594744
2025-12-29,1268.5999755859375,1268.5999755859375,1275.9000244140625,1260.0,1269.300048828125,811488
2025-12-30,1265.800048828125,1265.800048828125,1272.9000244140625,1256.4000244140625,1268.0,1123996
2025-12-31,1271.4000244140625,1271.4000244140625,1273.9000244140625,1260.0,1270.0,658106
2026-01-01,1253.4000244140625,1253.4000244140625,1270.0,1248.0,1270.0,553856
2026-01-02,1256.0999755859375,1256.0999755859375,1257.5999755859375,1236.0,1249.0,1591218
2026-01-05,1250.0,1250.0,1262.300048828125,1245.0,1256.0,1184386
2026-01-06,1256.199951171875,1256.199951171875,1258.800048828125,1245.5,1250.0,540944
2026-01-07,1242.800048828125,1242.800048828125,1265.0,1240.0,1252.5999755859375,1215477
2026-01-08,1206.9000244140625,1206.9000244140625,1241.5999755859375,1202.199951171875,1241.5999755859375,2000942
2026-01-09,1210.0999755859375,1210.0999755859375,1216.4000244140625,1203.5999755859375,1207.0,1390935
2026-01-12,1215.5,1215.5,1218.699951171875,1199.9000244140625,1210.0,707317
2026-01-13,1191.300048828125,1191.300048828125,1215.9000244140625,1185.5,1215.5999755859375,2071117
2026-01-14,1186.5,1186.5,1195.0,1176.0999755859375,1191.0999755859375,2834908
2026-01-15,1186.5,1186.5,1186.5,1186.5,1186.5,0
2026-01-16,1175.5,1175.5,1197.0,1171.5,1184.0,2214792
2026-01-19,1167.199951171875,1167.199951171875,1177.5,1164.699951171875,1170.0,1253443
2026-01-20,1166.699951171875,1166.699951171875,1192.800048828125,1161.4000244140625,1168.4000244140625,2790934
2026-01-21,1157.199951171875,1157.199951171875,1193.800048828125,1148.4000244140625,1170.0,2322066
2026-01-22,1217.5,1217.5,1225.0,1187.699951171875,1195.0,6464461
2026-01-23,1235.5999755859375,1235.5999755859375,1250.800048828125,1225.0,1230.0,3888860
2026-01-27,1239.800048828125,1239.800048828125,1252.300048828125,1233.5,1251.0,2159137
2026-01-28,1222.5,1222.5,1243.199951171875,1219.0,1241.9000244140625,1740662
2026-01-29,1208.9000244140625,1208.9000244140625,1218.0,1191.199951171875,1215.300048828125,1626394
2026-01-30,1218.0999755859375,1218.0999755859375,1224.800048828125,1200.0,1200.0,1672460
2026-02-02,1182.5,1182.5,1195.0,1167.0999755859375,1189.5,1207638
2026-02-03,1235.4000244140625,1235.4000244140625,1265.9000244140625,1218.0999755859375,1265.0,1521425
2026-02-04,1240.199951171875,1240.199951171875,1248.300048828125,1230.0999755859375,1235.5,947684
2026-02-05,1244.9000244140625,1244.9000244140625,1253.5999755859375,1237.0,1242.0,953241
2026-02-06,1241.199951171875,1241.199951171875,1248.9000244140625,1225.0,1244.9000244140625,1324651
2026-02-09,1275.5,1275.5,1278.800048828125,1243.5,1260.0,2111316
2026-02-10,1256.0,1256.0,1283.5,1253.0,1279.0,1412804
2026-02-11,1270.300048828125,1270.300048828125,1273.5,1253.199951171875,1263.9000244140625,855888
2026-02-12,1274.9000244140625,1274.9000244140625,1277.5999755859375,1261.5,1268.9000244140625,981247
2026-02-13,1268.0999755859375,1268.0999755859375,1279.300048828125,1263.5999755859375,1274.0,838946
2026-02-16,1269.4000244140625,1269.4000244140625,1275.199951171875,1257.0999755859375,1257.0999755859375,469592
2026-02-17,1284.800048828125,1284.800048828125,1286.800048828125,1258.199951171875,1266.0,687326
2026-02-18,1280.300048828125,1280.300048828125,1291.5,1276.5999755859375,1289.0,689997
2026-02-19,1282.300048828125,1282.300048828125,1295.699951171875,1276.5,1290.0,1333838
2026-02-20,1280.4000244140625,1280.4000244140625,1292.4000244140625,1275.0,1281.9000244140625,1753200
2026-02-23,1307.4000244140625,1307.4000244140625,1313.5,1282.0999755859375,1290.0,1849756
2026-02-24,1300.199951171875,1300.199951171875,1315.0,1297.0999755859375,1307.5,1803242
2026-02-25,1306.5,1306.5,1324.0,1266.9000244140625,1281.0,2296240
2026-02-26,1319.300048828125,1319.300048828125,1327.0,1305.0,1311.199951171875,1511598
2026-02-27,1286.300048828125,1286.300048828125,1317.199951171875,1278.199951171875,1313.800048828125,3510396
2026-03-02,1294.4000244140625,1294.4000244140625,1300.0,1221.199951171875,1252.5999755859375,1052234
2026-03-04,1291.199951171875,1291.199951171875,1299.199951171875,1272.0999755859375,1274.4000244140625,1890939
2026-03-05,1313.5,1313.5,1322.0999755859375,1292.5,1292.5,1060509
2026-03-06,1303.800048828125,1303.800048828125,1316.4000244140625,1290.800048828125,1313.5,963701
2026-03-09,1287.0,1287.0,1294.9000244140625,1273.5999755859375,1285.5,1597730
2026-03-10,1314.5999755859375,1314.5999755859375,1329.5999755859375,1288.0,1288.0,2329349
2026-03-11,1325.5,1325.5,1336.0,1311.0999755859375,1311.0999755859375,2454389
2026-03-12,1319.0,1319.0,1337.300048828125,1303.5999755859375,1321.0,1969692
2026-03-13,1292.300048828125,1292.300048828125,1319.9000244140625,1280.9000244140625,1310.0,1574522
2026-03-16,1276.9000244140625,1276.9000244140625,1297.0,1264.0,1292.0999755859375,1294975
2026-03-17,1283.800048828125,1283.800048828125,1291.4000244140625,1265.0,1279.9000244140625,1003677
2026-03-18,1294.800048828125,1294.800048828125,1299.300048828125,1280.0999755859375,1283.800048828125,849938
2026-03-19,1274.5,1274.5,1286.4000244140625,1266.699951171875,1278.699951171875,1035491
2026-03-20,1298.9000244140625,1298.9000244140625,1307.5,1288.199951171875,1289.0,3359706
2026-03-23,1253.300048828125,1253.300048828125,1293.0,1244.199951171875,1293.0,2112613
2026-03-24,1259.5999755859375,1259.5999755859375,1279.800048828125,1248.4000244140625,1267.199951171875,3166135
2026-03-25,1300.699951171875,1300.699951171875,1309.0,1260.0999755859375,1268.9000244140625,1577150
2026-03-27,1281.699951171875,1281.699951171875,1302.9000244140625,1278.199951171875,1297.0,2165113
2026-03-30,1254.9000244140625,1254.9000244140625,1276.199951171875,1251.0999755859375,1265.0,1991442
2026-04-01,1209.5999755859375,1209.5999755859375,1284.800048828125,1206.0999755859375,1280.0,2240507
2026-04-02,1217.300048828125,1217.300048828125,1222.5999755859375,1167.5,1187.5,3560727
2026-04-06,1217.800048828125,1217.800048828125,1223.199951171875,1196.300048828125,1220.0999755859375,1099471
2026-04-07,1196.0999755859375,1196.0999755859375,1211.0,1179.0,1208.0,2330512
2026-04-08,1191.4000244140625,1191.4000244140625,1219.9000244140625,1185.4000244140625,1210.0,2063229
2026-04-09,1211.9000244140625,1211.9000244140625,1214.699951171875,1189.0,1189.0,2746602
2026-04-10,1232.199951171875,1232.199951171875,1236.800048828125,1208.800048828125,1212.800048828125,1931448
2026-04-13,1235.9000244140625,1235.9000244140625,1239.0999755859375,1204.0,1218.0,1463269
2026-04-15,1217.800048828125,1217.800048828125,1222.0,1195.4000244140625,1220.0,4693413
2026-04-16,1221.4000244140625,1221.4000244140625,1227.5999755859375,1214.0999755859375,1222.0,2014236
2026-04-17,1235.699951171875,1235.699951171875,1242.0,1212.4000244140625,1215.199951171875,2564061
2026-04-20,1232.5999755859375,1232.5999755859375,1243.0,1223.0,1235.0,1605279
2026-04-21,1220.5999755859375,1220.5999755859375,1234.9000244140625,1218.4000244140625,1232.5999755859375,1230733
2026-04-22,1217.0,1217.0,1226.0,1208.0999755859375,1214.0999755859375,1573272
2026-04-23,1331.0,1331.0,1357.0,1217.5,1230.0,16407707
2026-04-24,1317.0999755859375,1317.0999755859375,1348.800048828125,1293.0,1293.0,5638719
2026-04-27,1334.5,1334.5,1350.0,1309.0,1320.4000244140625,1940454
2026-04-28,1354.5999755859375,1354.5999755859375,1367.9000244140625,1327.4000244140625,1342.4000244140625,2336352
2026-04-29,1329.800048828125,1329.800048828125,1375.9000244140625,1321.5,1367.0,4545837
2026-04-30,1322.9000244140625,1322.9000244140625,1340.300048828125,1313.5999755859375,1327.0,1227007
2026-05-01,1322.9000244140625,1322.9000244140625,1322.9000244140625,1322.9000244140625,1322.9000244140625,0
2026-05-04,1287.199951171875,1287.199951171875,1320.0,1280.5999755859375,1320.0,2285506
2026-05-05,1271.199951171875,1271.199951171875,1292.4000244140625,1268.5,1287.5999755859375,986348
2026-05-06,1311.0,1311.0,1328.5999755859375,1277.0999755859375,1282.0,3340410
2026-05-07,1307.5999755859375,1307.5999755859375,1315.699951171875,1297.300048828125,1309.0999755859375,2530096
2026-05-08,1293.9000244140625,1293.9000244140625,1310.199951171875,1290.0,1303.5,964903
2026-05-11,1279.9000244140625,1279.9000244140625,1299.9000244140625,1272.5,1288.0,1506740
2026-05-12,1270.0,1270.0,1288.300048828125,1264.5,1278.9000244140625,1946195
2026-05-13,1265.300048828125,1265.300048828125,1303.800048828125,1230.0,1245.5999755859375,9276074
2026-05-14,1303.5999755859375,1303.5999755859375,1307.699951171875,1255.0,1265.300048828125,2362951
2026-05-15,1336.699951171875,1336.699951171875,1344.9000244140625,1303.5999755859375,1303.5999755859375,3982549
2026-05-18,1331.199951171875,1331.199951171875,1341.9000244140625,1322.0,1336.5,1926791
2026-05-19,1335.199951171875,1335.199951171875,1345.0,1318.9000244140625,1332.0,2488019
2026-05-20,1321.9000244140625,1321.9000244140625,1336.0,1319.5999755859375,1323.5999755859375,1277182
2026-05-21,1318.5,1318.5,1331.5999755859375,1314.199951171875,1325.0,2183121
2026-05-22,1307.199951171875,1307.199951171875,1329.5999755859375,1305.0999755859375,1319.0,2002451
2026-05-25,1331.4000244140625,1331.4000244140625,1340.5,1298.699951171875,1320.0,4659781
2026-05-26,1327.9000244140625,1327.9000244140625,1341.0,1321.5999755859375,1333.0,1909354
2026-05-27,1319.0,1319.0,1346.800048828125,1316.699951171875,1329.5999755859375,959327
2026-05-28,1319.0,1319.0,1319.0,1319.0,1319.0,0
2026-05-29,1303.5,1303.5,1328.5999755859375,1297.5,1318.800048828125,5424483
2026-06-01,1290.4000244140625,1290.4000244140625,1319.5999755859375,1284.800048828125,1310.0999755859375,1379034
2026-06-02,1274.0,1274.0,1284.699951171875,1264.0999755859375,1280.199951171875,2021793
2026-06-03,1263.300048828125,1263.300048828125,1275.199951171875,1256.9000244140625,1269.5,1226407
2026-06-04,1267.5,1267.5,1274.9000244140625,1248.4000244140625,1257.300048828125,944045
2026-06-05,1278.199951171875,1278.199951171875,1289.4000244140625,1268.5,1273.0,774687
2026-06-08,1275.5999755859375,1275.5999755859375,1293.699951171875,1270.0,1270.0,862999
2026-06-09,1268.5,1268.5,1287.5999755859375,1261.4000244140625,1277.0,871896
2026-06-10,1271.699951171875,1271.699951171875,1283.699951171875,1266.699951171875,1268.5999755859375,1172155
2026-06-11,1276.0,1276.0,1285.699951171875,1266.4000244140625,1271.0999755859375,1057772
