Date,Adj Close,Close,High,Low,Open,Volume
,HCLTECH.NS,HCLTECH.NS,HCLTECH.NS,HCLTECH.NS,HCLTECH.NS,HCLTECH.NS
2021-01-01,759.400634765625,950.5,955.5,942.0,942.0,3142822
2021-01-04,783.2891845703125,980.4000244140625,984.7000122070312,952.6500244140625,959.0,5259092
2021-01-05,792.0376586914062,991.3499755859375,995.7999877929688,967.2000122070312,967.2000122070312,7150252
2021-01-06,781.5313720703125,978.2000122070312,998.0,966.0999755859375,997.9000244140625,5995748
2021-01-07,769.0279541015625,962.5499877929688,988.2000122070312,959.4000244140625,988.0,5261000
2021-01-08,794.6741943359375,994.6500244140625,1003.5,970.0,974.9000244140625,8034775
2021-01-11,842.9707641601562,1055.0999755859375,1059.050048828125,1008.0,1015.0,13384331
2021-01-12,848.5631713867188,1062.0999755859375,1065.050048828125,1038.699951171875,1052.0,6700542
2021-01-13,843.6495971679688,1055.949951171875,1067.0,1041.0,1064.0,6691409
2021-01-14,821.0794677734375,1027.699951171875,1049.0,1006.5999755859375,1049.0,15021108
2021-01-15,790.79931640625,989.7999877929688,1052.8499755859375,984.0,1047.6500244140625,23769415
2021-01-18,784.1680297851562,981.5,1004.9500122070312,976.9000244140625,1000.0,12947569
2021-01-19,786.0455322265625,983.8499755859375,997.0,979.3499755859375,988.0,6387923
2021-01-20,798.3494262695312,999.25,1009.6500244140625,987.5499877929688,991.75,7444118
2021-01-21,796.7849731445312,993.2999877929688,1020.0,982.9500122070312,1009.0,8857975
2021-01-22,790.7689208984375,985.7999877929688,1004.0,981.4000244140625,991.7000122070312,5379466
2021-01-25,760.046142578125,947.5,997.0,941.0,997.0,7731883
2021-01-27,766.4636840820312,955.5,963.25,942.5,952.0999755859375,7531736
2021-01-28,749.177001953125,933.9500122070312,952.4000244140625,930.0999755859375,948.7999877929688,6960905
2021-01-29,733.173828125,914.0,949.5,909.5,941.0,7692663
2021-02-01,744.6849365234375,928.3499755859375,933.75,896.3499755859375,919.0,8651478
2021-02-02,765.7816162109375,954.6500244140625,963.0,935.5499877929688,947.0,7690178
2021-02-03,769.9930419921875,959.9000244140625,973.2999877929688,952.5499877929688,966.0,6354619
2021-02-04,768.188232421875,957.6500244140625,970.4500122070312,950.1500244140625,964.7000122070312,4623148
2021-02-05,758.96337890625,946.1500244140625,963.9000244140625,940.0499877929688,960.7999877929688,4631703
2021-02-08,768.2684326171875,957.75,964.4000244140625,941.3499755859375,955.0,6509526
2021-02-09,763.3350219726562,951.5999755859375,981.9000244140625,946.5999755859375,965.0,7557977
2021-02-10,769.6318969726562,959.4500122070312,965.0999755859375,946.1500244140625,955.0499877929688,4896963
2021-02-11,778.41552734375,970.4000244140625,972.5,953.0499877929688,959.4500122070312,3745595
2021-02-12,770.3941040039062,960.4000244140625,986.5,957.5999755859375,975.0,8045740
2021-02-15,765.7816162109375,954.6500244140625,971.25,950.0999755859375,970.0,4643228
2021-02-16,763.8966064453125,952.2999877929688,962.25,944.0999755859375,957.0,3277086
2021-02-17,756.596923828125,943.2000122070312,958.4000244140625,941.0,952.0,3643176
2021-02-18,760.5274047851562,948.0999755859375,956.75,938.3499755859375,944.0,5133094
2021-02-19,762.1719360351562,950.1500244140625,958.0,944.4500122070312,950.0,5494816
2021-02-22,738.1070556640625,920.1500244140625,951.4500122070312,916.0499877929688,949.5,5043203
2021-02-23,729.9252319335938,909.9500122070312,930.0,906.5499877929688,924.0,5916942
2021-02-24,734.7783203125,916.0,919.4500122070312,905.5,918.0,3435827
2021-02-25,745.4068603515625,929.25,934.0499877929688,922.1500244140625,925.9000244140625,6234947
2021-02-26,729.5241088867188,909.4500122070312,925.0,905.0999755859375,908.0,9198218
2021-03-01,746.2891845703125,930.3499755859375,934.4500122070312,915.6500244140625,916.0,5397960
2021-03-02,765.0596923828125,953.75,957.9000244140625,928.5999755859375,933.8499755859375,6715548
2021-03-03,774.2844848632812,965.25,968.0,947.0,965.0,5742015
2021-03-04,768.4689331054688,958.0,969.9000244140625,951.3499755859375,952.0,6268541
2021-03-05,755.2330932617188,941.5,972.0,936.2999877929688,956.0999755859375,5992152
2021-03-08,771.5972290039062,961.9000244140625,973.0,944.0,952.5,5621823
2021-03-09,780.62158203125,973.1500244140625,976.9000244140625,949.0999755859375,964.0999755859375,5440319
2021-03-10,792.9348754882812,988.5,995.0999755859375,979.7000122070312,985.7000122070312,7694950
2021-03-12,785.5148315429688,979.25,1002.7999877929688,973.5999755859375,988.5,6447010
2021-03-15,796.023193359375,992.3499755859375,994.3499755859375,967.3499755859375,977.5,5321071
2021-03-16,807.9752807617188,1007.25,1018.7999877929688,990.4500122070312,993.0,8094575
2021-03-17,792.0924682617188,987.4500122070312,1023.9000244140625,982.7000122070312,1012.0,6758901
2021-03-18,760.2467041015625,947.75,999.75,932.4000244140625,995.0,8269566
2021-03-19,770.4342651367188,960.4500122070312,969.0,937.7000122070312,950.0,9004154
2021-03-22,785.1136474609375,978.75,982.4500122070312,944.5999755859375,960.4500122070312,4745254
2021-03-23,786.7982177734375,980.8499755859375,992.9000244140625,971.7999877929688,983.6500244140625,5158305
2021-03-24,782.626953125,975.6500244140625,984.75,965.7999877929688,971.0499877929688,3874331
2021-03-25,767.7068481445312,957.0499877929688,974.5,950.0,970.0,4879437
2021-03-26,768.9100952148438,958.5499877929688,975.0,953.7999877929688,965.0,4271178
2021-03-30,798.7906494140625,995.7999877929688,1000.7999877929688,964.4500122070312,965.0,5475000
2021-03-31,788.2421875,982.6500244140625,1000.0,978.6500244140625,1000.0,4445140
2021-04-01,804.2451171875,1002.5999755859375,1013.5,990.5999755859375,992.0,5269079
2021-04-05,829.031982421875,1033.5,1040.0,1002.5999755859375,1007.0,9452833
2021-04-06,824.9410400390625,1028.4000244140625,1040.5999755859375,1020.25,1039.0,4260257
2021-04-07,831.9998168945312,1037.199951171875,1045.0,1024.699951171875,1031.0,3551106
2021-04-08,832.2404174804688,1037.5,1054.4000244140625,1031.6500244140625,1044.0,4852068
2021-04-09,838.57763671875,1045.4000244140625,1054.800048828125,1034.1500244140625,1042.0999755859375,3708082
2021-04-12,809.7000122070312,1009.4000244140625,1042.949951171875,1001.2000122070312,1042.949951171875,5976427
2021-04-13,788.8438110351562,983.4000244140625,1020.7999877929688,972.2000122070312,1012.5,7773994
2021-04-15,795.6621704101562,991.9000244140625,994.7000122070312,958.75,968.0,7430279
2021-04-16,812.38720703125,1012.75,1016.7999877929688,994.5,1000.0,4677808
2021-04-19,797.8280029296875,994.5999755859375,1028.449951171875,987.8499755859375,996.0,6239343
2021-04-20,771.1160278320312,961.2999877929688,1006.0,957.0,1006.0,9742418
2021-04-22,771.5972290039062,961.9000244140625,971.9000244140625,955.2999877929688,966.0,4970596
2021-04-23,766.583740234375,955.6500244140625,974.8499755859375,950.2000122070312,964.0,6023490
2021-04-26,745.0458984375,928.7999877929688,954.5,923.0499877929688,940.0,19619972
2021-04-27,745.0858764648438,928.8499755859375,938.5499877929688,923.4000244140625,931.0,6406825
2021-04-28,741.0349731445312,923.7999877929688,935.8499755859375,921.75,931.2000122070312,6845677
2021-04-29,742.4635620117188,909.5499877929688,929.7000122070312,907.0999755859375,929.7000122070312,8588734
2021-04-30,733.8109130859375,898.9500122070312,915.0,895.4000244140625,905.0,10921664
2021-05-03,740.9534912109375,907.7000122070312,910.4500122070312,891.0,898.75,6871176
2021-05-04,735.443359375,900.9500122070312,915.0,899.25,910.0,6217026
2021-05-05,742.3411865234375,909.4000244140625,910.7999877929688,900.5999755859375,903.9500122070312,2696835
2021-05-06,747.7286376953125,916.0,923.9000244140625,901.25,912.0,6319104
2021-05-07,748.05517578125,916.4000244140625,921.4000244140625,913.7000122070312,918.0,3651558
2021-05-10,746.05517578125,913.9500122070312,921.5999755859375,910.2000122070312,918.0499877929688,4029147
2021-05-11,740.6267700195312,907.2999877929688,912.4500122070312,905.0999755859375,908.5,3818154
2021-05-12,739.6472778320312,906.0999755859375,908.9500122070312,895.0,906.1500244140625,4076940
2021-05-14,743.1165771484375,910.3499755859375,912.0,896.5,909.0,5184569
2021-05-17,752.7489013671875,922.1500244140625,927.2000122070312,910.0999755859375,914.5999755859375,7956551
2021-05-18,760.4628295898438,931.5999755859375,939.5,924.5,928.0,5913426
2021-05-19,760.2996826171875,931.4000244140625,941.0,925.1500244140625,928.0,4178834
2021-05-20,754.5855712890625,924.4000244140625,934.7999877929688,922.0499877929688,932.0,4753782
2021-05-21,759.6873779296875,930.6500244140625,934.6500244140625,923.0,925.5,4161547
2021-05-24,761.4425048828125,932.7999877929688,939.0,927.7000122070312,931.5,4191877
2021-05-25,767.8096923828125,940.5999755859375,943.7999877929688,935.1500244140625,938.0,5032874
2021-05-26,772.0543212890625,945.7999877929688,948.9500122070312,932.5499877929688,940.0,5017674
2021-05-27,769.2788696289062,942.4000244140625,956.9000244140625,938.0999755859375,949.0,9078274
2021-05-28,769.4013671875,942.5499877929688,949.75,937.4000244140625,940.0499877929688,4098094
2021-05-31,771.5643920898438,945.2000122070312,947.8499755859375,932.5999755859375,941.5499877929688,4171524
2021-06-01,776.0541381835938,950.7000122070312,952.0,942.0499877929688,948.0,2944472
2021-06-02,770.3809814453125,943.75,950.7000122070312,937.5999755859375,947.0,3657189
2021-06-03,766.8707885742188,939.4500122070312,949.7999877929688,937.0,945.0,4164240
2021-06-04,764.5036010742188,936.5499877929688,944.2000122070312,934.75,940.0999755859375,3550303
2021-06-07,775.15625,949.5999755859375,951.9500122070312,937.0999755859375,939.0,3282517
2021-06-08,789.5231323242188,967.2000122070312,972.0,951.4500122070312,952.0,6385642
2021-06-09,792.8698120117188,971.2999877929688,985.0,965.0999755859375,973.9000244140625,5521459
2021-06-10,790.6251220703125,968.5499877929688,981.6500244140625,966.5499877929688,979.5,3878256
2021-06-11,802.7061767578125,983.3499755859375,990.0,970.5,976.0,4777035
2021-06-14,803.4002685546875,984.2000122070312,988.4500122070312,976.0,983.0,2236373
2021-06-15,804.4205322265625,985.4500122070312,993.0,983.2000122070312,985.0999755859375,2559001
2021-06-16,799.48193359375,979.4000244140625,986.0,974.0,984.0499877929688,3138753
2021-06-17,805.196044921875,986.4000244140625,988.9500122070312,978.5499877929688,980.0,3609989
2021-06-18,796.0943603515625,975.25,996.7000122070312,970.0999755859375,990.0,5622783
2021-06-21,801.6043701171875,982.0,983.4500122070312,961.25,968.0,1639495
2021-06-22,800.0532836914062,980.0999755859375,988.2000122070312,976.25,982.0999755859375,2529648
2021-06-23,794.176025390625,972.9000244140625,985.0,971.0,985.0,2395543
2021-06-24,807.8897705078125,989.7000122070312,994.5999755859375,969.0999755859375,972.0,4686567
2021-06-25,812.746826171875,995.6500244140625,1010.0,989.25,995.0,5196000
2021-06-28,804.2980346679688,985.2999877929688,1000.0,984.2000122070312,1000.0,1844159
2021-06-29,802.9103393554688,983.5999755859375,993.9000244140625,980.5,986.9500122070312,1895170
2021-06-30,802.828857421875,983.5,991.4500122070312,981.0,981.0,2682591
2021-07-01,804.4613647460938,985.5,988.0,975.1500244140625,987.0,2861509
2021-07-02,803.7673950195312,984.6500244140625,987.5999755859375,977.25,983.5499877929688,1646631
2021-07-05,799.767578125,979.75,995.9000244140625,978.0,991.7000122070312,2598033
2021-07-06,793.482177734375,972.0499877929688,982.2000122070312,970.2000122070312,980.0,2486069
2021-07-07,796.1759643554688,975.3499755859375,977.5999755859375,960.2999877929688,970.0,3014899
2021-07-08,797.3594360351562,976.7999877929688,982.0,970.0,975.0,2555624
2021-07-09,797.4004516601562,976.8499755859375,979.5,966.5999755859375,972.0,3218471
2021-07-12,799.5228881835938,979.4500122070312,983.0499877929688,975.0,980.0,2037878
2021-07-13,790.1351928710938,967.9500122070312,983.0,964.0,983.0,2997764
2021-07-14,807.6857299804688,989.4500122070312,992.9500122070312,968.0999755859375,968.25,4371180
2021-07-15,848.7454223632812,1039.75,1052.5,990.7999877929688,993.0,12701032
2021-07-16,820.3790893554688,1005.0,1048.75,998.0499877929688,1044.9000244140625,8665827
2021-07-19,816.4609985351562,1000.2000122070312,1018.2999877929688,992.5,1005.0,4644600
2021-07-20,797.6860961914062,977.2000122070312,1012.2000122070312,969.3499755859375,999.0,10216774
2021-07-22,798.8289184570312,978.5999755859375,981.5,970.0,970.0,6156400
2021-07-23,811.3998413085938,994.0,1003.9000244140625,982.5999755859375,984.7000122070312,5265839
2021-07-26,816.5424194335938,1000.2999877929688,1004.0,987.25,994.0,2477027
2021-07-27,814.65380859375,992.0,1002.2000122070312,983.8499755859375,1000.0,2883514
2021-07-28,807.3448486328125,983.0999755859375,995.9500122070312,977.2999877929688,995.0,2952249
2021-07-29,827.4647827148438,1007.5999755859375,1009.0,985.5499877929688,985.5499877929688,4732101
2021-07-30,841.7130737304688,1024.949951171875,1049.949951171875,1009.9000244140625,1013.0,9330054
2021-08-02,850.2948608398438,1035.4000244140625,1039.0,1023.0499877929688,1034.0,2536478
2021-08-03,853.6206665039062,1039.449951171875,1042.949951171875,1024.0,1030.0,3359006
2021-08-04,854.0313720703125,1039.949951171875,1047.75,1034.5999755859375,1041.0999755859375,3122161
2021-08-05,871.44140625,1061.1500244140625,1073.0,1033.699951171875,1040.0,7896314
2021-08-06,862.2435302734375,1049.949951171875,1070.0,1043.0,1061.1500244140625,11584782
2021-08-09,862.7363891601562,1050.550048828125,1066.75,1043.5,1057.800048828125,6321578
2021-08-10,873.535400390625,1063.699951171875,1072.300048828125,1048.0,1052.5,5871606
2021-08-11,876.2042236328125,1066.949951171875,1079.0,1057.1500244140625,1070.949951171875,5011239
2021-08-12,900.4715576171875,1096.5,1101.1500244140625,1068.0,1071.0,6540144
2021-08-13,919.3184814453125,1119.449951171875,1123.949951171875,1090.199951171875,1099.0,7270809
2021-08-16,922.7679443359375,1123.6500244140625,1129.3499755859375,1114.3499755859375,1120.949951171875,3159376
2021-08-17,938.6175537109375,1142.949951171875,1151.949951171875,1112.550048828125,1119.25,5295838
2021-08-18,931.4727783203125,1134.25,1157.9000244140625,1131.5999755859375,1157.9000244140625,4871006
2021-08-20,917.5941772460938,1117.3499755859375,1140.75,1107.199951171875,1107.5,3467046
2021-08-23,955.1651000976562,1163.0999755859375,1178.199951171875,1126.050048828125,1129.0,9383780
2021-08-24,946.78857421875,1152.9000244140625,1173.0,1150.0,1167.949951171875,3947317
2021-08-25,947.9794921875,1154.3499755859375,1169.9000244140625,1140.300048828125,1159.9000244140625,3447912
2021-08-26,958.7371826171875,1167.449951171875,1172.0,1155.0,1159.9000244140625,4654833
2021-08-27,955.0418090820312,1162.949951171875,1169.75,1159.5,1167.449951171875,3050466
2021-08-30,955.4113159179688,1163.4000244140625,1170.3499755859375,1154.550048828125,1164.0,2956868
2021-08-31,970.9326171875,1182.300048828125,1193.4000244140625,1162.050048828125,1166.0,7199002
2021-09-01,956.4378051757812,1164.6500244140625,1190.5,1161.75,1190.0,3200410
2021-09-02,963.0900268554688,1172.75,1182.0,1154.0,1172.0,5224479
2021-09-03,964.7322387695312,1174.75,1180.5999755859375,1158.25,1173.5,4533364
2021-09-06,985.5911865234375,1200.1500244140625,1210.0999755859375,1174.0,1175.0,4331916
2021-09-07,970.8502197265625,1182.199951171875,1214.949951171875,1180.0999755859375,1214.0,3721585
2021-09-08,976.2705078125,1188.800048828125,1191.1500244140625,1167.050048828125,1185.0,3118518
2021-09-09,984.2777099609375,1198.550048828125,1204.949951171875,1183.0,1192.0,3388292
2021-09-13,992.3665771484375,1208.4000244140625,1215.0,1176.449951171875,1192.0,3723138
2021-09-14,1017.2085571289062,1238.6500244140625,1240.5999755859375,1207.0,1216.0,5593286
2021-09-15,1045.622802734375,1273.25,1288.949951171875,1230.25,1238.6500244140625,6063895
2021-09-16,1037.2872314453125,1263.0999755859375,1295.300048828125,1255.199951171875,1287.199951171875,3616292
2021-09-17,1037.45166015625,1263.300048828125,1281.0,1258.5,1265.0,4817180
2021-09-20,1048.00439453125,1276.1500244140625,1298.800048828125,1250.0,1258.0,5453683
2021-09-21,1067.18017578125,1299.5,1315.0,1277.0,1289.0,4645597
2021-09-22,1080.3193359375,1315.5,1328.6500244140625,1299.5999755859375,1300.0,5367303
2021-09-23,1090.8310546875,1328.300048828125,1336.449951171875,1313.9000244140625,1326.8499755859375,3037295
2021-09-24,1115.3857421875,1358.199951171875,1377.75,1337.0,1340.0,7951730
2021-09-27,1063.6488037109375,1295.199951171875,1367.949951171875,1290.050048828125,1366.0,7653504
2021-09-28,1042.13232421875,1269.0,1304.949951171875,1254.0,1304.949951171875,8572321
2021-09-29,1052.151611328125,1281.199951171875,1301.449951171875,1258.800048828125,1270.0,4639821
2021-09-30,1050.796630859375,1279.550048828125,1291.449951171875,1268.8499755859375,1291.449951171875,3589722
2021-10-01,1046.0333251953125,1273.75,1284.0,1260.6500244140625,1274.0,3372796
2021-10-04,1050.0576171875,1278.6500244140625,1293.5999755859375,1273.75,1281.5,2706626
2021-10-05,1071.820068359375,1305.1500244140625,1313.5999755859375,1262.199951171875,1270.0,3710314
2021-10-06,1047.429443359375,1275.449951171875,1319.8499755859375,1271.800048828125,1312.0,2861608
2021-10-07,1072.764404296875,1306.300048828125,1317.8499755859375,1284.050048828125,1284.050048828125,2421641
2021-10-08,1085.78076171875,1322.1500244140625,1338.0,1294.050048828125,1306.300048828125,5197831
2021-10-11,1069.9720458984375,1302.9000244140625,1324.9000244140625,1235.6500244140625,1300.0,5264998
2021-10-12,1026.81689453125,1250.3499755859375,1309.0,1236.300048828125,1306.949951171875,12811641
2021-10-13,1039.1351318359375,1265.3499755859375,1270.800048828125,1243.449951171875,1263.0,5705730
2021-10-14,1027.4735107421875,1251.1500244140625,1293.25,1244.050048828125,1289.4000244140625,10360519
2021-10-18,1003.0426025390625,1221.4000244140625,1272.5,1215.0,1240.0,23861603
2021-10-19,1011.8294067382812,1232.0999755859375,1253.0,1225.0,1230.0,10189780
2021-10-20,1012.4864501953125,1232.9000244140625,1263.4000244140625,1220.4000244140625,1239.0,8222562
2021-10-21,1002.3856201171875,1210.699951171875,1238.9000244140625,1189.0,1238.9000244140625,5998795
2021-10-22,988.5592041015625,1194.0,1223.3499755859375,1186.0,1203.25,3812305
2021-10-25,964.8800659179688,1165.4000244140625,1190.0,1157.1500244140625,1184.050048828125,6690819
2021-10-26,966.038818359375,1166.800048828125,1182.0,1153.25,1170.0,5126660
2021-10-27,974.6082153320312,1177.1500244140625,1181.3499755859375,1161.5,1170.0,3536653
2021-10-28,953.7855224609375,1152.0,1185.0,1146.800048828125,1183.300048828125,4096585
2021-10-29,946.9552001953125,1143.75,1173.0,1138.0,1152.0,3558520
2021-11-01,984.5848388671875,1189.199951171875,1191.449951171875,1143.5,1143.5,4511112
2021-11-02,969.2267456054688,1170.6500244140625,1195.0999755859375,1168.8499755859375,1191.0,3016082
2021-11-03,973.9461059570312,1176.3499755859375,1187.699951171875,1171.699951171875,1175.0,2063067
2021-11-04,979.5345458984375,1183.0999755859375,1187.1500244140625,1178.0,1185.0,256369
2021-11-08,979.3275146484375,1182.8499755859375,1192.800048828125,1168.550048828125,1187.449951171875,3808317
2021-11-09,971.0067138671875,1172.800048828125,1191.0,1170.449951171875,1188.0,3565461
2021-11-10,967.9848022460938,1169.1500244140625,1175.0,1162.0999755859375,1164.0,2401325
2021-11-11,960.988525390625,1160.699951171875,1167.800048828125,1152.25,1166.0,2861259
2021-11-12,970.6340942382812,1172.3499755859375,1178.1500244140625,1163.0,1168.9000244140625,3812518
2021-11-15,969.39208984375,1170.8499755859375,1181.5999755859375,1163.5,1171.0,3619915
2021-11-16,963.2238159179688,1163.4000244140625,1175.5,1160.449951171875,1170.9000244140625,3141207
2021-11-17,954.158203125,1152.449951171875,1164.75,1150.0,1160.5,3172985
2021-11-18,927.45703125,1120.199951171875,1155.0,1113.5,1148.0,5384530
2021-11-22,919.094970703125,1110.0999755859375,1125.8499755859375,1102.0,1120.199951171875,3961223
2021-11-23,921.1648559570312,1112.5999755859375,1120.0,1090.0,1105.0,4545069
2021-11-24,926.836181640625,1119.449951171875,1132.6500244140625,1112.949951171875,1120.0,2675632
2021-11-25,931.265625,1124.800048828125,1131.0,1111.0,1116.5,3106454
2021-11-26,919.0537109375,1110.050048828125,1126.0,1103.300048828125,1120.0,2207274
2021-11-29,938.1788940429688,1133.1500244140625,1145.0,1100.0999755859375,1101.0999755859375,3661152
2021-11-30,942.732421875,1138.6500244140625,1157.9000244140625,1133.0,1133.0,7421904
2021-12-01,957.6768798828125,1156.699951171875,1163.0,1145.199951171875,1146.0,2918586
2021-12-02,980.8592529296875,1184.699951171875,1186.4000244140625,1153.0,1161.9000244140625,4011279
2021-12-03,969.8478393554688,1171.4000244140625,1189.699951171875,1169.6500244140625,1188.0,2571036
2021-12-06,940.9940185546875,1136.550048828125,1172.6500244140625,1134.8499755859375,1169.9000244140625,2493755
2021-12-07,951.839599609375,1149.6500244140625,1155.0,1131.4000244140625,1150.0,2299958
2021-12-08,970.01318359375,1171.5999755859375,1181.5999755859375,1157.050048828125,1157.4000244140625,2525711
2021-12-09,967.4881591796875,1168.550048828125,1179.800048828125,1155.0,1179.800048828125,1734844
2021-12-10,962.2304077148438,1162.199951171875,1167.0,1155.199951171875,1155.199951171875,957733
2021-12-13,959.663818359375,1159.0999755859375,1173.449951171875,1153.25,1166.0,2225682
2021-12-14,962.354736328125,1162.3499755859375,1165.9000244140625,1145.5,1156.0,1972685
2021-12-15,951.2189331054688,1148.9000244140625,1161.949951171875,1142.300048828125,1158.25,1604301
2021-12-16,960.2020874023438,1159.75,1167.9000244140625,1149.550048828125,1156.0,2121810
2021-12-17,969.8478393554688,1171.4000244140625,1182.9000244140625,1165.0,1172.0,6373455
2021-12-20,960.3264770507812,1159.9000244140625,1172.3499755859375,1145.5,1160.0,3091768
2021-12-21,997.66650390625,1205.0,1214.949951171875,1165.050048828125,1168.9000244140625,6217986
2021-12-22,1012.4036254882812,1222.800048828125,1226.0,1210.0999755859375,1218.0,3809814
2021-12-23,1016.25341796875,1227.449951171875,1230.699951171875,1215.5999755859375,1229.9000244140625,2814281
2021-12-24,1047.50830078125,1265.199951171875,1283.800048828125,1246.1500244140625,1262.1500244140625,15952929
2021-12-27,1049.1639404296875,1267.199951171875,1277.0,1254.050048828125,1268.0,3372907
2021-12-28,1062.990966796875,1283.9000244140625,1289.0,1270.0,1270.0,3446067
2021-12-29,1069.6143798828125,1291.9000244140625,1299.0,1277.0999755859375,1283.0,2254162
2021-12-30,1090.4368896484375,1317.050048828125,1326.449951171875,1282.699951171875,1291.9000244140625,4518139
2021-12-31,1092.1343994140625,1319.0999755859375,1329.449951171875,1308.949951171875,1320.0,2231508
2022-01-03,1097.9710693359375,1326.1500244140625,1339.9000244140625,1314.0999755859375,1316.3499755859375,2661272
2022-01-04,1104.01513671875,1333.449951171875,1336.699951171875,1307.25,1329.5,3367100
2022-01-05,1085.2210693359375,1310.75,1330.0,1302.0,1329.0,3510253
2022-01-06,1063.8187255859375,1284.9000244140625,1297.800048828125,1277.0,1290.0,4409632
2022-01-07,1068.49658203125,1290.550048828125,1298.5,1282.199951171875,1297.550048828125,3898684
2022-01-10,1066.46826171875,1288.0999755859375,1304.8499755859375,1280.0,1304.8499755859375,2529949
2022-01-11,1112.4600830078125,1343.6500244140625,1348.0,1280.0,1288.6500244140625,6772189
2022-01-12,1119.4974365234375,1352.1500244140625,1357.0999755859375,1331.4000244140625,1354.0,3162044
2022-01-13,1104.677490234375,1334.25,1359.4000244140625,1321.1500244140625,1340.0,4598005
2022-01-14,1107.119873046875,1337.199951171875,1342.949951171875,1293.0,1320.0,5636243
2022-01-17,1042.168212890625,1258.75,1273.0,1243.4000244140625,1273.0,11973283
2022-01-18,1009.8783569335938,1219.75,1269.949951171875,1217.0,1269.949951171875,7799487
2022-01-19,992.8642578125,1199.199951171875,1220.5,1191.0,1220.0,8464215
2022-01-20,981.3009643554688,1175.3499755859375,1201.4000244140625,1170.0,1200.0,6172404
2022-01-21,975.12255859375,1167.949951171875,1179.8499755859375,1155.0,1175.3499755859375,5514748
2022-01-24,939.1801147460938,1124.9000244140625,1164.5,1111.0,1162.5,5878438
2022-01-25,938.1781616210938,1123.699951171875,1139.6500244140625,1088.4000244140625,1115.0,4725254
2022-01-27,899.814453125,1077.75,1115.949951171875,1070.199951171875,1115.0,8304735
2022-01-28,902.0686645507812,1080.449951171875,1102.199951171875,1077.25,1079.0,7654724
2022-01-31,917.8901977539062,1099.4000244140625,1113.949951171875,1092.8499755859375,1100.6500244140625,7572995
2022-02-01,945.77587890625,1132.800048828125,1136.5,1101.25,1116.699951171875,6783774
2022-02-02,977.62744140625,1170.949951171875,1173.8499755859375,1133.300048828125,1142.9000244140625,6982539
2022-02-03,965.7718505859375,1156.75,1170.8499755859375,1151.0,1162.0,4169794
2022-02-04,971.6578369140625,1163.800048828125,1167.0999755859375,1137.3499755859375,1160.0,3625482
2022-02-07,966.272705078125,1157.3499755859375,1171.3499755859375,1146.0,1157.0,3824483
2022-02-08,970.1131591796875,1161.949951171875,1169.8499755859375,1148.550048828125,1158.949951171875,3267641
2022-02-09,985.9345703125,1180.9000244140625,1189.0,1166.0,1172.0,3772972
2022-02-10,993.8243408203125,1190.3499755859375,1191.9000244140625,1174.0999755859375,1184.949951171875,2053245
2022-02-11,971.5741577148438,1163.699951171875,1179.0,1158.050048828125,1179.0,3912397
2022-02-14,957.1721801757812,1146.449951171875,1164.3499755859375,1133.5999755859375,1135.3499755859375,3243813
2022-02-15,975.6238403320312,1168.550048828125,1174.0,1148.0999755859375,1153.5,3000492
2022-02-16,974.9976806640625,1167.800048828125,1182.6500244140625,1160.0,1178.0,1885868
2022-02-17,971.0317993164062,1163.050048828125,1174.0,1160.0,1174.0,1644055
2022-02-18,972.65966796875,1165.0,1170.0999755859375,1150.0999755859375,1152.8499755859375,2166690
2022-02-21,972.4509887695312,1164.75,1169.5,1150.199951171875,1153.0999755859375,1706058
2022-02-22,959.7604370117188,1149.550048828125,1154.1500244140625,1132.0,1132.0,3254855
2022-02-23,962.6406860351562,1153.0,1159.0,1148.050048828125,1156.0,1937649
2022-02-24,917.1805419921875,1098.550048828125,1134.949951171875,1092.0,1106.0,5469084
2022-02-25,943.1875,1129.699951171875,1141.0,1115.0,1115.5999755859375,3213276
2022-02-28,940.891845703125,1126.949951171875,1133.300048828125,1107.0,1119.5999755859375,4571884
2022-03-02,931.3737182617188,1115.550048828125,1124.6500244140625,1109.0,1124.6500244140625,3867328
2022-03-03,951.5366821289062,1139.699951171875,1152.0,1120.5,1125.0,3969380
2022-03-04,950.492919921875,1138.449951171875,1154.8499755859375,1122.6500244140625,1128.0,3522375
2022-03-07,963.6427612304688,1154.199951171875,1161.4000244140625,1110.5,1111.0,5249845
2022-03-08,981.2589721679688,1175.300048828125,1179.5999755859375,1155.0,1156.0,3805165
2022-03-09,987.4373779296875,1182.699951171875,1195.0,1161.0999755859375,1180.0,3781326
2022-03-10,995.3271484375,1192.1500244140625,1198.199951171875,1175.0,1198.199951171875,3834327
2022-03-11,996.4124755859375,1193.449951171875,1207.1500244140625,1176.300048828125,1180.0,2770879
2022-03-14,1004.2606811523438,1202.8499755859375,1214.800048828125,1177.6500244140625,1193.449951171875,5740660
2022-03-15,982.5535278320312,1176.8499755859375,1214.300048828125,1168.0999755859375,1207.0,3003066
2022-03-16,1001.4638061523438,1199.5,1202.949951171875,1185.0,1190.1500244140625,1894018
2022-03-17,999.2928466796875,1196.9000244140625,1215.0,1190.800048828125,1215.0,6987787
2022-03-21,975.2058715820312,1168.050048828125,1209.9000244140625,1165.0999755859375,1199.9000244140625,4046440
2022-03-22,982.1775512695312,1176.4000244140625,1181.75,1162.300048828125,1170.0,4516870
2022-03-23,985.7676391601562,1180.699951171875,1190.8499755859375,1170.0,1190.0,2338886
2022-03-24,995.2855224609375,1192.0999755859375,1194.0,1169.0,1169.0,2351703
2022-03-25,984.640625,1179.3499755859375,1199.0,1175.4000244140625,1199.0,2489854
2022-03-28,971.7830200195312,1163.949951171875,1187.5999755859375,1158.199951171875,1184.9000244140625,3406258
2022-03-29,974.9140014648438,1167.699951171875,1175.0,1163.6500244140625,1167.0,2443230
2022-03-30,972.8263549804688,1165.199951171875,1181.949951171875,1162.0999755859375,1177.3499755859375,3073672
2022-03-31,971.6160278320312,1163.75,1174.800048828125,1161.0,1174.800048828125,3006639
2022-04-01,976.5419921875,1169.6500244140625,1174.0,1152.050048828125,1161.0,2479745
2022-04-04,991.0693359375,1187.050048828125,1188.949951171875,1168.0,1173.199951171875,2282137
2022-04-05,998.082275390625,1195.449951171875,1203.0,1184.0999755859375,1190.0,2634464
2022-04-06,977.2515258789062,1170.5,1194.9000244140625,1167.5,1190.0,2838968
2022-04-07,979.5892333984375,1173.300048828125,1180.75,1163.0,1165.5999755859375,3391918
2022-04-08,972.9517822265625,1165.3499755859375,1180.0,1162.550048828125,1179.0,2656091
2022-04-11,946.3601684570312,1133.5,1164.0,1131.75,1164.0,5679058
2022-04-12,944.3983764648438,1131.1500244140625,1141.699951171875,1119.550048828125,1129.800048828125,2906617
2022-04-13,939.34716796875,1125.0999755859375,1143.0999755859375,1123.0,1135.0,1971580
2022-04-18,919.8521118164062,1101.75,1112.75,1084.5999755859375,1110.0,4391701
2022-04-19,893.5530395507812,1070.25,1115.949951171875,1058.75,1115.9000244140625,3422431
2022-04-20,909.5410766601562,1089.4000244140625,1094.800048828125,1064.699951171875,1075.0,2573318
2022-04-21,917.72314453125,1099.199951171875,1105.050048828125,1081.0999755859375,1095.0,2547848
2022-04-22,920.1026000976562,1102.050048828125,1134.949951171875,1081.0999755859375,1086.5999755859375,9567571
2022-04-25,909.9169921875,1089.8499755859375,1098.0,1077.300048828125,1096.9000244140625,3565801
2022-04-26,913.6322021484375,1094.300048828125,1107.0,1085.050048828125,1104.0,3213714
2022-04-27,914.717529296875,1095.5999755859375,1099.9000244140625,1074.5999755859375,1087.0,3288792
2022-04-28,927.3653564453125,1092.5,1102.300048828125,1073.300048828125,1092.0,5202061
2022-04-29,916.1180419921875,1079.25,1100.5,1074.3499755859375,1094.0,2988180
2022-05-02,905.6348266601562,1066.9000244140625,1082.0,1062.0,1073.0,2584604
2022-05-04,887.0025634765625,1044.949951171875,1076.0,1035.800048828125,1075.9000244140625,3385725
2022-05-05,910.0064086914062,1072.050048828125,1075.199951171875,1047.0999755859375,1059.0,2982126
2022-05-06,891.4593505859375,1050.199951171875,1056.6500244140625,1028.949951171875,1049.9000244140625,4075606
2022-05-09,913.4444580078125,1076.0999755859375,1082.9000244140625,1034.0999755859375,1044.0,4207192
2022-05-10,910.4309692382812,1072.550048828125,1085.0,1066.5999755859375,1073.0,2473518
2022-05-11,900.5418090820312,1060.9000244140625,1079.300048828125,1054.050048828125,1069.0,2895668
2022-05-12,899.2684936523438,1059.4000244140625,1070.949951171875,1043.75,1050.0999755859375,3195189
2022-05-13,893.1143188476562,1052.1500244140625,1078.0,1045.0999755859375,1070.0,2496626
2022-05-16,886.6632080078125,1044.550048828125,1066.949951171875,1040.199951171875,1054.0,1415370
2022-05-17,919.2164306640625,1082.9000244140625,1086.0,1045.3499755859375,1058.199951171875,2620776
2022-05-18,911.4071044921875,1073.699951171875,1097.3499755859375,1070.800048828125,1083.550048828125,2865869
2022-05-19,856.8260498046875,1009.4000244140625,1058.300048828125,1004.5999755859375,1055.0999755859375,4729354
2022-05-20,873.3362426757812,1028.8499755859375,1034.5,1016.7999877929688,1029.0,2005622
2022-05-23,864.380859375,1018.2999877929688,1037.0,1014.75,1023.0,2285466
2022-05-24,841.8439331054688,991.75,1022.4000244140625,987.0,1022.0499877929688,3418456
2022-05-25,827.1589965820312,974.4500122070312,992.7999877929688,963.0,992.0,3904551
2022-05-26,832.4642333984375,980.7000122070312,986.0,969.0499877929688,977.0,4278059
2022-05-27,852.157470703125,1003.9000244140625,1010.4500122070312,989.0,989.0,2795530
2022-05-30,882.716064453125,1039.9000244140625,1053.3499755859375,1015.6500244140625,1019.0,3562969
2022-05-31,883.4375,1040.75,1045.800048828125,1020.4500122070312,1045.0,5185485
2022-06-01,864.0413818359375,1017.9000244140625,1045.449951171875,1011.5499877929688,1040.75,2554081
2022-06-02,882.5462646484375,1039.699951171875,1048.9000244140625,1007.2999877929688,1011.4000244140625,3560227
2022-06-03,885.3474731445312,1043.0,1069.6500244140625,1040.199951171875,1053.949951171875,3556955
2022-06-06,880.5088500976562,1037.300048828125,1047.3499755859375,1021.1500244140625,1038.0,1997494
2022-06-07,868.28564453125,1022.9000244140625,1033.75,1013.1500244140625,1030.0,1839248
2022-06-08,874.4820556640625,1030.199951171875,1033.800048828125,1016.0,1023.0999755859375,1665512
2022-06-09,873.1665649414062,1028.6500244140625,1031.699951171875,1011.7000122070312,1024.949951171875,1654005
2022-06-10,861.8767700195312,1015.3499755859375,1023.75,1008.2000122070312,1012.0,2260855
2022-06-13,841.886474609375,991.7999877929688,1002.0,982.5,996.0,1738804
2022-06-14,846.2156372070312,996.9000244140625,1000.9500122070312,978.1500244140625,988.0,2461791
2022-06-15,840.2738037109375,989.9000244140625,1007.0,988.0,989.0,2408630
2022-06-16,819.094970703125,964.9500122070312,1007.0,961.6500244140625,1007.0,3198618
2022-06-17,813.8320922851562,958.75,963.1500244140625,944.0499877929688,952.4000244140625,4302066
2022-06-20,814.9356079101562,960.0499877929688,966.0,952.0999755859375,965.0,1305407
2022-06-21,837.4722900390625,986.5999755859375,999.9000244140625,963.6500244140625,971.7000122070312,2128325
2022-06-22,815.9966430664062,961.2999877929688,979.0,959.1500244140625,977.9500122070312,2575065
2022-06-23,824.4427490234375,971.25,977.5,958.5999755859375,962.0999755859375,2169033
2022-06-24,820.5804443359375,966.7000122070312,984.5499877929688,960.0,984.0,1922313
2022-06-27,842.3534545898438,992.3499755859375,1006.7999877929688,984.2000122070312,986.1500244140625,3626024
2022-06-28,850.502197265625,1001.9500122070312,1007.0,983.25,989.9000244140625,2702471
2022-06-29,838.2789916992188,987.5499877929688,1000.25,985.0,985.0999755859375,3150015
2022-06-30,826.1403198242188,973.25,996.5499877929688,969.9500122070312,990.0,3741119
2022-07-01,827.9228515625,975.3499755859375,981.4500122070312,964.2000122070312,964.5,2827579
2022-07-04,835.7747192382812,984.5999755859375,989.5,973.4500122070312,975.3499755859375,2738846
2022-07-05,833.6951293945312,982.1500244140625,1002.6500244140625,978.4500122070312,987.4000244140625,2476050
2022-07-06,837.4722900390625,986.5999755859375,999.0,980.0499877929688,982.0,2998254
2022-07-07,840.231201171875,989.8499755859375,1000.9000244140625,984.9500122070312,997.0,2985141
2022-07-08,834.8836059570312,983.5499877929688,999.0,979.1500244140625,999.0,3141642
2022-07-11,800.9297485351562,943.5499877929688,979.1500244140625,940.0,975.0,5787815
2022-07-12,787.5601806640625,927.7999877929688,948.5499877929688,924.4000244140625,935.0,5305354
2022-07-13,779.0292358398438,917.75,936.0,905.0,930.0,12874342
2022-07-14,766.509033203125,903.0,927.5499877929688,892.2999877929688,926.1500244140625,4916497
2022-07-15,749.6592407226562,883.1500244140625,905.0,877.3499755859375,896.0,5591590
2022-07-18,764.2169799804688,900.2999877929688,907.5,888.8499755859375,895.0,5156225
2022-07-19,763.7017822265625,889.7000122070312,897.5,885.0,890.0,4636293
2022-07-20,787.4790649414062,917.4000244140625,918.7999877929688,895.0999755859375,904.5999755859375,4827089
2022-07-21,793.5306396484375,924.4500122070312,926.9500122070312,913.5499877929688,921.0,3498709
2022-07-22,789.9254760742188,920.25,931.9000244140625,909.0,929.4000244140625,3514659
2022-07-25,798.8527221679688,930.6500244140625,932.0,914.0,920.25,2120224
2022-07-26,784.13134765625,913.5,929.6500244140625,911.0999755859375,928.5,2780103
2022-07-27,796.9642944335938,928.4500122070312,929.3499755859375,911.0999755859375,912.0999755859375,1742497
2022-07-28,812.1146240234375,946.0999755859375,949.0,932.7000122070312,935.9000244140625,2843497
2022-07-29,814.0889892578125,948.4000244140625,965.7000122070312,947.1500244140625,957.0,3617725
2022-08-01,817.3078002929688,952.1500244140625,956.5,945.2000122070312,954.0,2489519
2022-08-02,816.3637084960938,951.0499877929688,953.8499755859375,941.0499877929688,952.1500244140625,2545241
2022-08-03,821.6426391601562,957.2000122070312,961.7999877929688,950.0499877929688,951.0,4119614
2022-08-04,822.415283203125,958.0999755859375,969.9500122070312,945.7999877929688,965.0,3513266
2022-08-05,822.1146850585938,957.75,964.9500122070312,955.0,962.9000244140625,2565683
2022-08-08,829.2393188476562,966.0499877929688,968.0,950.0499877929688,957.75,1746911
2022-08-10,817.2220458984375,952.0499877929688,967.0,948.0999755859375,966.0499877929688,3271939
2022-08-11,826.0633544921875,962.3499755859375,968.5,958.75,965.0,3594584
2022-08-12,820.9559936523438,956.4000244140625,964.0,954.0,964.0,3022304
2022-08-16,822.5010986328125,958.2000122070312,969.0,952.6500244140625,969.0,2784861
2022-08-17,841.7286987304688,980.5999755859375,982.9000244140625,955.0,963.0,4649125
2022-08-18,835.6343994140625,973.5,983.4500122070312,968.0999755859375,983.4500122070312,2829269
2022-08-19,832.6727905273438,970.0499877929688,987.0499877929688,966.7999877929688,974.5,2880969
2022-08-22,823.5739135742188,959.4500122070312,970.0,955.2000122070312,965.0,3616799
2022-08-23,812.8013305664062,946.9000244140625,951.0,939.0,949.9500122070312,3753715
2022-08-24,814.7327880859375,949.1500244140625,953.7999877929688,944.1500244140625,949.9000244140625,1494361
2022-08-25,810.1403198242188,943.7999877929688,953.9000244140625,942.6500244140625,953.9000244140625,3316314
2022-08-26,811.7284545898438,945.6500244140625,956.0,943.75,948.5499877929688,2195046
2022-08-29,787.5650024414062,917.5,922.0,900.0999755859375,912.5999755859375,4974880
2022-08-30,805.9772338867188,938.9500122070312,945.25,923.7000122070312,926.9000244140625,2998417
2022-09-01,794.9041748046875,926.0499877929688,931.0,916.25,917.2999877929688,2953921
2022-09-02,793.5306396484375,924.4500122070312,937.0,919.0,931.2000122070312,1750283
2022-09-05,803.4450073242188,936.0,942.2999877929688,922.5,926.0,2279812
2022-09-06,804.989990234375,937.7999877929688,942.9000244140625,927.0499877929688,936.0,2108615
2022-09-07,799.7540283203125,931.7000122070312,932.5499877929688,923.0999755859375,927.0,2709547
2022-09-08,799.196044921875,931.0499877929688,940.9000244140625,928.0,936.4000244140625,3214686
2022-09-09,814.1746826171875,948.5,953.0,934.2999877929688,939.0,2206526
2022-09-12,820.2263793945312,955.5499877929688,963.5,953.5,955.1500244140625,2517615
2022-09-13,820.0975952148438,955.4000244140625,959.7999877929688,950.4500122070312,955.0,2442828
2022-09-14,800.0114135742188,932.0,938.4500122070312,926.5499877929688,933.2999877929688,6761712
2022-09-15,789.625,919.9000244140625,936.7000122070312,916.2999877929688,936.5,2995215
2022-09-16,769.8822631835938,896.9000244140625,918.0,893.4000244140625,915.0999755859375,5095937
2022-09-19,770.65478515625,897.7999877929688,907.1500244140625,887.5,897.9500122070312,2686561
2022-09-20,784.5606079101562,914.0,920.8499755859375,902.0,902.2999877929688,1836721
2022-09-21,773.358642578125,900.9500122070312,913.75,898.8499755859375,909.0,1819649
2022-09-22,770.526123046875,897.6500244140625,904.9000244140625,889.75,897.5999755859375,2315711
2022-09-23,768.9808349609375,895.8499755859375,912.5999755859375,892.0,896.5,2569608
2022-09-26,778.29443359375,906.7000122070312,917.4000244140625,882.0,891.25,4182702
2022-09-27,788.637939453125,918.75,921.4500122070312,907.5999755859375,911.25,3545337
2022-09-28,790.3975219726562,920.7999877929688,926.9500122070312,911.8499755859375,913.0,4154139
2022-09-29,792.328857421875,923.0499877929688,931.0,916.5999755859375,927.0,2928360
2022-09-30,800.3118896484375,932.3499755859375,935.5499877929688,910.0499877929688,921.9000244140625,3229901
2022-10-03,798.50927734375,930.25,932.8499755859375,916.0,932.3499755859375,1598950
2022-10-04,812.02880859375,946.0,951.0,937.0499877929688,942.5,2331351
2022-10-06,827.9517211914062,964.5499877929688,967.9500122070312,955.5,955.5,3713623
2022-10-07,822.0718383789062,957.7000122070312,972.9500122070312,955.0,965.0,2174327
2022-10-10,826.8358764648438,963.25,967.1500244140625,942.2000122070312,942.2000122070312,2758812
2022-10-11,805.6768188476562,938.5999755859375,972.0,936.0,968.0999755859375,3134969
2022-10-12,817.178955078125,952.0,963.9000244140625,943.2999877929688,943.2999877929688,3502390
2022-10-13,843.016357421875,982.0999755859375,989.0499877929688,969.2999877929688,972.0499877929688,9698562
2022-10-14,860.5701904296875,1002.5499877929688,1023.0,994.0,1005.0,7424383
2022-10-17,853.74609375,994.5999755859375,1006.7999877929688,991.0999755859375,1005.7000122070312,2136170
2022-10-18,866.278564453125,1009.2000122070312,1013.6500244140625,999.0999755859375,1000.0,2487826
2022-10-19,863.2008666992188,995.6500244140625,1006.5,994.0,1006.5,2517099
2022-10-20,882.0574951171875,1017.4000244140625,1019.2999877929688,988.0,990.0,3931399
2022-10-21,890.5536499023438,1027.199951171875,1029.9000244140625,1011.5999755859375,1022.5,2071897
2022-10-24,894.3684692382812,1031.5999755859375,1038.8499755859375,1030.0,1035.0,398105
2022-10-25,889.9468994140625,1026.5,1037.25,1020.9000244140625,1036.0,3068136
2022-10-27,894.758544921875,1032.050048828125,1037.449951171875,1019.5999755859375,1031.0,3313674
2022-10-28,892.9813232421875,1030.0,1039.75,1025.5,1031.949951171875,2423629
2022-10-31,902.6480102539062,1041.1500244140625,1052.5,1036.4000244140625,1039.0,2418565
2022-11-01,919.0338134765625,1060.050048828125,1061.8499755859375,1045.0,1049.0,2275488
2022-11-02,906.1592407226562,1045.199951171875,1066.3499755859375,1042.5,1064.949951171875,2799322
2022-11-03,906.115966796875,1045.1500244140625,1049.199951171875,1033.0999755859375,1034.0,2396164
2022-11-04,906.2891235351562,1045.3499755859375,1049.0,1033.449951171875,1045.1500244140625,1709158
2022-11-07,907.8496704101562,1047.1500244140625,1055.699951171875,1038.6500244140625,1048.0999755859375,2213508
2022-11-09,913.3116455078125,1053.449951171875,1061.449951171875,1049.199951171875,1060.9000244140625,2307691
2022-11-10,912.4447631835938,1052.449951171875,1062.4000244140625,1047.050048828125,1050.0,2321667
2022-11-11,945.563232421875,1090.6500244140625,1098.699951171875,1069.0999755859375,1071.0,3923101
2022-11-14,952.80224609375,1099.0,1102.949951171875,1090.050048828125,1095.0,2170007
2022-11-15,957.050537109375,1103.9000244140625,1106.0999755859375,1088.9000244140625,1093.5,2172420
2022-11-16,958.1776733398438,1105.199951171875,1112.449951171875,1099.3499755859375,1107.5,2213697
2022-11-17,947.2102661132812,1092.550048828125,1100.5999755859375,1089.0999755859375,1095.0999755859375,2460883
2022-11-18,956.4002685546875,1103.1500244140625,1106.0,1084.0,1098.050048828125,2623894
2022-11-21,949.7677612304688,1095.5,1106.3499755859375,1092.5999755859375,1098.9000244140625,1733741
2022-11-22,956.616943359375,1103.4000244140625,1105.9000244140625,1088.0,1091.0999755859375,2529146
2022-11-23,956.616943359375,1103.4000244140625,1111.5,1099.75,1108.949951171875,2217599
2022-11-24,979.3316040039062,1129.5999755859375,1135.0,1103.5,1106.0,3295202
2022-11-25,978.1177978515625,1128.199951171875,1137.550048828125,1120.6500244140625,1135.199951171875,1977441
2022-11-28,969.9685668945312,1118.800048828125,1132.75,1117.0,1125.0,2368293
2022-11-29,978.7681274414062,1128.949951171875,1138.75,1118.050048828125,1118.800048828125,1785948
2022-11-30,971.7024536132812,1120.800048828125,1129.9000244140625,1117.0,1127.0,6053488
2022-12-01,985.2271118164062,1136.4000244140625,1150.6500244140625,1128.4000244140625,1130.0,3919684
2022-12-02,984.4901733398438,1135.550048828125,1140.4000244140625,1123.8499755859375,1136.4000244140625,2944923
2022-12-05,980.415283203125,1130.8499755859375,1141.949951171875,1127.199951171875,1133.25,2646466
2022-12-06,971.8323364257812,1120.949951171875,1125.0,1107.0,1121.5999755859375,2807894
2022-12-07,958.784423828125,1105.9000244140625,1116.5999755859375,1102.0,1114.0,2399879
2022-12-08,954.8397216796875,1101.3499755859375,1113.75,1098.800048828125,1113.75,1752350
2022-12-09,890.8139038085938,1027.5,1075.0,1020.7000122070312,1075.0,12415478
2022-12-12,891.5941162109375,1028.4000244140625,1039.1500244140625,1012.4500122070312,1025.0,4275785
2022-12-13,905.7257690429688,1044.699951171875,1046.9000244140625,1031.0999755859375,1032.0999755859375,2284909
2022-12-14,915.6959838867188,1056.199951171875,1057.300048828125,1045.0,1045.0,2425507
2022-12-15,903.6882934570312,1042.3499755859375,1051.800048828125,1037.0999755859375,1051.550048828125,1906369
2022-12-16,892.6778564453125,1029.6500244140625,1046.449951171875,1022.3499755859375,1030.0,5159215
2022-12-19,895.7989501953125,1033.25,1037.5,1023.3499755859375,1029.6500244140625,3328172
2022-12-20,892.7211303710938,1029.699951171875,1033.3499755859375,1011.5,1027.0,2629849
2022-12-21,901.954345703125,1040.3499755859375,1053.25,1035.0,1035.0,2878658
2022-12-22,900.8707275390625,1039.0999755859375,1054.6500244140625,1033.5999755859375,1046.0,2623451
2022-12-23,893.5014038085938,1030.5999755859375,1044.0999755859375,1027.0999755859375,1029.5,2177675
2022-12-26,894.4549560546875,1031.699951171875,1041.75,1029.0,1031.0,1680715
2022-12-27,898.4864501953125,1036.3499755859375,1040.75,1030.3499755859375,1039.0,554319
2022-12-28,897.7062377929688,1035.449951171875,1038.300048828125,1026.5,1030.0,1397806
2022-12-29,905.509033203125,1044.449951171875,1046.0,1028.0999755859375,1030.0,1277244
2022-12-30,901.044189453125,1039.300048828125,1055.25,1034.300048828125,1050.0,1860560
2023-01-02,901.1741333007812,1039.449951171875,1042.5,1031.5,1039.0999755859375,701880
2023-01-03,902.821533203125,1041.3499755859375,1045.800048828125,1033.5,1039.0,2484372
2023-01-04,898.7033081054688,1036.5999755859375,1042.0,1031.5,1036.199951171875,1219170
2023-01-05,905.2055053710938,1044.0999755859375,1049.800048828125,1033.0999755859375,1041.800048828125,2294943
2023-01-06,895.4088745117188,1032.800048828125,1047.9000244140625,1025.25,1044.0,1887689
2023-01-09,925.4493408203125,1067.449951171875,1071.0,1040.050048828125,1044.949951171875,4562242
2023-01-10,922.328369140625,1063.8499755859375,1072.5999755859375,1056.300048828125,1061.0,2297082
2023-01-11,914.4822387695312,1054.800048828125,1079.5999755859375,1050.550048828125,1069.0,3594167
2023-01-12,929.0906372070312,1071.6500244140625,1074.5,1061.0,1061.0,4748542
2023-01-13,934.4226684570312,1077.800048828125,1084.0,1041.0,1043.9000244140625,8253765
2023-01-16,948.2073974609375,1093.699951171875,1100.449951171875,1078.550048828125,1087.0,4508538
2023-01-17,963.2494506835938,1111.050048828125,1113.949951171875,1095.0,1097.9000244140625,4390338
2023-01-18,966.8038330078125,1115.1500244140625,1125.8499755859375,1114.0999755859375,1118.949951171875,6905092
2023-01-19,972.2713623046875,1111.4000244140625,1113.3499755859375,1098.75,1102.3499755859375,2298287
2023-01-20,969.1221923828125,1107.800048828125,1121.4000244140625,1107.050048828125,1111.050048828125,4747128
2023-01-23,980.844970703125,1121.199951171875,1122.9000244140625,1108.1500244140625,1111.0,1696834
2023-01-24,995.4102783203125,1137.8499755859375,1143.699951171875,1121.199951171875,1125.9000244140625,4861107
2023-01-25,982.2007446289062,1122.75,1134.8499755859375,1116.75,1134.8499755859375,2692236
2023-01-27,975.9456787109375,1115.5999755859375,1134.300048828125,1105.0,1122.75,3864525
2023-01-30,992.6983642578125,1134.75,1139.949951171875,1105.800048828125,1115.5999755859375,3508427
2023-01-31,981.7195434570312,1122.199951171875,1137.699951171875,1113.0,1136.0,4582858
2023-02-01,990.3802490234375,1132.0999755859375,1137.0,1114.449951171875,1137.0,2393911
2023-02-02,1005.6895751953125,1149.5999755859375,1155.5,1135.0,1137.800048828125,3048359
2023-02-03,1002.6713256835938,1146.1500244140625,1156.6500244140625,1138.5999755859375,1154.0,1814055
2023-02-06,1002.2777099609375,1145.699951171875,1149.8499755859375,1128.0,1135.199951171875,2070175
2023-02-07,987.0122680664062,1128.25,1153.0,1125.9000244140625,1147.8499755859375,1931191
2023-02-08,1001.6654663085938,1145.0,1149.0,1132.699951171875,1133.9000244140625,2848255
2023-02-09,1002.846435546875,1146.3499755859375,1152.0,1138.0,1144.0,1501083
2023-02-10,975.9895629882812,1115.6500244140625,1130.0,1100.0,1125.800048828125,3185163
2023-02-13,973.671142578125,1113.0,1121.25,1105.0,1121.25,2009185
2023-02-14,984.562744140625,1125.449951171875,1142.4000244140625,1118.0,1121.0,3938046
2023-02-15,991.080078125,1132.9000244140625,1134.5999755859375,1119.5999755859375,1125.0,1648954
2023-02-16,986.9246826171875,1128.1500244140625,1152.1500244140625,1124.0,1138.5999755859375,2369355
2023-02-17,970.6532592773438,1109.550048828125,1121.699951171875,1107.550048828125,1121.699951171875,1958807
2023-02-20,976.0331420898438,1115.699951171875,1134.699951171875,1107.5999755859375,1109.550048828125,1706036
2023-02-21,966.84765625,1105.199951171875,1122.050048828125,1103.0999755859375,1121.0,1313278
2023-02-22,955.8248901367188,1092.5999755859375,1105.550048828125,1090.050048828125,1095.0,2212194
2023-02-23,957.3556518554688,1094.3499755859375,1111.949951171875,1092.5,1104.800048828125,2139983
2023-02-24,957.79345703125,1094.8499755859375,1104.5,1082.0,1097.0,1684570
2023-02-27,948.2577514648438,1083.949951171875,1090.0,1076.0,1090.0,1834553
2023-02-28,942.7027587890625,1077.5999755859375,1096.9000244140625,1068.0999755859375,1083.5,20793703
2023-03-01,963.2609252929688,1101.0999755859375,1104.0,1077.3499755859375,1077.3499755859375,1655100
2023-03-02,967.5038452148438,1105.949951171875,1117.0,1090.300048828125,1090.300048828125,4074162
2023-03-03,978.9199829101562,1119.0,1129.699951171875,1111.050048828125,1115.0,3253621
2023-03-06,985.6564331054688,1126.699951171875,1148.0,1123.300048828125,1129.0,4091674
2023-03-08,980.3636474609375,1120.6500244140625,1124.0,1107.300048828125,1112.0,3209393
2023-03-09,976.8642578125,1116.6500244140625,1126.699951171875,1114.050048828125,1121.949951171875,1834324
2023-03-10,976.5582275390625,1116.300048828125,1118.1500244140625,1105.0,1105.0,1193681
2023-03-13,961.0737915039062,1098.5999755859375,1133.5999755859375,1095.0,1120.949951171875,3028387
2023-03-14,948.34521484375,1084.050048828125,1103.4000244140625,1066.0,1098.550048828125,3683544
2023-03-15,944.4960327148438,1079.6500244140625,1097.9000244140625,1075.5,1095.050048828125,1528510
2023-03-16,938.1537475585938,1072.4000244140625,1087.550048828125,1069.6500244140625,1083.949951171875,1812907
2023-03-17,969.6908569335938,1108.449951171875,1117.0999755859375,1084.050048828125,1088.199951171875,5350523
2023-03-20,954.2940673828125,1090.8499755859375,1108.300048828125,1086.25,1105.0,2066169
2023-03-21,948.2141723632812,1083.9000244140625,1102.4000244140625,1077.0999755859375,1099.0,2421127
2023-03-22,946.0707397460938,1081.449951171875,1105.75,1079.050048828125,1091.949951171875,1382329
2023-03-23,932.467529296875,1065.9000244140625,1080.4000244140625,1061.0,1077.0,2178855
2023-03-24,920.0886840820312,1051.75,1090.0,1047.050048828125,1073.0,2688253
2023-03-27,919.8699340820312,1051.5,1065.5,1044.800048828125,1053.300048828125,1459887
2023-03-28,910.7717895507812,1041.0999755859375,1063.800048828125,1039.3499755859375,1056.800048828125,2965015
2023-03-29,933.8670654296875,1067.5,1070.0,1042.0999755859375,1046.0,2478745
2023-03-31,949.3948974609375,1085.25,1096.9000244140625,1069.4000244140625,1083.4000244140625,3131614
2023-04-03,960.6801147460938,1098.1500244140625,1099.25,1088.0,1089.949951171875,1540702
2023-04-05,972.096435546875,1111.199951171875,1113.0,1066.1500244140625,1085.3499755859375,3342291
2023-04-06,955.1690673828125,1091.8499755859375,1109.050048828125,1085.449951171875,1109.050048828125,2378264
2023-04-10,965.0105590820312,1103.0999755859375,1105.0,1091.5,1091.8499755859375,711625
2023-04-11,950.9261474609375,1087.0,1109.9000244140625,1085.0,1104.0,2318905
2023-04-12,957.4873046875,1094.5,1097.449951171875,1080.0999755859375,1092.0,2715967
2023-04-13,937.6727294921875,1071.8499755859375,1089.0,1063.0,1089.0,3071057
2023-04-17,911.7341918945312,1042.199951171875,1055.0,1016.25,1055.0,9509446
2023-04-18,930.6741333007812,1063.8499755859375,1066.4000244140625,1045.199951171875,1049.550048828125,3686404
2023-04-19,908.6724243164062,1038.699951171875,1073.949951171875,1036.449951171875,1073.949951171875,4322881
2023-04-20,907.6224975585938,1037.5,1047.199951171875,1031.8499755859375,1040.0,3057560
2023-04-21,917.6390380859375,1048.949951171875,1074.0,1037.75,1054.0,7708194
2023-04-24,922.100830078125,1054.050048828125,1058.9000244140625,1046.0,1057.0,2033625
2023-04-25,921.5758056640625,1053.449951171875,1058.800048828125,1044.4000244140625,1050.449951171875,1237595
2023-04-26,932.161376953125,1065.550048828125,1067.0,1048.0,1055.0,1647101
2023-04-27,937.1476440429688,1071.25,1075.0,1061.0,1065.550048828125,1654910
2023-04-28,946.801513671875,1064.0999755859375,1068.75,1053.75,1059.949951171875,2629188
2023-05-02,949.8712768554688,1067.550048828125,1074.800048828125,1064.0,1064.0999755859375,1905168
2023-05-03,942.2192993164062,1058.949951171875,1064.0,1055.0,1062.0,1649820
2023-05-04,949.2039794921875,1066.800048828125,1067.949951171875,1048.300048828125,1056.050048828125,1403672
2023-05-05,939.194091796875,1055.550048828125,1069.949951171875,1052.0999755859375,1066.800048828125,1641673
2023-05-08,957.1674194335938,1075.75,1077.5,1055.0,1058.0,1389075
2023-05-09,960.0592041015625,1079.0,1082.5999755859375,1066.050048828125,1071.0,2981949
2023-05-10,959.4364013671875,1078.300048828125,1088.800048828125,1072.0999755859375,1084.1500244140625,2091411
2023-05-11,968.1561279296875,1088.0999755859375,1092.5999755859375,1080.050048828125,1082.1500244140625,2653108
2023-05-12,974.7404174804688,1095.5,1103.4000244140625,1077.449951171875,1086.0,1585037
2023-05-15,978.5218505859375,1099.75,1105.949951171875,1092.800048828125,1098.949951171875,1523466
2023-05-16,970.4692993164062,1090.699951171875,1105.300048828125,1088.0999755859375,1100.199951171875,1166324
2023-05-17,956.099609375,1074.550048828125,1093.949951171875,1062.699951171875,1090.5,3602382
2023-05-18,960.85986328125,1079.9000244140625,1085.0,1073.0,1081.949951171875,1515743
2023-05-19,974.606689453125,1095.3499755859375,1104.0,1082.449951171875,1088.5999755859375,1984436
2023-05-22,996.4060668945312,1119.8499755859375,1121.9000244140625,1088.949951171875,1095.3499755859375,1864932
2023-05-23,985.2840576171875,1107.3499755859375,1131.3499755859375,1104.0,1120.0,2138096
2023-05-24,989.376953125,1111.949951171875,1115.0,1098.0,1099.050048828125,1302744
2023-05-25,992.9805297851562,1116.0,1118.25,1103.050048828125,1109.199951171875,1124803
2023-05-26,1013.6231079101562,1139.199951171875,1140.3499755859375,1114.0,1115.0,1635167
2023-05-29,1002.0559692382812,1126.199951171875,1147.949951171875,1124.4000244140625,1146.0,1288914
2023-05-30,1010.6425170898438,1135.8499755859375,1144.0,1128.050048828125,1129.0,1983735
2023-05-31,1018.8727416992188,1145.0999755859375,1153.3499755859375,1132.0999755859375,1134.800048828125,5967930
2023-06-01,1016.0253295898438,1141.9000244140625,1155.1500244140625,1137.6500244140625,1148.0,1445692
2023-06-02,1011.7099609375,1137.050048828125,1151.0999755859375,1131.5999755859375,1148.0,1336554
2023-06-05,1012.8223876953125,1138.300048828125,1148.5,1136.0,1144.0,1435758
2023-06-06,1004.1915893554688,1128.5999755859375,1132.300048828125,1113.75,1130.0,1943605
2023-06-07,1004.592041015625,1129.050048828125,1133.800048828125,1116.199951171875,1133.800048828125,2459039
2023-06-08,1002.5454711914062,1126.75,1131.25,1118.300048828125,1129.050048828125,1385218
2023-06-09,987.4193115234375,1109.75,1131.0,1105.949951171875,1129.0999755859375,1824218
2023-06-12,1014.0234985351562,1139.6500244140625,1140.949951171875,1111.5,1112.949951171875,1670970
2023-06-13,1006.593994140625,1131.300048828125,1144.949951171875,1129.300048828125,1144.949951171875,2014656
2023-06-14,1010.6425170898438,1135.8499755859375,1138.4000244140625,1126.050048828125,1138.0,836964
2023-06-15,1017.5380249023438,1143.5999755859375,1147.0,1136.550048828125,1140.0,2109652
2023-06-16,1021.6311645507812,1148.199951171875,1154.25,1132.449951171875,1150.0,2909817
2023-06-19,1012.1549072265625,1137.550048828125,1153.9000244140625,1135.449951171875,1148.199951171875,1278608
2023-06-20,1039.826904296875,1168.6500244140625,1170.75,1132.5,1133.0,3504867
2023-06-21,1041.4283447265625,1170.449951171875,1175.699951171875,1161.6500244140625,1175.0,2019683
2023-06-22,1035.155517578125,1163.4000244140625,1170.449951171875,1158.8499755859375,1170.1500244140625,972005
2023-06-23,1036.712646484375,1165.1500244140625,1170.550048828125,1151.0,1161.9000244140625,1699790
2023-06-26,1038.8037109375,1167.5,1175.949951171875,1163.050048828125,1167.25,1190307
2023-06-27,1041.02783203125,1170.0,1174.449951171875,1160.199951171875,1167.0,1504039
2023-06-28,1041.2503662109375,1170.25,1173.949951171875,1166.5,1173.449951171875,1424076
2023-06-30,1056.999267578125,1187.949951171875,1194.0,1165.0,1170.3499755859375,3036648
2023-07-03,1051.3492431640625,1181.5999755859375,1195.0,1174.5,1190.0,1749952
2023-07-04,1059.3572998046875,1190.5999755859375,1193.0,1178.550048828125,1182.0,1094468
2023-07-05,1063.0943603515625,1194.800048828125,1202.5999755859375,1187.5999755859375,1194.0,1653610
2023-07-06,1050.5040283203125,1180.6500244140625,1198.0,1174.949951171875,1194.800048828125,2334220
2023-07-07,1029.9947509765625,1157.5999755859375,1182.949951171875,1153.800048828125,1178.1500244140625,2159585
2023-07-10,1000.5433349609375,1124.5,1161.9000244140625,1120.0,1160.0,3960400
2023-07-11,992.0016479492188,1114.9000244140625,1131.75,1112.0,1131.75,4982603
2023-07-12,988.1312866210938,1110.550048828125,1124.5,1102.449951171875,1119.699951171875,3824027
2023-07-13,986.5740966796875,1108.800048828125,1124.4000244140625,1087.050048828125,1100.0,12294227
2023-07-14,1024.0777587890625,1150.949951171875,1157.0999755859375,1111.550048828125,1114.199951171875,6605038
2023-07-17,1026.569091796875,1153.75,1172.0,1143.6500244140625,1151.949951171875,3159479
2023-07-18,1038.5367431640625,1167.199951171875,1170.0,1146.4000244140625,1158.949951171875,2431478
2023-07-19,1040.1827392578125,1169.050048828125,1174.9000244140625,1157.0,1165.0,2242397
2023-07-20,1037.2662353515625,1155.800048828125,1162.800048828125,1148.0,1160.0,1990001
2023-07-21,1001.0540771484375,1115.449951171875,1139.9000244140625,1095.0,1110.0,5259150
2023-07-24,998.7658081054688,1112.9000244140625,1127.699951171875,1111.0,1120.0,2672505
2023-07-25,997.55419921875,1111.550048828125,1119.0,1105.0999755859375,1118.5,2506726
2023-07-26,1000.6502075195312,1115.0,1120.8499755859375,1110.0999755859375,1110.199951171875,1969964
2023-07-27,1002.7593994140625,1117.3499755859375,1122.699951171875,1108.949951171875,1115.0,1769815
2023-07-28,990.3744506835938,1103.550048828125,1118.5,1097.449951171875,1114.050048828125,2031899
2023-07-31,1002.1762084960938,1116.699951171875,1119.5,1096.0,1108.0,2526624
2023-08-01,1021.7401733398438,1138.5,1142.0,1111.9000244140625,1120.0,2710536
2023-08-02,1014.9197998046875,1130.9000244140625,1137.0,1121.5,1137.0,2701150
2023-08-03,1010.0736083984375,1125.5,1135.550048828125,1115.050048828125,1126.0,1608187
2023-08-04,1026.990478515625,1144.3499755859375,1152.3499755859375,1126.0,1130.449951171875,3315303
2023-08-07,1032.779052734375,1150.800048828125,1155.75,1143.1500244140625,1154.550048828125,1655404
2023-08-08,1024.2977294921875,1141.3499755859375,1156.9000244140625,1137.0,1154.9000244140625,1667697
2023-08-09,1026.8109130859375,1144.1500244140625,1146.0,1125.0,1140.949951171875,1559337
2023-08-10,1017.9710083007812,1134.300048828125,1144.800048828125,1128.6500244140625,1140.0,1676669
2023-08-11,1051.31103515625,1171.449951171875,1186.949951171875,1154.300048828125,1160.0,7391806
2023-08-14,1050.9072265625,1171.0,1177.0,1154.0,1170.6500244140625,1720940
2023-08-16,1056.426513671875,1177.1500244140625,1186.25,1170.0999755859375,1175.75,2567226
2023-08-17,1056.0225830078125,1176.699951171875,1180.949951171875,1163.949951171875,1176.8499755859375,2331256
2023-08-18,1053.330322265625,1173.699951171875,1177.8499755859375,1158.6500244140625,1173.0,3406088
2023-08-21,1058.3111572265625,1179.25,1188.9000244140625,1168.949951171875,1172.949951171875,1661946
2023-08-22,1058.5355224609375,1179.5,1187.0,1176.1500244140625,1182.0,1805887
2023-08-23,1061.2276611328125,1182.5,1195.0,1178.6500244140625,1192.949951171875,2347850
2023-08-24,1051.1314697265625,1171.25,1189.0,1169.0,1188.949951171875,2464221
2023-08-25,1035.6058349609375,1153.949951171875,1170.800048828125,1150.0,1165.0,2105159
2023-08-28,1028.8748779296875,1146.449951171875,1159.699951171875,1139.300048828125,1155.0,2571967
2023-08-29,1038.83642578125,1157.550048828125,1163.300048828125,1148.300048828125,1153.9000244140625,1794652
2023-08-30,1050.45849609375,1170.5,1175.1500244140625,1161.6500244140625,1166.0,1497356
2023-08-31,1051.939453125,1172.1500244140625,1188.0999755859375,1165.9000244140625,1179.5,4483967
2023-09-01,1064.189208984375,1185.800048828125,1188.0,1171.0999755859375,1173.0,1669640
2023-09-04,1106.0999755859375,1232.5,1235.0,1185.0,1186.0,4517935
2023-09-05,1108.83740234375,1235.550048828125,1241.699951171875,1225.199951171875,1236.75,2842400
2023-09-06,1109.106201171875,1235.8499755859375,1242.4000244140625,1222.699951171875,1239.8499755859375,1767709
2023-09-07,1125.39501953125,1254.0,1257.0,1230.300048828125,1238.0,2582004
2023-09-08,1132.6195068359375,1262.050048828125,1269.550048828125,1254.300048828125,1259.0,2280777
2023-09-11,1150.1197509765625,1281.550048828125,1284.300048828125,1270.4000244140625,1276.550048828125,2691836
2023-09-12,1150.882568359375,1282.4000244140625,1291.75,1265.5,1285.0,2140769
2023-09-13,1144.465576171875,1275.25,1282.4000244140625,1266.0999755859375,1282.0,2275523
2023-09-14,1151.9593505859375,1283.5999755859375,1290.699951171875,1275.5999755859375,1280.8499755859375,2655172
2023-09-15,1170.805908203125,1304.5999755859375,1310.0,1291.050048828125,1294.0,4286280
2023-09-18,1171.164794921875,1305.0,1311.300048828125,1289.699951171875,1302.0,2761885
2023-09-20,1160.754150390625,1293.4000244140625,1304.0,1281.5,1281.5,2220756
2023-09-21,1146.9334716796875,1278.0,1285.0,1259.300048828125,1284.0,3112700
2023-09-22,1143.0745849609375,1273.699951171875,1283.5999755859375,1265.0999755859375,1272.449951171875,1321467
2023-09-25,1133.8758544921875,1263.449951171875,1280.0,1256.5999755859375,1270.0,1246703
2023-09-26,1132.0810546875,1261.449951171875,1268.949951171875,1257.0999755859375,1264.0,903152
2023-09-27,1131.7669677734375,1261.0999755859375,1267.6500244140625,1253.300048828125,1258.5,1670373
2023-09-28,1114.5362548828125,1241.9000244140625,1266.0,1238.550048828125,1261.0999755859375,1807072
2023-09-29,1108.1640625,1234.800048828125,1249.699951171875,1227.25,1235.0999755859375,2338327
2023-10-03,1111.6641845703125,1238.699951171875,1256.699951171875,1222.699951171875,1232.5,2162636
2023-10-04,1112.4267578125,1239.550048828125,1244.800048828125,1225.0,1234.0,2253785
2023-10-05,1108.7476806640625,1235.449951171875,1253.949951171875,1227.800048828125,1249.0,2995200
2023-10-06,1110.7667236328125,1237.699951171875,1256.0,1230.0999755859375,1252.0,2497711
2023-10-09,1121.4462890625,1249.5999755859375,1266.6500244140625,1231.1500244140625,1236.0,3430211
2023-10-10,1132.3951416015625,1261.800048828125,1264.75,1248.199951171875,1255.550048828125,1532394
2023-10-11,1117.8565673828125,1245.5999755859375,1274.449951171875,1241.0,1266.0,2186131
2023-10-12,1098.247314453125,1223.75,1248.550048828125,1215.1500244140625,1245.0,3921609
2023-10-13,1127.100341796875,1255.9000244140625,1266.5,1208.550048828125,1211.0,5740821
2023-10-16,1140.337646484375,1270.6500244140625,1279.300048828125,1260.300048828125,1263.0,2527113
2023-10-17,1146.1710205078125,1277.1500244140625,1279.0,1271.0,1278.9000244140625,1687345
2023-10-18,1139.2606201171875,1269.449951171875,1281.5,1267.4000244140625,1278.0,1743126
2023-10-19,1137.3758544921875,1267.3499755859375,1274.75,1264.9000244140625,1266.800048828125,2279726
2023-10-20,1140.3204345703125,1258.5999755859375,1261.3499755859375,1245.449951171875,1252.0,1625449
2023-10-23,1120.433349609375,1236.6500244140625,1260.5,1232.300048828125,1248.0,1646367
2023-10-25,1113.502197265625,1229.0,1252.9000244140625,1225.300048828125,1231.199951171875,1420065
2023-10-26,1116.0391845703125,1231.800048828125,1238.199951171875,1212.050048828125,1215.0,4617424
2023-10-27,1149.4710693359375,1268.699951171875,1270.0,1233.449951171875,1237.0,2675348
2023-10-30,1145.892578125,1264.75,1274.800048828125,1256.0,1270.0,1158770
2023-10-31,1156.0855712890625,1276.0,1279.8499755859375,1256.699951171875,1272.0,2525870
2023-11-01,1140.6375732421875,1258.949951171875,1285.949951171875,1255.300048828125,1280.0,1572719
2023-11-02,1153.729736328125,1273.4000244140625,1275.0,1265.0,1266.0,1368604
2023-11-03,1147.25146484375,1266.25,1287.300048828125,1263.0,1282.5999755859375,2052536
2023-11-06,1150.37744140625,1269.699951171875,1279.5,1265.1500244140625,1276.25,1175823
2023-11-07,1154.2279052734375,1273.949951171875,1277.699951171875,1267.0999755859375,1269.0,1385282
2023-11-08,1148.52001953125,1267.6500244140625,1280.800048828125,1265.9000244140625,1280.0,937671
2023-11-09,1148.3841552734375,1267.5,1275.800048828125,1261.800048828125,1267.6500244140625,1483749
2023-11-10,1137.4664306640625,1255.449951171875,1271.0,1250.6500244140625,1262.300048828125,1469902
2023-11-13,1142.4951171875,1261.0,1263.5999755859375,1253.300048828125,1260.0,730991
2023-11-15,1156.67431640625,1276.6500244140625,1283.0,1268.4000244140625,1275.0,2410620
2023-11-16,1187.8416748046875,1311.050048828125,1317.949951171875,1278.0,1283.800048828125,3936945
2023-11-17,1186.1201171875,1309.1500244140625,1325.75,1306.4000244140625,1313.4000244140625,2882039
2023-11-20,1200.843017578125,1325.4000244140625,1331.699951171875,1314.0,1314.949951171875,2831858
2023-11-21,1201.929931640625,1326.5999755859375,1336.0,1321.800048828125,1335.5999755859375,1514256
2023-11-22,1204.7386474609375,1329.699951171875,1335.75,1320.4000244140625,1326.5999755859375,1535630
2023-11-23,1204.1043701171875,1329.0,1335.25,1325.699951171875,1333.949951171875,1307344
2023-11-24,1186.1201171875,1309.1500244140625,1332.6500244140625,1305.6500244140625,1328.9000244140625,1795933
2023-11-28,1192.9150390625,1316.6500244140625,1319.9000244140625,1295.300048828125,1309.1500244140625,2152951
2023-11-29,1208.5892333984375,1333.949951171875,1338.800048828125,1321.5,1324.0,1835524
2023-11-30,1214.8861083984375,1340.9000244140625,1346.800048828125,1329.699951171875,1337.0,4104385
2023-12-01,1211.0806884765625,1336.699951171875,1349.0,1328.0,1346.0,1854324
2023-12-04,1212.2135009765625,1337.949951171875,1350.0,1331.0,1350.0,1547057
2023-12-05,1193.73046875,1317.550048828125,1347.0,1308.300048828125,1347.0,3932040
2023-12-06,1204.602783203125,1329.550048828125,1339.949951171875,1319.550048828125,1325.0,2077245
2023-12-07,1203.1986083984375,1328.0,1337.0,1325.3499755859375,1331.0,1985003
2023-12-08,1235.906005859375,1364.0999755859375,1369.949951171875,1329.0,1333.0,4509751
2023-12-11,1246.0533447265625,1375.300048828125,1383.0,1366.050048828125,1370.0999755859375,2824656
2023-12-12,1246.0533447265625,1375.300048828125,1387.0,1370.0,1377.0,2730422
2023-12-13,1240.526611328125,1369.199951171875,1382.800048828125,1357.050048828125,1379.3499755859375,1896931
2023-12-14,1281.659912109375,1414.5999755859375,1419.25,1382.0,1391.0,5145574
2023-12-15,1351.1522216796875,1491.300048828125,1497.0,1422.0,1422.0,7374290
2023-12-18,1362.9302978515625,1504.300048828125,1509.9000244140625,1481.0,1489.8499755859375,3075527
2023-12-19,1348.4339599609375,1488.300048828125,1504.6500244140625,1477.699951171875,1501.5,2590417
2023-12-20,1304.627685546875,1439.949951171875,1503.050048828125,1435.0,1485.0,4368383
2023-12-21,1288.4100341796875,1422.050048828125,1447.050048828125,1420.0999755859375,1421.1500244140625,2841508
2023-12-22,1325.2396240234375,1462.699951171875,1467.3499755859375,1423.0,1431.0,2303438
2023-12-26,1321.117431640625,1458.1500244140625,1467.3499755859375,1442.1500244140625,1462.699951171875,1363265
2023-12-27,1333.711181640625,1472.050048828125,1476.0,1457.550048828125,1465.449951171875,1402329
2023-12-28,1334.0732421875,1472.449951171875,1482.699951171875,1468.449951171875,1470.5999755859375,1928616
2023-12-29,1328.320068359375,1466.0999755859375,1481.8499755859375,1457.550048828125,1473.949951171875,1481617
2024-01-01,1344.3115234375,1483.75,1495.75,1455.050048828125,1460.0,1222315
2024-01-02,1331.4461669921875,1469.550048828125,1488.800048828125,1461.3499755859375,1484.050048828125,1440888
2024-01-03,1302.634521484375,1437.75,1465.0,1435.5,1460.0,1651716
2024-01-04,1286.50732421875,1419.949951171875,1444.800048828125,1417.1500244140625,1437.0,3392241
2024-01-05,1298.14990234375,1432.800048828125,1438.8499755859375,1421.9000244140625,1425.0,1776925
2024-01-08,1311.8306884765625,1447.9000244140625,1452.5999755859375,1430.550048828125,1435.0,2025264
2024-01-09,1323.1561279296875,1460.4000244140625,1480.949951171875,1452.3499755859375,1460.5999755859375,3119270
2024-01-10,1351.8768310546875,1492.0999755859375,1508.0,1466.050048828125,1474.9000244140625,4368914
2024-01-11,1345.262939453125,1484.800048828125,1500.0,1474.0,1500.0,2271368
2024-01-12,1396.000244140625,1540.800048828125,1555.0,1498.5,1505.0,5862043
2024-01-15,1438.9456787109375,1588.199951171875,1619.5999755859375,1575.5,1610.0,9712071
2024-01-16,1409.2734375,1555.449951171875,1587.0,1538.0,1587.0,4459799
2024-01-17,1427.801513671875,1575.9000244140625,1585.0,1516.550048828125,1520.0,3846289
2024-01-18,1420.236328125,1567.550048828125,1584.199951171875,1537.050048828125,1577.0,3205598
2024-01-19,1431.5576171875,1567.949951171875,1590.0,1558.050048828125,1570.0,2374099
2024-01-23,1391.111083984375,1523.6500244140625,1567.9000244140625,1517.050048828125,1558.9000244140625,3196630
2024-01-24,1439.272705078125,1576.4000244140625,1581.199951171875,1523.699951171875,1530.0999755859375,2136023
2024-01-25,1415.3973388671875,1550.25,1570.0,1536.75,1570.0,2641656
2024-01-29,1437.5833740234375,1574.550048828125,1588.5999755859375,1550.25,1565.0,2521598
2024-01-30,1423.659912109375,1559.300048828125,1592.449951171875,1555.0,1580.0,1939386
2024-01-31,1438.9072265625,1576.0,1581.300048828125,1546.3499755859375,1559.300048828125,7025931
2024-02-01,1440.1856689453125,1577.4000244140625,1597.0,1566.3499755859375,1576.0,2845408
2024-02-02,1445.9832763671875,1583.75,1613.9000244140625,1575.0,1584.800048828125,2337374
2024-02-05,1420.0537109375,1555.3499755859375,1588.5,1551.449951171875,1584.949951171875,1452864
2024-02-06,1482.503662109375,1623.75,1627.0,1558.050048828125,1566.0,4988311
2024-02-07,1474.8345947265625,1615.3499755859375,1629.9000244140625,1598.949951171875,1628.0,3320199
2024-02-08,1491.6796875,1633.800048828125,1647.699951171875,1617.300048828125,1626.0,3496692
2024-02-09,1488.7579345703125,1630.5999755859375,1646.75,1614.6500244140625,1640.0,3341297
2024-02-12,1521.9459228515625,1666.949951171875,1685.0,1639.0,1639.0,4885445
2024-02-13,1520.71337890625,1665.5999755859375,1675.0,1648.5999755859375,1675.0,3129897
2024-02-14,1526.0999755859375,1671.5,1676.9000244140625,1625.449951171875,1649.75,1386643
2024-02-15,1517.9287109375,1662.550048828125,1696.5,1650.0999755859375,1678.0,2555162
2024-02-16,1522.40234375,1667.449951171875,1677.0,1650.050048828125,1675.0,1776881
2024-02-19,1529.52392578125,1675.25,1682.949951171875,1659.6500244140625,1670.0,762624
2024-02-20,1518.38525390625,1663.050048828125,1672.75,1645.0,1661.0,2240414
2024-02-21,1493.962158203125,1636.300048828125,1664.800048828125,1632.050048828125,1655.550048828125,2890991
2024-02-22,1539.7041015625,1686.4000244140625,1691.4000244140625,1639.0,1644.0,3820901
2024-02-23,1520.850341796875,1665.75,1697.3499755859375,1663.449951171875,1697.0,2191549
2024-02-26,1506.2877197265625,1649.800048828125,1668.8499755859375,1639.5,1665.75,1844253
2024-02-27,1514.5048828125,1658.800048828125,1673.4000244140625,1648.0,1649.0,2049420
2024-02-28,1508.205078125,1651.9000244140625,1672.0,1644.199951171875,1664.699951171875,936575
2024-02-29,1519.115478515625,1663.8499755859375,1677.75,1636.6500244140625,1642.1500244140625,3532888
2024-03-01,1501.08349609375,1644.0999755859375,1679.199951171875,1639.0999755859375,1675.449951171875,2371138
2024-03-04,1495.468505859375,1637.949951171875,1654.0,1635.0,1649.0,1788071
2024-03-05,1478.4864501953125,1619.3499755859375,1629.949951171875,1607.050048828125,1624.0,3339546
2024-03-06,1501.1748046875,1644.199951171875,1650.0,1603.8499755859375,1613.0,2366177
2024-03-07,1495.19482421875,1637.6500244140625,1654.550048828125,1630.0999755859375,1650.0,3181239
2024-03-11,1496.107666015625,1638.6500244140625,1659.800048828125,1632.050048828125,1655.0,2970902
2024-03-12,1493.3228759765625,1635.5999755859375,1665.0,1633.050048828125,1635.9000244140625,2414182
2024-03-13,1489.579345703125,1631.5,1651.25,1610.3499755859375,1638.75,2564135
2024-03-14,1533.1759033203125,1679.25,1683.0,1610.0,1634.0,3513306
2024-03-15,1504.0050048828125,1647.300048828125,1677.0,1642.8499755859375,1677.0,3931561
2024-03-18,1500.4443359375,1643.4000244140625,1663.300048828125,1634.25,1649.9000244140625,1183544
2024-03-19,1460.043701171875,1599.1500244140625,1641.550048828125,1594.0999755859375,1641.550048828125,1915379
2024-03-20,1449.0418701171875,1587.0999755859375,1619.0999755859375,1578.0999755859375,1604.75,1815178
2024-03-21,1456.985107421875,1595.800048828125,1619.949951171875,1583.3499755859375,1608.0,2684744
2024-03-22,1422.336181640625,1557.8499755859375,1571.449951171875,1508.199951171875,1560.0,7468824
2024-03-26,1426.3533935546875,1562.25,1592.550048828125,1555.550048828125,1562.25,4496344
2024-03-27,1411.69970703125,1546.199951171875,1576.8499755859375,1540.0,1569.0,2589697
2024-03-28,1409.2801513671875,1543.550048828125,1561.050048828125,1531.0,1549.0,5301493
2024-04-01,1421.2860107421875,1556.699951171875,1569.0,1548.0,1549.0,1014857
2024-04-02,1395.3565673828125,1528.300048828125,1565.0,1525.0999755859375,1559.0,2031775
2024-04-03,1402.2498779296875,1535.8499755859375,1558.449951171875,1518.0,1525.3499755859375,3343884
2024-04-04,1405.719482421875,1539.6500244140625,1552.5,1518.699951171875,1540.800048828125,3388449
2024-04-05,1410.8323974609375,1545.25,1547.699951171875,1523.800048828125,1542.449951171875,2773570
2024-04-08,1406.08447265625,1540.050048828125,1554.0,1537.6500244140625,1554.0,1820136
2024-04-09,1406.495361328125,1540.5,1561.800048828125,1534.550048828125,1540.0,2432095
2024-04-10,1405.2628173828125,1539.1500244140625,1552.1500244140625,1536.199951171875,1541.050048828125,1829986
2024-04-12,1389.148193359375,1521.5,1542.949951171875,1516.199951171875,1537.0,4319991
2024-04-15,1374.12939453125,1505.050048828125,1530.5,1494.0,1507.0999755859375,3295684
2024-04-16,1348.7930908203125,1477.300048828125,1501.5999755859375,1467.300048828125,1486.3499755859375,2446933
2024-04-18,1339.251953125,1466.8499755859375,1480.9000244140625,1452.0999755859375,1477.050048828125,5180223
2024-04-19,1321.5853271484375,1447.5,1455.5,1435.0,1442.0,5219506
2024-04-22,1338.384765625,1465.9000244140625,1473.300048828125,1450.5,1452.199951171875,1939632
2024-04-23,1357.32958984375,1486.6500244140625,1501.449951171875,1471.0999755859375,1474.9000244140625,2783858
2024-04-24,1350.573486328125,1479.25,1496.949951171875,1476.300048828125,1490.0,1321471
2024-04-25,1373.307373046875,1504.1500244140625,1515.050048828125,1479.949951171875,1479.949951171875,4558032
2024-04-26,1345.64306640625,1473.8499755859375,1531.449951171875,1464.949951171875,1516.8499755859375,4328477
2024-04-29,1266.7132568359375,1387.4000244140625,1436.0,1381.0,1415.0,11493223
2024-04-30,1247.722412109375,1366.5999755859375,1397.9000244140625,1362.449951171875,1376.4000244140625,7606726
2024-05-02,1242.3359375,1360.699951171875,1377.9000244140625,1358.0,1358.0,6555505
2024-05-03,1230.7862548828125,1348.050048828125,1370.0,1333.550048828125,1370.0,5964228
2024-05-06,1240.6011962890625,1358.800048828125,1365.0,1348.5,1358.0,2504082
2024-05-07,1231.487060546875,1330.949951171875,1348.9000244140625,1326.1500244140625,1347.949951171875,5096525
2024-05-08,1215.4801025390625,1313.6500244140625,1334.0,1307.300048828125,1330.949951171875,6832455
2024-05-09,1221.4017333984375,1320.050048828125,1339.0,1314.5,1315.0,5653762
2024-05-10,1217.8394775390625,1316.199951171875,1322.9000244140625,1303.5999755859375,1320.0999755859375,3357203
2024-05-13,1214.7860107421875,1312.9000244140625,1321.9000244140625,1301.6500244140625,1316.199951171875,2316566
2024-05-14,1222.3270263671875,1321.050048828125,1326.949951171875,1308.699951171875,1322.0,3200462
2024-05-15,1233.29150390625,1332.9000244140625,1340.300048828125,1318.25,1319.25,2975965
2024-05-16,1247.4019775390625,1348.1500244140625,1357.800048828125,1328.5,1345.0,5055915
2024-05-17,1233.56884765625,1333.199951171875,1351.0,1330.199951171875,1351.0,2487831
2024-05-21,1241.618896484375,1341.9000244140625,1349.8499755859375,1314.0,1314.0,4966721
2024-05-22,1242.6829833984375,1343.050048828125,1352.9000244140625,1340.0,1348.949951171875,2390777
2024-05-23,1252.398193359375,1353.550048828125,1358.449951171875,1338.0,1346.6500244140625,3326149
2024-05-24,1244.67236328125,1345.199951171875,1360.0,1340.8499755859375,1360.0,1769966
2024-05-27,1252.1668701171875,1353.300048828125,1359.5999755859375,1338.0,1351.0,1942325
2024-05-28,1256.8856201171875,1358.4000244140625,1363.300048828125,1345.5999755859375,1357.8499755859375,2147233
2024-05-29,1251.98193359375,1353.0999755859375,1366.5999755859375,1346.949951171875,1366.0,3845920
2024-05-30,1232.31982421875,1331.8499755859375,1351.550048828125,1325.0999755859375,1346.0,4150461
2024-05-31,1225.149169921875,1324.0999755859375,1340.9000244140625,1315.75,1331.8499755859375,10319045
2024-06-03,1216.22021484375,1314.449951171875,1354.75,1309.8499755859375,1350.550048828125,5384064
2024-06-04,1206.1348876953125,1303.550048828125,1325.0,1235.0,1325.0,5447244
2024-06-05,1243.284423828125,1343.699951171875,1356.9000244140625,1316.0999755859375,1320.0,3005139
2024-06-06,1293.0638427734375,1397.5,1399.800048828125,1350.9000244140625,1354.0,5936709
2024-06-07,1324.5230712890625,1431.5,1438.6500244140625,1398.0,1407.0,5884025
2024-06-10,1312.7259521484375,1418.75,1442.0,1397.5,1440.0,3293739
2024-06-11,1322.0247802734375,1428.800048828125,1437.949951171875,1415.4000244140625,1425.0,2269082
2024-06-12,1331.2310791015625,1438.75,1472.0,1434.5,1472.0,5990861
2024-06-13,1336.2276611328125,1444.1500244140625,1457.699951171875,1437.0999755859375,1447.75,4232861
2024-06-14,1324.1064453125,1431.050048828125,1446.0,1424.4000244140625,1444.1500244140625,3065114
2024-06-18,1329.7969970703125,1437.199951171875,1439.75,1427.050048828125,1431.050048828125,2223029
2024-06-19,1337.8004150390625,1445.8499755859375,1451.9000244140625,1430.300048828125,1440.050048828125,3117522
2024-06-20,1335.580078125,1443.449951171875,1448.949951171875,1429.550048828125,1448.949951171875,3163919
2024-06-21,1339.6510009765625,1447.8499755859375,1481.949951171875,1439.199951171875,1462.0,6489262
2024-06-24,1333.17431640625,1440.8499755859375,1443.949951171875,1426.5999755859375,1437.8499755859375,1988692
2024-06-25,1339.7435302734375,1447.949951171875,1450.0999755859375,1426.449951171875,1440.949951171875,2079037
2024-06-26,1335.811279296875,1443.699951171875,1453.300048828125,1438.199951171875,1447.949951171875,1917424
2024-06-27,1346.1744384765625,1454.9000244140625,1460.550048828125,1423.5,1435.0,6613193
2024-06-28,1350.5230712890625,1459.5999755859375,1468.699951171875,1442.0,1468.0,4943575
2024-07-01,1359.0819091796875,1468.8499755859375,1478.5999755859375,1455.0,1465.0,3723295
2024-07-02,1370.138916015625,1480.800048828125,1492.449951171875,1473.0,1475.0,3811366
2024-07-03,1370.3238525390625,1481.0,1489.0,1471.199951171875,1489.0,2070876
2024-07-04,1408.58349609375,1522.3499755859375,1534.550048828125,1485.0,1485.0,6822557
2024-07-05,1405.8541259765625,1519.4000244140625,1529.25,1505.550048828125,1523.0,3061687
2024-07-08,1418.8079833984375,1533.4000244140625,1540.0,1506.199951171875,1528.0,2939620
2024-07-09,1416.6798095703125,1531.0999755859375,1546.300048828125,1525.0,1533.4000244140625,2658608
2024-07-10,1397.1103515625,1509.949951171875,1532.5999755859375,1487.8499755859375,1531.0999755859375,3507096
2024-07-11,1398.914794921875,1511.9000244140625,1534.0,1508.050048828125,1515.0,3304053
2024-07-12,1443.605224609375,1560.199951171875,1566.0,1510.5,1530.0,6430647
2024-07-15,1452.3026123046875,1569.5999755859375,1636.4000244140625,1567.4000244140625,1580.0,10337489
2024-07-16,1452.256591796875,1569.550048828125,1583.0,1555.0,1565.0,3540650
2024-07-18,1475.3883056640625,1594.550048828125,1599.25,1557.0,1558.050048828125,4399468
2024-07-19,1475.3883056640625,1594.550048828125,1616.449951171875,1588.5999755859375,1610.5,5633838
2024-07-22,1459.2421875,1577.0999755859375,1594.5,1570.9000244140625,1588.5999755859375,2704495
2024-07-23,1490.2432861328125,1598.3499755859375,1600.800048828125,1551.0999755859375,1574.0,2907674
2024-07-24,1476.5841064453125,1583.699951171875,1598.0,1576.8499755859375,1594.0,2484299
2024-07-25,1480.2203369140625,1587.5999755859375,1594.0,1562.8499755859375,1570.0,2934731
2024-07-26,1524.74072265625,1635.3499755859375,1640.0,1594.0,1602.800048828125,2814159
2024-07-29,1521.943603515625,1632.3499755859375,1645.0,1620.0,1640.199951171875,1639491
2024-07-30,1519.98583984375,1630.25,1633.0,1618.0,1629.0,1783877
2024-07-31,1531.500244140625,1642.5999755859375,1645.0,1619.199951171875,1621.0,1984986
2024-08-01,1529.5892333984375,1640.550048828125,1655.5,1636.0999755859375,1640.050048828125,1785188
2024-08-02,1500.4527587890625,1609.300048828125,1639.0,1601.1500244140625,1620.050048828125,1692851
2024-08-05,1456.724853515625,1562.4000244140625,1595.699951171875,1537.0,1575.0,3279717
2024-08-06,1475.6982421875,1582.75,1605.0,1563.0,1563.0,2138704
2024-08-07,1486.746826171875,1594.5999755859375,1615.0,1590.0,1605.0,1897787
2024-08-08,1452.4825439453125,1557.8499755859375,1602.0,1554.550048828125,1597.0,2373805
2024-08-09,1482.411376953125,1589.949951171875,1602.0,1575.8499755859375,1584.9000244140625,2021762
2024-08-12,1478.0294189453125,1585.25,1600.5,1573.8499755859375,1590.0,1273739
2024-08-13,1484.9288330078125,1592.6500244140625,1608.4000244140625,1577.6500244140625,1578.0,1973825
2024-08-14,1516.1629638671875,1626.1500244140625,1629.75,1598.25,1600.0999755859375,3932148
2024-08-16,1555.41552734375,1668.25,1674.0,1632.699951171875,1635.0,3101056
2024-08-19,1564.9722900390625,1678.5,1685.0,1659.050048828125,1665.0,1631947
2024-08-20,1572.6641845703125,1686.75,1695.050048828125,1669.199951171875,1680.0,2786109
2024-08-21,1563.8067626953125,1677.25,1688.8499755859375,1673.75,1686.0,1410370
2024-08-22,1562.7811279296875,1676.1500244140625,1687.0,1673.0,1687.0,1749127
2024-08-23,1549.075439453125,1661.449951171875,1685.949951171875,1657.1500244140625,1676.050048828125,2158185
2024-08-26,1603.1522216796875,1719.449951171875,1734.0,1667.0999755859375,1671.0,2672708
2024-08-27,1595.83349609375,1711.5999755859375,1756.8499755859375,1705.0999755859375,1725.8499755859375,3556487
2024-08-28,1603.1522216796875,1719.449951171875,1737.75,1693.050048828125,1712.550048828125,2516461
2024-08-29,1633.3609619140625,1751.8499755859375,1756.0,1697.25,1714.0,5112407
2024-08-30,1634.6663818359375,1753.25,1766.300048828125,1742.199951171875,1751.8499755859375,4792561
2024-09-02,1684.45458984375,1806.6500244140625,1812.0,1760.0,1764.199951171875,4445349
2024-09-03,1669.350341796875,1790.449951171875,1817.1500244140625,1787.050048828125,1806.0,2553290
2024-09-04,1664.5020751953125,1785.25,1795.6500244140625,1765.0,1765.0999755859375,2644961
2024-09-05,1669.4434814453125,1790.550048828125,1797.699951171875,1767.300048828125,1792.0,2878565
2024-09-06,1637.32373046875,1756.0999755859375,1795.75,1740.050048828125,1788.0,3351716
2024-09-09,1628.60595703125,1746.75,1766.300048828125,1741.1500244140625,1758.3499755859375,1418238
2024-09-10,1658.76806640625,1779.0999755859375,1789.300048828125,1747.1500244140625,1749.449951171875,2307528
2024-09-11,1658.441650390625,1778.75,1796.8499755859375,1773.699951171875,1778.199951171875,2303930
2024-09-12,1685.34033203125,1807.5999755859375,1814.199951171875,1777.0999755859375,1800.0,3349489
2024-09-13,1690.1885986328125,1812.800048828125,1820.0,1795.6500244140625,1805.0,1599349
2024-09-16,1689.3028564453125,1811.8499755859375,1824.25,1808.199951171875,1819.0,836199
2024-09-17,1691.0743408203125,1813.75,1828.0,1807.199951171875,1811.949951171875,830317
2024-09-18,1637.6966552734375,1756.5,1808.0999755859375,1740.0999755859375,1808.0999755859375,2629136
2024-09-19,1619.0494384765625,1736.5,1776.0,1721.5,1776.0,4167373
2024-09-20,1641.0064697265625,1760.050048828125,1766.0999755859375,1721.4000244140625,1748.0,4644317
2024-09-23,1634.246826171875,1752.800048828125,1764.0,1732.5,1764.0,1541597
2024-09-24,1655.5047607421875,1775.5999755859375,1783.5,1738.3499755859375,1750.0,1907389
2024-09-25,1661.8447265625,1782.4000244140625,1784.050048828125,1755.0,1778.800048828125,2240579
2024-09-26,1663.1966552734375,1783.8499755859375,1808.4000244140625,1778.9000244140625,1782.25,4303250
2024-09-27,1686.086181640625,1808.4000244140625,1828.550048828125,1796.550048828125,1810.0,4099016
2024-09-30,1674.6180419921875,1796.0999755859375,1820.699951171875,1789.1500244140625,1808.0,2117894
2024-10-01,1693.6383056640625,1816.5,1822.449951171875,1790.0,1790.0,1642542
2024-10-03,1658.2552490234375,1778.550048828125,1809.300048828125,1770.0,1778.0,3552386
2024-10-04,1656.43701171875,1776.5999755859375,1807.9000244140625,1767.25,1778.0,2982759
2024-10-07,1656.7633056640625,1776.949951171875,1804.199951171875,1767.9000244140625,1784.949951171875,3419048
2024-10-08,1668.4178466796875,1789.449951171875,1794.0,1743.0,1774.0,2353030
2024-10-09,1687.29833984375,1809.699951171875,1825.0,1790.1500244140625,1793.050048828125,2499596
2024-10-10,1686.3194580078125,1808.6500244140625,1839.949951171875,1797.0,1820.0,3753869
2024-10-11,1715.2227783203125,1839.6500244140625,1852.800048828125,1800.6500244140625,1804.0,2977110
2024-10-14,1730.3734130859375,1855.9000244140625,1865.5,1832.4000244140625,1846.050048828125,1751092
2024-10-15,1743.613037109375,1870.0999755859375,1882.75,1829.949951171875,1830.0,5696544
2024-10-16,1739.0911865234375,1865.25,1885.0,1854.050048828125,1869.0,2144442
2024-10-17,1741.4686279296875,1867.800048828125,1877.050048828125,1851.449951171875,1869.9000244140625,2399099
2024-10-18,1732.0516357421875,1857.699951171875,1873.9000244140625,1843.0,1867.0,2366406
2024-10-21,1718.9052734375,1843.5999755859375,1888.5,1840.0,1875.300048828125,1284980
2024-10-22,1710.599853515625,1822.75,1852.0,1819.5,1829.800048828125,2089660
2024-10-23,1732.184814453125,1845.75,1865.0,1793.5,1793.5,2522186
2024-10-24,1731.38720703125,1844.9000244140625,1862.949951171875,1837.699951171875,1845.0,1621637
2024-10-25,1738.3785400390625,1852.3499755859375,1871.550048828125,1840.199951171875,1860.0,4078295
2024-10-28,1756.5850830078125,1871.75,1876.800048828125,1845.0999755859375,1845.0999755859375,2418907
2024-10-29,1756.5850830078125,1871.75,1875.9000244140625,1851.199951171875,1871.75,1719955
2024-10-30,1725.66259765625,1838.800048828125,1869.449951171875,1835.300048828125,1861.0,1732047
2024-10-31,1657.388671875,1766.050048828125,1843.9000244140625,1756.550048828125,1840.0,3616088
2024-11-01,1649.270751953125,1757.4000244140625,1781.300048828125,1751.0,1777.0,242223
2024-11-04,1654.4791259765625,1762.949951171875,1782.0999755859375,1745.0,1763.0,2843690
2024-11-05,1664.4271240234375,1773.550048828125,1783.3499755859375,1761.5,1769.0,1818350
2024-11-06,1725.287109375,1838.4000244140625,1853.0,1783.0,1791.0999755859375,3477029
2024-11-07,1719.23388671875,1831.949951171875,1862.550048828125,1814.199951171875,1850.050048828125,2173869
2024-11-08,1724.4423828125,1837.5,1854.1500244140625,1828.050048828125,1838.949951171875,1521324
2024-11-11,1752.408935546875,1867.300048828125,1874.0,1834.0,1846.699951171875,1679869
2024-11-12,1757.6173095703125,1872.8499755859375,1892.949951171875,1864.449951171875,1891.0,2711052
2024-11-13,1750.0157470703125,1864.75,1879.5999755859375,1859.0999755859375,1866.0,1254074
2024-11-14,1744.572509765625,1858.949951171875,1897.0,1846.3499755859375,1872.0,2462563
2024-11-18,1722.09619140625,1835.0,1865.050048828125,1815.0,1858.949951171875,2483933
2024-11-19,1708.535400390625,1820.550048828125,1865.0,1817.300048828125,1837.0,2354204
2024-11-21,1723.3631591796875,1836.3499755859375,1839.550048828125,1820.199951171875,1835.0,1841245
2024-11-22,1781.595458984375,1898.4000244140625,1902.0,1836.5,1846.3499755859375,2765950
2024-11-25,1775.3076171875,1891.699951171875,1919.949951171875,1878.5,1919.0,6531524
2024-11-26,1782.6746826171875,1899.550048828125,1914.949951171875,1889.1500244140625,1890.0999755859375,2079873
2024-11-27,1774.6976318359375,1891.050048828125,1917.0,1887.0999755859375,1896.75,1631975
2024-11-28,1727.63330078125,1840.9000244140625,1900.5,1835.0,1885.0999755859375,3631255
2024-11-29,1734.34326171875,1848.050048828125,1872.300048828125,1833.949951171875,1842.0,2482280
2024-12-02,1756.3504638671875,1871.5,1878.550048828125,1835.449951171875,1848.050048828125,2014744
2024-12-03,1774.416259765625,1890.75,1896.300048828125,1872.050048828125,1884.0,2954648
2024-12-04,1780.8914794921875,1897.6500244140625,1911.0,1877.5999755859375,1882.0,3730643
2024-12-05,1805.6202392578125,1924.0,1938.0999755859375,1884.0,1885.0,3881814
2024-12-06,1804.4000244140625,1922.699951171875,1939.3499755859375,1915.300048828125,1926.0,2250408
2024-12-09,1792.387939453125,1909.9000244140625,1926.050048828125,1901.0,1915.0,1379520
2024-12-10,1817.21044921875,1936.3499755859375,1942.800048828125,1912.199951171875,1916.449951171875,2695207
2024-12-11,1812.095703125,1930.9000244140625,1934.800048828125,1916.0,1926.25,1387117
2024-12-12,1817.0697021484375,1936.199951171875,1949.0,1921.5,1924.949951171875,2306173
2024-12-13,1847.663818359375,1968.800048828125,1975.0,1912.3499755859375,1939.0,2569918
2024-12-16,1834.1500244140625,1954.4000244140625,1980.0,1950.25,1970.8499755859375,1371189
2024-12-17,1830.5838623046875,1950.5999755859375,1963.199951171875,1938.0,1945.300048828125,1987909
2024-12-18,1839.7337646484375,1960.3499755859375,1971.949951171875,1946.75,1949.0,3460812
2024-12-19,1815.23974609375,1934.25,1946.199951171875,1910.0,1910.0,1916115
2024-12-20,1793.74853515625,1911.3499755859375,1957.6500244140625,1896.4000244140625,1954.5999755859375,3786921
2024-12-23,1785.9124755859375,1903.0,1939.4000244140625,1899.1500244140625,1918.5,2058339
2024-12-24,1780.234375,1896.949951171875,1923.6500244140625,1889.25,1908.5999755859375,1310301
2024-12-26,1783.8009033203125,1900.75,1908.9000244140625,1886.300048828125,1905.5999755859375,1065107
2024-12-27,1775.5892333984375,1892.0,1902.9000244140625,1882.699951171875,1900.0,1328546
2024-12-30,1810.265625,1928.949951171875,1968.949951171875,1865.6500244140625,1888.0,6262203
2024-12-31,1799.4263916015625,1917.4000244140625,1927.800048828125,1878.550048828125,1915.199951171875,1968650
2025-01-01,1794.311767578125,1911.949951171875,1936.949951171875,1907.9000244140625,1917.4000244140625,880695
2025-01-02,1850.8544921875,1972.199951171875,1976.300048828125,1910.050048828125,1911.949951171875,3487645
2025-01-03,1826.876708984375,1946.6500244140625,1992.0999755859375,1941.0,1980.0,2853344
2025-01-06,1832.8828125,1953.050048828125,1973.4000244140625,1930.0,1951.25,1789037
2025-01-07,1798.0185546875,1915.9000244140625,1981.0,1908.9000244140625,1960.0,2494547
2025-01-08,1813.3626708984375,1932.25,1938.5,1894.550048828125,1906.300048828125,2372138
2025-01-09,1815.755859375,1934.800048828125,1944.449951171875,1920.0,1926.800048828125,2742139
2025-01-10,1872.345703125,1995.0999755859375,2002.3499755859375,1935.25,1936.0,4802079
2025-01-13,1866.996337890625,1989.4000244140625,2012.199951171875,1965.4000244140625,1994.9000244140625,5694121
2025-01-14,1701.9659423828125,1813.550048828125,1939.0,1797.75,1936.0999755859375,15819311
2025-01-15,1713.368408203125,1825.699951171875,1843.550048828125,1812.550048828125,1836.0,3350594
2025-01-16,1681.9766845703125,1792.25,1837.949951171875,1785.300048828125,1833.0,5362008
2025-01-17,1695.86474609375,1788.9000244140625,1793.0999755859375,1750.050048828125,1773.0,2424374
2025-01-20,1702.7850341796875,1796.199951171875,1799.0,1762.5999755859375,1790.0999755859375,3401004
2025-01-21,1708.6627197265625,1802.4000244140625,1820.75,1791.4000244140625,1791.4000244140625,4005357
2025-01-22,1732.6468505859375,1827.699951171875,1831.449951171875,1804.050048828125,1808.199951171875,3009261
2025-01-23,1713.0233154296875,1807.0,1828.949951171875,1804.199951171875,1817.050048828125,3750930
2025-01-24,1699.6092529296875,1792.8499755859375,1829.4000244140625,1791.0999755859375,1800.0,3171259
2025-01-27,1622.91650390625,1711.949951171875,1779.75,1707.300048828125,1775.0,4174844
2025-01-28,1605.189208984375,1693.25,1730.5,1691.0,1711.949951171875,5079829
2025-01-29,1629.5999755859375,1719.0,1724.0999755859375,1696.0,1696.0,3733620
2025-01-30,1624.006591796875,1713.0999755859375,1732.949951171875,1697.8499755859375,1722.0,2543744
2025-01-31,1635.7144775390625,1725.449951171875,1738.199951171875,1709.050048828125,1709.050048828125,2033832
2025-02-01,1605.9002685546875,1694.0,1731.949951171875,1688.0,1726.0,569018
2025-02-03,1604.0042724609375,1692.0,1700.5999755859375,1661.5,1665.0,2659929
2025-02-04,1642.4454345703125,1732.550048828125,1735.9000244140625,1692.050048828125,1695.0999755859375,3647768
2025-02-05,1623.7698974609375,1712.8499755859375,1746.800048828125,1710.0,1730.0,2681942
2025-02-06,1633.865966796875,1723.5,1728.449951171875,1712.8499755859375,1723.8499755859375,2057798
2025-02-07,1635.9041748046875,1725.6500244140625,1731.0,1700.6500244140625,1723.1500244140625,2428098
2025-02-10,1643.6776123046875,1733.8499755859375,1740.0,1712.0999755859375,1723.949951171875,1823071
2025-02-11,1633.58154296875,1723.199951171875,1749.0,1715.0,1742.800048828125,1702553
2025-02-12,1627.988525390625,1717.300048828125,1742.4000244140625,1699.1500244140625,1723.9000244140625,2214307
2025-02-13,1614.52685546875,1703.0999755859375,1729.949951171875,1700.25,1712.0,1838463
2025-02-14,1622.2529296875,1711.25,1723.4000244140625,1699.949951171875,1711.0,1460459
2025-02-17,1620.9732666015625,1709.9000244140625,1720.1500244140625,1694.0999755859375,1711.25,1127023
2025-02-18,1635.7618408203125,1725.5,1728.5,1701.25,1706.0,1511900
2025-02-19,1623.2486572265625,1712.300048828125,1731.5999755859375,1703.449951171875,1723.199951171875,1294110
2025-02-20,1599.7857666015625,1687.550048828125,1714.550048828125,1683.550048828125,1705.199951171875,1681532
2025-02-21,1612.2515869140625,1700.699951171875,1704.1500244140625,1685.1500244140625,1690.0,1222563
2025-02-24,1558.5479736328125,1644.050048828125,1690.0,1637.5999755859375,1685.0,4455420
2025-02-25,1551.0113525390625,1636.0999755859375,1651.949951171875,1631.25,1636.0,1951519
2025-02-27,1544.4703369140625,1629.199951171875,1660.0,1615.199951171875,1620.0,2266866
2025-02-28,1493.1363525390625,1575.050048828125,1614.949951171875,1562.449951171875,1612.0,4910121
2025-03-03,1490.624267578125,1572.4000244140625,1603.4000244140625,1568.449951171875,1575.050048828125,1784684
2025-03-04,1455.6431884765625,1535.5,1560.0,1523.0,1560.0,3246644
2025-03-05,1491.1456298828125,1572.949951171875,1581.4000244140625,1531.050048828125,1532.0,3112003
2025-03-06,1502.995361328125,1585.449951171875,1594.699951171875,1575.1500244140625,1580.0,2011489
2025-03-07,1476.9256591796875,1557.949951171875,1587.0,1555.5999755859375,1582.6500244140625,2091986
2025-03-10,1468.7255859375,1549.300048828125,1572.449951171875,1547.0,1557.0,1855766
2025-03-11,1486.310791015625,1567.8499755859375,1573.949951171875,1522.5999755859375,1529.949951171875,1846190
2025-03-12,1460.47802734375,1540.5999755859375,1565.0,1507.0999755859375,1556.0,3113860
2025-03-13,1454.9322509765625,1534.75,1547.949951171875,1529.1500244140625,1540.5999755859375,1983351
2025-03-17,1464.7913818359375,1545.1500244140625,1547.550048828125,1519.050048828125,1528.0,2029100
2025-03-18,1464.7913818359375,1545.1500244140625,1545.1500244140625,1545.1500244140625,1545.1500244140625,0
2025-03-19,1464.1278076171875,1544.449951171875,1561.3499755859375,1525.0999755859375,1558.5,4522829
2025-03-20,1480.7650146484375,1562.0,1582.0999755859375,1547.050048828125,1547.8499755859375,4608677
2025-03-21,1485.2205810546875,1566.699951171875,1592.050048828125,1521.5,1535.0999755859375,8109210
2025-03-24,1520.72314453125,1604.1500244140625,1610.9000244140625,1560.0,1591.0,2487843
2025-03-25,1540.3939208984375,1624.9000244140625,1658.949951171875,1618.949951171875,1622.0,4906013
2025-03-26,1548.4517822265625,1633.4000244140625,1644.949951171875,1622.0,1624.9000244140625,3096513
2025-03-27,1545.3709716796875,1630.1500244140625,1645.0,1613.550048828125,1625.6500244140625,3383080
2025-03-28,1509.678955078125,1592.5,1625.550048828125,1581.5999755859375,1616.0999755859375,2211077
2025-04-01,1450.7611083984375,1530.3499755859375,1585.0,1526.0999755859375,1577.0,4126827
2025-04-02,1448.1068115234375,1527.550048828125,1538.550048828125,1506.4000244140625,1515.0,3167863
2025-04-03,1393.644287109375,1470.0999755859375,1500.0,1465.0,1500.0,3966161
2025-04-04,1348.140869140625,1422.0999755859375,1456.199951171875,1419.0999755859375,1449.0,4421312
2025-04-07,1302.6370849609375,1374.0999755859375,1383.75,1302.75,1345.0,6484139
2025-04-08,1330.3660888671875,1403.3499755859375,1424.25,1372.0,1380.0,3938359
2025-04-09,1308.23046875,1380.0,1388.699951171875,1357.050048828125,1380.6500244140625,3306801
2025-04-11,1318.2318115234375,1390.550048828125,1425.0,1360.0,1360.0,4859622
2025-04-15,1352.31201171875,1426.5,1428.800048828125,1406.0,1420.0,3265147
2025-04-16,1357.2415771484375,1431.699951171875,1436.0999755859375,1405.5,1415.0,2553111
2025-04-17,1363.2139892578125,1438.0,1442.0999755859375,1384.0,1420.0,3549969
2025-04-21,1404.925537109375,1482.0,1499.0,1430.0,1435.0,2840104
2025-04-22,1402.934814453125,1479.9000244140625,1499.9000244140625,1464.5,1490.0,2608145
2025-04-23,1511.1009521484375,1594.0,1600.0,1543.699951171875,1555.0,13293318
2025-04-24,1504.180419921875,1586.699951171875,1603.300048828125,1576.0999755859375,1595.0,3193118
2025-04-25,1496.1224365234375,1578.199951171875,1618.0,1568.0999755859375,1590.0,3800415
2025-04-28,1485.6702880859375,1549.300048828125,1569.4000244140625,1537.0999755859375,1565.0,2618810
2025-04-29,1504.5611572265625,1569.0,1580.800048828125,1548.0999755859375,1555.0,2231069
2025-04-30,1503.122802734375,1567.5,1587.9000244140625,1554.0,1571.0,3682256
2025-05-02,1507.821533203125,1572.4000244140625,1581.0,1557.0999755859375,1567.0,1370848
2025-05-05,1504.177490234375,1568.5999755859375,1597.699951171875,1563.300048828125,1580.0,1012225
2025-05-06,1514.2462158203125,1579.0999755859375,1583.800048828125,1565.0999755859375,1576.800048828125,2055057
2025-05-07,1499.09521484375,1563.300048828125,1578.4000244140625,1545.0,1552.0,5469936
2025-05-08,1515.7806396484375,1580.699951171875,1598.0,1555.800048828125,1561.9000244140625,2789018
2025-05-09,1504.94482421875,1569.4000244140625,1577.699951171875,1557.300048828125,1566.0,2035161
2025-05-12,1601.7008056640625,1670.300048828125,1675.0,1594.0,1598.800048828125,4028207
2025-05-13,1553.0828857421875,1619.5999755859375,1688.0999755859375,1615.199951171875,1685.0,3118470
2025-05-14,1570.4395751953125,1637.699951171875,1642.300048828125,1617.0,1630.0,1569126
2025-05-15,1626.3453369140625,1696.0,1702.5999755859375,1625.0,1650.0,4961582
2025-05-16,1591.7279052734375,1659.9000244140625,1693.5,1658.0,1691.9000244140625,2586263
2025-05-19,1581.8509521484375,1649.5999755859375,1664.0,1638.0999755859375,1661.0,1642018
2025-05-20,1571.014892578125,1638.300048828125,1666.0,1636.4000244140625,1660.800048828125,2421580
2025-05-21,1584.1522216796875,1652.0,1657.5,1628.4000244140625,1645.0,1420835
2025-05-22,1565.9326171875,1633.0,1640.699951171875,1614.0,1638.4000244140625,2202093
2025-05-23,1580.5084228515625,1648.199951171875,1670.800048828125,1622.5,1633.0,1459454
2025-05-26,1604.865234375,1673.5999755859375,1675.800048828125,1645.5999755859375,1652.4000244140625,1078813
2025-05-27,1584.2481689453125,1652.0999755859375,1675.5,1641.5,1673.800048828125,2740015
2025-05-28,1589.2347412109375,1657.300048828125,1666.800048828125,1647.0,1664.0,1775441
2025-05-29,1596.330810546875,1664.699951171875,1675.5,1655.5999755859375,1670.0,2374051
2025-05-30,1569.3848876953125,1636.5999755859375,1664.699951171875,1627.300048828125,1664.699951171875,4408910
2025-06-02,1564.4942626953125,1631.5,1635.199951171875,1605.699951171875,1625.0999755859375,1883100
2025-06-03,1563.439453125,1630.4000244140625,1651.699951171875,1617.0,1646.9000244140625,2380133
2025-06-04,1559.3160400390625,1626.0999755859375,1644.5999755859375,1622.199951171875,1631.0,1659720
2025-06-05,1565.3572998046875,1632.4000244140625,1653.9000244140625,1624.5999755859375,1634.9000244140625,1409322
2025-06-06,1570.4395751953125,1637.699951171875,1639.800048828125,1622.0,1631.199951171875,1261281
2025-06-09,1580.6043701171875,1648.300048828125,1658.0,1639.0,1648.0,1299786
2025-06-10,1599.5911865234375,1668.0999755859375,1684.9000244140625,1649.0,1653.300048828125,3055223
2025-06-11,1651.181640625,1721.9000244140625,1725.4000244140625,1666.0,1676.0,5085821
2025-06-12,1631.331787109375,1701.199951171875,1726.0,1695.0,1725.0,3607962
2025-06-13,1625.674072265625,1695.300048828125,1711.0,1664.5999755859375,1666.0,1988422
2025-06-16,1652.2364501953125,1723.0,1729.4000244140625,1683.4000244140625,1692.0,2116100
2025-06-17,1658.565185546875,1729.5999755859375,1738.800048828125,1720.0,1728.0,1777245
2025-06-18,1645.427978515625,1715.9000244140625,1745.0,1710.0,1727.9000244140625,1794428
2025-06-19,1643.5101318359375,1713.9000244140625,1719.699951171875,1697.199951171875,1719.699951171875,2514527
2025-06-20,1668.4422607421875,1739.9000244140625,1742.5999755859375,1709.0999755859375,1713.9000244140625,2719770
2025-06-23,1633.2496337890625,1703.199951171875,1729.800048828125,1699.199951171875,1729.199951171875,2221446
2025-06-24,1622.31787109375,1691.800048828125,1732.5999755859375,1689.199951171875,1719.9000244140625,3601071
2025-06-25,1646.57861328125,1717.0999755859375,1720.699951171875,1701.0,1702.0,1307518
2025-06-26,1653.2911376953125,1724.0999755859375,1726.9000244140625,1702.699951171875,1710.0,2971055
2025-06-27,1652.5242919921875,1723.300048828125,1752.5,1710.800048828125,1735.0,6478283
2025-06-30,1657.6064453125,1728.5999755859375,1734.800048828125,1713.300048828125,1725.0,1855229
2025-07-01,1647.7294921875,1718.300048828125,1745.0,1714.0,1728.5999755859375,1639826
2025-07-02,1648.01708984375,1718.5999755859375,1738.5,1711.0,1722.0,2069447
2025-07-03,1641.59228515625,1711.9000244140625,1730.5,1706.5,1716.0,1839063
2025-07-04,1655.017333984375,1725.9000244140625,1729.0,1706.199951171875,1715.0,768500
2025-07-07,1640.1539306640625,1710.4000244140625,1725.5,1703.300048828125,1725.5,1366412
2025-07-08,1637.9482421875,1708.0999755859375,1718.9000244140625,1687.5,1700.0,2139193
2025-07-09,1605.248779296875,1674.0,1714.300048828125,1671.0,1710.0,2894808
2025-07-10,1595.371826171875,1663.699951171875,1679.9000244140625,1649.0,1675.0,2740853
2025-07-11,1571.014892578125,1638.300048828125,1655.5,1630.0,1643.199951171875,2548153
2025-07-14,1553.27490234375,1619.800048828125,1642.4000244140625,1607.0,1640.0,3334703
2025-07-15,1502.0679931640625,1566.4000244140625,1621.4000244140625,1550.0,1590.0,14685607
2025-07-16,1498.6158447265625,1562.800048828125,1574.0,1560.0,1566.4000244140625,5218099
2025-07-17,1480.491943359375,1543.9000244140625,1566.800048828125,1542.4000244140625,1563.5999755859375,4966082
2025-07-18,1496.824951171875,1548.800048828125,1550.0,1530.0,1544.0,3902458
2025-07-21,1479.04248046875,1530.4000244140625,1550.699951171875,1526.0,1548.800048828125,3368842
2025-07-22,1469.0880126953125,1520.0999755859375,1539.800048828125,1518.300048828125,1533.0999755859375,3218227
2025-07-23,1478.4625244140625,1529.800048828125,1536.0,1518.0,1524.0999755859375,3471536
2025-07-24,1456.620849609375,1507.199951171875,1537.9000244140625,1501.5999755859375,1530.0,4654421
2025-07-25,1440.0947265625,1490.0999755859375,1512.199951171875,1486.5999755859375,1501.0999755859375,2733655
2025-07-28,1416.9000244140625,1466.0999755859375,1494.199951171875,1463.5,1490.0999755859375,4404841
2025-07-29,1422.98876953125,1472.4000244140625,1477.5,1461.0,1466.0999755859375,6223556
2025-07-30,1426.951171875,1476.5,1484.300048828125,1468.800048828125,1480.5,1642426
2025-07-31,1418.6396484375,1467.9000244140625,1482.699951171875,1459.5,1465.0,2306285
2025-08-01,1403.369873046875,1452.0999755859375,1466.9000244140625,1450.0,1465.0,2152783
2025-08-04,1424.921630859375,1474.4000244140625,1475.4000244140625,1440.5999755859375,1452.0999755859375,2384774
2025-08-05,1432.9429931640625,1482.699951171875,1485.4000244140625,1471.199951171875,1479.9000244140625,2614394
2025-08-06,1414.0975341796875,1463.199951171875,1483.699951171875,1456.4000244140625,1480.9000244140625,1735697
2025-08-07,1425.984619140625,1475.5,1479.199951171875,1451.0,1458.0,1495363
2025-08-08,1426.1778564453125,1475.699951171875,1482.199951171875,1459.0,1474.800048828125,2815614
2025-08-11,1438.0653076171875,1488.0,1531.0,1465.5999755859375,1475.0,2374556
2025-08-12,1448.792724609375,1499.0999755859375,1509.9000244140625,1489.0,1490.0,3422656
2025-08-13,1450.7255859375,1501.0999755859375,1507.5,1489.0,1500.0,2916128
2025-08-14,1439.804931640625,1489.800048828125,1516.199951171875,1485.800048828125,1501.0,4227538
2025-08-18,1435.166015625,1485.0,1501.9000244140625,1475.9000244140625,1498.0999755859375,2795155
2025-08-19,1426.5645751953125,1476.0999755859375,1482.5999755859375,1469.199951171875,1476.300048828125,2515817
2025-08-20,1445.796630859375,1496.0,1500.300048828125,1458.0,1468.0,10219330
2025-08-21,1443.380615234375,1493.5,1505.0,1486.0999755859375,1500.0,2157601
2025-08-22,1417.093505859375,1466.300048828125,1491.5,1464.0,1489.5999755859375,2802805
2025-08-25,1453.721435546875,1504.199951171875,1509.699951171875,1476.199951171875,1480.0,2764914
2025-08-26,1442.7042236328125,1492.800048828125,1506.5,1485.0,1501.9000244140625,4092265
2025-08-28,1401.147216796875,1449.800048828125,1488.0,1446.0,1488.0,4367902
2025-08-29,1405.9794921875,1454.800048828125,1462.5999755859375,1439.199951171875,1449.800048828125,3404604
2025-09-01,1419.123046875,1468.4000244140625,1472.5,1446.0,1446.0,2105254
2025-09-02,1416.513671875,1465.699951171875,1477.4000244140625,1459.699951171875,1469.0,1295198
2025-09-03,1416.9000244140625,1466.0999755859375,1475.0,1452.5999755859375,1475.0,1800307
2025-09-04,1394.865234375,1443.300048828125,1465.9000244140625,1440.9000244140625,1465.0999755859375,2192155
2025-09-05,1371.380615234375,1419.0,1452.300048828125,1402.800048828125,1448.0,3895199
2025-09-08,1355.917724609375,1403.0,1428.5999755859375,1401.0,1423.9000244140625,2929976
2025-09-09,1379.2088623046875,1427.0999755859375,1431.800048828125,1409.0999755859375,1410.199951171875,2906889
2025-09-10,1414.7740478515625,1463.9000244140625,1471.9000244140625,1432.0999755859375,1434.9000244140625,3205017
2025-09-11,1418.4464111328125,1467.699951171875,1470.4000244140625,1458.300048828125,1463.9000244140625,1982922
2025-09-12,1417.963134765625,1467.199951171875,1480.0,1463.0,1475.0,2110883
2025-09-15,1417.2867431640625,1466.5,1468.300048828125,1452.0,1467.199951171875,1725617
2025-09-16,1433.32958984375,1483.0999755859375,1485.199951171875,1461.0999755859375,1463.9000244140625,1724524
2025-09-17,1431.783447265625,1481.5,1499.0,1475.300048828125,1490.800048828125,2656774
2025-09-18,1443.6705322265625,1493.800048828125,1502.9000244140625,1486.0999755859375,1492.5999755859375,2792406
2025-09-19,1418.156494140625,1467.4000244140625,1493.800048828125,1464.0,1493.800048828125,3197957
2025-09-22,1391.579345703125,1439.9000244140625,1449.199951171875,1415.0,1423.0,4457129
2025-09-23,1381.818359375,1429.800048828125,1444.199951171875,1420.4000244140625,1444.199951171875,3106480
2025-09-24,1393.89892578125,1442.300048828125,1444.699951171875,1420.0,1425.0999755859375,2894044
2025-09-25,1376.0196533203125,1423.800048828125,1442.5,1416.0,1440.199951171875,2713246
2025-09-26,1348.47607421875,1395.300048828125,1426.5,1392.0,1420.0,2568054
2025-09-29,1340.8411865234375,1387.4000244140625,1402.5999755859375,1383.0,1397.0999755859375,2990852
2025-09-30,1338.6182861328125,1385.0999755859375,1405.0,1381.9000244140625,1392.0999755859375,2782077
2025-10-01,1342.8707275390625,1389.5,1396.800048828125,1382.0,1386.0999755859375,2253527
2025-10-03,1346.736328125,1393.5,1399.800048828125,1380.4000244140625,1396.5,2793839
2025-10-06,1370.1243896484375,1417.699951171875,1421.0,1390.800048828125,1393.5,1970901
2025-10-07,1385.2974853515625,1433.4000244140625,1441.9000244140625,1417.199951171875,1422.0,1592836
2025-10-08,1404.4329833984375,1453.199951171875,1458.699951171875,1427.199951171875,1433.199951171875,1735807
2025-10-09,1436.6156005859375,1486.5,1491.0999755859375,1452.5,1453.199951171875,2681316
2025-10-10,1445.3135986328125,1495.5,1498.5,1473.9000244140625,1491.0,2129445
2025-10-13,1444.540283203125,1494.699951171875,1502.199951171875,1476.5,1490.0,1820492
2025-10-14,1445.2169189453125,1495.4000244140625,1535.0,1490.199951171875,1515.4000244140625,5802489
2025-10-15,1445.5067138671875,1495.699951171875,1509.4000244140625,1486.0999755859375,1497.9000244140625,1710696
2025-10-16,1464.1590576171875,1515.0,1519.9000244140625,1498.0,1499.9000244140625,2021043
2025-10-17,1447.7933349609375,1486.199951171875,1501.300048828125,1479.199951171875,1499.0,3210161
2025-10-20,1456.755615234375,1495.4000244140625,1509.9000244140625,1489.0999755859375,1489.9000244140625,2354881
2025-10-21,1447.5985107421875,1486.0,1503.0,1481.0,1502.699951171875,274400
2025-10-23,1484.5191650390625,1523.9000244140625,1547.5,1505.5,1510.0,5011470
2025-10-24,1484.4217529296875,1523.800048828125,1532.5999755859375,1516.4000244140625,1525.0,1491451
2025-10-27,1493.8709716796875,1533.5,1549.5,1526.800048828125,1531.4000244140625,1394846
2025-10-28,1482.765625,1522.0999755859375,1542.0,1512.0,1535.0,1936466
2025-10-29,1517.0560302734375,1557.300048828125,1559.0,1522.0,1530.0,2596355
2025-10-30,1509.7498779296875,1549.800048828125,1559.9000244140625,1538.0999755859375,1557.699951171875,2183395
2025-10-31,1501.664306640625,1541.5,1558.199951171875,1537.5999755859375,1549.800048828125,1723467
2025-11-03,1503.612548828125,1543.5,1549.699951171875,1528.199951171875,1540.0999755859375,2252136
2025-11-04,1489.5845947265625,1529.0999755859375,1541.9000244140625,1525.0,1536.4000244140625,1666863
2025-11-06,1486.9544677734375,1526.4000244140625,1531.9000244140625,1514.300048828125,1529.0999755859375,2474769
2025-11-07,1473.3162841796875,1512.4000244140625,1518.800048828125,1490.5,1515.0999755859375,2238714
2025-11-10,1500.6900634765625,1540.5,1544.9000244140625,1511.4000244140625,1518.0,1558896
2025-11-11,1529.427734375,1570.0,1572.5,1541.199951171875,1547.800048828125,2270763
2025-11-12,1552.8076171875,1594.0,1600.0,1573.5,1575.0,2331564
2025-11-13,1557.191162109375,1598.5,1605.0,1580.0,1599.4000244140625,1944022
2025-11-14,1553.3919677734375,1594.5999755859375,1598.0,1574.0999755859375,1590.0,2543918
2025-11-17,1564.8870849609375,1606.4000244140625,1607.699951171875,1585.5,1594.0,2000978
2025-11-18,1553.9764404296875,1595.199951171875,1604.0,1590.0999755859375,1604.0,1640123
2025-11-19,1619.634765625,1662.5999755859375,1669.5,1588.5999755859375,1595.300048828125,6342672
2025-11-20,1602.8792724609375,1645.4000244140625,1668.4000244140625,1642.5999755859375,1662.5999755859375,2724035
2025-11-21,1566.44580078125,1608.0,1643.5,1606.0,1636.0,2958835
2025-11-24,1568.78369140625,1610.4000244140625,1640.0,1602.9000244140625,1614.300048828125,6392688
2025-11-25,1559.7239990234375,1601.0999755859375,1618.9000244140625,1592.5999755859375,1618.300048828125,2285950
2025-11-26,1576.08984375,1617.9000244140625,1627.5,1601.0999755859375,1601.0999755859375,1243303
2025-11-27,1586.9029541015625,1629.0,1633.199951171875,1614.0,1619.0999755859375,2106176
2025-11-28,1582.22705078125,1624.199951171875,1636.9000244140625,1619.0,1629.0,1841289
2025-12-01,1600.44384765625,1642.9000244140625,1646.5,1628.0,1630.0,2034350
2025-12-02,1593.2349853515625,1635.5,1652.9000244140625,1624.0,1651.0,2326220
2025-12-03,1598.1058349609375,1640.5,1654.5999755859375,1628.800048828125,1635.5,2371611
2025-12-04,1611.8414306640625,1654.5999755859375,1672.0,1645.0999755859375,1650.0,3935708
2025-12-05,1639.507568359375,1683.0,1691.0,1651.0,1662.699951171875,3391204
2025-12-08,1644.9627685546875,1688.5999755859375,1695.4000244140625,1676.9000244140625,1683.0,2702407
2025-12-09,1614.763916015625,1657.5999755859375,1687.0,1656.4000244140625,1687.0,2817704
2025-12-10,1622.94677734375,1666.0,1671.0,1657.0,1663.300048828125,1482249
2025-12-11,1629.1815185546875,1672.4000244140625,1677.4000244140625,1649.0,1667.5,1408684
2025-12-12,1629.960693359375,1673.199951171875,1677.9000244140625,1660.0,1677.4000244140625,1284337
2025-12-15,1640.481689453125,1684.0,1688.0,1660.0,1673.199951171875,1689723
2025-12-16,1609.016357421875,1651.699951171875,1682.0,1645.4000244140625,1681.0,1929309
2025-12-17,1612.231201171875,1655.0,1664.5,1646.300048828125,1651.0,1394918
2025-12-18,1618.4656982421875,1661.4000244140625,1673.9000244140625,1651.199951171875,1657.0,1822056
2025-12-19,1599.956787109375,1642.4000244140625,1681.0,1632.5,1675.0,3487150
2025-12-22,1627.1357421875,1670.300048828125,1673.5,1644.0,1651.9000244140625,1339691
2025-12-23,1636.48779296875,1679.9000244140625,1686.9000244140625,1656.199951171875,1675.0999755859375,1614314
2025-12-24,1631.4219970703125,1674.699951171875,1680.0,1665.0999755859375,1676.0,989858
2025-12-26,1617.978759765625,1660.9000244140625,1676.4000244140625,1650.5,1668.0,921138
2025-12-29,1588.656494140625,1630.800048828125,1660.800048828125,1625.4000244140625,1659.699951171875,1516288
2025-12-30,1573.4595947265625,1615.199951171875,1635.699951171875,1611.0999755859375,1630.800048828125,3323273
2025-12-31,1581.350341796875,1623.300048828125,1631.699951171875,1616.800048828125,1624.5,1359963
2026-01-01,1592.2608642578125,1634.5,1645.699951171875,1618.4000244140625,1622.9000244140625,773806
2026-01-02,1597.8135986328125,1640.199951171875,1643.0,1625.0999755859375,1632.0,950573
2026-01-05,1566.0560302734375,1607.5999755859375,1633.5,1580.0999755859375,1625.0,3245802
2026-01-06,1574.5313720703125,1616.300048828125,1626.0,1597.300048828125,1600.300048828125,2112043
2026-01-07,1605.1197509765625,1647.699951171875,1654.5,1616.699951171875,1620.800048828125,3816569
2026-01-08,1604.1456298828125,1646.699951171875,1660.5999755859375,1635.4000244140625,1653.300048828125,3266398
2026-01-09,1618.4656982421875,1661.4000244140625,1675.0,1647.0999755859375,1647.0999755859375,3281306
2026-01-12,1624.5054931640625,1667.5999755859375,1677.199951171875,1641.5,1659.199951171875,4175707
2026-01-13,1621.97265625,1665.0,1697.5999755859375,1626.0,1685.0,7149266
2026-01-14,1625.3822021484375,1668.5,1677.9000244140625,1649.199951171875,1665.0,2470615
2026-01-15,1625.3822021484375,1668.5,1668.5,1668.5,1668.5,0
2026-01-16,1666.1026611328125,1698.0,1700.9000244140625,1664.800048828125,1670.0,3098089
2026-01-19,1684.549560546875,1716.800048828125,1719.0,1685.0999755859375,1698.0,2087629
2026-01-20,1655.603759765625,1687.300048828125,1720.0,1681.800048828125,1720.0,1739341
2026-01-21,1650.893798828125,1682.5,1694.9000244140625,1668.9000244140625,1687.5999755859375,1728435
2026-01-22,1671.1068115234375,1703.0999755859375,1709.0,1681.5,1690.5999755859375,1853439
2026-01-23,1674.93359375,1707.0,1721.0,1698.800048828125,1712.699951171875,1874357
2026-01-27,1687.8856201171875,1720.199951171875,1725.5,1700.5,1720.0,2671530
2026-01-28,1697.1090087890625,1729.5999755859375,1734.4000244140625,1691.0,1705.0999755859375,2713867
2026-01-29,1689.25927734375,1721.5999755859375,1725.0,1696.0999755859375,1722.800048828125,2235602
2026-01-30,1663.7476806640625,1695.5999755859375,1713.199951171875,1683.0,1713.199951171875,4448681
2026-02-02,1645.3009033203125,1676.800048828125,1688.5,1653.5999755859375,1670.0,1916380
2026-02-03,1663.4534912109375,1695.300048828125,1780.0999755859375,1689.0999755859375,1780.0,3200948
2026-02-04,1591.3341064453125,1621.800048828125,1645.0,1586.0,1642.0,5834470
2026-02-05,1579.7557373046875,1610.0,1631.800048828125,1600.199951171875,1613.699951171875,3184531
2026-02-06,1563.761962890625,1593.699951171875,1612.0,1574.0999755859375,1612.0,3342992
2026-02-09,1571.906005859375,1602.0,1619.9000244140625,1594.4000244140625,1600.4000244140625,1863558
2026-02-10,1543.5489501953125,1573.0999755859375,1602.4000244140625,1567.800048828125,1595.0,3234785
2026-02-11,1522.4527587890625,1551.5999755859375,1578.0999755859375,1546.0999755859375,1574.0,2944646
2026-02-12,1448.37109375,1476.0999755859375,1535.0,1469.5,1529.0,5397659
2026-02-13,1427.8636474609375,1455.199951171875,1476.800048828125,1396.0,1423.0,7214938
2026-02-16,1434.33984375,1461.800048828125,1467.0,1446.800048828125,1451.0999755859375,2388700
2026-02-17,1454.7490234375,1482.5999755859375,1510.699951171875,1458.0,1464.0,2840341
2026-02-18,1439.6383056640625,1467.199951171875,1483.199951171875,1443.4000244140625,1483.199951171875,2036245
2026-02-19,1423.1539306640625,1450.4000244140625,1501.800048828125,1443.0,1470.0,2397127
2026-02-20,1409.5150146484375,1436.5,1455.0,1431.0,1443.0,2392491
2026-02-23,1399.408447265625,1426.199951171875,1441.5999755859375,1415.5,1438.199951171875,2629763
2026-02-24,1314.042724609375,1339.199951171875,1406.699951171875,1322.5,1402.300048828125,10004684
2026-02-25,1352.3101806640625,1378.199951171875,1391.4000244140625,1354.0,1355.0,5703505
2026-02-26,1347.698486328125,1373.5,1405.0,1368.0,1391.0,2329520
2026-02-27,1363.00537109375,1389.0999755859375,1404.800048828125,1382.0,1398.0,8651443
2026-03-02,1345.2454833984375,1371.0,1386.0,1350.0,1351.0,2088938
2026-03-04,1338.376953125,1364.0,1382.0,1356.0,1356.0,3161598
2026-03-05,1328.662841796875,1354.0999755859375,1378.199951171875,1332.5,1378.199951171875,2217963
2026-03-06,1331.2139892578125,1356.699951171875,1380.800048828125,1354.199951171875,1356.0,1871596
2026-03-09,1333.078369140625,1358.5999755859375,1372.699951171875,1328.0,1330.0,2256550
2026-03-10,1335.9239501953125,1361.5,1364.4000244140625,1345.0,1361.0,1671877
2026-03-11,1324.934326171875,1350.300048828125,1376.0,1346.9000244140625,1367.199951171875,1837000
2026-03-12,1332.5877685546875,1358.0999755859375,1363.4000244140625,1341.0,1350.0,2616965
2026-03-13,1300.5020751953125,1325.4000244140625,1356.699951171875,1321.0,1350.0,2190786
2026-03-16,1303.6419677734375,1328.5999755859375,1337.699951171875,1302.4000244140625,1312.800048828125,3618375
2026-03-17,1296.2828369140625,1321.0999755859375,1328.5999755859375,1297.699951171875,1328.5999755859375,2285672
2026-03-18,1331.70458984375,1357.199951171875,1378.4000244140625,1326.5,1326.5,2564106
2026-03-19,1287.1575927734375,1311.800048828125,1354.199951171875,1309.199951171875,1341.4000244140625,1663249
2026-03-20,1308.6461181640625,1333.699951171875,1352.5,1328.9000244140625,1334.9000244140625,5050431
2026-03-23,1333.078369140625,1358.5999755859375,1365.0,1310.0,1314.800048828125,5166409
2026-03-24,1347.5023193359375,1373.300048828125,1394.0,1360.0,1380.0,3555664
2026-03-25,1355.35205078125,1381.300048828125,1411.4000244140625,1348.0,1348.0,4167275
2026-03-27,1338.7694091796875,1364.4000244140625,1407.4000244140625,1359.800048828125,1377.0,8956139
2026-03-30,1316.397705078125,1341.5999755859375,1359.199951171875,1336.199951171875,1350.0,5541018
2026-04-01,1328.957275390625,1354.4000244140625,1399.699951171875,1349.0,1399.699951171875,2469237
2026-04-02,1375.8592529296875,1402.199951171875,1412.800048828125,1341.199951171875,1347.0,6509389
2026-04-06,1376.938720703125,1403.300048828125,1422.300048828125,1394.0999755859375,1397.0,2134581
2026-04-07,1414.5191650390625,1441.5999755859375,1446.5,1388.0999755859375,1391.0,3459049
2026-04-08,1433.5548095703125,1461.0,1466.0,1431.9000244140625,1449.9000244140625,4239052
2026-04-09,1437.3814697265625,1464.9000244140625,1469.0,1436.0,1458.9000244140625,3101205
2026-04-10,1423.9388427734375,1451.199951171875,1457.5999755859375,1421.0999755859375,1452.0,3450066
2026-04-13,1402.5484619140625,1429.4000244140625,1447.800048828125,1417.5,1441.0,2252652
2026-04-15,1424.0369873046875,1451.300048828125,1474.9000244140625,1437.0999755859375,1445.0,3993858
2026-04-16,1422.9576416015625,1450.199951171875,1468.699951171875,1435.0999755859375,1460.0,5229848
2026-04-17,1415.2060546875,1442.300048828125,1458.0,1430.0,1443.300048828125,3319268
2026-04-20,1401.4691162109375,1428.300048828125,1451.9000244140625,1424.0,1445.9000244140625,2352656
2026-04-21,1414.126708984375,1441.199951171875,1455.0,1422.4000244140625,1430.0,3091487
2026-04-22,1261.1553955078125,1285.300048828125,1358.0,1281.0,1345.0,33066256
2026-04-23,1253.5999755859375,1277.5999755859375,1294.300048828125,1272.0,1290.0,8304759
2026-04-24,1203.199951171875,1203.199951171875,1264.800048828125,1198.0999755859375,1264.4000244140625,10903519
2026-04-27,1228.199951171875,1228.199951171875,1232.0,1201.0,1209.0,6066942
2026-04-28,1196.0,1196.0,1232.699951171875,1192.300048828125,1227.9000244140625,6643295
2026-04-29,1200.199951171875,1200.199951171875,1210.800048828125,1192.0999755859375,1200.0,4777201
2026-04-30,1199.0999755859375,1199.0999755859375,1213.699951171875,1184.0,1200.0,5070033
2026-05-01,1199.0999755859375,1199.0999755859375,1199.0999755859375,1199.0999755859375,1199.0999755859375,0
2026-05-04,1200.5,1200.5,1213.5,1191.4000244140625,1208.0,3318673
2026-05-05,1200.199951171875,1200.199951171875,1205.4000244140625,1190.0,1200.0,2459953
2026-05-06,1189.0999755859375,1189.0999755859375,1212.0,1186.4000244140625,1208.0,3541520
2026-05-07,1183.4000244140625,1183.4000244140625,1196.0,1181.0999755859375,1195.0,3725309
2026-05-08,1198.4000244140625,1198.4000244140625,1202.800048828125,1176.800048828125,1179.800048828125,2813749
2026-05-11,1194.9000244140625,1194.9000244140625,1206.300048828125,1191.0999755859375,1196.9000244140625,2505962
2026-05-12,1145.800048828125,1145.800048828125,1184.0,1142.5999755859375,1183.0,3959561
2026-05-13,1143.199951171875,1143.199951171875,1154.5999755859375,1137.0999755859375,1146.300048828125,2635034
2026-05-14,1124.0,1124.0,1143.199951171875,1103.4000244140625,1139.0,5837032
2026-05-15,1132.5999755859375,1132.5999755859375,1152.0,1121.800048828125,1121.9000244140625,3729249
2026-05-18,1146.5999755859375,1146.5999755859375,1149.5,1121.4000244140625,1129.0,2588569
2026-05-19,1179.4000244140625,1179.4000244140625,1198.300048828125,1152.300048828125,1156.0,5756760
2026-05-20,1169.800048828125,1169.800048828125,1181.0,1162.4000244140625,1166.199951171875,1415960
2026-05-21,1168.199951171875,1168.199951171875,1180.5999755859375,1163.199951171875,1173.699951171875,2245247
2026-05-22,1164.0,1164.0,1176.0,1159.9000244140625,1169.9000244140625,2044782
2026-05-25,1165.699951171875,1165.699951171875,1178.0,1162.0999755859375,1168.0,1419803
2026-05-26,1161.9000244140625,1161.9000244140625,1173.699951171875,1160.0,1165.699951171875,1196820
2026-05-27,1165.199951171875,1165.199951171875,1169.800048828125,1153.699951171875,1155.300048828125,1004168
2026-05-28,1165.199951171875,1165.199951171875,1165.199951171875,1165.199951171875,1165.199951171875,0
2026-05-29,1183.800048828125,1183.800048828125,1191.699951171875,1177.0,1180.0,12446602
2026-06-01,1195.0999755859375,1195.0999755859375,1212.800048828125,1190.0999755859375,1190.0999755859375,5970435
2026-06-02,1243.5,1243.5,1257.0,1202.199951171875,1210.0,7663067
2026-06-03,1179.0,1179.0,1230.0,1176.800048828125,1228.800048828125,4800922
2026-06-04,1168.300048828125,1168.300048828125,1176.5,1158.199951171875,1166.4000244140625,2025595
2026-06-05,1154.699951171875,1154.699951171875,1182.5,1147.0,1179.0,1971395
2026-06-08,1151.300048828125,1151.300048828125,1159.0,1132.300048828125,1141.9000244140625,1546444
2026-06-09,1146.300048828125,1146.300048828125,1159.0,1136.4000244140625,1158.699951171875,2225582
2026-06-10,1132.0999755859375,1132.0999755859375,1152.0,1130.0,1140.800048828125,1600595
2026-06-11,1110.199951171875,1110.199951171875,1114.0,1089.5,1112.9000244140625,3435236
