Date,Adj Close,Close,High,Low,Open,Volume
,HEROMOTOCO.NS,HEROMOTOCO.NS,HEROMOTOCO.NS,HEROMOTOCO.NS,HEROMOTOCO.NS,HEROMOTOCO.NS
2021-01-01,2560.681396484375,3102.64990234375,3120.800048828125,3093.0,3115.0,408952
2021-01-04,2512.15234375,3043.85009765625,3123.949951171875,3037.25,3112.0,1599835
2021-01-05,2531.423828125,3067.199951171875,3074.35009765625,3031.0,3052.0,1150326
2021-01-06,2544.91796875,3083.550048828125,3123.60009765625,3046.0,3081.300048828125,1370394
2021-01-07,2521.56103515625,3055.25,3114.75,3034.0,3094.0,880259
2021-01-08,2608.921875,3161.10009765625,3165.949951171875,3063.10009765625,3070.0,1576465
2021-01-11,2639.12841796875,3197.699951171875,3224.89990234375,3147.050048828125,3161.0,1596027
2021-01-12,2680.847900390625,3248.25,3295.0,3180.449951171875,3190.0,1586336
2021-01-13,2687.905029296875,3256.800048828125,3318.0,3216.699951171875,3260.0,1424073
2021-01-14,2695.99267578125,3266.60009765625,3295.0,3238.050048828125,3265.0,803208
2021-01-15,2643.502197265625,3203.0,3270.85009765625,3174.0,3250.0,1199320
2021-01-18,2610.61328125,3163.14990234375,3217.550048828125,3082.25,3200.0,1280163
2021-01-19,2668.179443359375,3232.89990234375,3240.75,3170.5,3170.5,770832
2021-01-20,2703.420654296875,3275.60009765625,3292.5,3230.300048828125,3239.0,841752
2021-01-21,2680.064453125,3247.300048828125,3346.0,3219.699951171875,3275.60009765625,1300181
2021-01-22,2785.375,3374.89990234375,3483.949951171875,3258.89990234375,3265.0,3813020
2021-01-25,2867.9482421875,3474.949951171875,3520.14990234375,3357.050048828125,3417.949951171875,2266967
2021-01-27,2771.881103515625,3358.550048828125,3484.0,3329.949951171875,3450.0,1333633
2021-01-28,2803.94482421875,3397.39990234375,3464.10009765625,3325.14990234375,3338.949951171875,1986409
2021-01-29,2687.285400390625,3256.050048828125,3485.0,3226.39990234375,3419.89990234375,1718833
2021-02-01,2757.108154296875,3340.64990234375,3360.800048828125,3217.25,3300.0,1285163
2021-02-02,2718.48291015625,3293.85009765625,3400.0,3261.0,3400.0,1751516
2021-02-03,2790.243896484375,3380.800048828125,3422.0,3268.0,3296.550048828125,1077971
2021-02-04,2839.680908203125,3440.699951171875,3515.0,3404.10009765625,3441.0,2425660
2021-02-05,2830.189697265625,3429.199951171875,3560.0,3366.0,3500.0,2719249
2021-02-08,2884.496337890625,3495.0,3506.89990234375,3415.39990234375,3478.0,1004959
2021-02-09,2888.16845703125,3499.449951171875,3538.0,3456.35009765625,3461.0,1543021
2021-02-10,2920.768798828125,3538.949951171875,3568.75,3485.25,3490.0,1477082
2021-02-11,2922.873779296875,3541.5,3554.0,3473.550048828125,3524.0,757116
2021-02-12,2901.62158203125,3515.75,3580.0,3502.89990234375,3535.949951171875,566161
2021-02-15,2918.168701171875,3465.39990234375,3506.14990234375,3452.0,3488.949951171875,809861
2021-02-16,2914.926513671875,3461.550048828125,3485.300048828125,3432.0,3470.0,759332
2021-02-17,3018.0400390625,3584.0,3595.0,3457.25,3463.449951171875,1946207
2021-02-18,2966.54638671875,3522.85009765625,3629.050048828125,3506.0,3579.64990234375,1701157
2021-02-19,2854.4228515625,3389.699951171875,3522.85009765625,3370.0,3522.85009765625,995322
2021-02-22,2875.011474609375,3414.14990234375,3432.949951171875,3350.14990234375,3400.0,921345
2021-02-23,2867.685546875,3405.449951171875,3479.550048828125,3377.050048828125,3414.14990234375,1069537
2021-02-24,2898.126953125,3441.60009765625,3500.0,3351.10009765625,3440.0,823330
2021-02-25,2892.063720703125,3434.39990234375,3460.0,3402.25,3450.0,897962
2021-02-26,2714.888916015625,3224.0,3423.64990234375,3199.800048828125,3405.0,1880371
2021-03-01,2821.16015625,3350.199951171875,3363.050048828125,3250.0,3255.0,1176879
2021-03-02,2927.431396484375,3476.39990234375,3490.0,3351.5,3352.0,1402320
2021-03-03,2883.6005859375,3424.35009765625,3510.89990234375,3394.0,3510.0,965062
2021-03-04,2879.811767578125,3419.85009765625,3460.0,3368.25,3398.0,934953
2021-03-05,2915.052490234375,3461.699951171875,3491.5,3394.0,3415.0,1017875
2021-03-08,2916.94775390625,3463.949951171875,3489.5,3422.699951171875,3461.64990234375,749107
2021-03-09,2904.232421875,3448.85009765625,3490.0,3416.5,3465.050048828125,564852
2021-03-10,2879.390625,3419.35009765625,3475.0,3407.85009765625,3449.0,787897
2021-03-12,2821.454833984375,3350.550048828125,3419.0,3310.0,3355.0,1098158
2021-03-15,2748.697998046875,3264.14990234375,3369.39990234375,3243.0,3360.0,781236
2021-03-16,2741.03515625,3255.050048828125,3300.0,3248.0,3298.949951171875,523881
2021-03-17,2686.720947265625,3190.550048828125,3278.89990234375,3175.0,3257.0,991815
2021-03-18,2616.53271484375,3107.199951171875,3217.699951171875,3072.300048828125,3217.699951171875,1472097
2021-03-19,2626.595947265625,3119.14990234375,3132.050048828125,3036.0,3085.0,1554560
2021-03-22,2606.975341796875,3095.85009765625,3143.949951171875,3081.14990234375,3131.60009765625,619756
2021-03-23,2583.060302734375,3067.449951171875,3132.0,3060.550048828125,3107.89990234375,944310
2021-03-24,2554.765869140625,3033.85009765625,3085.949951171875,3023.0,3068.0,975533
2021-03-25,2477.12548828125,2941.64990234375,3049.60009765625,2927.10009765625,3033.10009765625,1075251
2021-03-26,2473.883544921875,2937.800048828125,2982.800048828125,2931.0,2972.0,611318
2021-03-30,2495.820068359375,2963.85009765625,2976.35009765625,2916.60009765625,2934.949951171875,899455
2021-03-31,2453.505126953125,2913.60009765625,2962.0,2902.0,2955.60009765625,1212659
2021-04-01,2489.293701171875,2956.10009765625,3004.949951171875,2933.0,2949.0,1067722
2021-04-05,2431.02099609375,2886.89990234375,2972.949951171875,2866.60009765625,2961.0,1152927
2021-04-06,2431.90576171875,2887.949951171875,2928.0,2868.0,2900.0,788062
2021-04-07,2477.083251953125,2941.60009765625,2948.89990234375,2875.050048828125,2880.0,649751
2021-04-08,2465.631103515625,2928.0,2990.35009765625,2913.39990234375,2969.0,953450
2021-04-09,2452.91552734375,2912.89990234375,2948.0,2901.14990234375,2928.0,557093
2021-04-12,2346.138671875,2786.10009765625,2889.949951171875,2741.10009765625,2874.0,859305
2021-04-13,2412.87451171875,2865.35009765625,2879.0,2773.25,2799.0,714921
2021-04-15,2410.516845703125,2862.550048828125,2890.0,2820.0,2852.0,683426
2021-04-16,2437.716064453125,2894.85009765625,2924.949951171875,2838.25,2838.25,709663
2021-04-19,2345.67529296875,2785.550048828125,2822.550048828125,2743.10009765625,2761.35009765625,740714
2021-04-20,2377.80126953125,2823.699951171875,2848.85009765625,2800.85009765625,2841.25,740095
2021-04-22,2400.916259765625,2851.14990234375,2882.550048828125,2750.0,2753.300048828125,1436707
2021-04-23,2411.77978515625,2864.050048828125,2873.800048828125,2812.050048828125,2818.0,682515
2021-04-26,2412.200439453125,2864.550048828125,2878.39990234375,2830.0,2860.050048828125,831133
2021-04-27,2446.683837890625,2905.5,2939.0,2870.25,2875.0,811184
2021-04-28,2464.1572265625,2926.25,3009.0,2915.050048828125,2928.0,1389833
2021-04-29,2408.453125,2860.10009765625,2963.800048828125,2850.050048828125,2963.800048828125,1009327
2021-04-30,2373.9697265625,2819.14990234375,2860.0,2805.0,2834.800048828125,670258
2021-05-03,2352.15966796875,2793.25,2848.0,2766.64990234375,2779.949951171875,668727
2021-05-04,2338.26513671875,2776.75,2819.75,2766.75,2794.0,642256
2021-05-05,2347.906982421875,2788.199951171875,2800.0,2768.0,2786.89990234375,365152
2021-05-06,2453.25244140625,2913.300048828125,2922.0,2802.14990234375,2818.0,2249529
2021-05-07,2409.04296875,2860.800048828125,2995.0,2820.0,2948.949951171875,2287493
2021-05-10,2388.411376953125,2836.300048828125,2879.0,2830.0,2860.800048828125,781259
2021-05-11,2390.1376953125,2838.35009765625,2843.64990234375,2801.10009765625,2830.5,684120
2021-05-12,2391.6533203125,2840.14990234375,2858.0,2815.0,2839.800048828125,486996
2021-05-14,2368.24365234375,2812.35009765625,2851.89990234375,2802.75,2840.14990234375,518143
2021-05-17,2403.94775390625,2854.75,2884.39990234375,2813.0,2835.0,926624
2021-05-18,2447.9052734375,2906.949951171875,2919.699951171875,2856.550048828125,2876.199951171875,1288013
2021-05-19,2454.683837890625,2915.0,2943.949951171875,2894.0,2915.0,717841
2021-05-20,2412.663818359375,2865.10009765625,2916.800048828125,2861.75,2911.35009765625,637388
2021-05-21,2428.916015625,2884.39990234375,2890.10009765625,2835.0,2874.0,1658538
2021-05-24,2442.431640625,2900.449951171875,2963.699951171875,2892.0,2920.0,1587246
2021-05-25,2467.0625,2929.699951171875,2944.85009765625,2907.39990234375,2924.89990234375,501532
2021-05-26,2496.535400390625,2964.699951171875,2986.75,2920.5,2942.0,817054
2021-05-27,2518.93505859375,2991.300048828125,3028.449951171875,2935.14990234375,2970.0,2097924
2021-05-28,2519.145263671875,2991.550048828125,3033.39990234375,2956.550048828125,3025.0,1077246
2021-05-31,2532.576904296875,3007.5,3015.0,2960.0,2989.0,662303
2021-06-01,2506.6826171875,2976.75,3055.0,2966.0,3016.5,971553
2021-06-02,2503.188232421875,2972.60009765625,2993.0,2942.10009765625,2972.0,793261
2021-06-03,2533.29248046875,3008.35009765625,3014.0,2962.0,2984.0,851280
2021-06-04,2567.017822265625,3048.39990234375,3055.0,3004.85009765625,3005.0,1023321
2021-06-07,2570.26025390625,3052.25,3076.60009765625,3040.75,3065.25,612460
2021-06-08,2573.3759765625,3055.949951171875,3078.0,3040.35009765625,3058.0,555729
2021-06-09,2546.050537109375,3023.5,3090.0,3010.60009765625,3055.949951171875,845692
2021-06-10,2533.839599609375,3009.0,3043.89990234375,2999.0,3038.949951171875,567660
2021-06-11,2529.924560546875,3004.35009765625,3038.0,2995.0,3019.0,467264
2021-06-14,2514.177490234375,2985.64990234375,3016.949951171875,2943.0,3010.0,489598
2021-06-15,2532.197509765625,3007.050048828125,3025.0,2972.300048828125,2985.0,454939
2021-06-16,2505.5458984375,2975.39990234375,3014.85009765625,2970.0,3008.0,444814
2021-06-17,2453.92578125,2914.10009765625,2958.949951171875,2902.0,2947.0,782315
2021-06-18,2434.7685546875,2891.35009765625,2945.0,2852.0,2914.10009765625,904203
2021-06-21,2437.716064453125,2894.85009765625,2913.0,2865.0,2870.0,577938
2021-06-22,2447.989013671875,2907.050048828125,2942.050048828125,2896.550048828125,2901.0,522538
2021-06-23,2465.925537109375,2928.35009765625,2995.0,2921.0,2958.949951171875,1911546
2021-06-24,2447.9052734375,2906.949951171875,2940.0,2893.5,2940.0,844653
2021-06-25,2475.062255859375,2939.199951171875,2949.300048828125,2901.949951171875,2908.0,631005
2021-06-28,2478.8095703125,2943.64990234375,2958.39990234375,2929.39990234375,2957.0,407079
2021-06-29,2465.2099609375,2927.5,2957.550048828125,2915.0,2943.64990234375,470337
2021-06-30,2444.241943359375,2902.60009765625,2930.0,2897.39990234375,2925.0,758083
2021-07-01,2460.99951171875,2922.5,2947.0,2905.0,2905.0,634751
2021-07-02,2458.76806640625,2919.85009765625,2968.949951171875,2907.14990234375,2960.0,928741
2021-07-05,2474.093994140625,2938.050048828125,2951.89990234375,2925.10009765625,2936.89990234375,480881
2021-07-06,2458.2626953125,2919.25,2954.0,2912.39990234375,2937.0,452807
2021-07-07,2453.29443359375,2913.35009765625,2922.0,2891.199951171875,2919.0,668763
2021-07-08,2442.38916015625,2900.39990234375,2934.85009765625,2890.14990234375,2911.0,524837
2021-07-09,2439.35791015625,2896.800048828125,2919.64990234375,2876.050048828125,2900.39990234375,328728
2021-07-12,2440.537109375,2898.199951171875,2926.0,2895.10009765625,2914.0,392467
2021-07-13,2445.505126953125,2904.10009765625,2919.0,2896.300048828125,2919.0,317264
2021-07-14,2442.641845703125,2900.699951171875,2920.0,2896.0,2920.0,429264
2021-07-15,2429.126220703125,2884.64990234375,2913.39990234375,2882.050048828125,2910.0,349469
2021-07-16,2446.01025390625,2904.699951171875,2908.64990234375,2880.0,2887.0,459445
2021-07-19,2431.189453125,2887.10009765625,2894.39990234375,2870.10009765625,2886.0,338468
2021-07-20,2390.68505859375,2839.0,2899.0,2828.0,2888.0,481836
2021-07-22,2419.886474609375,2838.25,2847.0,2806.199951171875,2835.050048828125,613062
2021-07-23,2417.115966796875,2835.0,2864.0,2821.0,2850.050048828125,430659
2021-07-26,2396.01416015625,2810.25,2833.85009765625,2808.0,2830.0,313614
2021-07-27,2382.03125,2793.85009765625,2826.25,2790.5,2821.800048828125,427442
2021-07-28,2368.261962890625,2777.699951171875,2805.949951171875,2761.0,2796.300048828125,415048
2021-07-29,2340.978515625,2745.699951171875,2784.800048828125,2740.0,2784.800048828125,611448
2021-07-30,2355.984375,2763.300048828125,2802.0,2745.699951171875,2764.0,745920
2021-08-02,2372.098876953125,2782.199951171875,2796.800048828125,2765.25,2770.10009765625,464874
2021-08-03,2403.55908203125,2819.10009765625,2822.0,2784.300048828125,2784.300048828125,530085
2021-08-04,2391.964111328125,2805.5,2834.300048828125,2801.0,2831.800048828125,308031
2021-08-05,2403.3037109375,2818.800048828125,2831.699951171875,2785.0,2806.0,316844
2021-08-06,2416.0927734375,2833.800048828125,2851.050048828125,2811.699951171875,2830.0,445529
2021-08-09,2418.2236328125,2836.300048828125,2865.89990234375,2825.0,2850.0,422204
2021-08-10,2384.759521484375,2797.050048828125,2843.85009765625,2790.0,2843.85009765625,574570
2021-08-11,2371.587158203125,2781.60009765625,2814.85009765625,2751.25,2810.0,551805
2021-08-12,2372.73779296875,2782.949951171875,2801.25,2775.0,2800.0,410605
2021-08-13,2363.57275390625,2772.199951171875,2814.39990234375,2752.0,2796.85009765625,1083905
2021-08-16,2342.385498046875,2747.35009765625,2777.89990234375,2741.800048828125,2775.0,396756
2021-08-17,2372.43994140625,2782.60009765625,2790.0,2713.0,2754.0,877329
2021-08-18,2356.240478515625,2763.60009765625,2795.0,2752.5,2790.5,613650
2021-08-20,2299.883544921875,2697.5,2741.0,2681.199951171875,2681.199951171875,809463
2021-08-23,2285.474853515625,2680.60009765625,2710.89990234375,2656.5,2701.0,758426
2021-08-24,2281.424560546875,2675.85009765625,2695.0,2652.0,2681.0,567946
2021-08-25,2279.804443359375,2673.949951171875,2708.0,2670.0,2683.0,407780
2021-08-26,2257.29638671875,2647.550048828125,2680.0,2642.5,2675.0,445529
2021-08-27,2279.889892578125,2674.050048828125,2679.89990234375,2636.0,2648.0,517155
2021-08-30,2324.3955078125,2726.25,2729.0,2680.0,2680.0,518747
2021-08-31,2337.696044921875,2741.85009765625,2746.0,2701.10009765625,2727.0,708031
2021-09-01,2336.84375,2740.85009765625,2764.0,2730.60009765625,2759.0,442282
2021-09-02,2327.8916015625,2730.35009765625,2738.85009765625,2702.60009765625,2725.0,422436
2021-09-03,2386.805908203125,2799.449951171875,2813.949951171875,2732.0,2732.0,981491
2021-09-06,2401.939697265625,2817.199951171875,2830.0,2801.0,2824.800048828125,580935
2021-09-07,2385.3564453125,2797.75,2825.0,2791.0,2818.25,311022
2021-09-08,2385.8681640625,2798.35009765625,2809.800048828125,2780.0,2799.0,341207
2021-09-09,2384.46142578125,2796.699951171875,2806.300048828125,2763.0,2783.0,403669
2021-09-13,2378.57861328125,2789.800048828125,2812.89990234375,2770.0,2770.0,279930
2021-09-14,2431.35400390625,2851.699951171875,2861.0,2800.0,2800.0,880592
2021-09-15,2451.1767578125,2874.949951171875,2885.0,2860.0,2860.0,681873
2021-09-16,2489.927734375,2920.39990234375,2926.0,2881.89990234375,2889.0,1118060
2021-09-17,2499.90283203125,2932.10009765625,2954.449951171875,2896.64990234375,2941.0,1024040
2021-09-20,2463.58203125,2889.5,2920.0,2873.550048828125,2920.0,442234
2021-09-21,2430.288330078125,2850.449951171875,2895.0,2814.39990234375,2890.0,580932
2021-09-22,2427.516845703125,2847.199951171875,2860.0,2825.10009765625,2850.0,561230
2021-09-23,2432.5048828125,2853.050048828125,2882.0,2847.25,2850.0,448036
2021-09-24,2415.7939453125,2833.449951171875,2862.300048828125,2817.35009765625,2850.0,603710
2021-09-27,2483.575927734375,2912.949951171875,2928.0,2841.0,2841.0,1187306
2021-09-28,2490.055419921875,2920.550048828125,2939.0,2891.0,2927.949951171875,788979
2021-09-29,2460.72607421875,2886.14990234375,2920.550048828125,2865.5,2915.0,613787
2021-09-30,2414.984375,2832.5,2878.85009765625,2827.199951171875,2857.300048828125,920513
2021-10-01,2428.156494140625,2847.949951171875,2851.0,2802.25,2827.199951171875,329726
2021-10-04,2434.636474609375,2855.550048828125,2870.0,2850.0,2861.550048828125,386779
2021-10-05,2425.25830078125,2844.550048828125,2859.64990234375,2840.0,2853.0,316991
2021-10-06,2385.697265625,2798.14990234375,2850.0,2781.0,2840.0,468624
2021-10-07,2422.78515625,2841.64990234375,2859.35009765625,2810.0,2820.0,552458
2021-10-08,2423.169189453125,2842.10009765625,2872.0,2840.0,2867.75,300133
2021-10-11,2436.55517578125,2857.800048828125,2878.550048828125,2843.199951171875,2845.0,658779
2021-10-12,2486.730224609375,2916.64990234375,2927.5,2855.25,2873.89990234375,956819
2021-10-13,2494.01953125,2925.199951171875,2946.85009765625,2907.050048828125,2926.0,754779
2021-10-14,2496.236572265625,2927.800048828125,2944.14990234375,2900.0,2934.0,572466
2021-10-18,2476.030029296875,2904.10009765625,2950.0,2896.199951171875,2939.0,440831
2021-10-19,2452.11474609375,2876.050048828125,2930.0,2865.5,2904.10009765625,447221
2021-10-20,2400.916015625,2816.0,2876.0,2802.0,2863.0,424722
2021-10-21,2350.528076171875,2756.89990234375,2835.0,2725.0,2835.0,737326
2021-10-22,2339.6572265625,2744.14990234375,2800.0,2727.449951171875,2774.0,387942
2021-10-25,2290.760498046875,2686.800048828125,2754.85009765625,2679.050048828125,2743.949951171875,326076
2021-10-26,2302.441162109375,2700.5,2708.0,2685.0,2696.89990234375,282346
2021-10-27,2293.61669921875,2690.14990234375,2729.35009765625,2682.0,2713.949951171875,444512
2021-10-28,2274.51806640625,2667.75,2713.800048828125,2660.0,2713.800048828125,366561
2021-10-29,2265.438720703125,2657.10009765625,2702.85009765625,2639.0,2681.0,614962
2021-11-01,2285.56005859375,2680.699951171875,2692.800048828125,2642.0,2675.0,502481
2021-11-02,2288.62939453125,2684.300048828125,2701.550048828125,2676.550048828125,2695.0,813089
2021-11-03,2252.09521484375,2641.449951171875,2697.0,2640.0,2697.0,504184
2021-11-04,2282.83154296875,2677.5,2685.0,2650.0,2650.0,93301
2021-11-08,2287.435302734375,2682.89990234375,2709.699951171875,2670.5,2707.699951171875,644351
2021-11-09,2314.249755859375,2714.35009765625,2750.0,2683.60009765625,2694.949951171875,723569
2021-11-10,2318.043701171875,2718.800048828125,2731.949951171875,2701.85009765625,2714.0,390217
2021-11-11,2302.7822265625,2700.89990234375,2725.0,2685.60009765625,2725.0,264937
2021-11-12,2287.563232421875,2683.050048828125,2720.0,2680.0,2720.0,352693
2021-11-15,2296.26025390625,2693.25,2784.800048828125,2686.0,2735.0,2023708
2021-11-16,2345.412109375,2750.89990234375,2769.0,2701.0,2712.199951171875,1246961
2021-11-17,2344.0908203125,2749.35009765625,2773.64990234375,2731.85009765625,2750.89990234375,570038
2021-11-18,2289.097900390625,2684.85009765625,2763.0,2667.14990234375,2760.0,559569
2021-11-22,2246.255126953125,2634.60009765625,2698.199951171875,2618.699951171875,2685.0,636253
2021-11-23,2244.208251953125,2632.199951171875,2646.89990234375,2600.0,2624.949951171875,626376
2021-11-24,2234.702392578125,2621.050048828125,2657.89990234375,2613.0,2646.5,564230
2021-11-25,2212.236572265625,2594.699951171875,2640.0,2581.10009765625,2640.0,625134
2021-11-26,2156.5615234375,2529.39990234375,2589.699951171875,2505.14990234375,2580.0,685448
2021-11-29,2123.651611328125,2490.800048828125,2528.949951171875,2446.14990234375,2525.0,594113
2021-11-30,2088.268310546875,2449.300048828125,2512.64990234375,2424.050048828125,2476.0,1527406
2021-12-01,2087.33056640625,2448.199951171875,2480.0,2437.050048828125,2480.0,769987
2021-12-02,2108.21923828125,2472.699951171875,2483.199951171875,2408.89990234375,2428.0,921229
2021-12-03,2099.47998046875,2462.449951171875,2497.449951171875,2451.050048828125,2485.0,499760
2021-12-06,2063.287109375,2420.0,2475.39990234375,2411.64990234375,2474.75,347297
2021-12-07,2098.92578125,2461.800048828125,2475.0,2430.10009765625,2435.0,347226
2021-12-08,2123.523193359375,2490.64990234375,2500.0,2460.14990234375,2460.14990234375,308181
2021-12-09,2149.357177734375,2520.949951171875,2528.89990234375,2481.39990234375,2510.0,402958
2021-12-10,2154.3876953125,2526.85009765625,2544.800048828125,2512.89990234375,2520.699951171875,327197
2021-12-13,2127.232177734375,2495.0,2552.0,2490.0,2550.0,332491
2021-12-14,2117.68359375,2483.800048828125,2488.0,2460.0,2480.0,365318
2021-12-15,2137.591064453125,2507.14990234375,2524.0,2476.14990234375,2484.10009765625,470021
2021-12-16,2106.855224609375,2471.10009765625,2525.0,2459.300048828125,2513.0,496003
2021-12-17,2084.3037109375,2444.64990234375,2469.0,2421.0,2469.0,492339
2021-12-20,2009.2752685546875,2356.64990234375,2435.0,2310.0,2435.0,687713
2021-12-21,2001.3885498046875,2347.39990234375,2390.0,2333.050048828125,2390.0,401977
2021-12-22,2002.582763671875,2348.800048828125,2366.0,2337.300048828125,2355.0,367785
2021-12-23,2040.0115966796875,2392.699951171875,2403.0,2352.5,2365.0,472868
2021-12-24,2039.79833984375,2392.449951171875,2413.0,2376.60009765625,2413.0,343453
2021-12-27,2047.9405517578125,2402.0,2410.199951171875,2371.0,2390.0,223494
2021-12-28,2061.41162109375,2417.800048828125,2425.0,2395.89990234375,2404.0,265463
2021-12-29,2074.58447265625,2433.25,2442.800048828125,2410.0,2421.0,270407
2021-12-30,2073.433349609375,2431.89990234375,2437.85009765625,2412.35009765625,2425.0,366389
2021-12-31,2099.181884765625,2462.10009765625,2483.60009765625,2432.0,2432.0,253608
2022-01-03,2111.544677734375,2476.60009765625,2496.5,2463.0,2463.0,234912
2022-01-04,2118.620849609375,2484.89990234375,2496.60009765625,2468.39990234375,2492.0,181575
2022-01-05,2136.611083984375,2506.0,2512.949951171875,2477.949951171875,2484.949951171875,294097
2022-01-06,2128.084716796875,2496.0,2509.0,2464.0,2490.0,406402
2022-01-07,2130.727783203125,2499.10009765625,2515.5,2482.0,2509.0,308537
2022-01-10,2198.08349609375,2578.10009765625,2584.0,2489.300048828125,2489.300048828125,783876
2022-01-11,2189.68505859375,2568.25,2592.14990234375,2560.800048828125,2584.64990234375,372092
2022-01-12,2208.6552734375,2590.5,2595.0,2562.0,2575.0,410716
2022-01-13,2211.29833984375,2593.60009765625,2600.0,2570.0,2599.0,243121
2022-01-14,2190.921630859375,2569.699951171875,2594.800048828125,2555.0,2590.0,267065
2022-01-17,2303.2939453125,2701.5,2724.449951171875,2591.449951171875,2599.0,2357848
2022-01-18,2295.9189453125,2692.85009765625,2727.0,2655.199951171875,2703.0,1082632
2022-01-19,2301.84423828125,2699.800048828125,2740.0,2675.050048828125,2695.0,763040
2022-01-20,2310.07177734375,2709.449951171875,2759.25,2696.050048828125,2700.0,1022978
2022-01-21,2344.73046875,2750.10009765625,2777.0,2657.25,2703.699951171875,1170753
2022-01-24,2307.301025390625,2706.199951171875,2769.39990234375,2667.550048828125,2740.0,593277
2022-01-25,2371.970458984375,2782.050048828125,2789.0,2652.85009765625,2704.10009765625,971148
2022-01-27,2314.80419921875,2715.0,2770.0,2689.0,2733.0,559824
2022-01-28,2278.27001953125,2672.14990234375,2755.0,2663.050048828125,2720.199951171875,466238
2022-01-31,2322.733154296875,2724.300048828125,2734.050048828125,2680.14990234375,2680.14990234375,442531
2022-02-01,2324.82177734375,2726.75,2769.800048828125,2678.0,2748.0,414159
2022-02-02,2304.06103515625,2702.39990234375,2743.39990234375,2698.0,2703.0,283071
2022-02-03,2371.50146484375,2781.5,2817.949951171875,2684.0,2704.300048828125,1436881
2022-02-04,2320.55908203125,2721.75,2780.0,2712.75,2765.0,585251
2022-02-07,2257.72265625,2648.050048828125,2734.0,2625.0,2721.75,688838
2022-02-08,2278.099853515625,2671.949951171875,2691.64990234375,2650.0,2660.550048828125,625615
2022-02-09,2326.612548828125,2728.85009765625,2736.60009765625,2673.050048828125,2680.39990234375,359950
2022-02-10,2331.088623046875,2734.10009765625,2751.0,2701.050048828125,2745.39990234375,448648
2022-02-11,2317.873291015625,2718.60009765625,2747.0,2655.0,2670.0,1235994
2022-02-14,2258.10595703125,2648.5,2703.14990234375,2630.75,2681.0,576694
2022-02-15,2369.07177734375,2778.64990234375,2787.85009765625,2630.0,2650.0,1131545
2022-02-16,2376.0205078125,2786.800048828125,2844.60009765625,2766.199951171875,2766.199951171875,1127829
2022-02-17,2381.690185546875,2793.449951171875,2872.300048828125,2780.550048828125,2800.0,1166885
2022-02-18,2365.150146484375,2774.050048828125,2818.0,2748.949951171875,2780.0,662754
2022-02-21,2364.539794921875,2713.35009765625,2748.0,2685.0,2719.949951171875,522214
2022-02-22,2379.920654296875,2731.0,2752.0,2646.050048828125,2674.949951171875,644900
2022-02-23,2327.328857421875,2670.64990234375,2762.449951171875,2665.0,2745.0,631227
2022-02-24,2170.250732421875,2490.39990234375,2624.60009765625,2440.0,2618.60009765625,1934361
2022-02-25,2229.509033203125,2558.39990234375,2592.0,2504.699951171875,2584.699951171875,715496
2022-02-28,2209.509521484375,2535.449951171875,2546.949951171875,2489.050048828125,2527.0,1008620
2022-03-02,2114.39111328125,2426.300048828125,2498.5,2421.0,2498.0,855090
2022-03-03,2106.63525390625,2417.39990234375,2468.0,2405.0,2441.0,831912
2022-03-04,2014.1746826171875,2311.300048828125,2403.60009765625,2301.10009765625,2400.0,1266961
2022-03-07,1916.0499267578125,2198.699951171875,2289.800048828125,2170.10009765625,2289.800048828125,1284637
2022-03-08,1962.192626953125,2251.64990234375,2259.25,2146.85009765625,2181.0,1081826
2022-03-09,1996.0484619140625,2290.5,2310.60009765625,2235.14990234375,2266.0,670764
2022-03-10,2022.409912109375,2320.75,2410.449951171875,2312.050048828125,2350.0,716132
2022-03-11,2031.5166015625,2331.199951171875,2345.0,2287.10009765625,2318.0,467988
2022-03-14,2040.8411865234375,2341.89990234375,2351.0,2282.300048828125,2330.0,382149
2022-03-15,2020.3621826171875,2318.39990234375,2380.0,2300.0,2345.0,612285
2022-03-16,2064.892578125,2369.5,2376.5,2335.0,2350.199951171875,493507
2022-03-17,2108.81396484375,2419.89990234375,2429.25,2375.0,2383.0,781757
2022-03-21,2084.1083984375,2391.550048828125,2447.949951171875,2380.0,2434.75,516893
2022-03-22,2112.08154296875,2423.64990234375,2435.0,2345.050048828125,2405.0,470208
2022-03-23,2086.809814453125,2394.64990234375,2439.800048828125,2327.199951171875,2423.0,1137046
2022-03-24,2102.06005859375,2412.14990234375,2427.25,2333.0,2361.0,692836
2022-03-25,2072.64892578125,2378.39990234375,2438.0,2366.75,2420.0,467568
2022-03-28,2072.25634765625,2377.949951171875,2397.85009765625,2349.0,2370.0,493636
2022-03-29,1926.463623046875,2210.64990234375,2401.0,2154.050048828125,2385.0,2475877
2022-03-30,1979.6219482421875,2271.64990234375,2281.0,2226.39990234375,2250.0,3115035
2022-03-31,1999.229248046875,2294.14990234375,2316.89990234375,2280.0,2280.0,1338490
2022-04-01,1952.1710205078125,2240.14990234375,2246.0,2150.0,2185.0,3541517
2022-04-04,2014.566650390625,2311.75,2319.0,2250.0,2250.0,1417392
2022-04-05,2032.431640625,2332.25,2352.64990234375,2315.0,2329.89990234375,715666
2022-04-06,2045.1981201171875,2346.89990234375,2349.14990234375,2306.550048828125,2328.0,812337
2022-04-07,2048.4228515625,2350.60009765625,2368.199951171875,2336.85009765625,2350.0,853476
2022-04-08,2058.7490234375,2362.449951171875,2380.0,2330.550048828125,2355.0,694946
2022-04-11,2035.1766357421875,2335.39990234375,2361.75,2331.14990234375,2357.949951171875,408871
2022-04-12,2002.4970703125,2297.89990234375,2325.949951171875,2285.5,2324.949951171875,502227
2022-04-13,1982.0181884765625,2274.39990234375,2311.14990234375,2268.89990234375,2291.550048828125,426929
2022-04-18,1991.6043701171875,2285.39990234375,2294.949951171875,2249.14990234375,2269.89990234375,422209
2022-04-19,1972.3018798828125,2263.25,2327.5,2242.39990234375,2308.0,484466
2022-04-20,1982.41064453125,2274.85009765625,2315.0,2261.64990234375,2270.0,424461
2022-04-21,2019.7081298828125,2317.64990234375,2321.75,2277.0,2282.0,341987
2022-04-22,1999.31689453125,2294.25,2305.0,2273.64990234375,2295.0,598737
2022-04-25,1994.39306640625,2288.60009765625,2332.949951171875,2266.0,2268.300048828125,596296
2022-04-26,2097.7900390625,2407.25,2413.0,2301.300048828125,2311.0,1311255
2022-04-27,2178.61669921875,2500.0,2528.60009765625,2370.0,2390.0,2082863
2022-04-28,2193.69287109375,2517.300048828125,2541.949951171875,2498.050048828125,2539.800048828125,1182758
2022-04-29,2184.41162109375,2506.64990234375,2552.0,2491.449951171875,2508.60009765625,839920
2022-05-02,2167.54931640625,2487.300048828125,2505.60009765625,2448.10009765625,2460.199951171875,667551
2022-05-04,2099.750732421875,2409.5,2520.0,2398.800048828125,2440.0,1263034
2022-05-05,2180.0546875,2501.64990234375,2538.14990234375,2430.10009765625,2430.10009765625,1675043
2022-05-06,2233.82275390625,2563.35009765625,2599.0,2407.25,2410.0,2491483
2022-05-09,2172.298583984375,2492.75,2560.0,2486.0,2555.0,996952
2022-05-10,2152.255615234375,2469.75,2519.35009765625,2458.60009765625,2485.0,644415
2022-05-11,2152.734619140625,2470.300048828125,2519.39990234375,2407.89990234375,2465.5,575504
2022-05-12,2092.51806640625,2401.199951171875,2459.0,2371.0,2459.0,966472
2022-05-13,2134.3037109375,2449.14990234375,2500.0,2414.949951171875,2414.949951171875,691344
2022-05-16,2175.043701171875,2495.89990234375,2511.949951171875,2440.0,2450.050048828125,473407
2022-05-17,2199.095458984375,2523.5,2538.85009765625,2502.050048828125,2515.0,517525
2022-05-18,2212.60302734375,2539.0,2554.199951171875,2511.800048828125,2525.35009765625,332168
2022-05-19,2192.124267578125,2515.5,2549.0,2500.550048828125,2510.10009765625,556405
2022-05-20,2257.177490234375,2590.14990234375,2613.39990234375,2545.0,2545.0,751633
2022-05-23,2287.28564453125,2624.699951171875,2699.949951171875,2610.550048828125,2615.050048828125,744827
2022-05-24,2298.0048828125,2637.0,2654.0,2613.39990234375,2629.949951171875,616849
2022-05-25,2261.142333984375,2594.699951171875,2669.25,2583.64990234375,2640.199951171875,525893
2022-05-26,2297.525390625,2636.449951171875,2647.35009765625,2575.0,2608.0,362813
2022-05-27,2370.160888671875,2719.800048828125,2726.89990234375,2638.0,2645.14990234375,654718
2022-05-30,2414.38671875,2770.550048828125,2787.449951171875,2724.0,2724.0,924244
2022-05-31,2417.305908203125,2773.89990234375,2809.949951171875,2752.14990234375,2774.89990234375,1859231
2022-06-01,2403.101806640625,2757.60009765625,2799.89990234375,2731.5,2799.89990234375,430807
2022-06-02,2320.74951171875,2663.10009765625,2733.0,2640.39990234375,2730.60009765625,1093645
2022-06-03,2251.60009765625,2583.75,2688.699951171875,2575.14990234375,2675.0,753558
2022-06-06,2214.128173828125,2540.75,2594.449951171875,2525.10009765625,2565.0,965347
2022-06-07,2240.35888671875,2570.85009765625,2578.050048828125,2500.0,2525.0,550257
2022-06-08,2253.517578125,2585.949951171875,2617.050048828125,2553.35009765625,2584.0,539786
2022-06-09,2264.105712890625,2598.10009765625,2603.550048828125,2560.0,2579.949951171875,327503
2022-06-10,2267.460693359375,2601.949951171875,2614.39990234375,2575.449951171875,2580.0,324452
2022-06-13,2264.715576171875,2598.800048828125,2612.300048828125,2536.550048828125,2560.0,625967
2022-06-14,2228.811767578125,2557.60009765625,2614.89990234375,2530.0,2595.949951171875,509259
2022-06-15,2270.379638671875,2605.300048828125,2628.0,2557.60009765625,2567.0,673444
2022-06-16,2195.2177734375,2519.050048828125,2624.25,2511.050048828125,2620.5,493824
2022-06-17,2150.20751953125,2467.39990234375,2518.0,2455.64990234375,2518.0,725864
2022-06-20,2137.266357421875,2452.550048828125,2501.449951171875,2433.89990234375,2455.10009765625,377385
2022-06-21,2177.91943359375,2499.199951171875,2524.85009765625,2465.0,2465.0,381831
2022-06-22,2199.923583984375,2524.449951171875,2553.5,2480.0,2495.0,873408
2022-06-23,2330.33544921875,2674.10009765625,2686.64990234375,2572.550048828125,2572.550048828125,1846048
2022-06-24,2405.149169921875,2759.949951171875,2767.699951171875,2690.199951171875,2715.0,1354569
2022-06-27,2401.271484375,2755.5,2809.0,2730.60009765625,2787.550048828125,1005184
2022-06-28,2411.031494140625,2766.699951171875,2792.699951171875,2730.0,2748.0,714029
2022-06-29,2398.56982421875,2752.39990234375,2784.75,2730.0,2740.050048828125,653929
2022-06-30,2370.07373046875,2719.699951171875,2773.0,2714.0,2745.0,643735
2022-07-01,2408.50439453125,2763.800048828125,2770.0,2683.35009765625,2715.0,393346
2022-07-04,2405.584716796875,2760.449951171875,2799.0,2738.89990234375,2750.0,499627
2022-07-05,2385.367431640625,2737.25,2770.85009765625,2730.0,2763.300048828125,401190
2022-07-06,2467.7626953125,2831.800048828125,2842.0,2734.10009765625,2737.5,739745
2022-07-07,2474.42919921875,2839.449951171875,2868.75,2825.14990234375,2857.0,382303
2022-07-08,2483.012939453125,2849.300048828125,2879.949951171875,2819.050048828125,2848.39990234375,532145
2022-07-11,2499.396484375,2868.10009765625,2875.39990234375,2808.050048828125,2815.0,428940
2022-07-12,2505.844970703125,2875.5,2884.550048828125,2834.0,2854.5,422887
2022-07-13,2477.827880859375,2843.35009765625,2891.800048828125,2835.0,2885.0,539917
2022-07-14,2433.7763671875,2792.800048828125,2866.0,2772.050048828125,2838.0,620757
2022-07-15,2440.09423828125,2800.050048828125,2816.449951171875,2782.75,2799.949951171875,816619
2022-07-18,2455.693115234375,2817.949951171875,2835.85009765625,2805.25,2829.949951171875,369313
2022-07-19,2441.09619140625,2801.199951171875,2846.85009765625,2783.449951171875,2815.0,661056
2022-07-20,2463.36181640625,2826.75,2838.75,2810.0,2820.0,201509
2022-07-21,2481.705810546875,2847.800048828125,2854.0,2815.050048828125,2820.0,314132
2022-07-22,2502.4462890625,2871.60009765625,2883.39990234375,2840.300048828125,2851.050048828125,576270
2022-07-25,2473.90673828125,2838.85009765625,2875.800048828125,2831.449951171875,2875.0,421977
2022-07-26,2440.704345703125,2800.75,2847.699951171875,2785.64990234375,2840.0,347002
2022-07-27,2455.52978515625,2782.550048828125,2787.949951171875,2730.35009765625,2765.0,498259
2022-07-28,2453.89697265625,2780.699951171875,2812.0,2754.39990234375,2798.0,294368
2022-07-29,2486.857666015625,2818.050048828125,2846.800048828125,2789.60009765625,2800.0,400652
2022-08-01,2506.93359375,2840.800048828125,2908.0,2820.0,2834.949951171875,961562
2022-08-02,2445.734619140625,2771.449951171875,2828.949951171875,2742.050048828125,2826.10009765625,1137765
2022-08-03,2472.60546875,2801.89990234375,2807.800048828125,2749.39990234375,2786.0,600314
2022-08-04,2477.106201171875,2807.0,2827.949951171875,2779.14990234375,2819.89990234375,396416
2022-08-05,2445.072509765625,2770.699951171875,2809.89990234375,2761.0,2808.0,512072
2022-08-08,2416.259765625,2738.050048828125,2793.300048828125,2730.0,2770.0,675310
2022-08-10,2449.26416015625,2775.449951171875,2785.0,2732.89990234375,2785.0,895054
2022-08-11,2457.956787109375,2785.300048828125,2818.0,2767.39990234375,2790.35009765625,422152
2022-08-12,2437.306640625,2761.89990234375,2795.0,2751.85009765625,2789.949951171875,435760
2022-08-16,2485.930908203125,2817.0,2845.64990234375,2781.5,2805.0,1213957
2022-08-17,2571.0458984375,2913.449951171875,2929.0,2808.050048828125,2815.0,2510869
2022-08-18,2566.41259765625,2908.199951171875,2938.60009765625,2903.14990234375,2927.949951171875,805655
2022-08-19,2505.036865234375,2838.64990234375,2936.89990234375,2832.85009765625,2912.0,510610
2022-08-22,2453.764892578125,2780.550048828125,2835.64990234375,2765.550048828125,2835.0,570304
2022-08-23,2473.92919921875,2803.39990234375,2810.0,2756.14990234375,2775.0,396875
2022-08-24,2476.532958984375,2806.35009765625,2824.0,2780.0,2781.35009765625,324008
2022-08-25,2470.75244140625,2799.800048828125,2821.050048828125,2791.89990234375,2808.10009765625,363945
2022-08-26,2494.535400390625,2826.75,2840.89990234375,2817.050048828125,2835.0,475372
2022-08-29,2494.800048828125,2827.050048828125,2831.949951171875,2761.10009765625,2788.89990234375,339203
2022-08-30,2504.1982421875,2837.699951171875,2864.0,2831.550048828125,2842.0,918526
2022-09-01,2538.57080078125,2876.64990234375,2882.199951171875,2792.89990234375,2820.0,838699
2022-09-02,2493.123291015625,2825.14990234375,2889.0,2820.10009765625,2888.300048828125,776170
2022-09-05,2508.037109375,2842.050048828125,2848.0,2808.050048828125,2828.0,930716
2022-09-06,2529.65771484375,2866.550048828125,2869.75,2827.800048828125,2842.050048828125,481401
2022-09-07,2519.244384765625,2854.75,2875.0,2831.0,2840.0,551689
2022-09-08,2521.494873046875,2857.300048828125,2873.5,2846.0,2869.050048828125,519141
2022-09-09,2504.860107421875,2838.449951171875,2878.25,2832.699951171875,2871.60009765625,522672
2022-09-12,2522.024169921875,2857.89990234375,2869.89990234375,2841.35009765625,2847.0,313906
2022-09-13,2532.702392578125,2870.0,2903.0,2832.0,2836.0,766550
2022-09-14,2516.37646484375,2851.5,2869.699951171875,2830.0,2830.0,519643
2022-09-15,2462.368896484375,2790.300048828125,2855.0,2766.550048828125,2855.0,1010823
2022-09-16,2369.620849609375,2685.199951171875,2804.300048828125,2670.0,2804.300048828125,1906557
2022-09-19,2386.564208984375,2704.39990234375,2724.949951171875,2664.85009765625,2698.64990234375,534862
2022-09-20,2445.82275390625,2771.550048828125,2823.25,2714.64990234375,2717.949951171875,1009201
2022-09-21,2450.323486328125,2776.64990234375,2807.949951171875,2767.60009765625,2785.0,447919
2022-09-22,2450.587890625,2776.949951171875,2799.35009765625,2733.0,2776.64990234375,328914
2022-09-23,2437.439208984375,2762.050048828125,2812.25,2742.39990234375,2790.89990234375,408930
2022-09-26,2401.5224609375,2721.35009765625,2754.85009765625,2670.199951171875,2740.0,610918
2022-09-27,2328.18896484375,2638.25,2735.0,2630.0,2735.0,740040
2022-09-28,2286.80078125,2591.35009765625,2625.0,2575.10009765625,2600.0,923391
2022-09-29,2238.22021484375,2536.300048828125,2604.35009765625,2525.0,2600.050048828125,1057406
2022-09-30,2249.604248046875,2549.199951171875,2592.14990234375,2510.0,2549.0,706844
2022-10-03,2228.73388671875,2525.550048828125,2573.949951171875,2520.449951171875,2538.5,658511
2022-10-04,2313.672119140625,2621.800048828125,2627.89990234375,2561.10009765625,2580.0,391128
2022-10-06,2335.115966796875,2646.10009765625,2663.64990234375,2630.25,2654.0,463669
2022-10-07,2316.451904296875,2624.949951171875,2734.89990234375,2609.89990234375,2684.89990234375,1065099
2022-10-10,2268.4013671875,2570.5,2599.800048828125,2531.39990234375,2599.800048828125,1076512
2022-10-11,2248.677490234375,2548.14990234375,2575.5,2533.800048828125,2575.0,407068
2022-10-12,2250.354736328125,2550.050048828125,2564.449951171875,2516.10009765625,2550.0,401910
2022-10-13,2247.177490234375,2546.449951171875,2574.300048828125,2532.0,2553.0,239037
2022-10-14,2237.8671875,2535.89990234375,2585.0,2529.050048828125,2575.5,250851
2022-10-17,2253.5751953125,2553.699951171875,2570.0,2521.550048828125,2524.0,257635
2022-10-18,2260.900146484375,2562.0,2596.75,2534.699951171875,2566.5,454003
2022-10-19,2242.54443359375,2541.199951171875,2574.0,2532.199951171875,2574.0,375698
2022-10-20,2264.032958984375,2565.550048828125,2570.0,2502.75,2536.449951171875,364460
2022-10-21,2267.827880859375,2569.85009765625,2577.0,2547.949951171875,2571.0,360297
2022-10-24,2278.46142578125,2581.89990234375,2590.0,2575.0,2586.0,35097
2022-10-25,2281.7265625,2585.60009765625,2602.0,2566.050048828125,2586.10009765625,410336
2022-10-27,2303.920654296875,2610.75,2620.0,2577.050048828125,2598.0,473043
2022-10-28,2338.425537109375,2649.85009765625,2674.35009765625,2619.0,2623.85009765625,717856
2022-10-31,2362.25244140625,2676.85009765625,2694.14990234375,2656.5,2668.0,511816
2022-11-01,2358.987060546875,2673.14990234375,2690.85009765625,2639.300048828125,2690.25,368266
2022-11-02,2333.218505859375,2643.949951171875,2657.199951171875,2630.35009765625,2649.949951171875,565598
2022-11-03,2335.3369140625,2646.35009765625,2668.39990234375,2628.0,2639.0,311401
2022-11-04,2284.638427734375,2588.89990234375,2637.199951171875,2573.449951171875,2621.0,855256
2022-11-07,2313.01025390625,2621.050048828125,2625.0,2590.0,2599.0,314060
2022-11-09,2339.88134765625,2651.5,2656.550048828125,2622.050048828125,2630.0,459177
2022-11-10,2393.71240234375,2712.5,2722.0,2626.35009765625,2651.449951171875,706321
2022-11-11,2354.883544921875,2668.5,2731.949951171875,2660.050048828125,2726.10009765625,474615
2022-11-14,2372.444580078125,2688.39990234375,2708.0,2655.89990234375,2670.5,352558
2022-11-15,2409.817626953125,2730.75,2754.050048828125,2692.0,2694.5,1012827
2022-11-16,2417.495361328125,2739.449951171875,2755.0,2709.050048828125,2730.550048828125,647740
2022-11-17,2421.51025390625,2744.0,2765.10009765625,2727.199951171875,2741.0,517393
2022-11-18,2403.111083984375,2723.14990234375,2739.10009765625,2702.60009765625,2735.0,469583
2022-11-21,2362.78173828125,2677.449951171875,2722.5,2665.0,2715.0,467604
2022-11-22,2369.841552734375,2685.449951171875,2690.85009765625,2667.0,2669.800048828125,361527
2022-11-23,2346.3681640625,2658.85009765625,2697.5,2648.75,2691.0,264132
2022-11-24,2358.943115234375,2673.10009765625,2680.64990234375,2645.800048828125,2665.0,498023
2022-11-25,2389.873779296875,2708.14990234375,2716.75,2663.5,2673.0,423634
2022-11-28,2456.367919921875,2783.5,2804.0,2712.050048828125,2719.949951171875,1223958
2022-11-29,2495.85888671875,2828.25,2837.949951171875,2773.10009765625,2783.14990234375,731879
2022-11-30,2516.729248046875,2851.89990234375,2861.0,2820.10009765625,2831.949951171875,1379225
2022-12-01,2534.290771484375,2871.800048828125,2884.0,2826.60009765625,2855.0,782249
2022-12-02,2488.975341796875,2820.449951171875,2865.0,2813.0,2865.0,526214
2022-12-05,2495.32958984375,2827.64990234375,2832.89990234375,2785.64990234375,2810.0,397713
2022-12-06,2469.8701171875,2798.800048828125,2825.0,2778.050048828125,2822.0,339117
2022-12-07,2435.23291015625,2759.550048828125,2802.0,2751.0,2793.050048828125,340800
2022-12-08,2434.041748046875,2758.199951171875,2778.800048828125,2745.25,2750.0,190468
2022-12-09,2428.129150390625,2751.5,2782.25,2731.14990234375,2762.0,254995
2022-12-12,2445.734619140625,2771.449951171875,2774.89990234375,2736.050048828125,2751.0,166357
2022-12-13,2435.144775390625,2759.449951171875,2815.050048828125,2747.89990234375,2783.89990234375,440848
2022-12-14,2424.466796875,2747.35009765625,2782.89990234375,2727.60009765625,2762.449951171875,438317
2022-12-15,2445.205322265625,2770.85009765625,2783.800048828125,2734.60009765625,2738.5,299314
2022-12-16,2404.611083984375,2724.85009765625,2767.64990234375,2717.14990234375,2745.10009765625,271086
2022-12-19,2453.808837890625,2780.60009765625,2785.0,2709.050048828125,2724.85009765625,276490
2022-12-20,2446.705322265625,2772.550048828125,2790.60009765625,2743.39990234375,2770.0,234062
2022-12-21,2433.37939453125,2757.449951171875,2798.050048828125,2737.0,2772.550048828125,328455
2022-12-22,2407.125732421875,2727.699951171875,2796.550048828125,2717.300048828125,2757.199951171875,483991
2022-12-23,2326.953369140625,2636.85009765625,2720.0,2628.64990234375,2715.0,328855
2022-12-26,2370.591552734375,2686.300048828125,2698.0,2611.60009765625,2645.0,175951
2022-12-27,2384.75537109375,2702.35009765625,2718.25,2685.5,2694.949951171875,181947
2022-12-28,2379.681396484375,2696.60009765625,2726.75,2685.0,2687.60009765625,225857
2022-12-29,2402.272216796875,2722.199951171875,2745.0,2671.449951171875,2691.60009765625,243791
2022-12-30,2416.966064453125,2738.85009765625,2764.85009765625,2722.89990234375,2735.85009765625,211762
2023-01-02,2396.712890625,2715.89990234375,2749.60009765625,2710.0,2738.85009765625,131296
2023-01-03,2400.683837890625,2720.39990234375,2739.89990234375,2702.0,2702.199951171875,136701
2023-01-04,2390.888671875,2709.300048828125,2728.0,2697.75,2707.0,178937
2023-01-05,2441.939697265625,2767.14990234375,2771.10009765625,2702.0,2707.89990234375,258988
2023-01-06,2420.23095703125,2742.550048828125,2775.35009765625,2733.75,2767.0,162618
2023-01-09,2428.87939453125,2752.35009765625,2772.39990234375,2740.25,2757.0,110658
2023-01-10,2393.3154296875,2712.050048828125,2758.050048828125,2687.699951171875,2750.0,206381
2023-01-11,2377.166015625,2693.75,2720.0,2684.050048828125,2712.10009765625,150551
2023-01-12,2377.607177734375,2694.25,2700.300048828125,2663.0,2690.0,163626
2023-01-13,2407.7880859375,2728.449951171875,2744.89990234375,2683.300048828125,2683.300048828125,196440
2023-01-16,2434.39453125,2758.60009765625,2765.0,2710.0,2732.0,362194
2023-01-17,2441.6748046875,2766.85009765625,2769.0,2729.699951171875,2765.0,254062
2023-01-18,2444.41064453125,2769.949951171875,2786.35009765625,2747.449951171875,2766.89990234375,159791
2023-01-19,2444.057861328125,2769.550048828125,2779.75,2751.60009765625,2762.0,140565
2023-01-20,2423.672119140625,2746.449951171875,2767.5,2729.35009765625,2767.5,300399
2023-01-23,2448.51416015625,2774.60009765625,2812.0,2750.050048828125,2751.449951171875,434312
2023-01-24,2446.13134765625,2771.89990234375,2787.0,2762.25,2777.0,129633
2023-01-25,2457.691650390625,2785.0,2793.0,2766.0,2779.0,356744
2023-01-27,2414.5830078125,2736.14990234375,2810.10009765625,2714.60009765625,2788.0,464092
2023-01-30,2384.711181640625,2702.300048828125,2764.949951171875,2681.10009765625,2723.050048828125,459196
2023-01-31,2438.498291015625,2763.25,2772.0,2684.60009765625,2724.449951171875,579601
2023-02-01,2406.72900390625,2727.25,2822.85009765625,2675.050048828125,2775.550048828125,408279
2023-02-02,2348.220703125,2660.949951171875,2713.199951171875,2634.60009765625,2689.0,453723
2023-02-03,2342.30810546875,2654.25,2684.14990234375,2621.050048828125,2674.300048828125,328028
2023-02-06,2378.269287109375,2695.0,2704.800048828125,2645.10009765625,2652.050048828125,252416
2023-02-07,2340.8525390625,2652.60009765625,2694.800048828125,2615.050048828125,2686.0,421543
2023-02-08,2307.362060546875,2614.64990234375,2686.949951171875,2592.050048828125,2659.050048828125,793670
2023-02-09,2258.42919921875,2559.199951171875,2614.0,2549.10009765625,2614.0,1266011
2023-02-10,2279.69677734375,2583.300048828125,2589.64990234375,2550.300048828125,2559.199951171875,283858
2023-02-13,2260.5029296875,2561.550048828125,2602.0,2555.050048828125,2593.949951171875,327921
2023-02-14,2243.692138671875,2542.5,2577.10009765625,2536.050048828125,2574.39990234375,409279
2023-02-15,2269.72509765625,2572.0,2575.0,2537.0,2545.0,643367
2023-02-16,2256.222900390625,2556.699951171875,2590.0,2546.5,2590.0,433077
2023-02-17,2295.928955078125,2535.550048828125,2539.10009765625,2492.949951171875,2492.949951171875,705628
2023-02-20,2288.594482421875,2527.449951171875,2544.5,2513.75,2540.0,182493
2023-02-21,2282.346435546875,2520.550048828125,2545.0,2516.5,2540.0,203273
2023-02-22,2263.240234375,2499.449951171875,2534.64990234375,2495.0,2507.0,310260
2023-02-23,2259.663330078125,2495.5,2512.60009765625,2482.800048828125,2500.550048828125,294710
2023-02-24,2250.744140625,2485.64990234375,2508.550048828125,2481.39990234375,2496.0,255112
2023-02-27,2207.190673828125,2437.550048828125,2488.0,2430.0,2485.64990234375,293892
2023-02-28,2190.484130859375,2419.10009765625,2472.0,2410.35009765625,2447.949951171875,542868
2023-03-01,2201.349853515625,2431.10009765625,2443.949951171875,2414.300048828125,2415.0,293122
2023-03-02,2230.55224609375,2463.35009765625,2483.300048828125,2440.89990234375,2443.5,525446
2023-03-03,2228.922607421875,2461.550048828125,2478.800048828125,2457.0,2475.699951171875,197868
2023-03-06,2245.35693359375,2479.699951171875,2491.75,2461.199951171875,2472.0,203422
2023-03-08,2243.863037109375,2478.050048828125,2481.0,2440.60009765625,2457.0,286894
2023-03-09,2212.849853515625,2443.800048828125,2491.050048828125,2440.0,2486.0,244591
2023-03-10,2209.680419921875,2440.300048828125,2443.800048828125,2405.300048828125,2417.0,224485
2023-03-13,2161.462646484375,2387.050048828125,2441.89990234375,2380.0,2441.89990234375,249618
2023-03-14,2149.1484375,2373.449951171875,2411.5,2368.39990234375,2394.949951171875,302570
2023-03-15,2154.5810546875,2379.449951171875,2407.85009765625,2370.050048828125,2400.0,217071
2023-03-16,2146.88427734375,2370.949951171875,2394.0,2365.0,2369.39990234375,577586
2023-03-17,2132.57763671875,2355.14990234375,2375.550048828125,2328.800048828125,2375.0,628419
2023-03-20,2118.27099609375,2339.35009765625,2356.449951171875,2304.0,2355.14990234375,352432
2023-03-21,2127.05419921875,2349.050048828125,2356.35009765625,2331.0,2344.949951171875,291142
2023-03-22,2130.81201171875,2353.199951171875,2369.25,2346.0,2349.050048828125,166790
2023-03-23,2139.23291015625,2362.5,2383.85009765625,2357.0,2365.0,371585
2023-03-24,2094.72802734375,2313.35009765625,2378.699951171875,2304.10009765625,2363.0,272040
2023-03-27,2090.42724609375,2308.60009765625,2330.89990234375,2296.550048828125,2319.949951171875,238881
2023-03-28,2036.911865234375,2249.5,2308.60009765625,2246.0,2301.0,456838
2023-03-29,2086.397216796875,2304.14990234375,2315.5,2250.0,2250.0,712847
2023-03-31,2125.514404296875,2347.35009765625,2356.89990234375,2314.75,2314.75,302919
2023-04-03,2201.349853515625,2431.10009765625,2434.5,2372.050048828125,2385.0,787785
2023-04-05,2202.345947265625,2432.199951171875,2441.550048828125,2419.10009765625,2440.800048828125,289012
2023-04-06,2197.13916015625,2426.449951171875,2438.199951171875,2410.300048828125,2432.199951171875,211340
2023-04-10,2228.107177734375,2460.64990234375,2467.85009765625,2417.14990234375,2430.0,261131
2023-04-11,2236.43798828125,2469.85009765625,2478.85009765625,2448.050048828125,2474.0,575155
2023-04-12,2243.18408203125,2477.300048828125,2485.0,2449.199951171875,2475.0,464883
2023-04-13,2215.792724609375,2447.050048828125,2477.300048828125,2438.0,2477.300048828125,458472
2023-04-17,2232.90625,2465.949951171875,2469.0,2419.5,2430.0,656224
2023-04-18,2209.136962890625,2439.699951171875,2474.949951171875,2425.0,2470.949951171875,397381
2023-04-19,2214.79638671875,2445.949951171875,2452.10009765625,2421.10009765625,2435.0,247426
2023-04-20,2217.15087890625,2448.550048828125,2462.25,2431.85009765625,2450.0,315314
2023-04-21,2226.930419921875,2459.35009765625,2476.39990234375,2448.550048828125,2450.949951171875,699932
2023-04-24,2264.689208984375,2501.050048828125,2524.0,2443.39990234375,2459.949951171875,686216
2023-04-25,2261.701416015625,2497.75,2534.0,2493.85009765625,2504.89990234375,538138
2023-04-26,2268.40185546875,2505.14990234375,2524.0,2492.050048828125,2510.0,560280
2023-04-27,2271.571044921875,2508.64990234375,2526.85009765625,2497.050048828125,2500.0,685268
2023-04-28,2316.801025390625,2558.60009765625,2567.0,2515.14990234375,2520.0,721370
2023-05-02,2260.02587890625,2495.89990234375,2539.949951171875,2466.0,2539.949951171875,997629
2023-05-03,2266.137939453125,2502.64990234375,2518.0,2478.89990234375,2490.0,863935
2023-05-04,2276.868408203125,2514.5,2532.75,2504.300048828125,2507.949951171875,684323
2023-05-05,2306.5234375,2547.25,2562.0,2512.550048828125,2537.0,1527593
2023-05-08,2332.87353515625,2576.35009765625,2592.0,2566.0,2566.0,855245
2023-05-09,2346.63671875,2591.550048828125,2604.0,2575.25,2587.449951171875,556418
2023-05-10,2341.65673828125,2586.050048828125,2604.14990234375,2572.10009765625,2600.0,549062
2023-05-11,2341.113037109375,2585.449951171875,2604.0,2575.050048828125,2600.0,506829
2023-05-12,2359.63037109375,2605.89990234375,2614.0,2586.199951171875,2595.0,718178
2023-05-15,2437.503173828125,2691.89990234375,2720.0,2606.0,2627.0,1383562
2023-05-16,2432.160888671875,2686.0,2717.550048828125,2680.550048828125,2699.949951171875,602177
2023-05-17,2465.618896484375,2722.949951171875,2766.39990234375,2682.39990234375,2688.949951171875,1169727
2023-05-18,2476.666015625,2735.14990234375,2759.14990234375,2724.25,2745.050048828125,610410
2023-05-19,2456.60888671875,2713.0,2744.050048828125,2667.199951171875,2740.64990234375,458137
2023-05-22,2437.729248046875,2692.14990234375,2722.0,2681.10009765625,2710.550048828125,241924
2023-05-23,2454.2998046875,2710.449951171875,2718.14990234375,2674.050048828125,2692.14990234375,224454
2023-05-24,2479.88037109375,2738.699951171875,2744.75,2706.0,2711.0,402069
2023-05-25,2474.537841796875,2732.800048828125,2759.0,2709.050048828125,2738.949951171875,208718
2023-05-26,2485.720703125,2745.14990234375,2749.89990234375,2713.60009765625,2734.449951171875,167210
2023-05-29,2514.469970703125,2776.89990234375,2794.800048828125,2736.050048828125,2760.0,462628
2023-05-30,2516.507568359375,2779.14990234375,2795.0,2760.199951171875,2776.85009765625,399817
2023-05-31,2499.07666015625,2759.89990234375,2787.0,2739.050048828125,2779.050048828125,773286
2023-06-01,2535.74951171875,2800.39990234375,2812.64990234375,2746.85009765625,2758.85009765625,552629
2023-06-02,2619.28125,2892.64990234375,2912.64990234375,2836.0,2836.0,2090599
2023-06-05,2599.315673828125,2870.60009765625,2919.800048828125,2865.0,2910.050048828125,620625
2023-06-06,2630.283203125,2904.800048828125,2912.0,2860.949951171875,2870.0,729992
2023-06-07,2678.45556640625,2958.0,2979.0,2907.10009765625,2917.949951171875,996180
2023-06-08,2684.61279296875,2964.800048828125,3026.0,2948.199951171875,2977.550048828125,1150017
2023-06-09,2625.30322265625,2899.300048828125,3025.0,2887.300048828125,2987.89990234375,826404
2023-06-12,2653.4638671875,2930.39990234375,2938.25,2878.10009765625,2906.300048828125,617327
2023-06-13,2673.43017578125,2952.449951171875,2955.89990234375,2904.050048828125,2917.0,973087
2023-06-14,2654.550537109375,2931.60009765625,2967.550048828125,2923.64990234375,2952.449951171875,304861
2023-06-15,2574.368896484375,2843.050048828125,2961.39990234375,2810.0,2939.89990234375,951322
2023-06-16,2564.408447265625,2832.050048828125,2844.89990234375,2805.0,2843.0,1029235
2023-06-19,2519.631591796875,2782.60009765625,2827.699951171875,2777.050048828125,2820.0,671364
2023-06-20,2536.02099609375,2800.699951171875,2809.60009765625,2745.050048828125,2775.0,872568
2023-06-21,2556.711669921875,2823.550048828125,2830.0,2800.0,2801.0,407191
2023-06-22,2558.06982421875,2825.050048828125,2862.0,2816.800048828125,2830.0,578572
2023-06-23,2514.017578125,2776.39990234375,2839.75,2765.0,2825.25,381689
2023-06-26,2581.7939453125,2851.25,2859.0,2775.0,2776.39990234375,583691
2023-06-27,2575.3193359375,2844.10009765625,2866.89990234375,2827.449951171875,2858.0,415101
2023-06-28,2561.420166015625,2828.75,2861.35009765625,2795.0,2850.0,781032
2023-06-30,2635.08251953125,2910.10009765625,2920.0,2835.0,2839.949951171875,962194
2023-07-03,2624.804931640625,2898.75,2911.85009765625,2862.39990234375,2875.0,818522
2023-07-04,2743.469970703125,3029.800048828125,3039.89990234375,2915.699951171875,2951.10009765625,2177103
2023-07-05,2859.7353515625,3158.199951171875,3172.0,3030.199951171875,3050.0,3069147
2023-07-06,2872.322265625,3172.10009765625,3206.85009765625,3118.699951171875,3139.0,1676341
2023-07-07,2850.6806640625,3148.199951171875,3172.0,3126.0,3150.0,931135
2023-07-10,2828.49609375,3123.699951171875,3186.35009765625,3085.89990234375,3156.449951171875,570281
2023-07-11,2809.390380859375,3102.60009765625,3128.0,3084.199951171875,3099.0,663715
2023-07-12,2787.884765625,3078.85009765625,3113.300048828125,3057.449951171875,3099.89990234375,739038
2023-07-13,2782.67822265625,3073.10009765625,3130.949951171875,3055.5,3078.85009765625,665215
2023-07-14,2839.905517578125,3136.300048828125,3142.5,3073.10009765625,3078.89990234375,811153
2023-07-17,2799.4296875,3091.60009765625,3157.39990234375,3067.0,3144.64990234375,909246
2023-07-18,2821.885986328125,3116.39990234375,3120.0,3085.89990234375,3099.0,578275
2023-07-19,2804.002197265625,3096.64990234375,3143.64990234375,3082.5,3125.0,486164
2023-07-20,2795.39990234375,3087.14990234375,3100.199951171875,3051.0,3095.949951171875,735511
2023-07-21,2808.892333984375,3102.050048828125,3124.60009765625,3049.5,3079.050048828125,749722
2023-07-24,2837.867919921875,3134.050048828125,3155.0,3090.050048828125,3129.89990234375,784541
2023-07-25,2843.52734375,3140.300048828125,3179.0,3128.14990234375,3179.0,748386
2023-07-26,2848.416748046875,3145.699951171875,3189.89990234375,3126.10009765625,3164.949951171875,509747
2023-07-27,2872.453369140625,3136.949951171875,3158.949951171875,3097.800048828125,3107.550048828125,524436
2023-07-28,2905.00634765625,3172.5,3175.0,3131.449951171875,3146.949951171875,445865
2023-07-31,2933.5751953125,3203.699951171875,3230.0,3173.0,3189.75,933273
2023-08-01,2840.542236328125,3102.10009765625,3244.0,3032.25,3224.949951171875,3043469
2023-08-02,2741.052978515625,2993.449951171875,3073.0,2971.85009765625,3061.0,2692656
2023-08-03,2703.464111328125,2952.39990234375,3021.550048828125,2933.050048828125,2972.0,1250490
2023-08-04,2696.413818359375,2944.699951171875,2985.0,2921.449951171875,2977.0,642027
2023-08-07,2704.97509765625,2954.050048828125,2964.949951171875,2929.64990234375,2950.0,444210
2023-08-08,2808.309814453125,3066.89990234375,3088.75,2980.0,3005.0,2020469
2023-08-09,2801.717041015625,3059.699951171875,3081.35009765625,3004.10009765625,3079.85009765625,548711
2023-08-10,2779.923583984375,3035.89990234375,3062.89990234375,3013.0,3051.39990234375,476401
2023-08-11,2745.40234375,2998.199951171875,3073.35009765625,2980.0,3044.89990234375,816082
2023-08-14,2756.802490234375,3010.64990234375,3025.0,2952.199951171875,3009.89990234375,526850
2023-08-16,2730.33935546875,2981.75,3016.85009765625,2956.0,3005.0,753515
2023-08-17,2738.85546875,2991.050048828125,2997.39990234375,2960.75,2997.39990234375,565973
2023-08-18,2680.251708984375,2927.050048828125,2989.699951171875,2920.0,2989.699951171875,560922
2023-08-21,2684.32666015625,2931.5,2944.35009765625,2912.39990234375,2929.0,328451
2023-08-22,2707.447265625,2956.75,2965.60009765625,2920.0,2940.0,255764
2023-08-23,2702.86865234375,2951.75,2975.0,2934.800048828125,2969.0,325912
2023-08-24,2680.892578125,2927.75,2971.449951171875,2920.0,2955.0,273751
2023-08-25,2665.46337890625,2910.89990234375,2945.0,2890.0,2931.800048828125,429528
2023-08-28,2684.555419921875,2931.75,2951.199951171875,2911.85009765625,2925.0,303029
2023-08-29,2736.199951171875,2988.14990234375,2993.0,2938.050048828125,2948.0,590653
2023-08-30,2702.960693359375,2951.85009765625,3008.0,2942.14990234375,3008.0,415898
2023-08-31,2670.08740234375,2915.949951171875,2965.0,2890.050048828125,2965.0,920121
2023-09-01,2680.572021484375,2927.39990234375,2947.14990234375,2908.0,2932.949951171875,331811
2023-09-04,2694.7197265625,2942.85009765625,2964.949951171875,2922.75,2950.0,643279
2023-09-05,2687.851806640625,2935.35009765625,2973.89990234375,2928.199951171875,2965.0,306742
2023-09-06,2690.2783203125,2938.0,2955.0,2916.85009765625,2955.0,275916
2023-09-07,2711.2470703125,2960.89990234375,2968.449951171875,2930.60009765625,2940.0,242002
2023-09-08,2755.06298828125,3008.75,3027.0,2960.14990234375,2969.800048828125,569352
2023-09-11,2796.818359375,3054.35009765625,3059.0,3019.050048828125,3028.89990234375,486566
2023-09-12,2765.41015625,3020.050048828125,3069.300048828125,3010.0,3069.300048828125,429664
2023-09-13,2741.922607421875,2994.39990234375,3034.89990234375,2985.10009765625,3020.050048828125,290774
2023-09-14,2745.585693359375,2998.39990234375,3028.949951171875,2976.0,3006.800048828125,311245
2023-09-15,2806.43310546875,3064.85009765625,3103.0,3004.949951171875,3014.60009765625,949607
2023-09-18,2852.03369140625,3114.64990234375,3128.0,3038.0,3066.75,897322
2023-09-20,2803.685791015625,3061.85009765625,3132.85009765625,3048.25,3114.60009765625,575906
2023-09-21,2747.920654296875,3000.949951171875,3062.949951171875,2990.0,3057.0,585566
2023-09-22,2767.836669921875,3022.699951171875,3040.0,2990.14990234375,3010.0,323540
2023-09-25,2723.8837890625,2974.699951171875,3022.699951171875,2968.39990234375,3015.199951171875,408884
2023-09-26,2778.504638671875,3034.35009765625,3039.0,2970.050048828125,2975.0,372568
2023-09-27,2752.865478515625,3006.35009765625,3034.0,3000.0,3034.0,222370
2023-09-28,2719.580322265625,2970.0,3018.199951171875,2960.050048828125,3006.5,331995
2023-09-29,2799.473876953125,3057.25,3070.0,2972.14990234375,2985.050048828125,375842
2023-10-03,2761.33544921875,3015.60009765625,3064.89990234375,2991.5,3058.0,387906
2023-10-04,2737.02392578125,2989.050048828125,3020.0,2976.050048828125,3015.949951171875,307263
2023-10-05,2762.296875,3016.64990234375,3048.85009765625,2993.39990234375,3020.0,537209
2023-10-06,2781.8466796875,3038.0,3045.0,3022.5,3040.0,180660
2023-10-09,2705.9365234375,2955.10009765625,3049.949951171875,2923.949951171875,3021.10009765625,976306
2023-10-10,2725.806884765625,2976.800048828125,3003.10009765625,2966.0,2975.0,467743
2023-10-11,2839.3974609375,3100.85009765625,3111.0,2987.550048828125,3000.0,1048795
2023-10-12,2827.859619140625,3088.25,3132.10009765625,3064.949951171875,3116.949951171875,927642
2023-10-13,2837.19970703125,3098.449951171875,3119.0,3080.050048828125,3084.0,374642
2023-10-16,2894.475830078125,3161.0,3174.300048828125,3099.85009765625,3104.0,966651
2023-10-17,2905.418212890625,3172.949951171875,3187.550048828125,3166.5,3182.10009765625,416816
2023-10-18,2887.287841796875,3153.14990234375,3184.0,3149.0,3170.0,344063
2023-10-19,2990.4853515625,3265.85009765625,3275.0,3138.050048828125,3149.5,1129769
2023-10-20,2940.48876953125,3211.25,3265.0,3203.550048828125,3260.0,458086
2023-10-23,2884.26611328125,3149.85009765625,3232.75,3139.449951171875,3205.550048828125,313646
2023-10-25,2876.025146484375,3140.85009765625,3171.0,3090.0,3150.0,391029
2023-10-26,2849.561279296875,3111.949951171875,3130.050048828125,3085.0,3129.0,461475
2023-10-27,2849.790283203125,3112.199951171875,3152.89990234375,3104.050048828125,3125.199951171875,314423
2023-10-30,2848.096435546875,3110.35009765625,3128.550048828125,3055.0,3112.25,265215
2023-10-31,2827.951416015625,3088.35009765625,3139.60009765625,3080.14990234375,3115.050048828125,207132
2023-11-01,2831.70556640625,3092.449951171875,3144.64990234375,3075.550048828125,3095.949951171875,473455
2023-11-02,2794.7578125,3052.10009765625,3149.949951171875,3041.5,3139.0,1268028
2023-11-03,2828.912841796875,3089.39990234375,3110.199951171875,3072.050048828125,3085.0,411691
2023-11-06,2899.878662109375,3166.89990234375,3175.25,3095.699951171875,3110.0,850503
2023-11-07,2866.318603515625,3130.25,3181.199951171875,3121.300048828125,3174.949951171875,355269
2023-11-08,2868.0126953125,3132.10009765625,3166.39990234375,3126.85009765625,3160.300048828125,459324
2023-11-09,2906.2880859375,3173.89990234375,3196.0,3135.0,3145.0,604807
2023-11-10,2843.380615234375,3105.199951171875,3179.050048828125,3095.14990234375,3173.85009765625,820659
2023-11-13,2855.833740234375,3118.800048828125,3136.949951171875,3102.10009765625,3102.10009765625,386501
2023-11-15,2909.905029296875,3177.85009765625,3181.60009765625,3130.10009765625,3144.949951171875,570652
2023-11-16,3003.488037109375,3280.050048828125,3299.0,3178.10009765625,3186.0,963718
2023-11-17,3053.575927734375,3334.75,3368.800048828125,3280.050048828125,3289.699951171875,947293
2023-11-20,3064.19775390625,3346.35009765625,3368.0,3315.60009765625,3357.0,677714
2023-11-21,3091.8056640625,3376.5,3395.0,3330.050048828125,3354.949951171875,742294
2023-11-22,3125.777587890625,3413.60009765625,3427.699951171875,3368.800048828125,3387.0,775145
2023-11-23,3267.1591796875,3568.0,3576.0,3419.949951171875,3419.949951171875,1726414
2023-11-24,3249.394775390625,3548.60009765625,3579.800048828125,3532.75,3568.0,514405
2023-11-28,3316.605712890625,3622.0,3628.0,3555.050048828125,3560.0,659645
2023-11-29,3430.974609375,3746.89990234375,3788.14990234375,3625.699951171875,3635.0,1561256
2023-11-30,3497.04150390625,3819.050048828125,3884.5,3782.199951171875,3800.0,2909100
2023-12-01,3442.97021484375,3760.0,3865.0,3740.35009765625,3860.0,1060628
2023-12-04,3476.9423828125,3797.10009765625,3880.0,3784.0,3880.0,1018705
2023-12-05,3485.7783203125,3806.75,3825.0,3779.10009765625,3798.0,713163
2023-12-06,3443.931884765625,3761.050048828125,3825.0,3729.550048828125,3785.199951171875,672675
2023-12-07,3454.553466796875,3772.64990234375,3811.949951171875,3761.300048828125,3780.0,500651
2023-12-08,3402.451171875,3715.75,3802.10009765625,3692.39990234375,3788.0,779332
2023-12-11,3392.287109375,3704.64990234375,3728.64990234375,3683.0,3715.75,451738
2023-12-12,3431.203369140625,3747.14990234375,3793.949951171875,3715.25,3728.0,598126
2023-12-13,3537.560546875,3863.300048828125,3870.0,3734.800048828125,3740.0,1355603
2023-12-14,3556.1943359375,3883.64990234375,3905.89990234375,3838.5,3878.0,1067427
2023-12-15,3568.007080078125,3896.550048828125,3940.0,3886.14990234375,3939.0,924599
2023-12-18,3561.7802734375,3889.75,3948.60009765625,3884.35009765625,3900.0,725829
2023-12-19,3499.605224609375,3821.85009765625,3914.800048828125,3799.949951171875,3912.800048828125,560186
2023-12-20,3493.79052734375,3815.5,3905.89990234375,3788.75,3854.449951171875,595832
2023-12-21,3525.51904296875,3850.14990234375,3867.89990234375,3752.050048828125,3775.050048828125,410786
2023-12-22,3603.85546875,3935.699951171875,3944.0,3850.14990234375,3870.0,573168
2023-12-26,3724.497314453125,4067.449951171875,4079.0,3935.10009765625,3949.949951171875,1149831
2023-12-27,3721.613037109375,4064.300048828125,4096.9501953125,4022.0,4064.0,683058
2023-12-28,3821.37646484375,4173.25,4189.0,4054.14990234375,4064.300048828125,1714818
2023-12-29,3790.517822265625,4139.5498046875,4193.39990234375,4111.5498046875,4176.0,383687
2024-01-01,3771.288330078125,4118.5498046875,4181.39990234375,4085.0,4139.5498046875,392408
2024-01-02,3743.497802734375,4088.199951171875,4118.9501953125,4025.199951171875,4114.0498046875,507848
2024-01-03,3653.440185546875,3989.85009765625,4061.949951171875,3971.699951171875,4000.0,896596
2024-01-04,3614.1572265625,3946.949951171875,4006.14990234375,3929.85009765625,3997.5,630734
2024-01-05,3653.852294921875,3990.300048828125,4037.0,3953.75,3960.0,593042
2024-01-08,3671.433349609375,4009.5,4050.0,3993.550048828125,4014.89990234375,508360
2024-01-09,3765.74853515625,4112.5,4148.75,4031.10009765625,4047.949951171875,1043602
2024-01-10,3789.14404296875,4138.0498046875,4177.0,4086.10009765625,4094.199951171875,511944
2024-01-11,3976.081298828125,4342.2001953125,4395.0,4162.0,4175.0,2133475
2024-01-12,4013.578369140625,4383.14990234375,4395.0,4242.64990234375,4242.64990234375,905401
2024-01-15,4003.73486328125,4372.39990234375,4413.5498046875,4337.14990234375,4383.14990234375,490217
2024-01-16,4014.952392578125,4384.64990234375,4450.0,4340.10009765625,4340.10009765625,972808
2024-01-17,4002.315673828125,4370.85009765625,4430.0,4341.0,4346.0,443836
2024-01-18,4023.513427734375,4394.0,4411.64990234375,4296.89990234375,4334.0,570816
2024-01-19,4028.778564453125,4399.75,4440.85009765625,4374.0,4395.0,383901
2024-01-23,4069.480712890625,4444.2001953125,4560.0,4401.64990234375,4401.64990234375,1399043
2024-01-24,4059.8203125,4433.64990234375,4453.60009765625,4310.89990234375,4429.0,596736
2024-01-25,4067.604248046875,4442.14990234375,4480.0498046875,4378.5,4448.85009765625,664356
2024-01-29,4206.1923828125,4593.5,4625.0,4426.35009765625,4448.0,418127
2024-01-30,4201.47705078125,4588.35009765625,4662.0,4580.0498046875,4627.0,709726
2024-01-31,4231.87744140625,4621.5498046875,4636.89990234375,4518.14990234375,4567.5,645505
2024-02-01,4199.96630859375,4586.7001953125,4717.85009765625,4575.0,4621.7001953125,660378
2024-02-02,4319.55419921875,4717.2998046875,4769.2998046875,4590.0498046875,4598.0,994506
2024-02-05,4346.42919921875,4746.64990234375,4774.35009765625,4700.0,4720.0,425966
2024-02-06,4380.126953125,4783.4501953125,4792.0,4733.0,4746.5498046875,261001
2024-02-07,4389.19189453125,4793.35009765625,4817.25,4730.14990234375,4790.0,265821
2024-02-08,4402.5146484375,4807.89990234375,4824.7001953125,4764.39990234375,4795.9501953125,444060
2024-02-09,4494.95361328125,4908.85009765625,4924.0,4792.10009765625,4840.0,718094
2024-02-12,4292.2666015625,4687.5,4949.0498046875,4627.5498046875,4949.0498046875,1321957
2024-02-13,4344.7353515625,4744.7998046875,4829.85009765625,4706.2998046875,4728.0,938269
2024-02-14,4408.14697265625,4814.0498046875,4825.0,4661.10009765625,4707.0,735284
2024-02-15,4410.802734375,4816.9501953125,4854.7998046875,4787.0498046875,4830.2001953125,530347
2024-02-16,4481.62939453125,4894.2998046875,4920.0,4830.0,4830.0,848705
2024-02-19,4443.44580078125,4852.60009765625,4944.0,4843.85009765625,4928.9501953125,524294
2024-02-20,4270.15283203125,4663.35009765625,4882.0,4653.0,4852.60009765625,1153742
2024-02-21,4243.48486328125,4534.85009765625,4619.9501953125,4508.0,4594.64990234375,1112050
2024-02-22,4206.3349609375,4495.14990234375,4578.7998046875,4440.64990234375,4559.9501953125,1441798
2024-02-23,4228.88623046875,4519.25,4604.9501953125,4485.10009765625,4535.0,819122
2024-02-26,4207.2236328125,4496.10009765625,4530.0,4470.14990234375,4523.9501953125,605090
2024-02-27,4145.4169921875,4430.0498046875,4519.0,4408.0,4501.7998046875,830187
2024-02-28,4093.951171875,4375.0498046875,4459.2001953125,4349.0498046875,4440.0,569688
2024-02-29,4142.095703125,4426.5,4454.0,4350.0,4379.0,1548190
2024-03-01,4217.51708984375,4507.10009765625,4525.0,4450.0,4459.89990234375,510674
2024-03-04,4315.396484375,4611.7001953125,4630.0,4563.0,4589.9501953125,570306
2024-03-05,4295.0908203125,4590.0,4644.75,4571.85009765625,4611.64990234375,442519
2024-03-06,4337.4794921875,4635.2998046875,4649.0,4536.10009765625,4580.0,353334
2024-03-07,4353.94970703125,4652.89990234375,4704.0,4620.7998046875,4650.0,684934
2024-03-11,4371.54150390625,4671.7001953125,4725.0,4600.5498046875,4700.0,644170
2024-03-12,4359.56396484375,4658.89990234375,4697.0,4633.0,4666.2998046875,312738
2024-03-13,4222.19580078125,4512.10009765625,4686.75,4476.5498046875,4646.0,700123
2024-03-14,4374.90966796875,4675.2998046875,4682.14990234375,4455.0,4455.0,708629
2024-03-15,4290.6923828125,4585.2998046875,4680.85009765625,4500.64990234375,4655.0,1278695
2024-03-18,4261.59130859375,4554.2001953125,4582.5,4527.5498046875,4560.5,232124
2024-03-19,4249.9404296875,4541.75,4597.60009765625,4509.60009765625,4554.0,388757
2024-03-20,4220.65185546875,4510.4501953125,4588.9501953125,4480.0,4542.0,418716
2024-03-21,4229.494140625,4519.89990234375,4545.0,4445.2001953125,4527.7998046875,633619
2024-03-22,4383.05078125,4684.0,4736.35009765625,4517.60009765625,4538.7998046875,902115
2024-03-26,4371.0263671875,4671.14990234375,4724.5498046875,4633.5498046875,4684.0,551123
2024-03-27,4278.76123046875,4572.5498046875,4698.0,4560.0,4692.0,693528
2024-03-28,4418.89013671875,4722.2998046875,4750.0,4583.2001953125,4604.0,1086607
2024-04-01,4380.009765625,4680.75,4779.75,4662.10009765625,4740.0,664163
2024-04-02,4267.76611328125,4560.7998046875,4685.4501953125,4522.0,4650.0,1342779
2024-04-03,4264.3984375,4557.2001953125,4603.25,4526.5,4584.89990234375,681469
2024-04-04,4232.3486328125,4522.9501953125,4590.0,4462.75,4585.0,1378250
2024-04-05,4234.1728515625,4524.89990234375,4565.60009765625,4468.35009765625,4480.5,605460
2024-04-08,4299.86328125,4595.10009765625,4608.85009765625,4525.10009765625,4540.0,711580
2024-04-09,4231.17919921875,4521.7001953125,4673.25,4505.0,4615.0,945922
2024-04-10,4206.10107421875,4494.89990234375,4551.7001953125,4475.89990234375,4551.7001953125,515061
2024-04-12,4155.4765625,4440.7998046875,4522.7998046875,4431.0,4509.0,438331
2024-04-15,4099.70654296875,4381.2001953125,4440.5498046875,4368.9501953125,4430.0,645166
2024-04-16,4045.152099609375,4322.89990234375,4446.4501953125,4288.0498046875,4344.0,719918
2024-04-18,3978.15234375,4251.2998046875,4398.64990234375,4231.60009765625,4358.0,1103254
2024-04-19,3942.968505859375,4213.7001953125,4251.25,4168.14990234375,4251.25,674079
2024-04-22,4034.858642578125,4311.89990234375,4335.0,4206.89990234375,4239.85009765625,619635
2024-04-23,4065.878662109375,4345.0498046875,4368.89990234375,4286.89990234375,4338.0,547228
2024-04-24,4111.0751953125,4393.35009765625,4405.35009765625,4335.10009765625,4360.0,658601
2024-04-25,4209.2822265625,4498.2998046875,4515.0,4366.89990234375,4401.0,1103462
2024-04-26,4203.0126953125,4491.60009765625,4540.7998046875,4466.4501953125,4510.25,497777
2024-04-29,4171.291015625,4457.7001953125,4530.0,4445.60009765625,4530.0,590104
2024-04-30,4251.1572265625,4543.0498046875,4588.2001953125,4465.0,4465.0,828084
2024-05-02,4268.421875,4561.5,4625.0,4551.2998046875,4625.0,808478
2024-05-03,4260.23388671875,4552.75,4579.9501953125,4516.85009765625,4577.5,347594
2024-05-06,4219.9970703125,4509.75,4582.7001953125,4465.5,4571.9501953125,241049
2024-05-07,4189.1171875,4476.75,4534.4501953125,4432.2001953125,4528.9501953125,456294
2024-05-08,4317.45458984375,4613.89990234375,4662.0,4414.64990234375,4492.64990234375,1313834
2024-05-09,4458.7529296875,4764.89990234375,4922.0,4633.85009765625,4655.0,3589872
2024-05-10,4564.02490234375,4877.39990234375,4954.35009765625,4774.7998046875,4788.60009765625,1520297
2024-05-13,4571.6513671875,4885.5498046875,4909.9501953125,4730.60009765625,4908.0,624906
2024-05-14,4719.40625,5043.4501953125,5051.0,4905.0498046875,4914.89990234375,1335266
2024-05-15,4732.3662109375,5057.2998046875,5103.0,5020.75,5058.0,882851
2024-05-16,4811.0166015625,5141.35009765625,5154.9501953125,5041.7001953125,5064.9501953125,1296732
2024-05-17,4762.2177734375,5089.2001953125,5168.60009765625,5072.85009765625,5135.0,609690
2024-05-21,4729.1376953125,5053.85009765625,5122.7998046875,5029.25,5075.0,480490
2024-05-22,4674.95849609375,4995.9501953125,5067.9501953125,4965.0,5050.0,422368
2024-05-23,4814.61865234375,5145.2001953125,5155.4501953125,4963.0498046875,5000.0,644911
2024-05-24,4789.447265625,5118.2998046875,5198.14990234375,5080.0498046875,5105.10009765625,458258
2024-05-27,4757.25732421875,5083.89990234375,5128.7998046875,5050.0,5126.0,380940
2024-05-28,4850.87890625,5183.9501953125,5225.0,5045.0,5084.9501953125,727224
2024-05-29,4813.26171875,5143.75,5202.14990234375,5106.0498046875,5171.0498046875,409279
2024-05-30,4806.00927734375,5136.0,5186.9501953125,5094.7001953125,5129.0,457454
2024-05-31,4790.66357421875,5119.60009765625,5189.9501953125,5003.5,5175.0,1905070
2024-06-03,4829.02978515625,5160.60009765625,5314.0,5154.60009765625,5280.0,962485
2024-06-04,4969.48583984375,5310.7001953125,5349.0,4920.25,5165.0,1945233
2024-06-05,5294.939453125,5658.5,5775.2001953125,5315.0,5315.0,2058534
2024-06-06,5178.67236328125,5534.25,5735.4501953125,5472.35009765625,5655.10009765625,1498100
2024-06-07,5223.2138671875,5581.85009765625,5637.39990234375,5538.0,5583.89990234375,637134
2024-06-10,5354.54638671875,5722.2001953125,5785.0,5581.0498046875,5585.0,1018162
2024-06-11,5414.80859375,5786.60009765625,5846.39990234375,5705.0,5730.0,1015127
2024-06-12,5418.177734375,5790.2001953125,5859.0,5776.60009765625,5800.0,668529
2024-06-13,5442.31982421875,5816.0,5840.0,5731.0,5820.2001953125,547596
2024-06-14,5431.2783203125,5804.2001953125,5864.75,5761.60009765625,5823.0,573273
2024-06-18,5385.09814453125,5754.85009765625,5894.5498046875,5736.7001953125,5824.0,527069
2024-06-19,5284.83349609375,5647.7001953125,5779.7998046875,5625.0,5774.7998046875,447054
2024-06-20,5150.92724609375,5504.60009765625,5669.0,5496.0,5669.0,840321
2024-06-21,5101.70703125,5452.0,5615.0,5432.0,5481.0,669719
2024-06-24,5169.501953125,5524.4501953125,5534.0,5390.0,5390.0,464982
2024-06-25,5155.97998046875,5510.0,5579.85009765625,5473.4501953125,5565.89990234375,1118588
2024-06-26,5102.642578125,5453.0,5544.0,5428.0,5529.0,384494
2024-06-27,5132.77392578125,5485.2001953125,5510.0,5421.0,5459.89990234375,874237
2024-06-28,5221.10791015625,5579.60009765625,5605.25,5452.10009765625,5500.0,539635
2024-07-01,5243.0986328125,5603.10009765625,5728.2998046875,5585.0,5595.0,1018344
2024-07-02,5209.41162109375,5567.10009765625,5674.0,5500.0,5670.0,689851
2024-07-03,5221.2490234375,5579.75,5627.9501953125,5553.0498046875,5599.89990234375,329072
2024-07-04,5201.2236328125,5558.35009765625,5603.9501953125,5530.60009765625,5594.0,676316
2024-07-05,5200.94287109375,5558.0498046875,5597.0,5382.60009765625,5558.35009765625,613329
2024-07-08,5148.400390625,5501.89990234375,5630.0,5487.5498046875,5565.64990234375,478557
2024-07-09,5230.044921875,5589.14990234375,5599.4501953125,5505.0498046875,5525.0498046875,570084
2024-07-10,5154.81103515625,5508.75,5650.0,5470.60009765625,5595.0,354244
2024-07-11,5171.18603515625,5526.25,5560.5,5503.0,5530.0,491353
2024-07-12,5190.50927734375,5546.89990234375,5600.0,5505.14990234375,5533.89990234375,265681
2024-07-15,5246.1396484375,5606.35009765625,5639.0,5528.60009765625,5547.0,249438
2024-07-16,5219.70458984375,5578.10009765625,5659.0,5562.0,5617.0,336316
2024-07-18,5148.68212890625,5502.2001953125,5578.0,5417.10009765625,5545.5,841644
2024-07-19,5078.9677734375,5427.7001953125,5527.75,5371.0,5519.9501953125,370397
2024-07-22,5112.14013671875,5463.14990234375,5490.0,5390.0,5422.0,415035
2024-07-23,5159.3017578125,5513.5498046875,5659.85009765625,5329.7001953125,5485.0,908996
2024-07-24,5069.65771484375,5417.75,5513.0,5405.0,5513.0,723617
2024-07-25,5056.04296875,5403.2001953125,5450.2998046875,5353.0,5401.0,438831
2024-07-26,5126.87841796875,5478.89990234375,5546.2001953125,5397.35009765625,5410.0,517306
2024-07-29,5075.833984375,5424.35009765625,5532.64990234375,5397.2998046875,5505.25,418301
2024-07-30,5094.5009765625,5444.2998046875,5548.0,5410.60009765625,5455.0,412385
2024-07-31,5135.81494140625,5488.4501953125,5536.14990234375,5405.2001953125,5452.89990234375,870466
2024-08-01,5063.60986328125,5371.85009765625,5487.4501953125,5325.39990234375,5487.4501953125,868140
2024-08-02,4971.5634765625,5274.2001953125,5374.10009765625,5236.4501953125,5325.0,402666
2024-08-05,4886.4453125,5183.89990234375,5247.0,5123.0,5180.0498046875,439371
2024-08-06,4876.92431640625,5173.7998046875,5255.10009765625,5158.0,5200.25,552856
2024-08-07,4940.40966796875,5241.14990234375,5314.75,5223.2001953125,5230.0,515480
2024-08-08,4862.87890625,5158.89990234375,5252.0,5146.89990234375,5235.0,243559
2024-08-09,4908.408203125,5207.2001953125,5246.64990234375,5190.75,5204.9501953125,333635
2024-08-12,5007.05322265625,5311.85009765625,5325.0,5185.0,5214.7998046875,569618
2024-08-13,4944.5107421875,5245.5,5407.2998046875,5216.0,5350.0,1042924
2024-08-14,4781.39013671875,5072.4501953125,5297.60009765625,4991.0,5280.0,2185163
2024-08-16,4833.8466796875,5128.10009765625,5138.9501953125,5020.0498046875,5120.0,679493
2024-08-19,4891.15771484375,5188.89990234375,5224.0,5107.5498046875,5149.0,714915
2024-08-20,4943.47314453125,5244.39990234375,5350.0,5190.0,5199.0,962948
2024-08-21,4981.46142578125,5284.7001953125,5305.2001953125,5215.0,5244.39990234375,612911
2024-08-22,5024.1142578125,5329.9501953125,5383.0,5263.4501953125,5285.0,761731
2024-08-23,5075.9111328125,5384.89990234375,5443.7998046875,5315.0,5330.0,757678
2024-08-26,5037.12255859375,5343.75,5425.0,5327.0,5410.0,553070
2024-08-27,5049.18798828125,5356.5498046875,5396.9501953125,5326.0,5354.0,672259
2024-08-28,5006.62841796875,5311.39990234375,5383.2001953125,5266.0,5365.0,688591
2024-08-29,5066.1083984375,5374.5,5387.2998046875,5290.89990234375,5300.0,516725
2024-08-30,5142.3662109375,5455.39990234375,5518.0,5385.85009765625,5400.0,1569946
2024-09-02,5258.1201171875,5578.2001953125,5629.0498046875,5517.0,5535.0,1054947
2024-09-03,5322.5009765625,5646.5,5699.0,5549.89990234375,5602.0,805935
2024-09-04,5357.61279296875,5683.75,5689.2998046875,5605.0,5605.0,532554
2024-09-05,5405.16845703125,5734.2001953125,5799.0,5650.0,5690.0,817503
2024-09-06,5414.17041015625,5743.75,5770.2998046875,5649.7001953125,5720.0,683920
2024-09-09,5415.63134765625,5745.2998046875,5770.35009765625,5686.14990234375,5743.7998046875,469914
2024-09-10,5344.36962890625,5669.7001953125,5864.14990234375,5658.25,5797.0,775935
2024-09-11,5329.99462890625,5654.4501953125,5708.7001953125,5602.35009765625,5698.0,592210
2024-09-12,5470.162109375,5803.14990234375,5818.0,5655.0,5700.0,855863
2024-09-13,5463.2333984375,5795.7998046875,5847.10009765625,5770.0,5826.89990234375,332581
2024-09-16,5447.822265625,5779.4501953125,5822.5,5727.0,5780.0,333195
2024-09-17,5619.14306640625,5961.2001953125,5984.9501953125,5763.60009765625,5800.0,1250736
2024-09-18,5622.4892578125,5964.75,6145.9501953125,5928.10009765625,5985.2998046875,1446956
2024-09-19,5661.41943359375,6006.0498046875,6060.0,5980.10009765625,6000.0,532623
2024-09-20,5668.2060546875,6013.25,6092.0,5985.75,6048.75,993542
2024-09-23,5835.33251953125,6190.5498046875,6210.0,6004.2998046875,6050.0,887240
2024-09-24,5774.76953125,6126.2998046875,6246.25,6110.2998046875,6191.0,631130
2024-09-25,5738.94970703125,6088.2998046875,6168.39990234375,6033.85009765625,6144.0,341785
2024-09-26,5704.21484375,6051.4501953125,6065.0,5904.10009765625,6005.60009765625,1255943
2024-09-27,5615.51416015625,5957.35009765625,6089.2998046875,5940.5,6068.10009765625,718197
2024-09-30,5384.619140625,5712.39990234375,5890.0,5690.5,5890.0,1346723
2024-10-01,5420.15625,5750.10009765625,5794.0,5665.0,5712.39990234375,742940
2024-10-03,5337.81787109375,5662.75,5733.35009765625,5622.0,5733.35009765625,1219791
2024-10-04,5204.06103515625,5520.85009765625,5649.9501953125,5484.0,5647.0498046875,943922
2024-10-07,5185.86767578125,5501.5498046875,5608.4501953125,5436.10009765625,5569.9501953125,682783
2024-10-08,5212.5439453125,5529.85009765625,5545.0,5411.0,5462.0,473756
2024-10-09,5235.8740234375,5554.60009765625,5588.0,5530.0,5541.0498046875,439340
2024-10-10,5143.02587890625,5456.10009765625,5594.9501953125,5445.0,5588.0,579335
2024-10-11,5162.06689453125,5476.2998046875,5488.35009765625,5440.0,5460.5,303034
2024-10-14,5236.5810546875,5555.35009765625,5575.0,5499.85009765625,5504.0,407147
2024-10-15,5189.732421875,5505.64990234375,5587.64990234375,5464.0,5565.0,302887
2024-10-16,5088.4482421875,5398.2001953125,5519.0,5387.0,5505.64990234375,504211
2024-10-17,4918.06982421875,5217.4501953125,5363.0498046875,5100.0,5363.0498046875,1947589
2024-10-18,4916.8916015625,5216.2001953125,5288.64990234375,5146.0498046875,5217.4501953125,427617
2024-10-21,4941.44677734375,5242.25,5253.85009765625,5085.0498046875,5216.2001953125,740720
2024-10-22,4878.8095703125,5175.7998046875,5274.39990234375,5155.0,5263.0,531833
2024-10-23,4850.43701171875,5145.7001953125,5280.0,5120.5498046875,5175.7998046875,411524
2024-10-24,4820.1787109375,5113.60009765625,5231.2001953125,5093.60009765625,5160.0498046875,349453
2024-10-25,4687.9287109375,4973.2998046875,5144.7001953125,4875.0,5120.0,709797
2024-10-28,4645.03955078125,4927.7998046875,5015.85009765625,4896.0498046875,4973.2998046875,419927
2024-10-29,4512.74365234375,4787.4501953125,4959.9501953125,4745.0,4927.85009765625,953917
2024-10-30,4627.6015625,4909.2998046875,5037.5,4740.10009765625,4745.0,1039340
2024-10-31,4703.2470703125,4989.5498046875,5027.5,4919.9501953125,4937.0,897452
2024-11-01,4732.42041015625,5020.5,5043.0,5010.14990234375,5039.7001953125,49631
2024-11-04,4530.27587890625,4806.0498046875,5127.5,4726.5,5127.5,1676556
2024-11-05,4544.0859375,4820.7001953125,4878.2998046875,4760.89990234375,4818.0,673746
2024-11-06,4612.0478515625,4892.7998046875,4920.0,4841.0,4858.0,602657
2024-11-07,4539.6552734375,4816.0,4916.9501953125,4788.0498046875,4916.9501953125,373373
2024-11-08,4495.2578125,4768.89990234375,4832.0,4735.9501953125,4830.0,333494
2024-11-11,4484.51220703125,4757.5,4786.14990234375,4717.5498046875,4763.0,424955
2024-11-12,4453.12255859375,4724.2001953125,4796.2001953125,4702.7998046875,4757.5,310558
2024-11-13,4260.26318359375,4519.60009765625,4696.75,4492.0,4691.64990234375,1304908
2024-11-14,4339.81982421875,4604.0,4630.0,4467.0,4519.60009765625,889483
2024-11-18,4461.41796875,4733.0,4839.9501953125,4714.10009765625,4834.14990234375,1783519
2024-11-19,4501.76171875,4775.7998046875,4853.9501953125,4734.5,4759.9501953125,704072
2024-11-21,4494.2685546875,4767.85009765625,4820.0,4741.2001953125,4799.9501953125,572418
2024-11-22,4519.01171875,4794.10009765625,4808.39990234375,4742.0,4778.39990234375,394712
2024-11-25,4579.52783203125,4858.2998046875,4908.64990234375,4815.0,4850.0,1174601
2024-11-26,4561.05322265625,4838.7001953125,4881.25,4801.0498046875,4860.0,384827
2024-11-27,4591.7353515625,4871.25,4893.39990234375,4810.60009765625,4842.0,296689
2024-11-28,4509.02001953125,4783.5,4909.9501953125,4760.10009765625,4894.0,778790
2024-11-29,4488.470703125,4761.7001953125,4804.4501953125,4732.10009765625,4798.7998046875,462448
2024-12-02,4475.98193359375,4748.4501953125,4779.0,4694.60009765625,4733.5,510429
2024-12-03,4427.4833984375,4697.0,4784.0,4690.0,4750.0,664696
2024-12-04,4369.8427734375,4635.85009765625,4725.0,4615.5,4705.0498046875,586762
2024-12-05,4377.8544921875,4644.35009765625,4678.0498046875,4588.39990234375,4656.0,796988
2024-12-06,4363.951171875,4629.60009765625,4720.0,4615.0,4656.9501953125,733835
2024-12-09,4332.23193359375,4595.9501953125,4659.60009765625,4590.0,4638.9501953125,329145
2024-12-10,4325.0205078125,4588.2998046875,4614.9501953125,4561.7001953125,4600.0,384707
2024-12-11,4383.6044921875,4650.4501953125,4654.35009765625,4586.25,4586.25,571443
2024-12-12,4295.28125,4556.75,4660.14990234375,4542.0,4650.4501953125,821540
2024-12-13,4312.908203125,4575.4501953125,4583.0,4500.0,4556.75,552194
2024-12-16,4278.5498046875,4539.0,4590.0,4515.7001953125,4590.0,835965
2024-12-17,4161.75927734375,4415.10009765625,4558.5498046875,4395.60009765625,4513.2998046875,778939
2024-12-18,4137.5810546875,4389.4501953125,4429.89990234375,4372.2001953125,4398.4501953125,738092
2024-12-19,4154.0771484375,4406.9501953125,4458.10009765625,4325.0,4329.5498046875,691740
2024-12-20,4090.921630859375,4339.9501953125,4461.5498046875,4325.0,4406.9501953125,800108
2024-12-23,4027.43603515625,4272.60009765625,4375.5,4258.35009765625,4365.0,931177
2024-12-24,4014.710693359375,4259.10009765625,4315.0,4250.0,4272.60009765625,561434
2024-12-26,4029.697998046875,4275.0,4307.85009765625,4255.60009765625,4270.0,375676
2024-12-27,3994.774169921875,4237.9501953125,4348.64990234375,4228.5498046875,4280.5,744900
2024-12-30,3947.313232421875,4187.60009765625,4274.0,4168.25,4252.75,1819173
2024-12-31,3921.86279296875,4160.60009765625,4217.4501953125,4150.0,4162.39990234375,492605
2025-01-01,3944.24951171875,4184.35009765625,4197.0,4130.0,4174.7998046875,329310
2025-01-02,4064.103515625,4311.5,4322.14990234375,4146.0,4185.0,1062633
2025-01-03,3999.628662109375,4243.10009765625,4299.7998046875,4162.4501953125,4265.4501953125,1269643
2025-01-06,3961.640625,4202.7998046875,4300.0,4187.75,4259.0,813031
2025-01-07,3923.229248046875,4162.0498046875,4224.85009765625,4155.2998046875,4200.10009765625,396158
2025-01-08,3900.653564453125,4138.10009765625,4197.0,4100.0,4197.0,438731
2025-01-09,3903.622802734375,4141.25,4164.39990234375,4112.35009765625,4149.35009765625,340998
2025-01-10,3885.665771484375,4122.2001953125,4164.0,4086.39990234375,4145.0,355269
2025-01-13,3811.623046875,4043.64990234375,4121.9501953125,3997.5,4100.0,801718
2025-01-14,3867.237548828125,4102.64990234375,4134.25,4057.75,4067.0,242769
2025-01-15,3875.956787109375,4111.89990234375,4157.2001953125,4083.14990234375,4123.2001953125,281045
2025-01-16,3840.325927734375,4074.10009765625,4175.0,4057.949951171875,4170.0,349664
2025-01-17,3862.8544921875,4098.0,4125.0,4050.0,4076.0,211342
2025-01-20,3857.293212890625,4092.10009765625,4117.5,4045.550048828125,4117.5,254936
2025-01-21,3793.854736328125,4024.800048828125,4119.0,4010.0,4092.89990234375,287082
2025-01-22,3822.981689453125,4055.699951171875,4072.0,4027.0,4027.0,272889
2025-01-23,3865.06982421875,4100.35009765625,4115.0,4025.0,4055.699951171875,282745
2025-01-24,3819.399658203125,4051.89990234375,4125.0,4041.10009765625,4105.0498046875,216273
2025-01-27,3785.512451171875,4015.949951171875,4074.800048828125,4000.0,4045.0,328160
2025-01-28,3795.316162109375,4026.35009765625,4062.300048828125,4000.0,4020.0,444089
2025-01-29,3838.7705078125,4072.449951171875,4114.7998046875,4033.050048828125,4036.0,479893
2025-01-30,3938.0751953125,4177.7998046875,4187.0,4060.050048828125,4079.199951171875,807120
2025-01-31,4090.1669921875,4339.14990234375,4372.7998046875,4176.0,4188.0,1056018
2025-02-01,4149.5517578125,4402.14990234375,4522.9501953125,4236.0498046875,4330.0,1141242
2025-02-03,4040.679443359375,4286.64990234375,4430.0,4228.2001953125,4420.0,846135
2025-02-04,3993.97265625,4237.10009765625,4350.0,4220.0,4324.0,554233
2025-02-05,4025.361572265625,4270.39990234375,4290.0,4212.60009765625,4238.0,408928
2025-02-06,3987.3271484375,4230.0498046875,4334.64990234375,4216.89990234375,4289.0,576470
2025-02-07,4029.3681640625,4274.64990234375,4319.9501953125,4215.60009765625,4319.9501953125,1344288
2025-02-10,3955.655517578125,4196.4501953125,4320.9501953125,4170.10009765625,4306.2998046875,779450
2025-02-11,3851.118896484375,4085.550048828125,4239.0,4071.0,4200.0,593081
2025-02-12,3880.30029296875,4015.75,4066.60009765625,3955.050048828125,4007.0,619474
2025-02-13,3823.09716796875,3956.550048828125,4025.10009765625,3945.10009765625,4005.0,557075
2025-02-14,3732.122802734375,3862.39990234375,3981.10009765625,3850.0,3960.050048828125,475952
2025-02-17,3745.69873046875,3876.449951171875,3886.14990234375,3757.64990234375,3845.050048828125,913565
2025-02-18,3710.96142578125,3840.5,3891.89990234375,3810.0,3880.0,482022
2025-02-19,3748.307861328125,3879.14990234375,3898.89990234375,3815.0,3840.89990234375,453662
2025-02-20,3777.24755859375,3909.10009765625,3938.0,3855.5,3864.5,438563
2025-02-21,3722.6533203125,3852.60009765625,3916.85009765625,3828.64990234375,3900.0,426337
2025-02-24,3753.815673828125,3884.85009765625,3891.10009765625,3800.10009765625,3839.85009765625,272543
2025-02-25,3699.12451171875,3828.25,3883.300048828125,3817.10009765625,3877.0,661184
2025-02-27,3632.741943359375,3759.550048828125,3810.300048828125,3725.25,3808.14990234375,877741
2025-02-28,3556.93798828125,3681.10009765625,3746.949951171875,3662.14990234375,3745.60009765625,995134
2025-03-03,3508.2861328125,3630.75,3715.0,3617.0,3644.050048828125,691809
2025-03-04,3396.29541015625,3514.85009765625,3639.89990234375,3495.0,3625.0,946922
2025-03-05,3467.702880859375,3588.75,3609.60009765625,3513.5,3515.0,611959
2025-03-06,3525.67919921875,3648.75,3658.0,3582.699951171875,3629.5,654829
2025-03-07,3529.302490234375,3652.5,3733.699951171875,3625.0,3664.0,621576
2025-03-10,3462.001953125,3582.85009765625,3665.75,3575.699951171875,3653.0,675889
2025-03-11,3527.514892578125,3650.64990234375,3663.5,3552.75,3579.0,618870
2025-03-12,3488.477783203125,3610.25,3669.449951171875,3597.0,3650.64990234375,385877
2025-03-13,3410.113037109375,3529.14990234375,3625.550048828125,3524.35009765625,3625.0,359751
2025-03-17,3375.279052734375,3493.10009765625,3549.0,3461.60009765625,3486.0,673556
2025-03-18,3375.279052734375,3493.10009765625,3493.10009765625,3493.10009765625,3493.10009765625,0
2025-03-19,3417.6982421875,3537.0,3588.85009765625,3514.14990234375,3585.0,674188
2025-03-20,3475.8193359375,3597.14990234375,3634.0,3561.25,3579.0,771668
2025-03-21,3506.59521484375,3629.0,3711.89990234375,3611.75,3629.0,1195882
2025-03-24,3504.03466796875,3626.35009765625,3687.35009765625,3582.85009765625,3658.0,663262
2025-03-25,3505.58056640625,3627.949951171875,3675.699951171875,3615.0,3652.5,544164
2025-03-26,3522.9736328125,3645.949951171875,3669.300048828125,3605.39990234375,3650.0,755658
2025-03-27,3644.8203125,3772.050048828125,3789.0,3610.35009765625,3634.0,1525094
2025-03-28,3597.37646484375,3722.949951171875,3808.75,3707.35009765625,3779.0,509889
2025-04-01,3635.157470703125,3762.050048828125,3816.60009765625,3707.35009765625,3707.35009765625,506307
2025-04-02,3656.31884765625,3783.949951171875,3789.800048828125,3732.89990234375,3770.0,321687
2025-04-03,3626.7509765625,3753.35009765625,3807.10009765625,3735.64990234375,3780.0,339509
2025-04-04,3535.7763671875,3659.199951171875,3744.949951171875,3632.550048828125,3744.949951171875,330498
2025-04-07,3407.93896484375,3526.89990234375,3545.0,3344.0,3478.949951171875,605866
2025-04-08,3453.59521484375,3574.14990234375,3622.89990234375,3510.25,3600.0,450859
2025-04-09,3489.105712890625,3610.89990234375,3678.75,3538.0,3590.0,584571
2025-04-11,3542.34716796875,3666.0,3704.10009765625,3620.449951171875,3620.449951171875,436704
2025-04-15,3675.595947265625,3803.89990234375,3816.0,3686.5,3749.0,604277
2025-04-16,3654.337890625,3781.89990234375,3816.60009765625,3742.0,3809.0,491227
2025-04-17,3644.57861328125,3771.800048828125,3797.60009765625,3664.300048828125,3781.89990234375,970749
2025-04-21,3784.881103515625,3917.0,3932.5,3756.0,3794.0,1031160
2025-04-22,3704.29443359375,3833.60009765625,3902.89990234375,3821.199951171875,3901.0,927543
2025-04-23,3807.58837890625,3940.5,3954.199951171875,3822.60009765625,3862.10009765625,800615
2025-04-24,3821.1162109375,3954.5,3988.0,3924.89990234375,3940.60009765625,1227984
2025-04-25,3764.106201171875,3895.5,3994.10009765625,3839.89990234375,3960.0,652719
2025-04-28,3779.760009765625,3911.699951171875,3935.0,3846.5,3895.0,521342
2025-04-29,3722.749755859375,3852.699951171875,3953.89990234375,3846.39990234375,3935.5,428581
2025-04-30,3698.30322265625,3827.39990234375,3867.5,3806.5,3852.699951171875,892342
2025-05-02,3611.3388671875,3737.39990234375,3914.0,3725.0,3803.60009765625,881303
2025-05-05,3640.520263671875,3767.60009765625,3794.5,3742.300048828125,3769.0,640182
2025-05-06,3741.978759765625,3872.60009765625,3908.0,3781.0,3785.0,1210118
2025-05-07,3737.533935546875,3868.0,3894.800048828125,3813.60009765625,3820.0,448141
2025-05-08,3672.310546875,3800.5,3875.0,3775.699951171875,3869.0,739365
2025-05-09,3723.909423828125,3853.89990234375,3896.10009765625,3735.0,3735.0,859973
2025-05-12,3850.49072265625,3984.89990234375,3999.5,3910.0,3929.89990234375,547435
2025-05-13,3926.536376953125,4063.60009765625,4098.39990234375,3957.5,3999.0,1197629
2025-05-14,3930.014892578125,4067.199951171875,4107.7998046875,3933.0,4070.0,1199813
2025-05-15,4179.11962890625,4325.0,4347.0,4067.199951171875,4083.0,2629014
2025-05-16,4198.734375,4345.2998046875,4363.0,4294.2998046875,4330.0,765257
2025-05-19,4239.70458984375,4387.7001953125,4454.60009765625,4323.10009765625,4323.10009765625,753807
2025-05-20,4098.53271484375,4241.60009765625,4437.2001953125,4231.39990234375,4409.0,842529
2025-05-21,4119.98388671875,4263.7998046875,4288.89990234375,4212.0,4241.0,396931
2025-05-22,4132.0615234375,4276.2998046875,4284.0,4202.89990234375,4250.0,394809
2025-05-23,4163.4658203125,4308.7998046875,4335.0,4276.39990234375,4288.89990234375,461297
2025-05-26,4212.35888671875,4359.39990234375,4418.2998046875,4300.0,4309.89990234375,765160
2025-05-27,4191.87451171875,4338.2001953125,4374.89990234375,4300.0,4370.5,411809
2025-05-28,4215.06494140625,4362.2001953125,4383.39990234375,4310.5,4368.0,424160
2025-05-29,4209.65380859375,4356.60009765625,4384.0,4332.10009765625,4384.0,369150
2025-05-30,4163.94921875,4309.2998046875,4380.0,4289.2998046875,4341.60009765625,914311
2025-06-02,4089.546142578125,4232.2998046875,4318.7001953125,4196.0,4310.10009765625,771163
2025-06-03,4066.6455078125,4208.60009765625,4280.5,4201.0,4250.0,417447
2025-06-04,4058.915771484375,4200.60009765625,4240.7001953125,4191.2998046875,4213.0,353642
2025-06-05,4037.947509765625,4178.89990234375,4227.7998046875,4172.7998046875,4227.7998046875,394746
2025-06-06,4124.0419921875,4268.0,4296.89990234375,4158.10009765625,4189.0,551467
2025-06-09,4202.6962890625,4349.39990234375,4360.0,4275.0,4304.89990234375,495256
2025-06-10,4231.2978515625,4379.0,4392.0,4329.7001953125,4370.10009765625,469185
2025-06-11,4261.5419921875,4410.2998046875,4486.7001953125,4365.89990234375,4375.0,1241569
2025-06-12,4215.64404296875,4362.7998046875,4425.0,4340.0,4410.2998046875,813687
2025-06-13,4187.62255859375,4333.7998046875,4347.0,4251.39990234375,4266.10009765625,521000
2025-06-16,4217.287109375,4364.5,4414.10009765625,4312.5,4316.0,360242
2025-06-17,4223.56787109375,4371.0,4390.0,4333.7998046875,4369.0,331648
2025-06-18,4210.90966796875,4357.89990234375,4432.0,4350.0,4352.0,370443
2025-06-19,4236.41943359375,4384.2998046875,4404.0,4350.2998046875,4374.89990234375,425692
2025-06-20,4192.1640625,4338.5,4382.39990234375,4204.89990234375,4380.5,1159015
2025-06-23,4109.64453125,4253.10009765625,4324.7001953125,4245.0,4320.0,580717
2025-06-24,4147.7158203125,4292.5,4330.0,4262.0,4283.10009765625,469217
2025-06-25,4155.7353515625,4300.7998046875,4357.89990234375,4290.0,4301.5,412213
2025-06-26,4133.70458984375,4278.0,4324.89990234375,4248.10009765625,4305.89990234375,795726
2025-06-27,4174.57763671875,4320.2998046875,4349.89990234375,4285.0,4299.0,543489
2025-06-30,4094.184326171875,4237.10009765625,4344.0,4211.0,4344.0,871009
2025-07-01,4083.458740234375,4226.0,4264.0,4190.10009765625,4258.2998046875,480538
2025-07-02,4100.56201171875,4243.7001953125,4324.60009765625,4230.10009765625,4284.39990234375,808159
2025-07-03,4165.205078125,4310.60009765625,4350.0,4238.0,4244.0,650625
2025-07-04,4198.44482421875,4345.0,4374.7001953125,4307.10009765625,4325.0,437195
2025-07-07,4161.7265625,4307.0,4359.60009765625,4293.0,4340.0,353771
2025-07-08,4155.34912109375,4300.39990234375,4329.0,4240.0,4305.10009765625,467771
2025-07-09,4186.9462890625,4333.10009765625,4344.0,4290.2001953125,4300.0,276485
2025-07-10,4175.5439453125,4321.2998046875,4348.89990234375,4310.0,4330.10009765625,368728
2025-07-11,4076.40478515625,4218.7001953125,4340.0,4190.0,4300.10009765625,556464
2025-07-14,4108.2919921875,4251.7001953125,4259.0,4197.2001953125,4219.0,293675
2025-07-15,4303.76806640625,4454.0,4465.0,4260.10009765625,4275.7998046875,1756329
2025-07-16,4275.26318359375,4424.5,4470.0,4371.0,4454.0,791606
2025-07-17,4293.71923828125,4443.60009765625,4463.89990234375,4412.0,4437.0,414759
2025-07-18,4248.40087890625,4396.7001953125,4484.0,4387.2001953125,4450.0,370997
2025-07-21,4259.51318359375,4408.2001953125,4422.0,4346.2001953125,4410.0,269975
2025-07-22,4195.9326171875,4342.39990234375,4431.7001953125,4318.7998046875,4418.0,463290
2025-07-23,4216.51416015625,4363.7001953125,4377.0,4325.89990234375,4360.0,376802
2025-07-24,4219.65283203125,4301.89990234375,4320.0,4255.10009765625,4310.0,584473
2025-07-25,4149.814453125,4230.7001953125,4290.7998046875,4195.0,4278.0,630896
2025-07-28,4209.0595703125,4291.10009765625,4307.0,4215.5,4215.5,462891
2025-07-29,4242.5078125,4325.2001953125,4334.39990234375,4265.60009765625,4290.0,422393
2025-07-30,4170.02001953125,4251.2998046875,4325.7998046875,4215.7001953125,4311.0,547169
2025-07-31,4179.24072265625,4260.7001953125,4303.0,4201.0,4210.0,446590
2025-08-01,4229.16748046875,4311.60009765625,4322.0,4240.0,4255.10009765625,473918
2025-08-04,4449.17919921875,4535.89990234375,4550.0,4310.10009765625,4315.89990234375,1454995
2025-08-05,4459.87060546875,4546.7998046875,4581.5,4515.89990234375,4536.0,803505
2025-08-06,4389.34521484375,4474.89990234375,4549.89990234375,4462.10009765625,4549.60009765625,574216
2025-08-07,4571.59326171875,4660.7001953125,4674.89990234375,4422.2998046875,4430.0,2121194
2025-08-08,4511.857421875,4599.7998046875,4712.0,4588.10009765625,4660.0,972461
2025-08-11,4474.9765625,4562.2001953125,4624.7001953125,4539.0,4603.0,455558
2025-08-12,4556.3896484375,4645.2001953125,4669.60009765625,4571.0,4589.0,723767
2025-08-13,4677.5283203125,4768.7001953125,4793.5,4650.2001953125,4668.2998046875,1342794
2025-08-14,4618.0869140625,4708.10009765625,4773.5,4690.5,4770.0,373862
2025-08-18,4888.7119140625,4984.0,5119.0,4900.0,4900.0,3698091
2025-08-19,5020.34619140625,5118.2001953125,5139.0,4984.0,4984.0,1509894
2025-08-20,5037.80615234375,5136.0,5165.0,5111.10009765625,5120.0,916240
2025-08-21,4999.64990234375,5097.10009765625,5158.89990234375,5040.0,5136.0,819430
2025-08-22,4902.34619140625,4997.89990234375,5123.2998046875,4982.0,5097.10009765625,1357460
2025-08-25,4966.986328125,5063.7998046875,5079.89990234375,4976.0,5010.0,693190
2025-08-26,4976.40283203125,5073.39990234375,5143.0,5041.0,5063.7998046875,1662083
2025-08-28,4994.35302734375,5091.7001953125,5246.0,5078.39990234375,5230.0,1584393
2025-08-29,4990.4296875,5087.7001953125,5148.2998046875,5061.39990234375,5099.5,783364
2025-09-01,5143.7412109375,5244.0,5259.5,5109.5,5113.5,659443
2025-09-02,5210.44091796875,5312.0,5348.0,5208.0,5290.0,962257
2025-09-03,5246.7333984375,5349.0,5363.5,5256.5,5325.0,659989
2025-09-04,5248.6953125,5351.0,5519.0,5341.0,5505.0,1187848
2025-09-05,5260.4658203125,5363.0,5419.5,5348.5,5360.0,517415
2025-09-08,5338.9365234375,5443.0,5524.5,5335.0,5370.0,726543
2025-09-09,5319.80908203125,5423.5,5488.0,5391.0,5465.5,608443
2025-09-10,5248.205078125,5350.5,5458.0,5317.5,5450.0,536616
2025-09-11,5200.63232421875,5302.0,5363.0,5286.0,5350.5,765635
2025-09-12,5200.1416015625,5301.5,5389.5,5286.0,5306.0,537933
2025-09-15,5187.39013671875,5288.5,5356.0,5268.0,5324.0,588879
2025-09-16,5214.36474609375,5316.0,5349.0,5284.0,5307.0,925160
2025-09-17,5247.71435546875,5350.0,5388.0,5310.5,5344.0,616629
2025-09-18,5267.33203125,5370.0,5387.0,5340.0,5360.0,420977
2025-09-19,5304.60546875,5408.0,5435.0,5372.0,5390.0,579031
2025-09-22,5325.6943359375,5429.5,5499.0,5400.0,5409.0,672445
2025-09-23,5267.82275390625,5370.5,5514.0,5351.0,5450.0,507377
2025-09-24,5176.1103515625,5277.0,5376.0,5265.0,5370.0,410267
2025-09-25,5252.12841796875,5354.5,5374.0,5231.0,5270.0,640474
2025-09-26,5226.13525390625,5328.0,5454.0,5308.5,5354.5,689941
2025-09-29,5199.16064453125,5300.5,5429.0,5269.0,5328.0,8318930
2025-09-30,5367.87255859375,5472.5,5483.5,5323.0,5323.0,1141788
2025-10-01,5328.63720703125,5432.5,5519.0,5410.0,5472.5,701001
2025-10-03,5444.38134765625,5550.5,5584.0,5370.5,5465.0,1634394
2025-10-06,5474.78857421875,5581.5,5595.0,5527.0,5527.0,844413
2025-10-07,5507.64794921875,5615.0,5649.0,5572.5,5581.5,858678
2025-10-08,5407.10791015625,5512.5,5659.0,5492.5,5612.0,789561
2025-10-09,5406.6171875,5512.0,5537.0,5466.0,5515.0,872880
2025-10-10,5394.8466796875,5500.0,5567.5,5476.5,5512.0,835407
2025-10-13,5452.71875,5559.0,5581.0,5484.5,5500.0,417645
2025-10-14,5464.9794921875,5571.5,5591.0,5540.0,5582.5,375269
2025-10-15,5431.6298828125,5537.5,5609.0,5447.0,5580.0,484777
2025-10-16,5472.82666015625,5579.5,5612.0,5551.5,5577.0,294066
2025-10-17,5485.578125,5592.5,5625.0,5550.5,5582.0,435204
2025-10-20,5533.15087890625,5641.0,5694.0,5606.5,5620.0,368799
2025-10-21,5538.5458984375,5646.5,5668.0,5631.0,5667.0,40575
2025-10-23,5481.65478515625,5588.5,5717.0,5561.5,5715.0,489097
2025-10-24,5434.572265625,5540.5,5625.0,5484.5,5615.0,546761
2025-10-27,5538.5458984375,5646.5,5662.0,5550.0,5570.0,424721
2025-10-28,5502.2529296875,5609.5,5665.0,5575.0,5640.0,539756
2025-10-29,5445.36181640625,5551.5,5638.5,5527.0,5637.5,432099
2025-10-30,5409.56005859375,5515.0,5587.5,5493.0,5570.5,402078
2025-10-31,5438.00537109375,5544.0,5625.0,5501.0,5514.5,424188
2025-11-03,5433.10107421875,5539.0,5579.5,5482.0,5579.5,223771
2025-11-04,5207.49853515625,5309.0,5475.0,5252.5,5475.0,2003141
2025-11-06,5224.17333984375,5326.0,5408.5,5305.0,5352.5,815323
2025-11-07,5194.7470703125,5296.0,5324.0,5258.0,5305.0,436406
2025-11-10,5257.03271484375,5359.5,5410.0,5300.5,5310.0,347961
2025-11-11,5313.923828125,5417.5,5430.0,5331.0,5375.5,348232
2025-11-12,5428.19677734375,5534.0,5557.0,5421.5,5440.0,534031
2025-11-13,5403.18408203125,5508.5,5594.5,5485.5,5554.0,585663
2025-11-14,5432.61083984375,5538.5,5629.5,5462.5,5521.5,938647
2025-11-17,5687.6396484375,5798.5,5810.0,5571.0,5589.0,1770568
2025-11-18,5688.62060546875,5799.5,5882.0,5789.5,5820.0,1182455
2025-11-19,5764.1484375,5876.5,5916.5,5835.0,5851.0,935374
2025-11-20,5884.796875,5999.5,6042.0,5921.5,5950.0,1276202
2025-11-21,5887.7392578125,6002.5,6038.0,5957.5,5970.0,703572
2025-11-24,5867.63134765625,5982.0,6049.0,5972.0,6003.0,1349305
2025-11-25,5965.22900390625,6081.5,6087.5,5969.5,6000.0,707293
2025-11-26,6019.177734375,6136.5,6146.0,6052.0,6083.5,452071
2025-11-27,6033.400390625,6151.0,6200.0,6097.0,6137.0,352120
2025-11-28,6056.451171875,6174.5,6239.0,6128.0,6152.0,504441
2025-12-01,6175.1376953125,6295.5,6333.5,6210.5,6230.0,912454
2025-12-02,6150.61572265625,6270.5,6340.0,6231.0,6330.0,809216
2025-12-03,6092.74365234375,6211.5,6294.0,6191.0,6294.0,543787
2025-12-04,6218.787109375,6340.0,6351.0,6239.5,6248.0,883433
2025-12-05,6229.0859375,6350.5,6388.5,6305.0,6335.0,651633
2025-12-08,6049.09423828125,6167.0,6351.0,6144.5,6310.0,707514
2025-12-09,5886.26806640625,6001.0,6164.0,5966.0,6164.0,1186776
2025-12-10,5831.8291015625,5945.5,6044.5,5915.5,6028.0,820197
2025-12-11,5865.17919921875,5979.5,6019.5,5905.5,5945.5,695094
2025-12-12,5846.05224609375,5960.0,6037.5,5950.5,6003.5,679186
2025-12-15,5845.5615234375,5959.5,5976.5,5876.5,5939.5,652031
2025-12-16,5832.81005859375,5946.5,5986.0,5932.5,5960.5,388048
2025-12-17,5705.7861328125,5817.0,5971.0,5782.0,5970.0,538205
2025-12-18,5638.595703125,5748.5,5785.0,5513.0,5785.0,1016539
2025-12-19,5670.47412109375,5781.0,5797.5,5725.0,5725.0,769295
2025-12-22,5590.53271484375,5699.5,5793.5,5681.0,5793.5,1213460
2025-12-23,5634.181640625,5744.0,5752.5,5695.0,5710.0,351302
2025-12-24,5589.5517578125,5698.5,5750.0,5690.0,5744.0,313655
2025-12-26,5529.2275390625,5637.0,5720.0,5611.0,5698.5,249826
2025-12-29,5459.5849609375,5566.0,5651.0,5550.5,5637.0,572147
2025-12-30,5601.8125,5711.0,5742.5,5566.5,5570.0,2980473
2025-12-31,5660.66552734375,5771.0,5785.5,5684.5,5709.5,473265
2026-01-01,5729.8173828125,5841.5,5856.0,5730.0,5771.0,384697
2026-01-02,5819.568359375,5933.0,6029.5,5875.0,5900.0,1069537
2026-01-05,5871.064453125,5985.5,6045.0,5925.0,5960.0,653817
2026-01-06,5885.287109375,6000.0,6037.0,5960.0,6010.0,453152
2026-01-07,5866.650390625,5981.0,6049.0,5944.0,6033.5,609748
2026-01-08,5738.1552734375,5850.0,5985.0,5830.0,5981.0,562060
2026-01-09,5662.62744140625,5773.0,5891.0,5751.0,5850.0,500234
2026-01-12,5617.01611328125,5726.5,5792.0,5627.0,5773.0,314329
2026-01-13,5624.86328125,5734.5,5780.0,5680.5,5780.0,336437
2026-01-14,5567.97216796875,5676.5,5741.0,5640.0,5720.0,368182
2026-01-15,5567.97216796875,5676.5,5676.5,5676.5,5676.5,0
2026-01-16,5543.4501953125,5651.5,5732.0,5617.5,5622.0,588398
2026-01-19,5652.328125,5762.5,5787.5,5590.0,5625.0,581040
2026-01-20,5473.8076171875,5580.5,5845.0,5555.0,5779.0,394664
2026-01-21,5432.61083984375,5538.5,5642.0,5504.0,5580.5,406596
2026-01-22,5383.56640625,5488.5,5665.0,5465.5,5593.0,401574
2026-01-23,5281.064453125,5384.0,5524.5,5368.0,5514.0,460330
2026-01-27,5277.14111328125,5380.0,5424.5,5298.5,5418.0,400942
2026-01-28,5407.10791015625,5512.5,5524.0,5328.5,5407.0,547414
2026-01-29,5473.3173828125,5580.0,5595.0,5472.0,5522.0,337842
2026-01-30,5428.19677734375,5534.0,5595.0,5465.0,5540.5,466102
2026-02-02,5515.4951171875,5623.0,5650.5,5418.0,5550.0,449861
2026-02-03,5652.818359375,5763.0,5791.0,5676.5,5734.0,592655
2026-02-04,5739.62646484375,5851.5,5878.0,5716.5,5747.0,490202
2026-02-05,5655.76123046875,5766.0,5890.0,5745.0,5880.5,331312
2026-02-06,5643.5,5753.5,5841.0,5715.5,5772.0,770475
2026-02-09,5646.44287109375,5756.5,5816.0,5667.0,5800.0,543956
2026-02-10,5643.5,5753.5,5845.0,5718.0,5785.0,816528
2026-02-11,5682.5,5682.5,5750.0,5546.0,5695.0,684908
2026-02-12,5733.0,5733.0,5805.0,5683.5,5704.0,560676
2026-02-13,5584.0,5584.0,5724.5,5560.0,5702.0,394003
2026-02-16,5492.0,5492.0,5623.5,5459.0,5578.0,285719
2026-02-17,5577.0,5577.0,5588.0,5446.5,5490.0,288723
2026-02-18,5592.0,5592.0,5628.0,5546.5,5595.0,197770
2026-02-19,5414.5,5414.5,5644.5,5387.5,5600.0,307768
2026-02-20,5465.0,5465.0,5472.0,5375.0,5400.0,560735
2026-02-23,5488.5,5488.5,5549.0,5437.0,5504.5,310190
2026-02-24,5511.0,5511.0,5523.0,5436.5,5480.0,396015
2026-02-25,5737.5,5737.5,5840.0,5500.5,5511.0,898486
2026-02-26,5787.0,5787.0,5829.0,5718.5,5760.0,489797
2026-02-27,5710.0,5710.0,5800.0,5689.0,5775.0,584546
2026-03-02,5591.5,5591.5,5725.0,5503.0,5565.0,432301
2026-03-04,5500.0,5500.0,5529.0,5427.5,5520.0,455955
2026-03-05,5588.5,5588.5,5622.5,5480.0,5513.5,545405
2026-03-06,5512.5,5512.5,5571.5,5490.0,5571.0,431008
2026-03-09,5480.0,5480.0,5510.0,5337.5,5447.0,306358
2026-03-10,5711.5,5711.5,5733.5,5527.5,5546.5,493375
2026-03-11,5575.0,5575.0,5766.0,5554.0,5729.5,511965
2026-03-12,5394.5,5394.5,5589.0,5376.0,5589.0,476478
2026-03-13,5206.0,5206.0,5377.5,5168.0,5338.0,496250
2026-03-16,5278.5,5278.5,5329.0,5124.5,5198.5,466610
2026-03-17,5355.0,5355.0,5384.0,5232.0,5276.5,403766
2026-03-18,5426.0,5426.0,5488.0,5365.0,5370.0,390261
2026-03-19,5172.5,5172.5,5366.5,5151.0,5349.0,397483
2026-03-20,5275.5,5275.5,5367.5,5216.0,5218.0,1043098
2026-03-23,5065.0,5065.0,5200.0,5051.0,5191.0,340775
2026-03-24,5253.0,5253.0,5317.0,5124.5,5185.0,435050
2026-03-25,5289.5,5289.5,5364.0,5278.0,5305.0,531702
2026-03-27,5143.0,5143.0,5244.0,5125.5,5212.0,535331
2026-03-30,5063.0,5063.0,5140.0,5037.5,5068.0,704213
2026-04-01,5122.0,5122.0,5244.0,5077.5,5152.0,546972
2026-04-02,5011.5,5011.5,5077.0,4904.0,5076.0,753867
2026-04-06,5103.5,5103.5,5122.5,4985.5,5019.5,348536
2026-04-07,5051.0,5051.0,5084.0,4932.0,5075.0,429282
2026-04-08,5287.5,5287.5,5349.5,5243.0,5250.0,790692
2026-04-09,5284.0,5284.0,5380.0,5204.0,5287.5,760419
2026-04-10,5466.5,5466.5,5484.5,5295.5,5297.0,855903
2026-04-13,5247.0,5247.0,5375.0,5202.5,5325.0,743470
2026-04-15,5287.5,5287.5,5361.5,5275.0,5361.5,651858
2026-04-16,5159.5,5159.5,5349.0,5129.5,5315.0,920301
2026-04-17,5230.5,5230.5,5250.0,5130.5,5136.5,545014
2026-04-20,5282.5,5282.5,5318.0,5210.0,5230.5,654258
2026-04-21,5259.0,5259.0,5310.0,5252.0,5260.0,321063
2026-04-22,5189.0,5189.0,5291.0,5178.0,5255.5,293830
2026-04-23,5032.0,5032.0,5160.0,4995.0,5150.0,628266
2026-04-24,4961.5,4961.5,5060.5,4941.5,5035.5,520325
2026-04-27,5043.0,5043.0,5098.0,5005.5,5012.5,448144
2026-04-28,5068.0,5068.0,5105.5,5019.0,5042.5,667998
2026-04-29,5114.5,5114.5,5208.5,5081.5,5094.0,474261
2026-04-30,5099.0,5099.0,5114.5,5020.0,5080.0,478138
2026-05-01,5099.0,5099.0,5099.0,5099.0,5099.0,0
2026-05-04,5066.5,5066.5,5237.0,5006.0,5186.0,617748
2026-05-05,5109.0,5109.0,5135.0,5018.0,5060.0,573411
2026-05-06,5170.0,5170.0,5281.0,4950.0,5240.0,2717300
2026-05-07,5343.0,5343.0,5458.5,5189.5,5235.0,1775531
2026-05-08,5322.0,5322.0,5398.5,5265.0,5341.0,558660
2026-05-11,5228.5,5228.5,5283.5,5146.0,5262.5,447686
2026-05-12,5082.5,5082.5,5270.0,5070.0,5230.0,391060
2026-05-13,4995.0,4995.0,5128.0,4977.0,5117.5,494571
2026-05-14,5077.0,5077.0,5091.0,4880.0,5020.0,594448
2026-05-15,5064.5,5064.5,5139.5,5044.0,5082.0,425856
2026-05-18,4957.0,4957.0,5034.5,4924.0,5034.5,434446
2026-05-19,5007.5,5007.5,5040.0,4932.5,4944.5,560327
2026-05-20,4968.0,4968.0,5015.0,4902.0,4967.0,416572
2026-05-21,4969.5,4969.5,5039.5,4955.5,5020.0,335986
2026-05-22,4966.0,4966.0,5014.5,4950.0,4970.0,284550
2026-05-25,4979.0,4979.0,5065.5,4948.0,5026.0,445788
2026-05-26,4983.0,4983.0,5029.0,4953.0,4979.0,413024
2026-05-27,5075.0,5075.0,5102.0,4980.0,4993.0,460843
2026-05-28,5075.0,5075.0,5075.0,5075.0,5075.0,0
2026-05-29,4903.0,4903.0,5140.0,4875.5,5115.0,1648645
2026-06-01,4819.89990234375,4819.89990234375,4969.0,4761.0,4915.5,856536
2026-06-02,4875.0,4875.0,4892.10009765625,4747.10009765625,4838.39990234375,703263
2026-06-03,4840.89990234375,4840.89990234375,4873.7998046875,4815.0,4856.0,571637
2026-06-04,4882.2998046875,4882.2998046875,4980.0,4850.39990234375,4850.39990234375,783946
2026-06-05,4835.0,4835.0,4904.5,4791.10009765625,4898.0,654540
2026-06-08,4775.5,4775.5,4836.60009765625,4760.60009765625,4795.0,296366
2026-06-09,4855.39990234375,4855.39990234375,4872.2001953125,4768.60009765625,4791.60009765625,481952
2026-06-10,4856.7001953125,4856.7001953125,4985.0,4842.2998046875,4850.60009765625,632203
2026-06-11,4836.2001953125,4836.2001953125,4875.0,4810.2001953125,4840.60009765625,365084
