Date,Adj Close,Close,High,Low,Open,Volume
,HINDALCO.NS,HINDALCO.NS,HINDALCO.NS,HINDALCO.NS,HINDALCO.NS,HINDALCO.NS
2021-01-01,230.024169921875,238.35000610351562,240.0,237.60000610351562,239.0,5091899
2021-01-04,245.41700744628906,254.3000030517578,258.0,239.5500030517578,240.89999389648438,24902369
2021-01-05,241.55674743652344,250.3000030517578,252.75,247.0,251.10000610351562,12297457
2021-01-06,250.0010528564453,259.04998779296875,260.0,247.75,250.75,18029077
2021-01-07,263.3672790527344,272.8999938964844,275.3999938964844,261.0,261.45001220703125,32739259
2021-01-08,258.83148193359375,268.20001220703125,274.45001220703125,265.1499938964844,273.95001220703125,20606695
2021-01-11,255.4537353515625,264.70001220703125,269.3999938964844,258.0,267.6000061035156,13163440
2021-01-12,255.11595153808594,264.3500061035156,270.5,260.45001220703125,260.45001220703125,13136084
2021-01-13,253.475341796875,262.6499938964844,268.3999938964844,258.8500061035156,265.5,13300126
2021-01-14,252.2689971923828,261.3999938964844,265.1000061035156,259.54998779296875,262.70001220703125,7601547
2021-01-15,244.5001983642578,253.35000610351562,263.29998779296875,251.10000610351562,262.0,17738049
2021-01-18,234.656494140625,243.14999389648438,254.25,240.60000610351562,252.3000030517578,17989695
2021-01-19,242.7630615234375,251.5500030517578,252.64999389648438,243.35000610351562,246.5,10254337
2021-01-20,243.2938690185547,252.10000610351562,253.64999389648438,248.60000610351562,251.60000610351562,11090894
2021-01-21,240.2056121826172,248.89999389648438,254.5500030517578,246.4499969482422,252.85000610351562,8781513
2021-01-22,230.84445190429688,239.1999969482422,249.8000030517578,235.5500030517578,247.25,16005359
2021-01-25,231.90606689453125,240.3000030517578,243.89999389648438,233.60000610351562,240.6999969482422,8297942
2021-01-27,223.31692504882812,231.39999389648438,240.0500030517578,229.75,240.0,14139166
2021-01-28,221.0490264892578,229.0500030517578,232.10000610351562,224.5500030517578,225.0,13756664
2021-01-29,218.39508056640625,226.3000030517578,234.3000030517578,225.0,230.10000610351562,14992241
2021-02-01,232.72634887695312,241.14999389648438,243.9499969482422,226.5500030517578,227.35000610351562,12417894
2021-02-02,246.43032836914062,255.35000610351562,257.3999938964844,243.89999389648438,244.1999969482422,18251184
2021-02-03,248.26397705078125,257.25,263.3999938964844,252.5500030517578,254.0,15670948
2021-02-04,252.7032470703125,261.8500061035156,267.3999938964844,258.95001220703125,259.95001220703125,21296401
2021-02-05,252.89625549316406,262.04998779296875,266.0,255.89999389648438,264.0,12833374
2021-02-08,269.2059631347656,278.95001220703125,280.54998779296875,263.54998779296875,264.0,27556901
2021-02-09,268.3373718261719,278.04998779296875,285.8999938964844,275.6499938964844,278.54998779296875,22066741
2021-02-10,269.6402282714844,279.3999938964844,283.3500061035156,274.70001220703125,281.0,16789592
2021-02-11,285.08135986328125,295.3999938964844,297.3500061035156,279.8500061035156,280.79998779296875,47356292
2021-02-12,280.64202880859375,290.79998779296875,297.25,286.5,297.0,15454237
2021-02-15,281.2210388183594,291.3999938964844,296.04998779296875,289.0,292.5,8041775
2021-02-16,292.1263427734375,302.70001220703125,307.3500061035156,293.0,293.54998779296875,27519511
2021-02-17,293.284423828125,303.8999938964844,308.5,301.0,302.70001220703125,18221106
2021-02-18,299.0748291015625,309.8999938964844,312.6000061035156,305.0,306.04998779296875,16202053
2021-02-19,297.2412109375,308.0,313.3500061035156,302.25,308.0,17410357
2021-02-22,305.05828857421875,316.1000061035156,328.0,310.0,310.0,45975603
2021-02-23,321.4161682128906,333.04998779296875,338.1499938964844,316.6499938964844,321.95001220703125,50677230
2021-02-24,321.17486572265625,332.79998779296875,337.5,328.0,334.20001220703125,14777374
2021-02-25,338.44964599609375,350.70001220703125,354.6000061035156,337.0,337.6000061035156,35967464
2021-02-26,328.36468505859375,340.25,349.6499938964844,334.75,343.0,20379210
2021-03-01,332.0801696777344,344.1000061035156,347.0,334.6000061035156,342.0,14556212
2021-03-02,333.1900329589844,345.25,349.29998779296875,338.75,344.25,12878208
2021-03-03,346.7974853515625,359.3500061035156,361.29998779296875,350.5,350.70001220703125,20104887
2021-03-04,337.2433166503906,349.45001220703125,357.70001220703125,347.0,352.0,13623173
2021-03-05,326.04852294921875,337.8500061035156,347.6000061035156,333.1499938964844,345.25,15127687
2021-03-08,324.8421936035156,336.6000061035156,343.8999938964844,334.70001220703125,340.04998779296875,10555735
2021-03-09,321.60919189453125,333.25,344.3999938964844,328.45001220703125,339.95001220703125,13883599
2021-03-10,328.461181640625,340.3500061035156,342.3500061035156,330.45001220703125,335.79998779296875,10886045
2021-03-12,318.66571044921875,330.20001220703125,345.0,327.45001220703125,341.54998779296875,15035151
2021-03-15,322.13995361328125,333.79998779296875,335.8999938964844,325.0,331.8999938964844,14049436
2021-03-16,322.2364807128906,333.8999938964844,336.75,326.29998779296875,336.0,13294567
2021-03-17,314.9985046386719,326.3999938964844,333.54998779296875,325.0,332.95001220703125,11028678
2021-03-18,320.2098693847656,331.79998779296875,340.5,329.3500061035156,329.3500061035156,23744146
2021-03-19,323.3945617675781,335.1000061035156,339.70001220703125,320.6000061035156,330.0,16753538
2021-03-22,327.88214111328125,339.75,342.6499938964844,331.1000061035156,335.1000061035156,8470164
2021-03-23,320.11334228515625,331.70001220703125,342.45001220703125,330.29998779296875,341.8999938964844,13880498
2021-03-24,306.6506042480469,317.75,328.29998779296875,316.79998779296875,328.29998779296875,20388678
2021-03-25,303.0316162109375,314.0,319.8999938964844,305.3999938964844,319.04998779296875,20856373
2021-03-26,315.7222595214844,327.1499938964844,328.5,318.1000061035156,318.1000061035156,13857627
2021-03-30,314.9019775390625,326.29998779296875,332.8999938964844,324.95001220703125,330.54998779296875,9159261
2021-03-31,315.4327697753906,326.8500061035156,336.0,320.8999938964844,323.1000061035156,10387652
2021-04-01,338.0153503417969,350.25,352.0,328.45001220703125,329.75,25631843
2021-04-05,338.40142822265625,350.6499938964844,352.8999938964844,338.0,349.8999938964844,14771653
2021-04-06,338.20843505859375,350.45001220703125,358.29998779296875,348.5,352.70001220703125,11185963
2021-04-07,339.897216796875,352.20001220703125,360.70001220703125,349.0,350.3999938964844,12542475
2021-04-08,352.44317626953125,365.20001220703125,374.0,354.6499938964844,355.8999938964844,28768469
2021-04-09,348.4381103515625,361.04998779296875,370.0,354.70001220703125,367.0,16371164
2021-04-12,324.4561767578125,336.20001220703125,354.0,331.6000061035156,352.1000061035156,16096812
2021-04-13,336.5195007324219,348.70001220703125,350.29998779296875,336.20001220703125,336.20001220703125,12942071
2021-04-15,341.2000732421875,353.54998779296875,366.79998779296875,349.75,354.0,21825520
2021-04-16,357.07550048828125,370.0,376.5,352.70001220703125,356.75,28438547
2021-04-19,348.77587890625,361.3999938964844,366.0,353.8500061035156,358.70001220703125,15435944
2021-04-20,346.7974853515625,359.3500061035156,371.5,354.54998779296875,368.6000061035156,15526407
2021-04-22,343.4197692871094,355.8500061035156,365.6000061035156,354.70001220703125,360.79998779296875,12756931
2021-04-23,337.29156494140625,349.5,362.6499938964844,345.29998779296875,354.04998779296875,12805877
2021-04-26,336.18170166015625,348.3500061035156,358.25,345.5,353.0,16472269
2021-04-27,353.4564514160156,366.25,370.0,350.1000061035156,350.1000061035156,41263319
2021-04-28,349.9339599609375,362.6000061035156,368.8999938964844,358.0,368.8500061035156,15197329
2021-04-29,359.15032958984375,372.1499938964844,377.29998779296875,364.6000061035156,367.3999938964844,34391622
2021-04-30,351.67108154296875,364.3999938964844,377.0,361.29998779296875,368.8999938964844,19935239
2021-05-03,357.0272216796875,369.95001220703125,373.20001220703125,357.6499938964844,364.3999938964844,15890242
2021-05-04,349.88568115234375,362.54998779296875,384.45001220703125,359.70001220703125,372.0,29767756
2021-05-05,354.27679443359375,367.1000061035156,373.70001220703125,364.29998779296875,367.0,15192338
2021-05-06,372.4683837890625,385.95001220703125,388.6000061035156,367.79998779296875,370.0,31912131
2021-05-07,387.0891418457031,401.1000061035156,404.95001220703125,385.25,390.0,46343220
2021-05-10,410.8780517578125,425.75,427.5,406.70001220703125,407.79998779296875,39516234
2021-05-11,398.3804016113281,412.79998779296875,420.6000061035156,408.8500061035156,414.8500061035156,27497466
2021-05-12,384.8694152832031,398.79998779296875,417.6499938964844,393.70001220703125,416.0,18242276
2021-05-14,369.4283447265625,382.79998779296875,403.6499938964844,368.1499938964844,403.0,41384078
2021-05-17,379.22381591796875,392.95001220703125,395.3500061035156,377.25,384.5,20821967
2021-05-18,388.0541687011719,402.1000061035156,412.79998779296875,396.5,401.0,30540086
2021-05-19,389.2122497558594,403.29998779296875,406.45001220703125,394.20001220703125,400.0,16113667
2021-05-20,371.7445373535156,385.20001220703125,393.20001220703125,379.45001220703125,390.0,30689219
2021-05-21,376.183837890625,389.79998779296875,391.8999938964844,383.3500061035156,388.70001220703125,22406993
2021-05-24,375.7012939453125,389.29998779296875,393.70001220703125,379.45001220703125,392.8999938964844,23694105
2021-05-25,377.5349426269531,391.20001220703125,399.5,389.54998779296875,394.0,18155697
2021-05-26,367.6912536621094,381.0,389.5,380.25,389.25,15340621
2021-05-27,372.371826171875,385.8500061035156,388.45001220703125,380.0,382.04998779296875,17374666
2021-05-28,374.2054443359375,387.75,398.8500061035156,384.79998779296875,393.0,14862168
2021-05-31,380.4784240722656,394.25,395.3999938964844,388.0,391.54998779296875,13703439
2021-06-01,380.91265869140625,394.70001220703125,396.79998779296875,386.5,396.0,11399189
2021-06-02,384.8694152832031,398.79998779296875,402.70001220703125,389.0,389.0,9587386
2021-06-03,385.2555236816406,399.20001220703125,405.5,398.0,403.0,12441261
2021-06-04,381.2504577636719,395.04998779296875,400.0,392.29998779296875,400.0,10040657
2021-06-07,381.20220947265625,395.0,401.3999938964844,394.25,396.1499938964844,6176784
2021-06-08,374.2054443359375,387.75,395.5,381.1000061035156,395.0,17334691
2021-06-09,369.7661437988281,383.1499938964844,390.95001220703125,382.29998779296875,388.0,11807015
2021-06-10,371.9375305175781,385.3999938964844,389.95001220703125,384.25,386.1499938964844,5796380
2021-06-11,379.41680908203125,393.1499938964844,395.0,383.1499938964844,388.3999938964844,9630564
2021-06-14,381.0091857910156,394.79998779296875,397.5,381.3500061035156,392.95001220703125,11601461
2021-06-15,377.1971740722656,390.8500061035156,396.3500061035156,390.0,391.0,7929361
2021-06-16,366.9674377441406,380.25,391.3500061035156,377.0,387.29998779296875,17978012
2021-06-17,356.3516845703125,369.25,380.29998779296875,365.04998779296875,376.0,14321673
2021-06-18,358.37835693359375,371.3500061035156,373.3500061035156,359.79998779296875,368.75,22723111
2021-06-21,354.7593078613281,367.6000061035156,369.95001220703125,360.3999938964844,366.8999938964844,13172227
2021-06-22,354.7110290527344,367.54998779296875,371.8500061035156,366.25,371.0,9787216
2021-06-23,355.2418212890625,368.1000061035156,377.0,367.3500061035156,368.04998779296875,14295574
2021-06-24,356.15863037109375,369.04998779296875,372.45001220703125,366.1000061035156,369.0,9066954
2021-06-25,362.7693786621094,375.8999938964844,380.3500061035156,371.54998779296875,371.54998779296875,12815999
2021-06-28,368.94580078125,382.29998779296875,384.95001220703125,374.25,378.8999938964844,14518487
2021-06-29,361.177001953125,374.25,383.5,372.70001220703125,383.3999938964844,9106037
2021-06-30,359.05389404296875,372.04998779296875,379.3999938964844,370.95001220703125,376.54998779296875,10110801
2021-07-01,366.1470947265625,379.3999938964844,380.79998779296875,372.0,372.29998779296875,8232292
2021-07-02,362.9141540527344,376.04998779296875,380.6000061035156,374.20001220703125,378.0,5070326
2021-07-05,375.9425354003906,389.54998779296875,391.0,377.5,379.0,12836172
2021-07-06,371.8892822265625,385.3500061035156,391.0,384.0,389.3999938964844,6153733
2021-07-07,379.89935302734375,393.6499938964844,395.0,380.20001220703125,382.8999938964844,10577866
2021-07-08,369.7178955078125,383.1000061035156,392.8999938964844,381.20001220703125,392.5,12333337
2021-07-09,376.4250793457031,390.04998779296875,391.3999938964844,382.1000061035156,383.0,7375406
2021-07-12,374.78448486328125,388.3500061035156,393.0,386.6000061035156,393.0,5679273
2021-07-13,378.5482482910156,392.25,394.95001220703125,390.0,390.5,5467940
2021-07-14,377.96923828125,391.6499938964844,394.3999938964844,391.0,392.25,3341557
2021-07-15,387.4269104003906,401.45001220703125,402.8999938964844,390.0,391.79998779296875,10347950
2021-07-16,391.33544921875,405.5,406.0,399.3500061035156,403.0,9287112
2021-07-19,383.0841064453125,396.95001220703125,404.95001220703125,396.20001220703125,398.0,5708367
2021-07-20,369.62139892578125,383.0,396.45001220703125,381.20001220703125,396.45001220703125,9214553
2021-07-22,379.7546081542969,393.5,395.20001220703125,389.0,390.20001220703125,7381389
2021-07-23,378.06573486328125,391.75,396.54998779296875,390.79998779296875,394.1000061035156,5217004
2021-07-26,386.0757751464844,400.04998779296875,402.45001220703125,390.20001220703125,393.0,7083799
2021-07-27,402.771484375,417.3500061035156,419.70001220703125,403.54998779296875,404.0,28240273
2021-07-28,401.7581787109375,416.29998779296875,419.3999938964844,407.54998779296875,419.0,12775129
2021-07-29,442.0980529785156,458.1000061035156,474.0,416.79998779296875,420.5,61414603
2021-07-30,429.26263427734375,444.79998779296875,459.6499938964844,442.1499938964844,458.1000061035156,12987115
2021-08-02,430.2276916503906,445.79998779296875,452.25,442.70001220703125,448.0,7683565
2021-08-03,433.1228942871094,448.79998779296875,450.8500061035156,440.20001220703125,447.75,8879300
2021-08-04,427.2359619140625,442.70001220703125,455.5,441.0,446.0,8621637
2021-08-05,427.6219787597656,443.1000061035156,445.70001220703125,432.8999938964844,445.0,11790679
2021-08-06,426.7051696777344,442.1499938964844,455.8500061035156,439.29998779296875,444.70001220703125,18059875
2021-08-09,419.51544189453125,434.70001220703125,445.0,428.79998779296875,441.95001220703125,13778833
2021-08-10,412.03619384765625,426.95001220703125,439.79998779296875,423.25,436.5,10417993
2021-08-11,421.3973083496094,436.6499938964844,444.5,429.04998779296875,429.29998779296875,19239106
2021-08-12,424.8955993652344,437.25,444.29998779296875,433.8500061035156,436.8999938964844,8349354
2021-08-13,429.5599670410156,442.04998779296875,449.6000061035156,435.5,437.3999938964844,13343808
2021-08-16,429.2684326171875,441.75,447.0,436.20001220703125,442.6000061035156,8288547
2021-08-17,424.2639465332031,436.6000061035156,443.8500061035156,429.0,440.1000061035156,8413999
2021-08-18,414.88665771484375,426.95001220703125,439.6499938964844,424.3999938964844,438.79998779296875,12169397
2021-08-20,392.24493408203125,403.6499938964844,416.0,401.1000061035156,416.0,23309477
2021-08-23,395.35455322265625,406.8500061035156,415.75,399.5,411.0,15943020
2021-08-24,408.958984375,420.8500061035156,423.75,412.54998779296875,415.0,15050015
2021-08-25,418.5306701660156,430.70001220703125,434.95001220703125,423.70001220703125,423.70001220703125,17974391
2021-08-26,412.1171569824219,424.1000061035156,432.29998779296875,420.79998779296875,431.5,7695674
2021-08-27,425.5272216796875,437.8999938964844,439.0,427.0,427.0,15558923
2021-08-30,435.39044189453125,448.04998779296875,452.5,440.6499938964844,440.95001220703125,11735730
2021-08-31,455.0682678222656,468.29998779296875,471.1499938964844,444.79998779296875,448.0,20847646
2021-09-01,445.156494140625,458.1000061035156,474.0,455.04998779296875,474.0,10038500
2021-09-02,444.0389709472656,456.95001220703125,465.0,455.70001220703125,460.04998779296875,5360608
2021-09-03,448.2660827636719,461.29998779296875,464.5,450.0,457.25,8516918
2021-09-06,455.991455078125,469.25,475.0,461.70001220703125,466.95001220703125,12183840
2021-09-07,449.23779296875,462.29998779296875,472.3999938964844,460.8999938964844,470.0,5684070
2021-09-08,443.4073181152344,456.29998779296875,465.8500061035156,455.20001220703125,464.8500061035156,6689343
2021-09-09,450.4524841308594,463.54998779296875,466.6499938964844,456.0,458.25,6926659
2021-09-13,464.8343200683594,478.3500061035156,480.5,468.54998779296875,476.0,16632808
2021-09-14,464.4456787109375,477.95001220703125,483.45001220703125,473.20001220703125,483.1000061035156,15253798
2021-09-15,473.04559326171875,486.79998779296875,487.6000061035156,474.3500061035156,478.20001220703125,12415050
2021-09-16,469.6445007324219,483.29998779296875,488.0,480.45001220703125,483.0,8011765
2021-09-17,459.68408203125,473.04998779296875,485.45001220703125,470.1000061035156,484.0,12113274
2021-09-20,431.84356689453125,444.3999938964844,464.0,442.3999938964844,462.0,18031539
2021-09-21,438.257080078125,451.0,452.45001220703125,438.79998779296875,445.0,18750888
2021-09-22,449.9179992675781,463.0,464.3999938964844,452.20001220703125,452.8999938964844,13613171
2021-09-23,469.59588623046875,483.25,484.79998779296875,468.0,473.5,12757667
2021-09-24,465.2230224609375,478.75,485.6499938964844,473.6000061035156,481.0,9226843
2021-09-27,467.79815673828125,481.3999938964844,489.95001220703125,472.29998779296875,474.8999938964844,6825039
2021-09-28,464.6399841308594,478.1499938964844,486.8999938964844,475.04998779296875,480.8999938964844,6148679
2021-09-29,480.1878967285156,494.1499938964844,496.8999938964844,473.3999938964844,475.0,9508220
2021-09-30,474.1630859375,487.95001220703125,504.0,485.6000061035156,495.25,14333358
2021-10-01,470.664794921875,484.3500061035156,486.0,473.45001220703125,483.1000061035156,8072310
2021-10-04,491.41156005859375,505.70001220703125,509.45001220703125,481.0,486.0,10303925
2021-10-05,481.305419921875,495.29998779296875,506.20001220703125,494.20001220703125,496.0,8162109
2021-10-06,462.45355224609375,475.8999938964844,498.5,474.0,498.0,11231113
2021-10-07,464.00836181640625,477.5,485.6000061035156,473.0,485.0,9774465
2021-10-08,460.26715087890625,473.6499938964844,490.75,472.6499938964844,480.95001220703125,7086881
2021-10-11,473.7257995605469,487.5,490.0,476.25,478.5,5565678
2021-10-12,484.56072998046875,498.6499938964844,499.5,487.45001220703125,492.79998779296875,8685800
2021-10-13,493.6951599121094,508.04998779296875,512.0,495.0,499.95001220703125,8901206
2021-10-14,501.5177001953125,516.0999755859375,523.3499755859375,508.3500061035156,511.3999938964844,8876529
2021-10-18,527.4633178710938,542.7999877929688,551.8499755859375,526.5,535.4500122070312,23481789
2021-10-19,518.6690673828125,533.75,547.7000122070312,526.0499877929688,547.7000122070312,11017925
2021-10-20,498.45672607421875,512.9500122070312,531.0,510.5,531.0,9440844
2021-10-21,479.7992248535156,493.75,520.7999877929688,491.6000061035156,516.2000122070312,14173662
2021-10-22,457.15753173828125,470.45001220703125,492.0,464.5,489.0,19392383
2021-10-25,459.87841796875,473.25,478.0,459.3500061035156,473.54998779296875,9196105
2021-10-26,472.3167419433594,486.04998779296875,488.0,472.54998779296875,475.04998779296875,8120433
2021-10-27,466.2919616699219,479.8500061035156,487.70001220703125,475.6499938964844,483.0,8972879
2021-10-28,455.5541687011719,468.79998779296875,477.1499938964844,453.45001220703125,455.8500061035156,12659503
2021-10-29,446.8084716796875,459.79998779296875,474.20001220703125,456.6499938964844,469.45001220703125,8306338
2021-11-01,464.6399841308594,478.1499938964844,481.1000061035156,463.3500061035156,463.79998779296875,7466267
2021-11-02,455.16546630859375,468.3999938964844,481.0,467.1499938964844,480.0,5953912
2021-11-03,464.7857360839844,478.29998779296875,480.45001220703125,469.8500061035156,471.0,6928590
2021-11-04,459.24676513671875,472.6000061035156,482.0,470.0,482.0,1615558
2021-11-08,456.5259094238281,469.79998779296875,481.45001220703125,459.20001220703125,480.0,13018619
2021-11-09,451.47283935546875,464.6000061035156,476.20001220703125,462.29998779296875,470.70001220703125,8628327
2021-11-10,437.0423889160156,449.75,464.0,448.5,463.6499938964844,14672997
2021-11-11,441.1237487792969,453.95001220703125,456.29998779296875,446.6000061035156,449.04998779296875,7789754
2021-11-12,455.3111877441406,468.54998779296875,470.5,458.95001220703125,460.5,17010073
2021-11-15,443.0186767578125,455.8999938964844,473.6000061035156,455.1499938964844,473.6000061035156,8882843
2021-11-16,433.0096740722656,445.6000061035156,459.8999938964844,443.04998779296875,457.0,8937525
2021-11-17,432.8153381347656,445.3999938964844,449.20001220703125,439.5,442.0,7474301
2021-11-18,427.8594055175781,440.29998779296875,454.0,436.29998779296875,448.1000061035156,9688141
2021-11-22,429.6571350097656,442.1499938964844,447.70001220703125,432.8999938964844,442.6000061035156,10007050
2021-11-23,437.479736328125,450.20001220703125,453.3999938964844,437.04998779296875,439.25,9020906
2021-11-24,439.3260192871094,452.1000061035156,456.8999938964844,444.20001220703125,453.8999938964844,7761523
2021-11-25,434.418701171875,447.04998779296875,458.79998779296875,443.6499938964844,451.5,8633424
2021-11-26,405.2177734375,417.0,442.70001220703125,414.70001220703125,441.79998779296875,14826141
2021-11-29,408.27874755859375,420.1499938964844,433.5,407.1000061035156,414.0,19069247
2021-11-30,401.08782958984375,412.75,430.0,410.0,418.95001220703125,14850682
2021-12-01,412.8945617675781,424.8999938964844,426.1000061035156,416.1000061035156,419.5,8183556
2021-12-02,419.8911437988281,432.1000061035156,433.8999938964844,421.0,428.0,7775405
2021-12-03,412.651611328125,424.6499938964844,433.79998779296875,424.0,427.79998779296875,5938378
2021-12-06,409.4448547363281,421.3500061035156,432.5,418.20001220703125,424.95001220703125,8160853
2021-12-07,429.9972839355469,442.5,444.3999938964844,425.20001220703125,427.3999938964844,18303734
2021-12-08,444.52484130859375,457.45001220703125,458.45001220703125,440.1000061035156,446.0,13700443
2021-12-09,442.7757263183594,455.6499938964844,458.70001220703125,452.20001220703125,457.45001220703125,5586232
2021-12-10,442.24127197265625,455.1000061035156,460.95001220703125,453.45001220703125,455.3999938964844,5308752
2021-12-13,445.30224609375,458.25,469.5,457.45001220703125,460.0,9401208
2021-12-14,448.65478515625,461.70001220703125,464.3999938964844,454.70001220703125,454.8999938964844,8027659
2021-12-15,445.3994140625,458.3500061035156,463.8500061035156,456.04998779296875,461.6000061035156,3651118
2021-12-16,437.7712097167969,450.5,464.0,448.54998779296875,464.0,8879417
2021-12-17,437.4311218261719,450.1499938964844,457.0,444.75,449.5,14337902
2021-12-20,420.86285400390625,433.1000061035156,445.25,426.70001220703125,444.79998779296875,5952052
2021-12-21,432.8639221191406,445.45001220703125,449.70001220703125,437.3500061035156,438.0,5029410
2021-12-22,450.2582092285156,463.3500061035156,464.6499938964844,447.3500061035156,450.8500061035156,7765878
2021-12-23,448.2660827636719,461.29998779296875,468.45001220703125,459.29998779296875,465.04998779296875,6986665
2021-12-24,445.93389892578125,458.8999938964844,464.3999938964844,452.8500061035156,464.0,3122116
2021-12-27,440.0062255859375,452.79998779296875,458.6000061035156,451.1000061035156,456.8999938964844,6146709
2021-12-28,445.205078125,458.1499938964844,459.1499938964844,452.79998779296875,456.6000061035156,2889804
2021-12-29,441.4153137207031,454.25,457.6499938964844,450.5,457.0,3050356
2021-12-30,436.94525146484375,449.6499938964844,456.0,448.3999938964844,454.0,3843627
2021-12-31,462.1134338378906,475.54998779296875,477.3500061035156,455.5,455.5,18257598
2022-01-03,464.54278564453125,478.04998779296875,479.95001220703125,472.1000061035156,475.54998779296875,5549693
2022-01-04,462.6479187011719,476.1000061035156,481.5,472.0,479.0,5063834
2022-01-05,461.91912841796875,475.3500061035156,479.3999938964844,472.0,473.20001220703125,4489031
2022-01-06,465.5631408691406,479.1000061035156,485.70001220703125,473.5,474.5,12132277
2022-01-07,479.5562438964844,493.5,495.25,480.04998779296875,481.1000061035156,9300149
2022-01-10,478.9732360839844,492.8999938964844,497.29998779296875,490.04998779296875,497.0,4746931
2022-01-11,472.6083068847656,486.3500061035156,497.20001220703125,485.70001220703125,491.8999938964844,5346073
2022-01-12,483.88055419921875,497.95001220703125,500.8500061035156,491.0,494.0,9296587
2022-01-13,493.16070556640625,507.5,509.0,499.1499938964844,502.20001220703125,9366574
2022-01-14,492.043212890625,506.3500061035156,509.5,503.0,506.0,5461072
2022-01-17,491.65447998046875,505.95001220703125,509.0,496.0,509.0,6721706
2022-01-18,481.9856262207031,496.0,512.3499755859375,493.79998779296875,508.79998779296875,6194537
2022-01-19,490.5370178222656,504.79998779296875,506.25,490.29998779296875,495.20001220703125,5799747
2022-01-20,489.17657470703125,503.3999938964844,508.0,498.1000061035156,503.8500061035156,4243563
2022-01-21,492.3833312988281,506.70001220703125,515.7999877929688,499.25,501.0,14173177
2022-01-24,464.8829040527344,478.3999938964844,500.5,475.5,498.95001220703125,11020372
2022-01-25,472.0252380371094,485.75,486.5,474.6499938964844,475.54998779296875,5498495
2022-01-27,475.32916259765625,489.1499938964844,492.8500061035156,478.45001220703125,482.6000061035156,6746500
2022-01-28,476.4952697753906,490.3500061035156,506.6000061035156,488.45001220703125,493.04998779296875,6616401
2022-01-31,475.23199462890625,489.04998779296875,499.75,488.1499938964844,498.8999938964844,4846015
2022-02-01,496.56182861328125,511.0,512.6500244140625,487.70001220703125,492.79998779296875,9809417
2022-02-02,499.4284973144531,513.9500122070312,518.4000244140625,507.6499938964844,515.0,7283452
2022-02-03,498.16522216796875,512.6500244140625,516.5,509.0,513.0,5078613
2022-02-04,510.3120422363281,525.1500244140625,528.5,512.0499877929688,513.0,12631663
2022-02-07,507.83404541015625,522.5999755859375,533.25,519.4500122070312,527.8499755859375,10939353
2022-02-08,511.9154052734375,526.7999877929688,533.0999755859375,514.0499877929688,526.0,9863290
2022-02-09,526.9774169921875,542.2999877929688,544.4000244140625,532.0999755859375,536.0,9235351
2022-02-10,531.7875366210938,547.25,553.5,541.0,547.7000122070312,10906403
2022-02-11,527.3661499023438,542.7000122070312,553.8499755859375,539.5,547.75,9110193
2022-02-14,506.5222473144531,521.25,533.9500122070312,519.7000122070312,531.0,4995178
2022-02-15,518.76611328125,533.8499755859375,536.3499755859375,513.7000122070312,526.4500122070312,8233217
2022-02-16,514.3447265625,529.2999877929688,538.0,526.2000122070312,536.8499755859375,4348474
2022-02-17,517.5028686523438,532.5499877929688,540.75,528.2999877929688,533.7999877929688,5340469
2022-02-18,514.63623046875,529.5999755859375,537.7999877929688,528.0,531.0,3344269
2022-02-21,497.5335693359375,512.0,529.0,511.20001220703125,528.5,6308263
2022-02-22,501.6148681640625,516.2000122070312,519.25,501.54998779296875,501.8999938964844,10664925
2022-02-23,504.0442810058594,518.7000122070312,523.25,515.6500244140625,519.7999877929688,8928934
2022-02-24,503.0239562988281,517.6500244140625,527.4000244140625,505.1000061035156,505.1000061035156,24819208
2022-02-25,518.8148193359375,533.9000244140625,546.9000244140625,523.0999755859375,525.0,13815949
2022-02-28,557.538818359375,573.75,580.0499877929688,531.7999877929688,537.0,35212827
2022-03-02,583.1443481445312,600.0999755859375,614.25,575.25,575.25,41248362
2022-03-03,589.1691284179688,606.2999877929688,613.9000244140625,596.9000244140625,613.9000244140625,18676314
2022-03-04,567.3048706054688,583.7999877929688,618.0,580.5999755859375,607.7999877929688,20490598
2022-03-07,602.2390747070312,619.75,623.0,586.75,586.75,20963374
2022-03-08,573.2811279296875,589.9500122070312,618.0,587.3499755859375,618.0,19477245
2022-03-09,571.434814453125,588.0499877929688,598.9500122070312,585.0999755859375,591.2999877929688,15686460
2022-03-10,577.0223388671875,593.7999877929688,596.5,569.7999877929688,573.5,14824703
2022-03-11,572.455078125,589.0999755859375,603.0,585.75,595.0,7635725
2022-03-14,574.1071166992188,590.7999877929688,593.5499877929688,578.25,585.9000244140625,7904911
2022-03-15,543.9343872070312,559.75,581.9000244140625,555.9500122070312,580.0,13005715
2022-03-16,556.5185546875,572.7000122070312,575.4000244140625,563.2999877929688,568.7000122070312,10485661
2022-03-17,560.5026245117188,576.7999877929688,584.4000244140625,573.8499755859375,575.0499877929688,11581454
2022-03-21,573.2811279296875,589.9500122070312,600.9500122070312,582.5499877929688,584.0,14159371
2022-03-22,576.6821899414062,593.4500122070312,602.8499755859375,587.2000122070312,599.7999877929688,7490300
2022-03-23,591.2584228515625,608.4500122070312,611.7999877929688,597.5,601.0,13581577
2022-03-24,604.376953125,621.9500122070312,626.2000122070312,610.0,610.2000122070312,12139664
2022-03-25,605.1057739257812,622.7000122070312,630.9500122070312,616.6500244140625,621.0499877929688,11087146
2022-03-28,612.393798828125,630.2000122070312,634.7999877929688,617.0,621.5,7075442
2022-03-29,613.4627685546875,631.2999877929688,636.0,624.5,630.0,5245788
2022-03-30,582.8527221679688,599.7999877929688,622.0,598.8499755859375,622.0,11195965
2022-03-31,553.4088745117188,569.5,600.2999877929688,568.1500244140625,600.0,23497993
2022-04-01,554.380615234375,570.5,577.0,561.4500122070312,569.9000244140625,15300787
2022-04-04,570.900390625,587.5,589.6500244140625,569.0499877929688,572.0,15845385
2022-04-05,570.2686767578125,586.8499755859375,590.9500122070312,582.0499877929688,590.9500122070312,7065571
2022-04-06,564.826904296875,581.25,589.4500122070312,576.0499877929688,582.9500122070312,9648592
2022-04-07,558.5105590820312,574.75,584.9000244140625,569.0,581.4000244140625,9357569
2022-04-08,565.3128051757812,581.75,584.5499877929688,578.2999877929688,579.4000244140625,7157576
2022-04-11,560.0653686523438,576.3499755859375,587.4500122070312,574.5499877929688,583.4000244140625,8297062
2022-04-12,527.0260009765625,542.3499755859375,570.7999877929688,538.5999755859375,570.5999755859375,16701775
2022-04-13,531.3016967773438,546.75,551.9000244140625,543.5499877929688,547.0,7396320
2022-04-18,529.9412231445312,545.3499755859375,555.6500244140625,537.4000244140625,544.9500122070312,7550655
2022-04-19,525.5198364257812,540.7999877929688,556.2000122070312,537.5999755859375,552.0,8143101
2022-04-20,529.6011352539062,545.0,549.0,536.5999755859375,544.9500122070312,4725779
2022-04-21,524.9853515625,540.25,547.3499755859375,531.4500122070312,545.0,8575442
2022-04-22,499.62286376953125,514.1500244140625,529.8499755859375,513.2999877929688,529.0,23871439
2022-04-25,481.499755859375,495.5,508.5,492.25,502.6499938964844,10749312
2022-04-26,479.5076904296875,493.45001220703125,500.8999938964844,489.75,498.0,11623406
2022-04-27,478.39019775390625,492.29998779296875,497.6000061035156,476.45001220703125,489.0,17623544
2022-04-28,474.79473876953125,488.6000061035156,502.0,480.0,502.0,25042778
2022-04-29,469.0128479003906,482.6499938964844,497.79998779296875,479.25,493.0,12462169
2022-05-02,470.71337890625,484.3999938964844,486.0,469.5,477.8500061035156,14625673
2022-05-04,448.6061706542969,461.6499938964844,483.0,459.0,483.0,10366562
2022-05-05,448.5575866699219,461.6000061035156,475.8999938964844,460.20001220703125,470.0,6328868
2022-05-06,431.2119445800781,443.75,454.25,439.0,450.0,8595262
2022-05-09,431.55206298828125,444.1000061035156,448.54998779296875,429.5,433.8500061035156,10773327
2022-05-10,411.0482177734375,423.0,442.29998779296875,420.29998779296875,435.0,9661841
2022-05-11,410.6109313964844,422.54998779296875,429.8999938964844,413.95001220703125,423.0,14197501
2022-05-12,394.3828430175781,405.8500061035156,422.0,394.6000061035156,416.0,23831422
2022-05-13,377.0371398925781,388.0,414.45001220703125,384.95001220703125,411.0,17007818
2022-05-16,379.9038391113281,390.95001220703125,400.79998779296875,385.0,395.79998779296875,13900633
2022-05-17,416.295654296875,428.3999938964844,437.29998779296875,398.04998779296875,399.0,37772554
2022-05-18,423.778076171875,436.1000061035156,438.3999938964844,423.5,434.5,18052317
2022-05-19,405.2177734375,417.0,425.95001220703125,413.79998779296875,422.1000061035156,10319381
2022-05-20,416.97589111328125,429.1000061035156,435.0,421.04998779296875,432.0,9703961
2022-05-23,401.4765319824219,413.1499938964844,420.70001220703125,399.3500061035156,418.0,15828786
2022-05-24,389.4754638671875,400.79998779296875,415.5,400.0,414.3999938964844,12840838
2022-05-25,385.6371154785156,396.8500061035156,405.04998779296875,389.70001220703125,405.0,11103850
2022-05-26,396.3262939453125,407.8500061035156,410.5,392.6000061035156,406.5,13391224
2022-05-27,397.5895690917969,409.1499938964844,426.95001220703125,406.1000061035156,423.1000061035156,20350558
2022-05-30,404.97479248046875,416.75,419.5,405.6000061035156,410.0,7161082
2022-05-31,410.6109313964844,422.54998779296875,428.5,412.0,414.8999938964844,39115757
2022-06-01,399.0472106933594,410.6499938964844,422.0,406.20001220703125,421.0,12551513
2022-06-02,398.318359375,409.8999938964844,414.3999938964844,406.3999938964844,408.0,7202046
2022-06-03,395.25738525390625,406.75,416.8999938964844,405.29998779296875,414.0,12229014
2022-06-06,397.5895690917969,409.1499938964844,410.70001220703125,395.95001220703125,402.6000061035156,8810058
2022-06-07,392.7794494628906,404.20001220703125,413.0,402.20001220703125,407.95001220703125,7636671
2022-06-08,392.0992126464844,403.5,407.0,401.1000061035156,402.0,6911005
2022-06-09,388.4551696777344,399.75,402.29998779296875,393.3999938964844,399.0,8798828
2022-06-10,374.8507385253906,385.75,391.79998779296875,382.75,390.0,14541630
2022-06-13,356.0960693359375,366.45001220703125,377.79998779296875,360.5,377.79998779296875,12269608
2022-06-14,348.1763000488281,358.29998779296875,369.6000061035156,357.3500061035156,363.8500061035156,11273145
2022-06-15,347.39892578125,357.5,362.8999938964844,356.04998779296875,360.0,8393144
2022-06-16,326.60357666015625,336.1000061035156,363.75,332.29998779296875,360.3999938964844,16614475
2022-06-17,324.2713928222656,333.70001220703125,342.54998779296875,325.8500061035156,333.0,18606308
2022-06-20,312.41607666015625,321.5,334.6000061035156,308.95001220703125,331.0,20646347
2022-06-21,329.66455078125,339.25,343.5,325.6000061035156,327.6000061035156,15208306
2022-06-22,307.5087890625,316.45001220703125,334.0,315.45001220703125,334.0,19176515
2022-06-23,308.62628173828125,317.6000061035156,327.6499938964844,311.1000061035156,317.0,18756690
2022-06-24,313.1934814453125,322.29998779296875,324.95001220703125,316.6000061035156,321.70001220703125,11621311
2022-06-27,320.6273498535156,329.95001220703125,338.0,326.3500061035156,331.5,15014176
2022-06-28,333.84307861328125,343.54998779296875,345.25,325.29998779296875,328.45001220703125,15742835
2022-06-29,334.4261169433594,344.1499938964844,345.6000061035156,335.04998779296875,339.45001220703125,12659696
2022-06-30,329.0815124511719,338.6499938964844,349.8999938964844,337.04998779296875,345.0,21225418
2022-07-01,331.5108947753906,341.1499938964844,342.8999938964844,330.25,335.0,11278576
2022-07-04,330.8792724609375,340.5,342.0,326.6499938964844,338.0,10905377
2022-07-05,335.4950256347656,345.25,356.8999938964844,341.75,341.75,20928565
2022-07-06,331.3165283203125,340.95001220703125,342.29998779296875,327.79998779296875,339.79998779296875,22317536
2022-07-07,351.4316711425781,361.6499938964844,364.5,341.29998779296875,347.8500061035156,18699515
2022-07-08,347.4474792480469,357.54998779296875,368.0,351.1000061035156,368.0,25506273
2022-07-11,346.13568115234375,356.20001220703125,363.29998779296875,347.79998779296875,352.0,13745531
2022-07-12,337.098388671875,346.8999938964844,356.0,341.6000061035156,350.0,16896696
2022-07-13,339.0419006347656,348.8999938964844,351.8999938964844,344.0,346.0,13690887
2022-07-14,339.23626708984375,349.1000061035156,354.5,346.5,354.5,9511166
2022-07-15,340.645263671875,350.54998779296875,351.8999938964844,344.6000061035156,344.6000061035156,10062417
2022-07-18,356.7276916503906,367.1000061035156,368.1000061035156,354.20001220703125,355.8999938964844,13863266
2022-07-19,357.5536804199219,367.95001220703125,371.3500061035156,363.29998779296875,364.5,10868823
2022-07-20,358.91412353515625,369.3500061035156,376.20001220703125,367.3999938964844,375.0,10150339
2022-07-21,365.3276062011719,375.95001220703125,379.5,370.8500061035156,371.6499938964844,12521152
2022-07-22,370.47784423828125,381.25,382.0,376.75,378.75,9498042
2022-07-25,376.1139831542969,387.04998779296875,388.54998779296875,380.29998779296875,381.0,7734139
2022-07-26,371.1094970703125,381.8999938964844,389.3999938964844,381.04998779296875,387.3999938964844,5532712
2022-07-27,377.6687927246094,388.6499938964844,389.8500061035156,379.1499938964844,381.8999938964844,4744697
2022-07-28,381.3128356933594,392.3999938964844,395.25,385.8999938964844,394.0,7586494
2022-07-29,403.3228454589844,415.04998779296875,416.79998779296875,395.20001220703125,396.5,15509534
2022-08-01,412.0199890136719,424.0,428.0,418.8500061035156,420.0,15535311
2022-08-02,406.57818603515625,418.3999938964844,420.5,407.6000061035156,419.0,15535733
2022-08-03,402.5454406738281,414.25,422.5,409.6000061035156,417.0,6883530
2022-08-04,409.7849426269531,421.70001220703125,433.0,418.3999938964844,427.0,20678616
2022-08-05,399.1929626464844,410.79998779296875,426.5,409.04998779296875,422.95001220703125,12217436
2022-08-08,409.49346923828125,421.3999938964844,422.54998779296875,414.0,414.8999938964844,7643955
2022-08-10,427.6650695800781,440.1000061035156,444.3999938964844,416.6000061035156,423.04998779296875,23766201
2022-08-11,425.1153564453125,433.5,446.5,432.0,446.5,14865139
2022-08-12,427.8121643066406,436.25,442.70001220703125,433.0,435.6499938964844,9420634
2022-08-16,420.60430908203125,428.8999938964844,434.75,422.3500061035156,434.0,11154059
2022-08-17,430.4599609375,438.95001220703125,442.3999938964844,426.6000061035156,430.95001220703125,12297570
2022-08-18,429.5773620605469,438.04998779296875,441.0,433.6499938964844,437.0,6755688
2022-08-19,419.0843200683594,427.3500061035156,442.0,425.1000061035156,442.0,8116871
2022-08-22,410.4054870605469,418.5,425.3999938964844,416.3500061035156,422.0,7407485
2022-08-23,419.6236267089844,427.8999938964844,431.79998779296875,413.8500061035156,415.04998779296875,8605014
2022-08-24,420.5552978515625,428.8500061035156,432.1499938964844,425.20001220703125,430.0,6538727
2022-08-25,424.3798522949219,432.75,436.75,429.70001220703125,430.95001220703125,6818164
2022-08-26,431.5386657714844,440.04998779296875,445.45001220703125,436.0,436.20001220703125,11051127
2022-08-29,421.87921142578125,430.20001220703125,433.0,418.04998779296875,418.04998779296875,7716457
2022-08-30,430.5089416503906,439.0,441.6000061035156,433.3500061035156,434.0,8824878
2022-09-01,413.7887878417969,421.95001220703125,431.6000061035156,420.79998779296875,424.0,14093149
2022-09-02,406.8751220703125,414.8999938964844,425.20001220703125,413.25,424.1000061035156,10102220
2022-09-05,420.9965515136719,429.29998779296875,430.20001220703125,415.0,415.0,14707728
2022-09-06,422.61468505859375,430.95001220703125,432.8999938964844,427.1000061035156,430.45001220703125,6180669
2022-09-07,424.47796630859375,432.8500061035156,433.54998779296875,422.70001220703125,424.25,7043379
2022-09-08,412.4158020019531,420.54998779296875,436.95001220703125,419.1499938964844,435.5,12076714
2022-09-09,417.76043701171875,426.0,430.6499938964844,423.25,426.0,8000436
2022-09-12,422.810791015625,431.1499938964844,432.8999938964844,428.6499938964844,432.0,5530132
2022-09-13,428.20440673828125,436.6499938964844,439.29998779296875,432.25,432.25,7628228
2022-09-14,433.4509582519531,442.0,447.8999938964844,424.1000061035156,426.0,12387075
2022-09-15,416.19134521484375,424.3999938964844,439.5,423.75,439.5,13039806
2022-09-16,404.5215148925781,412.5,424.29998779296875,405.79998779296875,424.0,14826674
2022-09-19,404.1783142089844,412.1499938964844,416.25,405.6499938964844,414.6000061035156,6080201
2022-09-20,413.2984313964844,421.45001220703125,427.5,415.79998779296875,416.0,8758050
2022-09-21,403.393798828125,411.3500061035156,423.8999938964844,410.79998779296875,417.8999938964844,6859320
2022-09-22,404.1292724609375,412.1000061035156,415.0,403.5,409.0,8704463
2022-09-23,388.68389892578125,396.3500061035156,412.70001220703125,394.45001220703125,410.70001220703125,9228856
2022-09-26,366.17779541015625,373.3999938964844,390.0,369.6000061035156,390.0,13092570
2022-09-27,366.3739318847656,373.6000061035156,379.95001220703125,365.1000061035156,375.29998779296875,14934966
2022-09-28,353.7724609375,360.75,372.1000061035156,358.79998779296875,368.0,10751444
2022-09-29,364.02032470703125,371.20001220703125,376.8999938964844,366.0,366.75,14020084
2022-09-30,382.9960632324219,390.54998779296875,395.3500061035156,375.1499938964844,376.0,17706821
2022-10-03,373.581787109375,380.95001220703125,389.45001220703125,379.1000061035156,389.0,8504297
2022-10-04,386.42840576171875,394.04998779296875,400.8999938964844,390.29998779296875,396.0,9017446
2022-10-06,404.6686096191406,412.6499938964844,413.95001220703125,399.3999938964844,402.0,11758976
2022-10-07,403.1485900878906,411.1000061035156,411.95001220703125,405.79998779296875,409.95001220703125,5241693
2022-10-10,399.6182556152344,407.5,409.1499938964844,400.0,403.5,6519737
2022-10-11,388.3896789550781,396.04998779296875,412.45001220703125,393.8999938964844,403.0,7054654
2022-10-12,392.45941162109375,400.20001220703125,401.3999938964844,391.75,398.04998779296875,6584436
2022-10-13,393.7832946777344,401.54998779296875,416.5,400.0,411.0,16565725
2022-10-14,389.4684143066406,397.1499938964844,411.25,396.3999938964844,411.25,6115990
2022-10-17,380.7895812988281,388.29998779296875,395.8999938964844,386.29998779296875,395.04998779296875,8966396
2022-10-18,385.84002685546875,393.45001220703125,398.3999938964844,391.3500061035156,391.5,7081590
2022-10-19,382.75091552734375,390.29998779296875,398.1000061035156,389.5,394.0,6208852
2022-10-20,387.55615234375,395.20001220703125,396.70001220703125,380.1000061035156,383.0,8222063
2022-10-21,386.1341857910156,393.75,398.04998779296875,386.25,397.20001220703125,7988528
2022-10-24,387.8993835449219,395.54998779296875,398.8500061035156,394.3500061035156,395.0,793366
2022-10-25,390.6942443847656,398.3999938964844,402.79998779296875,391.5,394.3999938964844,6156624
2022-10-27,404.4234313964844,412.3999938964844,413.3999938964844,405.3500061035156,408.0,9752346
2022-10-28,397.1175842285156,404.95001220703125,412.5,399.75,412.5,6569623
2022-10-31,397.80401611328125,405.6499938964844,408.75,403.0,405.0,4257977
2022-11-01,406.3847961425781,414.3999938964844,415.0,406.0,406.0,7483252
2022-11-02,413.15130615234375,421.29998779296875,426.8500061035156,414.0,414.75,11554760
2022-11-03,402.4131164550781,410.3500061035156,415.8999938964844,408.95001220703125,415.0,7304472
2022-11-04,422.2223815917969,430.54998779296875,432.0,412.0,412.45001220703125,13317485
2022-11-07,429.0379943847656,437.5,438.8999938964844,426.29998779296875,432.0,9887999
2022-11-09,409.0325622558594,417.1000061035156,433.0,415.6000061035156,430.1000061035156,13898567
2022-11-10,407.0712585449219,415.1000061035156,420.3999938964844,412.75,415.29998779296875,5574432
2022-11-11,421.53594970703125,429.8500061035156,431.79998779296875,420.29998779296875,420.3500061035156,14060782
2022-11-14,446.7388610839844,455.54998779296875,458.6499938964844,434.04998779296875,435.0,30135088
2022-11-15,448.0627136230469,456.8999938964844,460.54998779296875,449.54998779296875,456.0,11841577
2022-11-16,438.74652099609375,447.3999938964844,455.54998779296875,444.1499938964844,455.54998779296875,7137989
2022-11-17,431.93096923828125,440.45001220703125,444.3999938964844,436.5,443.45001220703125,6533823
2022-11-18,430.1167297363281,438.6000061035156,443.8999938964844,434.45001220703125,440.5,6128677
2022-11-21,422.2223815917969,430.54998779296875,444.45001220703125,428.3999938964844,439.79998779296875,6372470
2022-11-22,422.3204650878906,430.6499938964844,436.3500061035156,429.0,432.75,6108017
2022-11-23,424.96826171875,433.3500061035156,439.29998779296875,431.54998779296875,434.5,6031033
2022-11-24,429.87158203125,438.3500061035156,439.6000061035156,432.6499938964844,435.54998779296875,4733568
2022-11-25,432.1270446777344,440.6499938964844,441.79998779296875,434.3500061035156,438.0,4800030
2022-11-28,422.810791015625,431.1499938964844,436.5,429.0,435.0,5613201
2022-11-29,427.5179748535156,435.95001220703125,440.8999938964844,432.25,433.0,6518828
2022-11-30,441.982666015625,450.70001220703125,451.95001220703125,438.1499938964844,438.75,13921394
2022-12-01,454.4370422363281,463.3999938964844,466.5,454.04998779296875,455.0,13243436
2022-12-02,452.1815185546875,461.1000061035156,470.3999938964844,458.0,463.29998779296875,6621056
2022-12-05,471.89276123046875,481.20001220703125,483.8500061035156,466.1499938964844,466.1499938964844,14599958
2022-12-06,460.9093933105469,470.0,477.5,467.20001220703125,477.5,7409338
2022-12-07,455.3196105957031,464.29998779296875,472.1000061035156,463.1000061035156,470.0,5510513
2022-12-08,462.5274658203125,471.6499938964844,472.95001220703125,461.29998779296875,465.04998779296875,4902003
2022-12-09,453.8976745605469,462.8500061035156,476.0,461.8999938964844,474.0,5405738
2022-12-12,453.0151062011719,461.95001220703125,466.95001220703125,454.45001220703125,459.0,4809486
2022-12-13,449.23956298828125,458.1000061035156,466.0,457.29998779296875,464.29998779296875,4359377
2022-12-14,460.222900390625,469.29998779296875,470.95001220703125,461.04998779296875,461.6499938964844,6639699
2022-12-15,452.08343505859375,461.0,470.6499938964844,459.0,467.0,3986930
2022-12-16,447.9156494140625,456.75,462.75,452.54998779296875,458.0,6460140
2022-12-19,451.2498779296875,460.1499938964844,463.0,455.04998779296875,459.0,3690005
2022-12-20,448.2098693847656,457.04998779296875,459.25,444.25,458.0,7580480
2022-12-21,448.30792236328125,457.1499938964844,463.8999938964844,451.8999938964844,459.29998779296875,5557133
2022-12-22,446.6898193359375,455.5,463.0,447.20001220703125,459.45001220703125,4435416
2022-12-23,421.24176025390625,429.54998779296875,452.8999938964844,427.6000061035156,452.8999938964844,7766201
2022-12-26,434.382568359375,442.95001220703125,445.3999938964844,429.1000061035156,431.0,3939359
2022-12-27,461.8900451660156,471.0,472.3999938964844,446.75,447.95001220703125,13898138
2022-12-28,456.93768310546875,465.95001220703125,473.70001220703125,463.95001220703125,467.6499938964844,7519133
2022-12-29,460.8113098144531,469.8999938964844,472.20001220703125,455.25,459.29998779296875,8427104
2022-12-30,464.194580078125,473.3500061035156,482.29998779296875,471.79998779296875,473.95001220703125,8024424
2023-01-02,477.62957763671875,487.04998779296875,491.0,475.1499938964844,475.95001220703125,11255811
2023-01-03,470.6178894042969,479.8999938964844,488.45001220703125,478.5,486.5,5906501
2023-01-04,452.57379150390625,461.5,477.45001220703125,460.0,477.0,9899885
2023-01-05,456.69256591796875,465.70001220703125,467.45001220703125,458.6499938964844,463.25,7087634
2023-01-06,453.7015380859375,462.6499938964844,474.0,461.1000061035156,467.0,6004013
2023-01-09,461.6448669433594,470.75,474.0,466.20001220703125,471.0,6047398
2023-01-10,468.3133544921875,477.54998779296875,480.5,473.29998779296875,478.0,7092319
2023-01-11,481.4541931152344,490.95001220703125,493.45001220703125,481.0,481.8999938964844,11383752
2023-01-12,476.2566833496094,485.6499938964844,495.6000061035156,482.20001220703125,495.0,7278634
2023-01-13,479.0515441894531,488.5,490.0,482.6499938964844,487.6499938964844,7445162
2023-01-16,473.70697021484375,483.04998779296875,492.70001220703125,481.25,490.95001220703125,3294109
2023-01-17,478.4631652832031,487.8999938964844,489.29998779296875,476.95001220703125,481.75,7819426
2023-01-18,493.2220764160156,502.95001220703125,504.0,488.5,488.5,12045667
2023-01-19,489.2503967285156,498.8999938964844,503.0,491.0,493.1499938964844,7945795
2023-01-20,480.4735412597656,489.95001220703125,501.54998779296875,488.25,498.0,5664588
2023-01-23,484.6413269042969,494.20001220703125,500.3500061035156,491.20001220703125,494.0,5559031
2023-01-24,475.2760009765625,484.6499938964844,497.8999938964844,483.54998779296875,496.70001220703125,3293586
2023-01-25,479.63995361328125,489.1000061035156,495.79998779296875,484.1000061035156,484.1000061035156,7341066
2023-01-27,469.73529052734375,479.0,494.79998779296875,467.95001220703125,493.5,4591590
2023-01-30,463.2139587402344,472.3500061035156,483.3500061035156,463.95001220703125,479.0,5804476
2023-01-31,459.3403015136719,468.3999938964844,476.3500061035156,465.5,474.95001220703125,5679604
2023-02-01,458.80096435546875,467.8500061035156,480.6000061035156,454.6000061035156,473.0,6075062
2023-02-02,456.3983459472656,465.3999938964844,471.0,460.79998779296875,467.0,3356544
2023-02-03,450.7595520019531,459.6499938964844,468.95001220703125,450.20001220703125,467.75,5707642
2023-02-06,438.6974792480469,447.3500061035156,457.0,446.0,457.0,4398369
2023-02-07,421.24176025390625,429.54998779296875,441.8999938964844,425.5,440.0,16652967
2023-02-08,428.0573425292969,436.5,439.79998779296875,432.0,432.0,6121515
2023-02-09,435.9516296386719,444.54998779296875,447.70001220703125,431.75,437.0,11431814
2023-02-10,424.7721252441406,433.1499938964844,444.95001220703125,431.0,444.54998779296875,6648361
2023-02-13,419.42755126953125,427.70001220703125,439.79998779296875,426.54998779296875,434.5,6437475
2023-02-14,426.3901672363281,434.79998779296875,435.25,425.3500061035156,429.5,3951666
2023-02-15,425.5566711425781,433.95001220703125,437.25,430.6000061035156,435.5,3623450
2023-02-16,426.2921447753906,434.70001220703125,438.0,433.0,436.8999938964844,4282249
2023-02-17,421.1927185058594,429.5,438.0,426.6000061035156,434.75,4014137
2023-02-20,425.8508605957031,434.25,435.54998779296875,429.0,429.8999938964844,3749802
2023-02-21,423.154052734375,431.5,438.29998779296875,430.0,437.75,3761409
2023-02-22,421.3888854980469,429.70001220703125,434.5,426.75,430.5,5276939
2023-02-23,428.00830078125,436.45001220703125,438.5,430.1000061035156,430.3999938964844,5037774
2023-02-24,407.21832275390625,415.25,438.0,414.25,438.0,10814032
2023-02-27,403.8350524902344,411.79998779296875,415.0,401.5,415.0,8301373
2023-02-28,391.4787902832031,399.20001220703125,413.8999938964844,398.0,413.5,12174759
2023-03-01,405.0608825683594,413.04998779296875,414.8999938964844,401.6499938964844,402.0,7935816
2023-03-02,402.8544006347656,410.79998779296875,416.79998779296875,408.0,415.0,4804013
2023-03-03,408.83642578125,416.8999938964844,419.3500061035156,412.20001220703125,413.20001220703125,5102333
2023-03-06,406.48284912109375,414.5,422.20001220703125,413.8999938964844,419.0,5071598
2023-03-08,399.8634033203125,407.75,409.95001220703125,396.1000061035156,409.95001220703125,7044653
2023-03-09,400.942138671875,408.8500061035156,418.5,408.0,411.0,6982179
2023-03-10,397.80401611328125,405.6499938964844,409.5,395.3999938964844,403.0,5239128
2023-03-13,394.4697570800781,402.25,414.95001220703125,398.5,409.0,5962595
2023-03-14,394.9111022949219,402.70001220703125,407.95001220703125,399.45001220703125,404.29998779296875,5841181
2023-03-15,398.2943420410156,406.1499938964844,412.75,405.0,407.95001220703125,5681268
2023-03-16,377.50439453125,384.95001220703125,400.8500061035156,383.1000061035156,400.6000061035156,16739755
2023-03-17,389.0271301269531,396.70001220703125,398.04998779296875,386.54998779296875,389.25,9861244
2023-03-20,378.2889404296875,385.75,394.04998779296875,381.0,393.75,6331283
2023-03-21,381.0347900390625,388.54998779296875,390.6000061035156,384.95001220703125,387.70001220703125,6080002
2023-03-22,385.1535339355469,392.75,396.75,388.25,390.1000061035156,6511605
2023-03-23,391.08648681640625,398.79998779296875,400.6499938964844,386.0,387.0,10453779
2023-03-24,380.88763427734375,388.3999938964844,401.0,386.1499938964844,400.79998779296875,8833099
2023-03-27,382.40771484375,389.95001220703125,396.6000061035156,389.3999938964844,390.0,7066058
2023-03-28,385.3006286621094,392.8999938964844,399.79998779296875,391.75,393.0,6424209
2023-03-29,391.3316955566406,399.04998779296875,400.8999938964844,389.8999938964844,394.8999938964844,6959623
2023-03-31,397.5098571777344,405.3500061035156,410.29998779296875,401.1000061035156,404.04998779296875,7468634
2023-04-03,394.76397705078125,402.54998779296875,406.8999938964844,399.54998779296875,406.5,5200766
2023-04-05,395.4994812011719,403.29998779296875,404.6000061035156,394.29998779296875,402.0,5607641
2023-04-06,397.4117736816406,405.25,406.5,398.75,401.0,4174551
2023-04-10,403.49188232421875,411.45001220703125,413.8500061035156,405.5,406.79998779296875,5327008
2023-04-11,409.4738464355469,417.54998779296875,418.04998779296875,411.1499938964844,412.8999938964844,4965642
2023-04-12,409.5719299316406,417.6499938964844,422.3999938964844,415.6000061035156,419.8999938964844,4701591
2023-04-13,413.8868103027344,422.04998779296875,422.75,415.3500061035156,418.04998779296875,6368113
2023-04-17,420.408203125,428.70001220703125,429.1499938964844,421.6000061035156,422.3500061035156,6920340
2023-04-18,423.20306396484375,431.54998779296875,433.0,427.8999938964844,430.0,4866068
2023-04-19,424.674072265625,433.04998779296875,437.3500061035156,431.29998779296875,434.3999938964844,5982454
2023-04-20,421.53594970703125,429.8500061035156,435.70001220703125,428.04998779296875,431.8999938964844,3830118
2023-04-21,414.1810302734375,422.3500061035156,430.8500061035156,419.0,430.0,5139533
2023-04-24,419.52557373046875,427.79998779296875,428.95001220703125,418.3500061035156,419.0,2308450
2023-04-25,421.4869079589844,429.79998779296875,431.70001220703125,425.0,425.0,3648159
2023-04-26,416.5836181640625,424.79998779296875,427.0,422.1000061035156,425.6000061035156,5184973
2023-04-27,422.46759033203125,430.79998779296875,431.45001220703125,422.04998779296875,425.0,3271257
2023-04-28,427.6650695800781,436.1000061035156,437.0,430.8999938964844,433.5,4913550
2023-05-02,437.52069091796875,446.1499938964844,449.8999938964844,438.0,439.0,5178547
2023-05-03,433.7451477050781,442.29998779296875,443.8999938964844,434.25,441.0,4826725
2023-05-04,436.88323974609375,445.5,446.45001220703125,440.5,445.0,3100187
2023-05-05,425.8508605957031,434.25,443.5,432.6499938964844,443.0,3034975
2023-05-08,436.44195556640625,445.04998779296875,446.8999938964844,436.20001220703125,438.25,4090222
2023-05-09,431.8328552246094,440.3500061035156,446.70001220703125,439.20001220703125,444.54998779296875,2941913
2023-05-10,428.00830078125,436.45001220703125,442.8500061035156,433.6499938964844,441.0,3075599
2023-05-11,412.71002197265625,420.8500061035156,434.0,419.54998779296875,434.0,11081500
2023-05-12,396.92144775390625,404.75,419.0,403.79998779296875,419.0,11152831
2023-05-15,402.7563781738281,410.70001220703125,412.8500061035156,404.3500061035156,408.5,5148782
2023-05-16,404.4725036621094,412.45001220703125,417.70001220703125,411.0,413.6000061035156,4010692
2023-05-17,399.81439208984375,407.70001220703125,413.3999938964844,405.54998779296875,411.79998779296875,3727878
2023-05-18,398.6375732421875,406.5,413.3999938964844,405.6499938964844,411.0,4078918
2023-05-19,398.88275146484375,406.75,408.3999938964844,400.3999938964844,408.0,5523299
2023-05-22,399.81439208984375,407.70001220703125,409.0,402.70001220703125,406.0,4237198
2023-05-23,402.36407470703125,410.29998779296875,413.79998779296875,406.8999938964844,409.20001220703125,3690618
2023-05-24,399.0298156738281,406.8999938964844,410.5,403.6000061035156,408.8999938964844,7866105
2023-05-25,396.43109130859375,404.25,405.75,397.79998779296875,404.5,8018242
2023-05-26,405.55120849609375,413.54998779296875,415.29998779296875,403.1000061035156,405.1000061035156,6401768
2023-05-29,411.7784118652344,419.8999938964844,425.0,415.5,417.0,8350721
2023-05-30,405.1099548339844,413.1000061035156,421.5,411.6000061035156,421.5,5596603
2023-05-31,398.0491943359375,405.8999938964844,410.70001220703125,404.3500061035156,410.5,22945527
2023-06-01,398.490478515625,406.3500061035156,414.3999938964844,405.8999938964844,409.04998779296875,4269628
2023-06-02,412.6119384765625,420.75,421.8999938964844,412.04998779296875,412.04998779296875,11695310
2023-06-05,411.5823059082031,419.70001220703125,426.0,418.3999938964844,424.8500061035156,8039709
2023-06-06,407.5125427246094,415.54998779296875,422.0,413.79998779296875,419.70001220703125,4383684
2023-06-07,414.4261779785156,422.6000061035156,423.70001220703125,413.8500061035156,418.0,6911473
2023-06-08,410.16033935546875,418.25,425.70001220703125,417.70001220703125,423.95001220703125,5571023
2023-06-09,407.0221862792969,415.04998779296875,421.8500061035156,414.5,421.8500061035156,3518826
2023-06-12,408.73834228515625,416.79998779296875,421.0,414.0,417.95001220703125,2813911
2023-06-13,413.2493896484375,421.3999938964844,424.0,416.8999938964844,419.0,4247391
2023-06-14,416.8287658691406,425.04998779296875,430.0,424.1499938964844,427.0,7213168
2023-06-15,414.8674621582031,423.04998779296875,425.6499938964844,420.75,424.8999938964844,4863359
2023-06-16,418.69207763671875,426.95001220703125,431.45001220703125,425.79998779296875,427.70001220703125,7931068
2023-06-19,417.9075012207031,426.1499938964844,432.0,423.04998779296875,424.25,3950931
2023-06-20,420.65338134765625,428.95001220703125,433.25,423.04998779296875,426.1499938964844,5090801
2023-06-21,412.8080749511719,420.95001220703125,429.70001220703125,418.1000061035156,428.95001220703125,5689533
2023-06-22,411.92547607421875,420.04998779296875,425.3999938964844,416.20001220703125,421.8999938964844,3566261
2023-06-23,400.5989074707031,408.5,416.95001220703125,407.45001220703125,416.0,5403772
2023-06-26,406.6789855957031,414.70001220703125,416.0,408.20001220703125,410.0,4460980
2023-06-27,409.66998291015625,417.75,419.29998779296875,414.0,416.0,3047635
2023-06-28,412.0726013183594,420.20001220703125,421.54998779296875,418.3500061035156,419.75,4613401
2023-06-30,412.8080749511719,420.95001220703125,422.6499938964844,414.6499938964844,419.8500061035156,4115005
2023-07-03,417.41717529296875,425.6499938964844,428.75,422.1000061035156,424.0,3693861
2023-07-04,417.56427001953125,425.79998779296875,428.95001220703125,423.1499938964844,427.95001220703125,2721964
2023-07-05,413.3474426269531,421.5,427.3999938964844,419.3500061035156,425.0,4783528
2023-07-06,418.1526794433594,426.3999938964844,428.0,417.1499938964844,418.95001220703125,5021705
2023-07-07,414.5242614746094,422.70001220703125,425.0,418.5,423.8999938964844,6769909
2023-07-10,419.57464599609375,427.8500061035156,436.20001220703125,423.0,423.0,6502214
2023-07-11,416.4365234375,424.6499938964844,431.8500061035156,424.0,429.25,3055356
2023-07-12,416.6326599121094,424.8500061035156,428.1000061035156,422.25,425.5,2854995
2023-07-13,426.7825012207031,435.20001220703125,439.5,430.20001220703125,430.20001220703125,11590791
2023-07-14,438.3052062988281,446.95001220703125,448.5,439.6000061035156,441.0,10801568
2023-07-17,438.45233154296875,447.1000061035156,454.1499938964844,443.3999938964844,447.79998779296875,8441112
2023-07-18,435.902587890625,444.5,449.0,442.20001220703125,447.0,3963196
2023-07-19,430.7051086425781,439.20001220703125,444.3999938964844,438.5,444.0,5062700
2023-07-20,433.0096435546875,441.54998779296875,442.8999938964844,438.25,442.0,5156038
2023-07-21,426.09600830078125,434.5,441.45001220703125,433.6499938964844,441.45001220703125,4309067
2023-07-24,424.5760192871094,432.95001220703125,437.54998779296875,431.5,434.0,3399581
2023-07-25,440.805908203125,449.5,450.5,435.0,436.1499938964844,8482756
2023-07-26,440.3155517578125,449.0,451.6499938964844,446.3999938964844,449.5,4218466
2023-07-27,442.6690979003906,451.3999938964844,459.6000061035156,448.1000061035156,451.0,5615100
2023-07-28,442.7672119140625,451.5,452.6499938964844,443.3999938964844,450.5,3886408
2023-07-31,453.65252685546875,462.6000061035156,463.25,453.0,453.04998779296875,4974267
2023-08-01,455.1235046386719,464.1000061035156,471.54998779296875,462.1000061035156,465.0,6249656
2023-08-02,445.70916748046875,454.5,461.20001220703125,449.6499938964844,460.0,5986653
2023-08-03,444.5323791503906,453.29998779296875,458.5,445.0,450.0,4026983
2023-08-04,448.16082763671875,457.0,466.0,453.8999938964844,464.0,7576934
2023-08-07,455.8589782714844,464.8500061035156,467.3500061035156,459.1499938964844,459.20001220703125,3770469
2023-08-08,445.9543151855469,454.75,467.25,452.0,464.8500061035156,6448476
2023-08-09,459.8306884765625,468.8999938964844,469.79998779296875,450.8999938964844,454.75,6171305
2023-08-10,459.8306884765625,468.8999938964844,471.0,463.0,468.0,4285159
2023-08-11,453.5054016113281,462.45001220703125,470.0,460.0,467.0,4422888
2023-08-14,444.96734619140625,450.79998779296875,458.6000061035156,447.6000061035156,458.6000061035156,4566085
2023-08-16,439.4397888183594,445.20001220703125,448.0,439.0,447.0,5066857
2023-08-17,441.8087463378906,447.6000061035156,449.25,440.5,443.0,3558210
2023-08-18,433.81353759765625,439.5,447.5,438.1499938964844,447.5,3990678
2023-08-21,443.58544921875,449.3999938964844,450.8500061035156,439.8999938964844,443.0,3775298
2023-08-22,444.5231628417969,450.3500061035156,454.3999938964844,448.3500061035156,449.75,3254685
2023-08-23,455.2821350097656,461.25,465.29998779296875,452.8999938964844,454.70001220703125,9182054
2023-08-24,450.5935974121094,456.5,465.8999938964844,453.8500061035156,464.0,5950400
2023-08-25,444.17767333984375,450.0,454.29998779296875,448.8999938964844,453.0,3304204
2023-08-28,440.5255432128906,446.29998779296875,452.8500061035156,445.5,450.54998779296875,4259997
2023-08-29,450.1493835449219,456.04998779296875,458.5,447.3500061035156,448.0,6062408
2023-08-30,450.84033203125,456.75,465.1499938964844,455.75,460.20001220703125,5510658
2023-08-31,453.9002685546875,459.8500061035156,465.0,456.75,462.25,9294166
2023-09-01,467.1268615722656,473.25,478.5,462.1000061035156,462.95001220703125,11151562
2023-09-04,480.35345458984375,486.6499938964844,492.29998779296875,475.0,477.6000061035156,10359653
2023-09-05,479.81060791015625,486.1000061035156,489.75,478.20001220703125,486.0,4941534
2023-09-06,471.96343994140625,478.1499938964844,484.8999938964844,474.25,484.8999938964844,5138246
2023-09-07,468.95294189453125,475.1000061035156,479.5,473.54998779296875,475.54998779296875,4055611
2023-09-08,469.98931884765625,476.1499938964844,478.79998779296875,467.70001220703125,473.0,5637990
2023-09-11,478.5767822265625,484.8500061035156,487.79998779296875,476.45001220703125,478.0,5960678
2023-09-12,471.5686340332031,477.75,490.8999938964844,475.3999938964844,490.0,6817270
2023-09-13,476.9481201171875,483.20001220703125,484.79998779296875,473.8500061035156,478.5,4162140
2023-09-14,490.9150390625,497.3500061035156,508.8999938964844,486.0,486.0,16108768
2023-09-15,490.1253967285156,496.54998779296875,508.0,494.95001220703125,507.79998779296875,8515363
2023-09-18,478.2312927246094,484.5,494.0,483.1499938964844,494.0,6238600
2023-09-20,472.11151123046875,478.29998779296875,486.3999938964844,475.25,482.0,5861905
2023-09-21,473.3453369140625,479.54998779296875,486.45001220703125,476.3999938964844,479.0,5146457
2023-09-22,472.6544189453125,478.8500061035156,481.79998779296875,471.5,479.0,3684720
2023-09-25,463.2773132324219,469.3500061035156,478.79998779296875,467.25,478.79998779296875,5768069
2023-09-26,465.39947509765625,471.5,474.29998779296875,466.20001220703125,468.5,4666823
2023-09-27,468.80487060546875,474.95001220703125,475.75,466.25,466.25,5656858
2023-09-28,460.8096923828125,466.8500061035156,479.6000061035156,464.45001220703125,476.0,5869780
2023-09-29,486.2758483886719,492.6499938964844,494.5,474.20001220703125,478.0,11604605
2023-10-03,473.7402038574219,479.95001220703125,484.54998779296875,476.6000061035156,483.1000061035156,4657602
2023-10-04,467.27490234375,473.3999938964844,477.8999938964844,470.0,474.0,3302259
2023-10-05,464.4617919921875,470.54998779296875,482.3999938964844,468.3500061035156,473.3999938964844,4801287
2023-10-06,466.4852600097656,472.6000061035156,476.45001220703125,469.3500061035156,475.0,3134022
2023-10-09,463.72149658203125,469.79998779296875,473.5,464.6000061035156,472.45001220703125,2681298
2023-10-10,474.4311218261719,480.6499938964844,484.79998779296875,467.0,473.0,7863825
2023-10-11,477.6390380859375,483.8999938964844,485.95001220703125,480.1000061035156,485.6499938964844,7006735
2023-10-12,478.1325988769531,484.3999938964844,494.0,482.54998779296875,483.1000061035156,6895255
2023-10-13,474.38177490234375,480.6000061035156,487.5,477.5,479.0,4652247
2023-10-16,477.1455383300781,483.3999938964844,486.5,475.29998779296875,479.75,5043158
2023-10-17,478.083251953125,484.3500061035156,488.45001220703125,480.70001220703125,486.5,4495043
2023-10-18,478.774169921875,485.04998779296875,494.79998779296875,483.54998779296875,487.79998779296875,7437952
2023-10-19,473.7402038574219,479.95001220703125,482.25,471.0,478.45001220703125,6035837
2023-10-20,465.6462707519531,471.75,479.8500061035156,470.0,475.0,2777724
2023-10-23,450.791015625,456.70001220703125,473.95001220703125,455.0,470.79998779296875,2994345
2023-10-25,455.2327880859375,461.20001220703125,473.0,459.3999938964844,466.0,7854105
2023-10-26,450.74163818359375,456.6499938964844,458.45001220703125,448.75,456.70001220703125,6625855
2023-10-27,450.24810791015625,456.1499938964844,464.3999938964844,454.45001220703125,458.0,6193726
2023-10-30,450.74163818359375,456.6499938964844,461.75,454.0,458.75,7523779
2023-10-31,453.55474853515625,459.5,465.0,453.25,465.0,5236060
2023-11-01,456.71337890625,462.70001220703125,466.0,456.0,458.5,4931538
2023-11-02,468.0645751953125,474.20001220703125,475.79998779296875,463.25,463.25,3933951
2023-11-03,469.0516357421875,475.20001220703125,481.45001220703125,474.25,478.95001220703125,3274345
2023-11-06,475.7143249511719,481.95001220703125,484.79998779296875,478.25,480.0,4294682
2023-11-07,478.2806396484375,484.54998779296875,491.5,480.29998779296875,482.0,5425669
2023-11-08,481.7353515625,488.04998779296875,491.45001220703125,478.1499938964844,491.45001220703125,8220612
2023-11-09,478.18194580078125,484.45001220703125,488.79998779296875,483.1499938964844,488.79998779296875,3271496
2023-11-10,475.07269287109375,481.29998779296875,488.25,479.54998779296875,482.04998779296875,3498064
2023-11-13,481.1925048828125,487.5,492.3500061035156,481.1000061035156,482.0,4918873
2023-11-15,498.8608703613281,505.3999938964844,513.5,494.20001220703125,497.0,11674265
2023-11-16,497.7751159667969,504.29998779296875,507.45001220703125,497.1499938964844,504.0,4171759
2023-11-17,491.3098449707031,497.75,506.45001220703125,496.8500061035156,503.04998779296875,3595049
2023-11-20,490.8656921386719,497.29998779296875,505.95001220703125,496.54998779296875,500.1499938964844,4305637
2023-11-21,500.2921447753906,506.8500061035156,510.95001220703125,501.8999938964844,502.79998779296875,7154476
2023-11-22,493.77752685546875,500.25,506.8500061035156,498.95001220703125,504.8999938964844,4337970
2023-11-23,495.4555358886719,501.95001220703125,503.0,491.6499938964844,499.0,6628259
2023-11-24,501.2298278808594,507.79998779296875,512.75,502.54998779296875,504.8500061035156,5973059
2023-11-28,508.92889404296875,515.5999755859375,518.25,509.79998779296875,511.75,7804926
2023-11-29,510.7550048828125,517.4500122070312,523.3499755859375,513.9000244140625,519.0,6275280
2023-11-30,508.978271484375,515.6500244140625,519.75,511.3500061035156,519.2999877929688,7599701
2023-12-01,510.50823974609375,517.2000122070312,524.7999877929688,515.2999877929688,520.0499877929688,4933886
2023-12-04,512.5316772460938,519.25,526.6500244140625,516.5499877929688,524.0499877929688,5985489
2023-12-05,513.91357421875,520.6500244140625,528.7999877929688,515.4500122070312,518.3499755859375,6399021
2023-12-06,516.233154296875,523.0,526.9500122070312,515.5999755859375,521.0,4831956
2023-12-07,509.3730773925781,516.0499877929688,522.4000244140625,515.0999755859375,521.0,4628885
2023-12-08,513.617431640625,520.3499755859375,525.0499877929688,514.0,519.5,3733998
2023-12-11,515.6409912109375,522.4000244140625,523.7999877929688,517.0999755859375,520.2999877929688,2597347
2023-12-12,520.6256103515625,527.4500122070312,538.5,522.1500244140625,525.0,9498031
2023-12-13,525.9556884765625,532.8499755859375,535.25,523.2999877929688,528.9500122070312,4000017
2023-12-14,536.0730590820312,543.0999755859375,545.9500122070312,537.25,540.0,7190654
2023-12-15,550.0400390625,557.25,559.0499877929688,548.2000122070312,556.0,8191005
2023-12-18,559.0716552734375,566.4000244140625,567.4000244140625,551.5,557.0,5076184
2023-12-19,557.5416870117188,564.8499755859375,567.9500122070312,555.7000122070312,567.9500122070312,4484733
2023-12-20,541.1071166992188,548.2000122070312,570.9000244140625,546.25,569.5,6959868
2023-12-21,549.052978515625,556.25,561.6500244140625,541.6500244140625,544.0,4591119
2023-12-22,563.0692138671875,570.4500122070312,572.0,559.0,559.4000244140625,7865384
2023-12-26,572.3475952148438,579.8499755859375,580.8499755859375,570.5,574.9500122070312,4649730
2023-12-27,597.7644653320312,605.5999755859375,607.6500244140625,580.2999877929688,582.0,12430827
2023-12-28,606.3518676757812,614.2999877929688,616.5,605.2000122070312,608.0,7139743
2023-12-29,606.8947143554688,614.8499755859375,618.0,608.0999755859375,614.2999877929688,3995822
2024-01-01,602.5023803710938,610.4000244140625,620.5,606.9500122070312,614.5,2961919
2024-01-02,609.0169677734375,617.0,620.0,607.4000244140625,610.4000244140625,4975013
2024-01-03,585.3768310546875,593.0499877929688,611.4000244140625,592.0,608.25,7226455
2024-01-04,582.85986328125,590.5,595.8499755859375,587.6500244140625,594.0,6592370
2024-01-05,579.4050903320312,587.0,597.5999755859375,581.5499877929688,590.5999755859375,2990123
2024-01-08,570.1760864257812,577.6500244140625,592.5,576.4500122070312,587.0,4425767
2024-01-09,568.498046875,575.9500122070312,584.9000244140625,573.5999755859375,581.9500122070312,5314029
2024-01-10,572.5449829101562,580.0499877929688,582.0,570.6500244140625,576.0,2408792
2024-01-11,569.4851684570312,576.9500122070312,587.0,575.5,582.9500122070312,3899383
2024-01-12,574.5191650390625,582.0499877929688,585.5,575.75,581.0,2440863
2024-01-15,567.2149047851562,574.6500244140625,586.0,572.25,585.8499755859375,3778987
2024-01-16,572.051513671875,579.5499877929688,584.8499755859375,569.4500122070312,575.9500122070312,5187155
2024-01-17,553.001220703125,560.25,572.7000122070312,558.0999755859375,570.9500122070312,6148035
2024-01-18,547.720458984375,554.9000244140625,561.3499755859375,547.7999877929688,560.25,3784905
2024-01-19,549.8919677734375,557.0999755859375,561.0,554.5,556.5,4451789
2024-01-23,534.3951416015625,541.4000244140625,561.7999877929688,537.5999755859375,558.0,7867972
2024-01-24,557.8378295898438,565.1500244140625,566.7999877929688,547.0,550.0,8619429
2024-01-25,559.861328125,567.2000122070312,570.0,558.4000244140625,566.5,5366990
2024-01-29,560.55224609375,567.9000244140625,571.9500122070312,562.0,568.0,5126212
2024-01-30,561.884765625,569.25,584.2999877929688,567.25,569.9500122070312,7968815
2024-01-31,571.8540649414062,579.3499755859375,580.5999755859375,568.25,569.2000122070312,5644545
2024-02-01,563.85888671875,571.25,581.7999877929688,570.2999877929688,578.0,3509803
2024-02-02,575.950439453125,583.5,589.0,573.0999755859375,577.0,7145858
2024-02-05,572.39697265625,579.9000244140625,590.9000244140625,576.0499877929688,583.5,4801118
2024-02-06,577.3323364257812,584.9000244140625,587.75,569.25,578.5999755859375,4099573
2024-02-07,584.587158203125,592.25,602.1500244140625,584.6500244140625,590.4000244140625,9415146
2024-02-08,593.5200805664062,601.2999877929688,608.9500122070312,587.8499755859375,592.0,11844758
2024-02-09,583.6494140625,591.2999877929688,602.0,576.2999877929688,601.0,5105348
2024-02-12,574.9140014648438,582.4500122070312,601.7999877929688,579.75,591.9000244140625,4595403
2024-02-13,503.50006103515625,510.1000061035156,540.0,496.3500061035156,539.0,46100123
2024-02-14,501.2298278808594,507.79998779296875,516.9000244140625,503.1499938964844,515.0,16634538
2024-02-15,506.55999755859375,513.2000122070312,518.5,507.6000061035156,512.7000122070312,13303658
2024-02-16,509.0276184082031,515.7000122070312,519.9500122070312,510.95001220703125,519.9500122070312,12066565
2024-02-19,505.6716003417969,512.2999877929688,518.9000244140625,511.79998779296875,518.75,5580597
2024-02-20,504.98065185546875,511.6000061035156,515.9000244140625,507.1499938964844,512.5999755859375,5186970
2024-02-21,505.1780700683594,511.79998779296875,538.0,510.0,535.0,18106978
2024-02-22,514.4071655273438,521.1500244140625,522.1500244140625,514.25,516.2999877929688,8727844
2024-02-23,511.6433410644531,518.3499755859375,524.7999877929688,517.0,524.7000122070312,6445580
2024-02-26,498.5154113769531,505.04998779296875,519.75,504.0,519.4000244140625,7605543
2024-02-27,503.055908203125,509.6499938964844,512.2000122070312,504.70001220703125,505.5,6741206
2024-02-28,497.8738098144531,504.3999938964844,514.4500122070312,501.75,512.5,4406098
2024-02-29,497.3309326171875,503.8500061035156,508.0,499.0,506.5,16860796
2024-03-01,512.3836059570312,519.0999755859375,522.5,510.0,510.0,9882296
2024-03-04,518.157958984375,524.9500122070312,529.8499755859375,520.0499877929688,524.0,5989974
2024-03-05,515.3447875976562,522.0999755859375,528.2999877929688,520.2000122070312,524.0,5729926
2024-03-06,520.132080078125,526.9500122070312,527.9000244140625,513.9500122070312,522.0499877929688,4637732
2024-03-07,529.7559204101562,536.7000122070312,540.8499755859375,529.25,530.7999877929688,7909060
2024-03-11,526.7947387695312,533.7000122070312,543.25,532.0999755859375,540.0,5527908
2024-03-12,522.106201171875,528.9500122070312,536.8499755859375,525.2999877929688,533.0999755859375,3703670
2024-03-13,500.440185546875,507.0,530.0,501.20001220703125,529.3499755859375,5712435
2024-03-14,518.4541015625,525.25,526.3499755859375,507.0,512.0,10349338
2024-03-15,525.6596069335938,532.5499877929688,534.0499877929688,517.5,522.0,8467660
2024-03-18,524.2777709960938,531.1500244140625,535.5499877929688,527.0,532.0,4282437
2024-03-19,526.7454223632812,533.6500244140625,539.75,529.25,532.0,7119131
2024-03-20,521.0203857421875,527.8499755859375,535.5,516.3499755859375,533.0,5005234
2024-03-21,532.7171020507812,539.7000122070312,545.75,534.25,538.4000244140625,8795679
2024-03-22,540.6629638671875,547.75,550.6500244140625,537.3499755859375,539.7000122070312,5518261
2024-03-26,551.4219360351562,558.6500244140625,561.0,545.0,545.6500244140625,7198061
2024-03-27,550.4348754882812,557.6500244140625,564.6500244140625,556.7999877929688,564.2000122070312,5320703
2024-03-28,553.001220703125,560.25,566.6500244140625,555.2999877929688,561.0,8326754
2024-04-01,561.2431640625,568.5999755859375,574.0,564.0999755859375,570.0,6192790
2024-04-02,563.8095703125,571.2000122070312,572.2999877929688,561.5499877929688,571.0,4626877
2024-04-03,569.1396484375,576.5999755859375,584.0999755859375,567.1500244140625,570.2000122070312,7514291
2024-04-04,570.2748413085938,577.75,590.0,568.9500122070312,590.0,7246259
2024-04-05,562.6743774414062,570.0499877929688,575.0,567.5999755859375,572.5,4884617
2024-04-08,569.3370971679688,576.7999877929688,579.7000122070312,570.5,572.0,3276169
2024-04-09,580.984375,588.5999755859375,595.4500122070312,574.0,578.0999755859375,7829711
2024-04-10,595.2474365234375,603.0499877929688,604.9000244140625,591.0499877929688,596.2000122070312,11748104
2024-04-12,590.9044189453125,598.6500244140625,609.0499877929688,595.2999877929688,609.0499877929688,15994496
2024-04-15,604.7726440429688,612.7000122070312,625.4000244140625,605.7000122070312,615.0,27067692
2024-04-16,600.9723510742188,608.8499755859375,621.4000244140625,606.7999877929688,612.7000122070312,10722248
2024-04-18,604.8712768554688,612.7999877929688,625.0,609.7999877929688,616.4000244140625,9953539
2024-04-19,606.7960205078125,614.75,616.2999877929688,600.7000122070312,609.0,6443897
2024-04-22,610.546875,618.5499877929688,622.4500122070312,612.7000122070312,620.6500244140625,6503652
2024-04-23,603.8842163085938,611.7999877929688,618.75,610.4000244140625,618.5,6154126
2024-04-24,627.8698120117188,636.0999755859375,637.6500244140625,608.7000122070312,611.7999877929688,11775700
2024-04-25,638.4313354492188,646.7999877929688,648.25,628.0999755859375,635.7000122070312,11897458
2024-04-26,640.8989868164062,649.2999877929688,661.5999755859375,643.0,650.9500122070312,7545608
2024-04-29,641.6393432617188,650.0499877929688,655.4000244140625,641.2000122070312,654.9500122070312,4157501
2024-04-30,636.0625,644.4000244140625,653.7000122070312,642.2999877929688,653.5999755859375,4771959
2024-05-02,633.150634765625,641.4500122070312,646.9000244140625,628.6500244140625,635.9000244140625,17929526
2024-05-03,638.7274780273438,647.0999755859375,655.0499877929688,638.4000244140625,655.0499877929688,10633995
2024-05-06,630.534912109375,638.7999877929688,655.0,629.2999877929688,650.0,10094421
2024-05-07,612.175537109375,620.2000122070312,646.9000244140625,611.75,646.9000244140625,10787196
2024-05-08,625.303466796875,633.5,634.4500122070312,615.0999755859375,615.0999755859375,7683352
2024-05-09,611.3859252929688,619.4000244140625,637.75,615.0,634.0,6588118
2024-05-10,617.5056762695312,625.5999755859375,629.5499877929688,618.0,620.0999755859375,4364788
2024-05-13,625.303466796875,633.5,636.1500244140625,614.2999877929688,625.0999755859375,3582386
2024-05-14,638.2833251953125,646.6500244140625,649.5,638.2000122070312,644.3499755859375,8339846
2024-05-15,645.2421264648438,653.7000122070312,659.0,648.7000122070312,653.0,6764257
2024-05-16,644.8966064453125,653.3499755859375,666.0,643.25,660.0,8781056
2024-05-17,646.969482421875,655.4500122070312,658.7999877929688,650.4000244140625,653.0,5026205
2024-05-21,684.6258544921875,693.5999755859375,695.4000244140625,663.2000122070312,666.2999877929688,15976672
2024-05-22,675.6929931640625,684.5499877929688,698.7000122070312,677.4000244140625,698.5499877929688,8004434
2024-05-23,668.043212890625,676.7999877929688,678.5499877929688,665.9500122070312,675.1500244140625,9749101
2024-05-24,664.5391845703125,673.25,690.4500122070312,671.0499877929688,679.25,15930052
2024-05-27,669.0796508789062,677.8499755859375,689.5,675.5,685.0499877929688,10475785
2024-05-28,672.4849853515625,681.2999877929688,698.0,678.3499755859375,682.0,12925385
2024-05-29,696.1744995117188,705.2999877929688,713.5,682.2999877929688,695.0,22684652
2024-05-30,686.1558227539062,695.1500244140625,713.0499877929688,693.3499755859375,704.8499755859375,10361716
2024-05-31,680.4308471679688,689.3499755859375,703.4500122070312,684.3499755859375,698.9000244140625,13620282
2024-06-03,686.9454956054688,695.9500122070312,715.25,692.7999877929688,715.0,7081956
2024-06-04,640.6522827148438,649.0499877929688,697.0,594.25,697.0,24250212
2024-06-05,686.2545166015625,695.25,700.6500244140625,607.0,627.0,25836374
2024-06-06,668.7341918945312,677.5,695.0,673.0,695.0,10420244
2024-06-07,671.5473022460938,680.3499755859375,687.0,672.4500122070312,677.5,7172942
2024-06-10,667.6484375,676.4000244140625,684.8499755859375,673.0499877929688,677.0499877929688,4054802
2024-06-11,664.2430419921875,672.9500122070312,681.25,672.0499877929688,680.0,5157918
2024-06-12,665.1807861328125,673.9000244140625,683.0,671.8499755859375,674.0,10783822
2024-06-13,671.8927612304688,680.7000122070312,684.6500244140625,676.0499877929688,678.0,9555904
2024-06-14,674.7552490234375,683.5999755859375,690.0,677.4000244140625,690.0,8326865
2024-06-18,669.968017578125,678.75,688.0,677.0,683.5999755859375,4013739
2024-06-19,653.82958984375,662.4000244140625,682.0,660.4000244140625,680.0499877929688,4770356
2024-06-20,667.7471313476562,676.5,684.3499755859375,661.75,665.0,6646966
2024-06-21,675.6436157226562,684.5,691.2000122070312,677.0,680.0,11973903
2024-06-24,676.3839111328125,685.25,687.7000122070312,675.0999755859375,679.5999755859375,8014595
2024-06-25,676.630615234375,685.5,696.0,680.9000244140625,688.7999877929688,5778636
2024-06-26,665.970458984375,674.7000122070312,683.5499877929688,671.3499755859375,683.5499877929688,6069407
2024-06-27,676.3839111328125,685.25,687.7000122070312,672.0999755859375,678.0,7135387
2024-06-28,684.5764770507812,693.5499877929688,697.5,686.0,690.25,6101211
2024-07-01,680.9243774414062,689.8499755859375,701.8499755859375,688.4000244140625,699.0,4870114
2024-07-02,685.760986328125,694.75,703.2999877929688,688.4000244140625,689.9000244140625,5482768
2024-07-03,682.7011108398438,691.6500244140625,703.0,683.4000244140625,698.9000244140625,5875690
2024-07-04,682.8984985351562,691.8499755859375,705.75,690.5499877929688,697.7000122070312,5924057
2024-07-05,690.1040649414062,699.1500244140625,702.5,693.5,694.0,5174673
2024-07-08,688.1793212890625,697.2000122070312,705.9000244140625,691.6500244140625,703.6500244140625,2636146
2024-07-09,697.8524780273438,707.0,710.6500244140625,695.5499877929688,702.0,5507357
2024-07-10,684.3297119140625,693.2999877929688,712.0999755859375,685.2999877929688,708.0,5327276
2024-07-11,687.2908935546875,696.2999877929688,702.0,692.0,702.0,6856272
2024-07-12,683.0958862304688,692.0499877929688,702.4500122070312,686.0999755859375,697.5,3839953
2024-07-15,691.041748046875,700.0999755859375,701.5999755859375,688.4500122070312,692.0499877929688,2848268
2024-07-16,681.862060546875,690.7999877929688,703.1500244140625,689.0,700.2999877929688,4570179
2024-07-18,681.0231323242188,689.9500122070312,695.8499755859375,684.0999755859375,686.0,7841505
2024-07-19,654.4217529296875,663.0,685.7000122070312,658.6500244140625,683.9000244140625,6207375
2024-07-22,663.6014404296875,672.2999877929688,675.0,650.8499755859375,655.0,3291634
2024-07-23,645.044677734375,653.5,673.2000122070312,638.7000122070312,672.2999877929688,9602846
2024-07-24,643.1692504882812,651.5999755859375,656.6500244140625,645.0,653.0,2610134
2024-07-25,638.1845703125,646.5499877929688,649.0,633.2999877929688,641.9500122070312,6171776
2024-07-26,658.9622192382812,667.5999755859375,668.5,655.0,660.0,4730539
2024-07-29,658.221923828125,666.8499755859375,676.75,665.0,676.75,6032470
2024-07-30,651.9541015625,660.5,665.0,654.5999755859375,665.0,6714850
2024-07-31,660.9363403320312,669.5999755859375,674.0,664.25,667.0,8551592
2024-08-01,664.7859497070312,673.5,690.9000244140625,667.3499755859375,680.0,8831127
2024-08-02,639.6651611328125,648.0499877929688,665.5999755859375,646.5499877929688,659.7999877929688,6717210
2024-08-05,606.3518676757812,614.2999877929688,633.8499755859375,609.25,628.0499877929688,13451475
2024-08-06,602.4036254882812,610.2999877929688,629.0,608.0,625.0,7063441
2024-08-07,615.6303100585938,623.7000122070312,629.4500122070312,616.75,625.0,4839670
2024-08-08,606.1051025390625,614.0499877929688,631.0,613.0,625.0,5396272
2024-08-09,618.365234375,622.9000244140625,626.5,614.7999877929688,622.0,3629264
2024-08-12,624.7682495117188,629.3499755859375,634.4000244140625,616.5,619.0,3586449
2024-08-13,616.8761596679688,621.4000244140625,634.4000244140625,619.2000122070312,634.4000244140625,6793767
2024-08-14,616.92578125,621.4500122070312,633.9500122070312,611.5999755859375,626.8499755859375,8646288
2024-08-16,629.5333251953125,634.1500244140625,642.0,630.2000122070312,633.9500122070312,6566337
2024-08-19,654.053466796875,658.8499755859375,660.2999877929688,636.5,636.5,9510274
2024-08-20,668.001220703125,672.9000244140625,674.2999877929688,661.0499877929688,663.0,10295836
2024-08-21,680.6087036132812,685.5999755859375,696.5999755859375,667.7999877929688,668.9000244140625,7815238
2024-08-22,680.55908203125,685.5499877929688,692.0,677.2000122070312,691.5,6188728
2024-08-23,680.1123657226562,685.0999755859375,694.7000122070312,677.7999877929688,690.0499877929688,7774920
2024-08-26,706.6676025390625,711.8499755859375,712.9000244140625,689.5,694.4000244140625,11517668
2024-08-27,698.37841796875,703.5,712.9500122070312,702.75,711.9000244140625,6465241
2024-08-28,699.9171752929688,705.0499877929688,710.7000122070312,701.1500244140625,706.0,3599946
2024-08-29,695.4002685546875,700.5,702.3499755859375,691.4000244140625,697.6500244140625,5728640
2024-08-30,696.2440795898438,701.3499755859375,708.5,695.0999755859375,699.0,7404373
2024-09-02,678.921142578125,683.9000244140625,706.7000122070312,683.2000122070312,706.7000122070312,6186645
2024-09-03,673.9575805664062,678.9000244140625,692.7000122070312,677.5499877929688,687.6500244140625,4457291
2024-09-04,661.9456176757812,666.7999877929688,673.7999877929688,661.25,666.6500244140625,5816848
2024-09-05,665.0726928710938,669.9500122070312,672.4000244140625,667.25,670.0,3749608
2024-09-06,662.243408203125,667.0999755859375,677.0,665.4500122070312,668.25,6311131
2024-09-09,653.7556762695312,658.5499877929688,664.0,651.0,664.0,5144488
2024-09-10,654.6987915039062,659.5,666.7999877929688,653.7000122070312,664.9000244140625,3304741
2024-09-11,642.9846801757812,647.7000122070312,658.5999755859375,645.4000244140625,658.5999755859375,3825823
2024-09-12,671.2772216796875,676.2000122070312,677.9000244140625,651.5,658.0,8594764
2024-09-13,668.3486938476562,673.25,686.4000244140625,670.5999755859375,686.0,5977861
2024-09-16,680.1620483398438,685.1500244140625,687.5499877929688,676.5499877929688,680.0999755859375,4258546
2024-09-17,678.0277099609375,683.0,692.0,681.0999755859375,689.0,3395470
2024-09-18,680.2612915039062,685.25,687.9500122070312,673.3499755859375,685.0,3404940
2024-09-19,679.2189331054688,684.2000122070312,690.8499755859375,668.2000122070312,690.0,5134590
2024-09-20,689.3447265625,694.4000244140625,698.7999877929688,688.75,692.0999755859375,9753966
2024-09-23,685.522705078125,690.5499877929688,698.0,687.9500122070312,695.5,2808114
2024-09-24,712.6239624023438,717.8499755859375,719.7000122070312,693.0,697.5999755859375,15201960
2024-09-25,713.2196044921875,718.4500122070312,730.9000244140625,715.5499877929688,725.0,9525319
2024-09-26,729.3016967773438,734.6500244140625,736.1500244140625,710.7000122070312,718.4500122070312,10573166
2024-09-27,741.710693359375,747.1500244140625,757.7000122070312,742.0999755859375,746.9500122070312,12936973
2024-09-30,750.6947631835938,756.2000122070312,764.4500122070312,749.4500122070312,750.0,8566640
2024-10-01,756.0057983398438,761.5499877929688,765.5,745.2000122070312,755.0,4402151
2024-10-03,741.6610107421875,747.0999755859375,772.6500244140625,744.7000122070312,750.0,5649089
2024-10-04,742.4552001953125,747.9000244140625,757.5499877929688,740.0499877929688,742.6500244140625,4624509
2024-10-07,725.9760131835938,731.2999877929688,753.0,722.5,753.0,5862059
2024-10-08,716.5452270507812,721.7999877929688,732.0,708.0,723.5,5418558
2024-10-09,722.2533569335938,727.5499877929688,735.75,710.0,710.0,3733320
2024-10-10,724.83447265625,730.1500244140625,738.2000122070312,726.2999877929688,731.9000244140625,3890250
2024-10-11,741.9091796875,747.3499755859375,749.9500122070312,733.0499877929688,736.0,5224383
2024-10-14,737.5908813476562,743.0,755.0,739.4500122070312,746.0,2540789
2024-10-15,721.65771484375,726.9500122070312,750.0,720.6500244140625,746.0,3056619
2024-10-16,727.762939453125,733.0999755859375,738.9000244140625,726.0499877929688,728.5,3207796
2024-10-17,729.4505615234375,734.7999877929688,747.2999877929688,732.3499755859375,741.0999755859375,6213860
2024-10-18,748.0144653320312,753.5,756.4500122070312,725.0499877929688,734.7999877929688,5474367
2024-10-21,734.215576171875,739.5999755859375,765.4500122070312,737.0,760.0,2981749
2024-10-22,715.0064697265625,720.25,745.7999877929688,718.2999877929688,733.0,5672302
2024-10-23,711.87939453125,717.0999755859375,731.1500244140625,713.2999877929688,716.0,6522834
2024-10-24,685.671630859375,690.7000122070312,715.0,666.75,715.0,14909729
2024-10-25,673.8086547851562,678.75,694.9000244140625,668.4500122070312,694.5,4091651
2024-10-28,687.8556518554688,692.9000244140625,697.0,680.7999877929688,681.0,2587719
2024-10-29,688.5504760742188,693.5999755859375,696.2000122070312,676.4500122070312,692.9000244140625,4293867
2024-10-30,683.3883666992188,688.4000244140625,698.7999877929688,685.4000244140625,690.9500122070312,3284187
2024-10-31,681.0554809570312,686.0499877929688,689.5499877929688,679.25,686.8499755859375,4478581
2024-11-01,685.8701782226562,690.9000244140625,693.9000244140625,687.2000122070312,687.5,472898
2024-11-04,669.3909912109375,674.2999877929688,689.9000244140625,661.5999755859375,689.0,5245661
2024-11-05,692.4717407226562,697.5499877929688,701.4500122070312,674.7999877929688,675.5999755859375,4931994
2024-11-06,703.0442504882812,708.2000122070312,714.25,687.8499755859375,706.0,5500043
2024-11-07,643.3817138671875,648.0999755859375,687.7000122070312,646.2999877929688,682.0,26671445
2024-11-08,645.7146606445312,650.4500122070312,660.4500122070312,647.0,654.75,7886228
2024-11-11,650.5789794921875,655.3499755859375,657.5999755859375,638.7000122070312,647.4500122070312,4933389
2024-11-12,646.9059448242188,651.6500244140625,673.5,648.1500244140625,668.0,12009560
2024-11-13,622.0382690429688,626.5999755859375,649.9000244140625,622.5499877929688,648.0,7867492
2024-11-14,622.7827758789062,627.3499755859375,636.4500122070312,625.1500244140625,630.0,6937416
2024-11-18,646.3102416992188,651.0499877929688,663.0999755859375,639.9000244140625,641.9000244140625,13618683
2024-11-19,635.3406982421875,640.0,655.5499877929688,637.6500244140625,651.0999755859375,5015887
2024-11-21,643.3320922851562,648.0499877929688,653.9000244140625,634.2999877929688,641.0,7910597
2024-11-22,647.3526000976562,652.0999755859375,657.2999877929688,647.4000244140625,652.9500122070312,3586402
2024-11-25,655.0462036132812,659.8499755859375,663.0,654.4500122070312,660.0999755859375,5760810
2024-11-26,661.2506713867188,666.0999755859375,670.25,659.25,662.9000244140625,3604133
2024-11-27,656.287109375,661.0999755859375,669.7999877929688,660.1500244140625,667.2000122070312,2910507
2024-11-28,645.51611328125,650.25,663.1500244140625,647.5999755859375,661.0,4686850
2024-11-29,651.4227905273438,656.2000122070312,658.5999755859375,649.0999755859375,652.5,3412007
2024-12-02,657.7761840820312,662.5999755859375,663.4000244140625,653.0499877929688,656.2000122070312,2174126
2024-12-03,662.6901245117188,667.5499877929688,669.5999755859375,657.0,665.4000244140625,3306465
2024-12-04,658.222900390625,663.0499877929688,671.25,659.6500244140625,667.5499877929688,2785457
2024-12-05,665.9661254882812,670.8499755859375,673.9500122070312,658.7000122070312,664.0,5156111
2024-12-06,665.271240234375,670.1500244140625,676.5,667.25,673.4500122070312,2723680
2024-12-09,666.0158081054688,670.9000244140625,672.5,654.25,666.9500122070312,5079369
2024-12-10,664.0303344726562,668.9000244140625,676.0,664.7000122070312,675.0,3950822
2024-12-11,665.6187133789062,670.5,679.7999877929688,668.0499877929688,671.0,3418716
2024-12-12,663.831787109375,668.7000122070312,679.7999877929688,662.0,675.0,6585440
2024-12-13,657.27978515625,662.0999755859375,665.5499877929688,648.0,663.0,4198819
2024-12-16,648.742431640625,653.5,666.5999755859375,652.0499877929688,661.2999877929688,2619582
2024-12-17,634.7947387695312,639.4500122070312,653.5999755859375,637.0999755859375,649.5,4800541
2024-12-18,628.3916625976562,633.0,642.0499877929688,628.25,641.9500122070312,3753662
2024-12-19,624.7682495117188,629.3499755859375,633.25,614.0999755859375,620.5999755859375,5198027
2024-12-20,618.1170654296875,622.6500244140625,640.5999755859375,620.7000122070312,629.3499755859375,5964142
2024-12-23,629.5333251953125,634.1500244140625,635.9000244140625,625.5499877929688,625.5499877929688,2921238
2024-12-24,622.882080078125,627.4500122070312,638.0999755859375,625.75,635.0,4830151
2024-12-26,624.172607421875,628.75,633.4500122070312,626.75,630.0,4476967
2024-12-27,612.9052734375,617.4000244140625,632.8499755859375,615.7000122070312,628.75,3391148
2024-12-30,596.723876953125,601.0999755859375,620.2999877929688,599.1500244140625,615.4000244140625,8023050
2024-12-31,598.0640869140625,602.4500122070312,605.9000244140625,597.4500122070312,601.4000244140625,3807525
2025-01-01,588.6332397460938,592.9500122070312,603.75,587.5,601.5,9217246
2025-01-02,594.6392211914062,599.0,600.5499877929688,588.5999755859375,594.9000244140625,8525001
2025-01-03,586.8463745117188,591.1500244140625,599.75,590.0,599.0,6291674
2025-01-06,569.9204711914062,574.0999755859375,593.8499755859375,571.5999755859375,592.5999755859375,11202314
2025-01-07,580.2447509765625,584.5,588.4000244140625,572.0499877929688,573.0499877929688,5379682
2025-01-08,582.379150390625,586.6500244140625,587.5999755859375,577.4500122070312,582.75,4077369
2025-01-09,584.960205078125,589.25,596.8499755859375,578.6500244140625,580.0,7595188
2025-01-10,570.2679443359375,574.4500122070312,589.25,571.5999755859375,586.0,10613705
2025-01-13,559.6458129882812,563.75,573.9500122070312,562.0,571.5999755859375,7689295
2025-01-14,586.5982055664062,590.9000244140625,591.9500122070312,568.3499755859375,569.9000244140625,8506497
2025-01-15,587.243408203125,591.5499877929688,596.2000122070312,586.5499877929688,594.0,4390121
2025-01-16,598.2129516601562,602.5999755859375,607.0,590.5499877929688,596.0,4959410
2025-01-17,612.5081787109375,617.0,619.0,603.7000122070312,603.8499755859375,6414327
2025-01-20,613.6498413085938,618.1500244140625,621.9500122070312,612.25,617.0499877929688,2995173
2025-01-21,610.4730834960938,614.9500122070312,628.3499755859375,613.4500122070312,626.0499877929688,3529837
2025-01-22,608.9840087890625,613.4500122070312,615.4000244140625,605.3499755859375,615.0,4426051
2025-01-23,603.8218994140625,608.25,616.2000122070312,607.2000122070312,611.0,6826419
2025-01-24,602.4817504882812,606.9000244140625,615.3499755859375,599.9000244140625,608.7000122070312,4608870
2025-01-27,582.6273193359375,586.9000244140625,601.5999755859375,585.3499755859375,600.0499877929688,2919161
2025-01-28,569.6723022460938,573.8499755859375,591.6500244140625,568.2999877929688,590.0999755859375,6250865
2025-01-29,579.84765625,584.0999755859375,587.8499755859375,571.5999755859375,576.5,4618198
2025-01-30,583.5703735351562,587.8499755859375,601.8499755859375,581.7000122070312,586.9000244140625,4604752
2025-01-31,589.973388671875,594.2999877929688,596.4000244140625,584.2999877929688,590.0,3750965
2025-02-01,582.1806030273438,586.4500122070312,595.4000244140625,582.0,594.0,1740719
2025-02-03,569.870849609375,574.0499877929688,576.5999755859375,557.5999755859375,575.0,8169543
2025-02-04,579.6987915039062,583.9500122070312,595.9000244140625,580.2000122070312,580.5,5318376
2025-02-05,596.2275390625,600.5999755859375,604.5,584.5,584.5,3974704
2025-02-06,591.1150512695312,595.4500122070312,606.7999877929688,591.25,601.0499877929688,3571342
2025-02-07,602.9780883789062,607.4000244140625,610.5999755859375,594.0,595.4500122070312,4687823
2025-02-10,591.6610717773438,596.0,606.0999755859375,589.5,605.0,3434505
2025-02-11,591.5121459960938,595.8499755859375,607.0,591.6500244140625,594.0499877929688,5303293
2025-02-12,594.5399780273438,598.9000244140625,604.9500122070312,586.3499755859375,599.0499877929688,3764143
2025-02-13,598.1137084960938,602.5,607.9500122070312,590.0999755859375,596.0499877929688,4415122
2025-02-14,601.7868041992188,606.2000122070312,616.0,595.0499877929688,609.0,11475440
2025-02-17,606.4028930664062,610.8499755859375,611.9000244140625,589.6500244140625,606.2000122070312,4470099
2025-02-18,606.9985961914062,611.4500122070312,613.7000122070312,601.7000122070312,609.0,2956837
2025-02-19,621.740478515625,626.2999877929688,628.3499755859375,606.5499877929688,607.0,6101855
2025-02-20,634.1494750976562,638.7999877929688,644.2000122070312,625.0,627.0,6904537
2025-02-21,648.7920532226562,653.5499877929688,656.2000122070312,637.9500122070312,639.2000122070312,7490723
2025-02-24,637.2269287109375,641.9000244140625,647.9000244140625,636.25,642.0,5931712
2025-02-25,614.9403686523438,619.4500122070312,638.4500122070312,617.0999755859375,636.0,10249548
2025-02-27,627.349365234375,631.9500122070312,633.9000244140625,619.5,625.0999755859375,7263151
2025-02-28,629.7318115234375,634.3499755859375,636.5999755859375,619.4500122070312,630.0,13041185
2025-03-03,631.9158325195312,636.5499877929688,643.5,620.7000122070312,634.4500122070312,5368388
2025-03-04,636.978759765625,641.6500244140625,643.8499755859375,624.0999755859375,628.0,4430660
2025-03-05,652.5643920898438,657.3499755859375,662.5,638.0,638.0,7876653
2025-03-06,676.9853515625,681.9500122070312,687.5999755859375,661.8499755859375,664.9500122070312,10993614
2025-03-07,686.31689453125,691.3499755859375,694.5999755859375,678.5999755859375,678.5999755859375,8142832
2025-03-10,684.1329345703125,689.1500244140625,709.2999877929688,686.5,689.7999877929688,10707412
2025-03-11,690.4367065429688,695.5,699.0,676.7999877929688,684.0,5262297
2025-03-12,684.8278198242188,689.8499755859375,702.0,683.7999877929688,700.0,5219333
2025-03-13,672.4187622070312,677.3499755859375,692.9500122070312,673.25,690.2000122070312,4877884
2025-03-17,675.7940673828125,680.75,687.5,677.8499755859375,678.25,4033068
2025-03-18,675.7940673828125,680.75,680.75,680.75,680.75,0
2025-03-19,693.4644775390625,698.5499877929688,703.0,690.5,703.0,5462686
2025-03-20,700.8106079101562,705.9500122070312,709.8499755859375,697.5999755859375,702.5,4670064
2025-03-21,690.2877807617188,695.3499755859375,715.0,694.2000122070312,715.0,7595841
2025-03-24,696.3930053710938,701.5,705.75,695.0999755859375,704.8499755859375,4296847
2025-03-25,688.401611328125,693.4500122070312,704.3499755859375,683.25,700.4500122070312,4552278
2025-03-26,686.2672729492188,691.2999877929688,702.4000244140625,690.5,695.0,3646226
2025-03-27,688.3023071289062,693.3499755859375,697.9000244140625,689.2000122070312,690.9500122070312,5002247
2025-03-28,677.481689453125,682.4500122070312,697.4500122070312,679.2999877929688,690.5,4362212
2025-04-01,658.9178466796875,663.75,683.0999755859375,661.9500122070312,672.0,5131883
2025-04-02,656.3864135742188,661.2000122070312,669.0,652.75,668.7000122070312,8357384
2025-04-03,647.898681640625,652.6500244140625,658.0,647.5999755859375,658.0,5646497
2025-04-04,595.5823364257812,599.9500122070312,645.0,596.5499877929688,645.0,9393865
2025-04-07,557.7100219726562,561.7999877929688,570.0,546.4500122070312,559.0,13117998
2025-04-08,564.2123413085938,568.3499755859375,584.3499755859375,555.9500122070312,575.0,8831753
2025-04-09,559.89404296875,564.0,567.75,552.2000122070312,567.75,7009318
2025-04-11,595.9297485351562,600.2999877929688,607.9500122070312,576.0999755859375,585.0,12562852
2025-04-15,613.103759765625,617.5999755859375,619.2999877929688,606.3499755859375,613.0,4871858
2025-04-16,605.4598999023438,609.9000244140625,619.3499755859375,602.0,618.1500244140625,4447732
2025-04-17,605.062744140625,609.5,616.0,604.0,608.9000244140625,4518317
2025-04-21,617.4717407226562,622.0,624.9000244140625,607.0499877929688,611.5,2655716
2025-04-22,615.5855712890625,620.0999755859375,631.0499877929688,619.0499877929688,625.0,4970919
2025-04-23,624.5200805664062,629.0999755859375,633.0,620.7000122070312,628.75,4674766
2025-04-24,623.7755126953125,628.3499755859375,632.5499877929688,626.0999755859375,630.0,3367773
2025-04-25,617.571044921875,622.0999755859375,634.2999877929688,612.9500122070312,632.4000244140625,3925971
2025-04-28,624.0733642578125,628.6500244140625,631.5,622.4000244140625,622.4500122070312,3965901
2025-04-29,618.0177612304688,622.5499877929688,634.25,621.6500244140625,631.0499877929688,4528870
2025-04-30,620.1024780273438,624.6500244140625,632.5499877929688,615.0,622.5499877929688,5905186
2025-05-02,625.909912109375,630.5,650.0999755859375,621.7999877929688,624.0,5494275
2025-05-05,628.788818359375,633.4000244140625,641.5999755859375,629.5499877929688,635.25,2552160
2025-05-06,625.463134765625,630.0499877929688,642.7000122070312,627.4500122070312,638.9500122070312,2778131
2025-05-07,631.6676635742188,636.2999877929688,638.7000122070312,629.3499755859375,633.0,3587997
2025-05-08,615.6848754882812,620.2000122070312,636.2999877929688,615.0499877929688,635.7999877929688,5791783
2025-05-09,622.5842895507812,627.1500244140625,630.2999877929688,603.75,609.0999755859375,3870212
2025-05-12,647.2037353515625,651.9500122070312,654.25,638.0499877929688,640.1500244140625,5474816
2025-05-13,630.1289672851562,634.75,646.3499755859375,632.0,645.0,6025310
2025-05-14,645.8139038085938,650.5499877929688,652.9500122070312,634.0,635.5,4819584
2025-05-15,656.5352783203125,661.3499755859375,663.6500244140625,646.2999877929688,649.5,7133226
2025-05-16,652.762939453125,657.5499877929688,662.9500122070312,654.3499755859375,659.5,2701320
2025-05-19,653.55712890625,658.3499755859375,661.75,652.0,655.0,3320756
2025-05-20,657.9251098632812,662.75,671.0,655.5499877929688,668.0,7950974
2025-05-21,658.1732788085938,663.0,671.0,654.5999755859375,667.0999755859375,8623519
2025-05-22,644.8211669921875,649.5499877929688,663.7000122070312,642.5,663.0,6784976
2025-05-23,645.3671875,650.0999755859375,655.5499877929688,642.5999755859375,653.0,3448707
2025-05-26,656.6345825195312,661.4500122070312,669.7000122070312,653.2999877929688,655.0,6826417
2025-05-27,654.649169921875,659.4500122070312,665.7000122070312,656.5,661.4000244140625,4223074
2025-05-28,645.2183227539062,649.9500122070312,662.0,647.9000244140625,659.4500122070312,3546275
2025-05-29,645.2679443359375,650.0,653.5499877929688,645.0999755859375,649.9500122070312,4545776
2025-05-30,628.8880615234375,633.5,650.9000244140625,632.1500244140625,647.7999877929688,9054009
2025-06-02,626.5054931640625,631.0999755859375,635.75,618.0,628.9500122070312,8397065
2025-06-03,627.3989868164062,632.0,640.9000244140625,629.5999755859375,636.0,3783426
2025-06-04,631.220947265625,635.8499755859375,640.9000244140625,630.6500244140625,634.0999755859375,3066925
2025-06-05,632.6107788085938,637.25,641.4000244140625,633.5,638.0,3565664
2025-06-06,645.4168701171875,650.1500244140625,651.25,635.0999755859375,637.25,5492102
2025-06-09,646.0620727539062,650.7999877929688,654.5999755859375,649.25,653.4000244140625,2822003
2025-06-10,653.55712890625,658.3499755859375,663.5,652.1500244140625,653.7999877929688,5693888
2025-06-11,650.4300537109375,655.2000122070312,662.9000244140625,654.0999755859375,660.5,3928464
2025-06-12,646.3102416992188,651.0499877929688,661.75,648.2000122070312,656.0,6539340
2025-06-13,637.1276245117188,641.7999877929688,648.0,635.0,635.0,4543933
2025-06-16,644.8707885742188,649.5999755859375,651.0499877929688,636.0,641.7999877929688,3422978
2025-06-17,637.0283813476562,641.7000122070312,650.4000244140625,637.5999755859375,649.1500244140625,4199339
2025-06-18,640.6517333984375,645.3499755859375,648.9000244140625,638.0,638.0,3412544
2025-06-19,636.6808471679688,641.3499755859375,644.7000122070312,635.0499877929688,643.0,4392425
2025-06-20,644.4241333007812,649.1500244140625,654.5,638.5999755859375,641.3499755859375,7166880
2025-06-23,656.5849609375,661.4000244140625,666.0,640.1500244140625,644.0,6080547
2025-06-24,664.5267333984375,669.4000244140625,674.0,664.7000122070312,668.7999877929688,5510353
2025-06-25,667.7530517578125,672.6500244140625,676.9500122070312,668.4500122070312,676.9500122070312,5533268
2025-06-26,685.5723266601562,690.5999755859375,693.0,672.7000122070312,674.0999755859375,8196123
2025-06-27,692.273193359375,697.3499755859375,700.0499877929688,691.3499755859375,695.0,5666934
2025-06-30,687.8059692382812,692.8499755859375,700.0,691.4500122070312,700.0,4919088
2025-07-01,689.2454223632812,694.2999877929688,699.5999755859375,684.3499755859375,692.4000244140625,5468762
2025-07-02,693.2659301757812,698.3499755859375,705.75,693.6500244140625,695.7000122070312,4566893
2025-07-03,687.8059692382812,692.8499755859375,708.0999755859375,691.7999877929688,701.0,4216075
2025-07-04,694.35791015625,699.4500122070312,700.75,689.4000244140625,692.0,2680991
2025-07-07,687.0614013671875,692.0999755859375,699.4500122070312,688.0999755859375,699.4500122070312,2481724
2025-07-08,680.6087036132812,685.5999755859375,696.2999877929688,683.0999755859375,692.0999755859375,3923236
2025-07-09,669.0435791015625,673.9500122070312,692.0,664.0999755859375,692.0,6703774
2025-07-10,670.1355590820312,675.0499877929688,679.5,672.5499877929688,675.0,3641238
2025-07-11,666.0654296875,670.9500122070312,676.0499877929688,661.5499877929688,673.0,4450346
2025-07-14,661.6478271484375,666.5,680.5499877929688,665.0,671.0,4338084
2025-07-15,665.9661254882812,670.8499755859375,674.25,662.9000244140625,670.0,4815703
2025-07-16,661.89599609375,666.75,670.5999755859375,664.0,668.0,4497141
2025-07-17,669.63916015625,674.5499877929688,678.0,668.4000244140625,670.0,4022119
2025-07-18,670.9793701171875,675.9000244140625,679.2999877929688,671.0,676.5,3400654
2025-07-21,677.7298583984375,682.7000122070312,687.1500244140625,679.0,679.0,4912558
2025-07-22,685.0263671875,690.0499877929688,692.5,683.2000122070312,683.2000122070312,3802270
2025-07-23,690.3374633789062,695.4000244140625,696.0,689.5999755859375,692.0,3640968
2025-07-24,690.5359497070312,695.5999755859375,704.4000244140625,691.5999755859375,697.0,4593102
2025-07-25,688.401611328125,693.4500122070312,698.7999877929688,687.9500122070312,697.0,5220901
2025-07-28,684.3314208984375,689.3499755859375,693.9500122070312,682.7999877929688,693.4500122070312,5031797
2025-07-29,687.6571044921875,692.7000122070312,695.0,685.0,686.0999755859375,2985507
2025-07-30,683.7854614257812,688.7999877929688,697.5499877929688,684.7999877929688,689.1500244140625,2829322
2025-07-31,678.0773315429688,683.0499877929688,692.2999877929688,674.9500122070312,677.0999755859375,6136890
2025-08-01,667.5545043945312,672.4500122070312,683.2999877929688,670.8499755859375,680.0,3475656
2025-08-04,682.6934814453125,687.7000122070312,688.7999877929688,671.7999877929688,676.0,2286286
2025-08-05,682.0978393554688,687.0999755859375,692.0,682.1500244140625,692.0,3302614
2025-08-06,679.8641967773438,684.8499755859375,692.0,683.3499755859375,692.0,2498667
2025-08-07,681.7999877929688,686.7999877929688,689.9000244140625,674.3499755859375,681.9000244140625,3417324
2025-08-08,672.75,672.75,686.4000244140625,669.0499877929688,684.0,3471816
2025-08-11,672.8499755859375,672.8499755859375,683.4500122070312,667.25,673.75,3235082
2025-08-12,667.0499877929688,667.0499877929688,677.75,657.5,658.0,12238878
2025-08-13,700.5,700.5,704.9500122070312,670.9500122070312,673.0,13151356
2025-08-14,695.25,695.25,702.3499755859375,688.0,701.0,4179259
2025-08-18,714.1500244140625,714.1500244140625,719.0,697.0999755859375,700.0,7211389
2025-08-19,706.7000122070312,706.7000122070312,715.1500244140625,705.5499877929688,714.0,5641195
2025-08-20,700.8499755859375,700.8499755859375,705.9000244140625,698.0499877929688,701.0,5358070
2025-08-21,707.2999877929688,707.2999877929688,709.0,700.5,701.0499877929688,3231092
2025-08-22,704.2000122070312,704.2000122070312,709.5999755859375,701.5499877929688,708.0,5623045
2025-08-25,715.8499755859375,715.8499755859375,720.9000244140625,707.5499877929688,708.0,4539337
2025-08-26,705.7000122070312,705.7000122070312,714.0,701.25,714.0,5229246
2025-08-28,701.4000244140625,701.4000244140625,707.0,698.0999755859375,700.7999877929688,5620555
2025-08-29,703.9500122070312,703.9500122070312,708.75,697.0,701.0,5335149
2025-09-01,719.5999755859375,719.5999755859375,721.0,702.4000244140625,704.5,3771744
2025-09-02,720.9500122070312,720.9500122070312,726.0999755859375,714.2000122070312,720.0,4660894
2025-09-03,742.9500122070312,742.9500122070312,744.0,723.0999755859375,725.0,8986550
2025-09-04,739.0499877929688,739.0499877929688,745.0,737.2000122070312,744.0499877929688,3763325
2025-09-05,743.7999877929688,743.7999877929688,746.6500244140625,738.0,738.0,2778157
2025-09-08,738.75,738.75,749.8499755859375,737.4000244140625,745.0,2703395
2025-09-09,742.9000244140625,742.9000244140625,750.5499877929688,739.0,740.7000122070312,3393363
2025-09-10,743.1500244140625,743.1500244140625,749.7999877929688,741.0499877929688,745.0,3351988
2025-09-11,742.6500244140625,742.6500244140625,747.9500122070312,738.0,742.0,3756027
2025-09-12,758.0499877929688,758.0499877929688,759.5999755859375,745.1500244140625,748.9000244140625,5698959
2025-09-15,753.6500244140625,753.6500244140625,763.4000244140625,752.5999755859375,758.1500244140625,2554957
2025-09-16,755.9500122070312,755.9500122070312,757.2999877929688,749.1500244140625,754.4000244140625,2662690
2025-09-17,750.0999755859375,750.0999755859375,759.7000122070312,744.4000244140625,756.0,4182521
2025-09-18,750.1500244140625,750.1500244140625,751.4500122070312,736.25,746.3499755859375,4915450
2025-09-19,743.2999877929688,743.2999877929688,756.7999877929688,739.0,752.0,5132517
2025-09-22,745.7000122070312,745.7000122070312,752.5,741.5499877929688,743.2999877929688,2232330
2025-09-23,745.9000244140625,745.9000244140625,752.25,739.6500244140625,745.0,3783529
2025-09-24,741.0499877929688,741.0499877929688,748.9500122070312,737.7000122070312,744.0,2415165
2025-09-25,745.6500244140625,745.6500244140625,769.0999755859375,740.0499877929688,746.0,4702510
2025-09-26,743.8499755859375,743.8499755859375,749.5,731.9500122070312,745.9000244140625,3636265
2025-09-29,753.7999877929688,753.7999877929688,758.7999877929688,744.8499755859375,745.0,4347158
2025-09-30,761.9500122070312,761.9500122070312,769.7000122070312,758.0499877929688,759.9500122070312,4718308
2025-10-01,765.9500122070312,765.9500122070312,769.4000244140625,755.2999877929688,761.9000244140625,3663841
2025-10-03,780.3499755859375,780.3499755859375,790.5999755859375,764.0999755859375,766.0,6522416
2025-10-06,776.7000122070312,776.7000122070312,784.9500122070312,774.3499755859375,782.0499877929688,3544658
2025-10-07,767.7999877929688,767.7999877929688,780.75,765.9000244140625,771.0,4918764
2025-10-08,768.2000122070312,768.2000122070312,781.5,766.1500244140625,770.0,6393179
2025-10-09,774.0999755859375,774.0999755859375,780.0,769.25,770.25,6806889
2025-10-10,773.9500122070312,773.9500122070312,775.75,764.2999877929688,774.5,4365229
2025-10-13,770.2000122070312,770.2000122070312,774.5999755859375,767.2000122070312,772.25,3077938
2025-10-14,760.0999755859375,760.0999755859375,781.5499877929688,754.4500122070312,776.0499877929688,3510594
2025-10-15,764.25,764.25,768.7000122070312,759.3499755859375,765.0,5690264
2025-10-16,780.0999755859375,780.0999755859375,780.8499755859375,763.5,765.0999755859375,4180590
2025-10-17,772.7999877929688,772.7999877929688,781.9500122070312,766.0,780.0,3254932
2025-10-20,786.3499755859375,786.3499755859375,789.4500122070312,772.0499877929688,774.2999877929688,4845432
2025-10-21,784.9500122070312,784.9500122070312,791.9500122070312,782.5,791.0,457667
2025-10-23,792.4000244140625,792.4000244140625,799.8499755859375,784.0,791.5,5916416
2025-10-24,824.4500122070312,824.4500122070312,826.5,811.3499755859375,811.3499755859375,16905398
2025-10-27,840.8499755859375,840.8499755859375,845.0999755859375,827.0,834.9000244140625,7308067
2025-10-28,848.9500122070312,848.9500122070312,859.9000244140625,837.0,838.0,8010504
2025-10-29,856.25,856.25,858.8499755859375,849.5499877929688,854.0,5663683
2025-10-30,861.3499755859375,861.3499755859375,864.0,848.0999755859375,852.0999755859375,4704178
2025-10-31,847.8499755859375,847.8499755859375,860.5999755859375,845.7000122070312,856.9500122070312,4138495
2025-11-03,847.2000122070312,847.2000122070312,856.0,842.5999755859375,847.8499755859375,4885067
2025-11-04,831.4000244140625,831.4000244140625,847.0,829.25,841.5499877929688,4673187
2025-11-06,788.4000244140625,788.4000244140625,795.0,770.1500244140625,788.0,34786635
2025-11-07,790.4000244140625,790.4000244140625,802.5999755859375,783.0,788.5,13189011
2025-11-10,785.2000122070312,785.2000122070312,799.9000244140625,783.8499755859375,792.0,5914226
2025-11-11,793.75,793.75,794.7000122070312,778.0999755859375,790.7999877929688,5411465
2025-11-12,794.4000244140625,794.4000244140625,809.0,791.75,798.0,7589035
2025-11-13,811.9500122070312,811.9500122070312,816.5,799.0,803.0,5854638
2025-11-14,803.6500244140625,803.6500244140625,812.5,796.0,807.0,4113598
2025-11-17,807.1500244140625,807.1500244140625,809.0,799.75,801.0,2770547
2025-11-18,797.1500244140625,797.1500244140625,804.5,788.3499755859375,804.5,7299555
2025-11-19,790.9500122070312,790.9500122070312,798.7999877929688,790.0,797.1500244140625,3005726
2025-11-20,799.7999877929688,799.7999877929688,802.6500244140625,789.2999877929688,799.7999877929688,6016713
2025-11-21,777.7000122070312,777.7000122070312,787.0,776.25,786.0,5099356
2025-11-24,774.6500244140625,774.6500244140625,788.0999755859375,771.8499755859375,782.8499755859375,5666985
2025-11-25,789.3499755859375,789.3499755859375,791.75,772.6500244140625,777.9500122070312,6090783
2025-11-26,800.7999877929688,800.7999877929688,803.0,787.2000122070312,790.1500244140625,3842280
2025-11-27,807.5499877929688,807.5499877929688,813.9500122070312,800.4500122070312,807.9000244140625,4481695
2025-11-28,808.4000244140625,808.4000244140625,815.0,807.2000122070312,812.2000122070312,3200488
2025-12-01,810.7999877929688,810.7999877929688,817.9500122070312,808.2000122070312,817.9500122070312,2064678
2025-12-02,806.8499755859375,806.8499755859375,813.5,802.5999755859375,811.0,4237151
2025-12-03,816.2999877929688,816.2999877929688,819.5999755859375,800.9500122070312,810.7999877929688,4948661
2025-12-04,810.7999877929688,810.7999877929688,826.25,809.0,824.0,3381601
2025-12-05,823.25,823.25,831.9000244140625,808.0,811.5499877929688,4273147
2025-12-08,819.4500122070312,819.4500122070312,833.5,817.25,825.7999877929688,4354685
2025-12-09,812.9000244140625,812.9000244140625,819.4000244140625,803.0999755859375,819.0,3394966
2025-12-10,821.75,821.75,831.75,813.5999755859375,816.0499877929688,5280811
2025-12-11,824.3499755859375,824.3499755859375,830.9000244140625,821.1500244140625,826.0,3098584
2025-12-12,852.0999755859375,852.0999755859375,855.0,830.5999755859375,830.7999877929688,8178645
2025-12-15,847.8499755859375,847.8499755859375,856.25,845.2999877929688,851.9500122070312,2521938
2025-12-16,837.1500244140625,837.1500244140625,845.0,831.1500244140625,845.0,2713249
2025-12-17,848.7999877929688,848.7999877929688,851.9000244140625,840.0999755859375,844.0499877929688,3270389
2025-12-18,856.7000122070312,856.7000122070312,861.9500122070312,847.5,850.0,4174631
2025-12-19,852.0,852.0,864.4000244140625,847.5499877929688,858.0,4939377
2025-12-22,864.5499877929688,864.5499877929688,872.3499755859375,857.25,860.0,4865457
2025-12-23,863.8499755859375,863.8499755859375,871.7999877929688,860.8499755859375,871.0,5452783
2025-12-24,864.4500122070312,864.4500122070312,882.2999877929688,862.1500244140625,865.9500122070312,3683590
2025-12-26,872.9000244140625,872.9000244140625,874.75,861.0,865.25,2334952
2025-12-29,865.0,865.0,887.4500122070312,860.9000244140625,886.0,9836341
2025-12-30,884.1500244140625,884.1500244140625,888.2999877929688,863.8499755859375,868.0,15280248
2025-12-31,886.7000122070312,886.7000122070312,890.0,879.4500122070312,886.4000244140625,3539118
2026-01-01,894.9500122070312,894.9500122070312,895.9500122070312,882.4500122070312,888.0999755859375,2566505
2026-01-02,925.7000122070312,925.7000122070312,927.2999877929688,896.5499877929688,898.0,5357771
2026-01-05,931.7000122070312,931.7000122070312,937.9000244140625,925.8499755859375,932.5,5278463
2026-01-06,942.25,942.25,970.7999877929688,936.0,936.0,10369133
2026-01-07,938.4500122070312,938.4500122070312,954.5999755859375,935.0999755859375,951.0499877929688,6555117
2026-01-08,903.9500122070312,903.9500122070312,934.2000122070312,898.5999755859375,934.0499877929688,6266789
2026-01-09,900.9500122070312,900.9500122070312,908.4500122070312,894.0,902.0,4320582
2026-01-12,920.1500244140625,920.1500244140625,921.9500122070312,897.0,909.9500122070312,6884726
2026-01-13,936.2999877929688,936.2999877929688,937.9000244140625,922.9500122070312,927.4000244140625,6868939
2026-01-14,955.3499755859375,955.3499755859375,959.0,936.75,941.0,7050653
2026-01-15,955.3499755859375,955.3499755859375,955.3499755859375,955.3499755859375,955.3499755859375,0
2026-01-16,934.6500244140625,934.6500244140625,966.5,930.0,966.5,4037987
2026-01-19,939.9500122070312,939.9500122070312,946.7999877929688,928.4500122070312,938.5,4007683
2026-01-20,928.0999755859375,928.0999755859375,949.8499755859375,925.7000122070312,944.5,5709976
2026-01-21,939.2000122070312,939.2000122070312,944.1500244140625,926.4000244140625,928.75,5590031
2026-01-22,944.4500122070312,944.4500122070312,951.4000244140625,934.1500244140625,945.0,6165965
2026-01-23,950.2999877929688,950.2999877929688,963.9000244140625,948.5,955.0,5958887
2026-01-27,961.8499755859375,961.8499755859375,985.0,950.75,985.0,10009735
2026-01-28,998.2000122070312,998.2000122070312,1007.9000244140625,963.0499877929688,971.0499877929688,12615677
2026-01-29,1024.050048828125,1024.050048828125,1029.800048828125,1008.5499877929688,1010.25,14615261
2026-01-30,962.5999755859375,962.5999755859375,1000.0,955.5499877929688,1000.0,11977092
2026-02-02,930.5,930.5,936.75,897.5,905.7000122070312,9659915
2026-02-03,955.2999877929688,955.2999877929688,972.5499877929688,945.2000122070312,950.0,10099249
2026-02-04,964.9500122070312,964.9500122070312,970.7999877929688,955.4500122070312,958.9500122070312,4388355
2026-02-05,935.4500122070312,935.4500122070312,943.1500244140625,923.7000122070312,943.1500244140625,4580529
2026-02-06,942.5499877929688,942.5499877929688,944.0,922.0,926.0,3830296
2026-02-09,964.25,964.25,970.7000122070312,948.2999877929688,960.5,5294536
2026-02-10,968.9000244140625,968.9000244140625,976.6500244140625,955.0,970.25,4101779
2026-02-11,965.9500122070312,965.9500122070312,972.0,950.1500244140625,970.0,6275356
2026-02-12,964.4000244140625,964.4000244140625,966.5499877929688,943.9500122070312,950.0,4557796
2026-02-13,909.0,909.0,932.6500244140625,901.0,923.5499877929688,10170485
2026-02-16,907.4500122070312,907.4500122070312,910.2999877929688,889.5,895.0,6943209
2026-02-17,890.0999755859375,890.0999755859375,898.9000244140625,881.0,892.9000244140625,7099432
2026-02-18,899.25,899.25,907.0,891.3499755859375,893.0,3909665
2026-02-19,905.6500244140625,905.6500244140625,920.5,900.2999877929688,910.5999755859375,3522571
2026-02-20,935.7000122070312,935.7000122070312,937.7000122070312,901.0999755859375,907.5,5855696
2026-02-23,916.2000122070312,916.2000122070312,946.9000244140625,907.6500244140625,946.9000244140625,4932242
2026-02-24,922.8499755859375,922.8499755859375,927.0,908.0499877929688,920.5,5179022
2026-02-25,937.4000244140625,937.4000244140625,946.0,928.5,936.0,5288850
2026-02-26,941.2999877929688,941.2999877929688,943.0999755859375,931.2000122070312,942.0,3075442
2026-02-27,924.7000122070312,924.7000122070312,943.3499755859375,922.5999755859375,938.9500122070312,5418634
2026-03-02,940.0,940.0,945.4000244140625,896.0999755859375,901.0999755859375,5573300
2026-03-04,921.7999877929688,921.7999877929688,945.5,912.0,928.0,7575786
2026-03-05,954.9500122070312,954.9500122070312,983.5,926.4000244140625,930.0,16533658
2026-03-06,958.9000244140625,958.9000244140625,971.6500244140625,943.1500244140625,955.0,8295000
2026-03-09,945.3499755859375,945.3499755859375,956.25,925.25,940.0,7016889
2026-03-10,956.5999755859375,956.5999755859375,959.75,933.3499755859375,956.0,4839199
2026-03-11,959.0999755859375,959.0999755859375,978.9000244140625,952.5,959.9500122070312,4456510
2026-03-12,969.75,969.75,972.0,934.4500122070312,968.0,4664967
2026-03-13,910.0499877929688,910.0499877929688,968.1500244140625,904.2999877929688,967.0,10347187
2026-03-16,921.1500244140625,921.1500244140625,943.1500244140625,901.2999877929688,906.8499755859375,10755610
2026-03-17,936.6500244140625,936.6500244140625,942.0,916.3499755859375,928.9000244140625,4862641
2026-03-18,933.0499877929688,933.0499877929688,938.4000244140625,923.0,932.9000244140625,3906519
2026-03-19,897.0499877929688,897.0499877929688,933.0499877929688,892.1500244140625,912.0,4733569
2026-03-20,874.25,874.25,907.5,870.0,884.9500122070312,10063637
2026-03-23,840.25,840.25,857.3499755859375,835.9500122070312,855.0,11372786
2026-03-24,854.6500244140625,854.6500244140625,864.5,843.5,849.0,3526970
2026-03-25,868.6500244140625,868.6500244140625,874.7999877929688,862.2999877929688,866.0,4491373
2026-03-27,866.7000122070312,866.7000122070312,872.9500122070312,854.75,860.0,4104597
2026-03-30,884.4500122070312,884.4500122070312,913.0,876.0,876.0,12727309
2026-04-01,904.5999755859375,904.5999755859375,922.5,900.0999755859375,909.0,7777034
2026-04-02,916.25,916.25,920.9500122070312,884.7999877929688,898.9500122070312,7698211
2026-04-06,927.4500122070312,927.4500122070312,935.75,917.2000122070312,917.2000122070312,5555538
2026-04-07,954.5,954.5,964.9000244140625,932.9500122070312,933.9500122070312,11877733
2026-04-08,951.7999877929688,951.7999877929688,977.0,947.3499755859375,975.0,8174489
2026-04-09,985.6500244140625,985.6500244140625,989.8499755859375,952.25,959.0,9386595
2026-04-10,992.0999755859375,992.0999755859375,995.5499877929688,978.6500244140625,995.3499755859375,6013190
2026-04-13,978.25,978.25,988.5999755859375,965.5999755859375,978.0499877929688,4754347
2026-04-15,1011.4500122070312,1011.4500122070312,1038.0,1002.0999755859375,1036.0,11075349
2026-04-16,1039.9000244140625,1039.9000244140625,1048.699951171875,1013.0,1016.9000244140625,10942179
2026-04-17,1039.0,1039.0,1040.75,1025.0,1036.5,4301884
2026-04-20,1015.25,1015.25,1034.0,1011.4000244140625,1031.0,4286182
2026-04-21,1021.6500244140625,1021.6500244140625,1023.2000122070312,1011.4000244140625,1018.0,3002043
2026-04-22,1039.9000244140625,1039.9000244140625,1043.3499755859375,1017.0,1030.0,4474181
2026-04-23,1041.3499755859375,1041.3499755859375,1049.0,1031.1500244140625,1039.75,4370028
2026-04-24,1048.3499755859375,1048.3499755859375,1054.0,1027.550048828125,1031.0,4526003
2026-04-27,1061.800048828125,1061.800048828125,1066.5,1052.0,1058.3499755859375,4241483
2026-04-28,1074.300048828125,1074.300048828125,1079.699951171875,1055.1500244140625,1060.0,7798496
2026-04-29,1067.199951171875,1067.199951171875,1080.0,1053.0,1078.0,3710080
2026-04-30,1038.0,1038.0,1063.8499755859375,1030.4000244140625,1058.5,4392857
2026-05-01,1038.0,1038.0,1038.0,1038.0,1038.0,0
2026-05-04,1042.699951171875,1042.699951171875,1049.4000244140625,1034.5,1043.300048828125,3349359
2026-05-05,1054.699951171875,1054.699951171875,1059.0,1031.0999755859375,1036.300048828125,4580696
2026-05-06,1045.800048828125,1045.800048828125,1073.699951171875,1042.4000244140625,1067.800048828125,5336857
2026-05-07,1055.699951171875,1055.699951171875,1060.9000244140625,1036.5999755859375,1048.0,4290514
2026-05-08,1044.4000244140625,1044.4000244140625,1058.0,1035.300048828125,1048.4000244140625,3065690
2026-05-11,1023.5,1023.5,1042.4000244140625,1022.0999755859375,1031.0999755859375,3746752
2026-05-12,1041.4000244140625,1041.4000244140625,1054.5999755859375,1025.0,1027.199951171875,4323348
2026-05-13,1073.0999755859375,1073.0999755859375,1082.4000244140625,1047.0,1048.0,5341453
2026-05-14,1103.300048828125,1103.300048828125,1105.0,1080.9000244140625,1083.9000244140625,4920811
2026-05-15,1067.5,1067.5,1101.199951171875,1057.5999755859375,1101.199951171875,6800905
2026-05-18,1053.0999755859375,1053.0999755859375,1060.0,1044.0,1050.0,4023849
2026-05-19,1048.300048828125,1048.300048828125,1053.4000244140625,1037.0999755859375,1052.5,3674289
2026-05-20,1085.5,1085.5,1090.0,1038.4000244140625,1038.4000244140625,11945517
2026-05-21,1099.300048828125,1099.300048828125,1110.9000244140625,1089.300048828125,1098.699951171875,4584559
2026-05-22,1109.199951171875,1109.199951171875,1115.0,1092.800048828125,1099.0,4136312
2026-05-25,1099.5999755859375,1099.5999755859375,1119.800048828125,1081.199951171875,1110.0,7677225
2026-05-26,1103.800048828125,1103.800048828125,1118.0,1094.5999755859375,1102.0,5880899
2026-05-27,1149.699951171875,1149.699951171875,1154.0,1118.300048828125,1118.300048828125,7559470
2026-05-28,1149.699951171875,1149.699951171875,1149.699951171875,1149.699951171875,1149.699951171875,0
2026-05-29,1126.699951171875,1126.699951171875,1176.0,1122.0,1176.0,11987286
2026-06-01,1141.300048828125,1141.300048828125,1150.0,1127.199951171875,1130.0,6934532
2026-06-02,1146.300048828125,1146.300048828125,1161.0,1136.4000244140625,1141.0,5325199
2026-06-03,1138.9000244140625,1138.9000244140625,1159.9000244140625,1126.5999755859375,1155.0,4865978
2026-06-04,1125.5999755859375,1125.5999755859375,1137.0999755859375,1121.4000244140625,1134.0,3868557
2026-06-05,1092.5999755859375,1092.5999755859375,1132.300048828125,1090.0999755859375,1126.5999755859375,4546693
2026-06-08,1062.4000244140625,1062.4000244140625,1078.5999755859375,1050.800048828125,1061.0,4879594
2026-06-09,1076.699951171875,1076.699951171875,1082.5,1053.800048828125,1074.0,5880133
2026-06-10,1039.300048828125,1039.300048828125,1066.9000244140625,1034.199951171875,1066.9000244140625,8048339
2026-06-11,1024.300048828125,1024.300048828125,1038.5999755859375,1022.7999877929688,1029.800048828125,6664493
