Date,Adj Close,Close,High,Low,Open,Volume
,INDUSINDBK.NS,INDUSINDBK.NS,INDUSINDBK.NS,INDUSINDBK.NS,INDUSINDBK.NS,INDUSINDBK.NS
2021-01-01,869.2785034179688,900.1500244140625,904.0,893.0499877929688,895.0,4632855
2021-01-04,867.057373046875,897.8499755859375,914.0,887.4500122070312,910.0,6991890
2021-01-05,890.0411987304688,921.6500244140625,927.3499755859375,883.0,891.7000122070312,11907501
2021-01-06,890.7171020507812,922.3499755859375,936.75,909.4000244140625,924.9500122070312,9768197
2021-01-07,919.3985595703125,952.0499877929688,961.6500244140625,931.0999755859375,935.0,12154311
2021-01-08,907.5686645507812,939.7999877929688,976.0,932.0999755859375,965.0,10838196
2021-01-11,897.2356567382812,929.0999755859375,950.9500122070312,926.2000122070312,942.9000244140625,8419415
2021-01-12,895.8353881835938,927.6500244140625,941.5,906.5499877929688,920.0,8805330
2021-01-13,910.41748046875,942.75,953.5,926.1500244140625,932.7999877929688,9473962
2021-01-14,936.4432373046875,969.7000122070312,980.7000122070312,951.25,953.0,14887258
2021-01-15,932.7736206054688,965.9000244140625,983.0,953.4500122070312,974.0,9195430
2021-01-18,900.8087158203125,932.7999877929688,960.0,924.0,959.0,10668611
2021-01-19,907.665283203125,939.9000244140625,952.0,936.25,942.0499877929688,6309233
2021-01-20,915.19775390625,947.7000122070312,953.8499755859375,928.25,936.9000244140625,7004445
2021-01-21,894.0971069335938,925.8499755859375,967.0,918.25,959.4000244140625,8216362
2021-01-22,862.6634521484375,893.2999877929688,934.0,890.0,930.0,11366492
2021-01-25,820.0276489257812,849.1500244140625,912.3499755859375,839.2000122070312,906.0,11829328
2021-01-27,792.022216796875,820.1500244140625,860.7999877929688,806.0,848.0,15810173
2021-01-28,775.0740356445312,802.5999755859375,828.8499755859375,789.0,801.2999877929688,13789865
2021-01-29,817.0822143554688,846.0999755859375,860.8499755859375,815.6500244140625,817.0999755859375,19305853
2021-02-01,937.3123168945312,970.5999755859375,981.4000244140625,856.0,859.0,38067807
2021-02-02,942.1891479492188,975.6500244140625,999.0,949.2999877929688,982.4000244140625,20556081
2021-02-03,1012.5890502929688,1048.550048828125,1080.800048828125,972.2000122070312,980.0,34995822
2021-02-04,996.75146484375,1032.1500244140625,1042.0,1016.0,1034.9000244140625,13666242
2021-02-05,989.9431762695312,1025.0999755859375,1085.0,1016.2999877929688,1045.0,19524257
2021-02-08,999.6002807617188,1035.0999755859375,1055.0,1028.0,1036.050048828125,7162284
2021-02-09,990.6193237304688,1025.800048828125,1051.5999755859375,1020.0,1044.0,7984133
2021-02-10,987.7221069335938,1022.7999877929688,1038.449951171875,1003.5999755859375,1035.0,7815034
2021-02-11,986.85302734375,1021.9000244140625,1036.0,1015.2999877929688,1025.0,5760021
2021-02-12,992.1644287109375,1027.4000244140625,1059.5,1012.0,1023.7999877929688,13959383
2021-02-15,1021.32861328125,1057.5999755859375,1063.0,1037.699951171875,1044.9000244140625,9121286
2021-02-16,1021.9563598632812,1058.25,1096.5,1041.0999755859375,1068.0,13883441
2021-02-17,997.765380859375,1033.199951171875,1085.0,1026.199951171875,1080.0,13855321
2021-02-18,1010.1747436523438,1046.050048828125,1055.4000244140625,1033.4000244140625,1045.0,8911120
2021-02-19,1029.3441162109375,1065.9000244140625,1074.550048828125,1027.800048828125,1035.0,14557527
2021-02-22,987.8187866210938,1022.9000244140625,1067.0999755859375,1018.0,1064.949951171875,9412265
2021-02-23,1012.3475341796875,1048.300048828125,1053.949951171875,1018.0,1033.1500244140625,7160332
2021-02-24,1033.3033447265625,1070.0,1076.0,1041.25,1047.300048828125,6833820
2021-02-25,1071.690185546875,1109.75,1119.5,1079.0,1080.0,12716781
2021-02-26,1026.4951171875,1062.949951171875,1082.9000244140625,1051.25,1070.0,12247085
2021-03-01,1031.3236083984375,1067.949951171875,1096.5999755859375,1063.1500244140625,1075.0,6358886
2021-03-02,1036.53857421875,1073.3499755859375,1086.300048828125,1060.0,1075.0,4917345
2021-03-03,1062.0330810546875,1099.75,1104.0,1077.1500244140625,1080.0,5695638
2021-03-04,1054.5006103515625,1091.949951171875,1116.0,1072.5999755859375,1078.0,6128220
2021-03-05,1004.2357177734375,1039.9000244140625,1084.0,1025.449951171875,1084.0,13926140
2021-03-08,983.3281860351562,1018.25,1055.449951171875,1014.5,1054.0,10522267
2021-03-09,989.653564453125,1024.800048828125,1035.5999755859375,1005.0,1025.5999755859375,9915907
2021-03-10,1004.1874389648438,1039.8499755859375,1060.0,1033.050048828125,1043.1500244140625,8832614
2021-03-12,987.5773315429688,1022.6500244140625,1056.4000244140625,1015.6500244140625,1052.0,5735382
2021-03-15,1003.0285034179688,1038.6500244140625,1043.5999755859375,988.2000122070312,1027.800048828125,8019663
2021-03-16,999.2139892578125,1034.699951171875,1049.9000244140625,1028.0,1045.0,5161126
2021-03-17,974.34716796875,1008.9500122070312,1039.0,1002.5999755859375,1032.0,4712570
2021-03-18,968.4080200195312,1002.7999877929688,1030.699951171875,988.0,1025.0,5797610
2021-03-19,977.1959228515625,1011.9000244140625,1018.7999877929688,981.0999755859375,990.0,6838935
2021-03-22,934.9464721679688,968.1500244140625,1011.8499755859375,961.0499877929688,1006.0,12692489
2021-03-23,956.0952758789062,990.0499877929688,994.4000244140625,970.0,977.0,7530882
2021-03-24,925.820556640625,958.7000122070312,985.0,955.0,980.0499877929688,5028085
2021-03-25,924.951416015625,957.7999877929688,970.0,928.8499755859375,958.7000122070312,7614686
2021-03-26,920.0745849609375,952.75,976.5,950.0,973.7999877929688,4891178
2021-03-30,928.08984375,961.0499877929688,978.4000244140625,955.0,966.0,5831461
2021-03-31,921.7162475585938,954.4500122070312,969.0,950.0,961.0499877929688,4453746
2021-04-01,959.2338256835938,993.2999877929688,997.0,959.0999755859375,964.0,7932671
2021-04-05,905.2026977539062,937.3499755859375,988.9500122070312,918.5499877929688,985.0,11223431
2021-04-06,895.4490356445312,927.25,954.2000122070312,921.5,947.7999877929688,6925347
2021-04-07,913.1215209960938,945.5499877929688,952.4500122070312,921.1500244140625,931.0,5714921
2021-04-08,902.8367919921875,934.9000244140625,957.9500122070312,932.0,949.0,3946239
2021-04-09,891.9725952148438,923.6500244140625,939.7000122070312,917.4500122070312,935.0,4980026
2021-04-12,815.4404907226562,844.4000244140625,890.0,841.0,884.0,10674765
2021-04-13,847.3087768554688,877.4000244140625,881.0,844.5,850.0,6778840
2021-04-15,828.9120483398438,858.3499755859375,883.7999877929688,841.25,867.5,6862663
2021-04-16,833.3543701171875,862.9500122070312,869.9500122070312,853.0499877929688,864.0999755859375,5338683
2021-04-19,803.4658203125,832.0,836.5499877929688,811.0,829.9500122070312,8550122
2021-04-20,816.0198974609375,845.0,864.7999877929688,840.0499877929688,845.0,8240669
2021-04-22,807.0389404296875,835.7000122070312,839.9500122070312,815.0,831.0,9717099
2021-04-23,820.8484497070312,850.0,859.9500122070312,822.7999877929688,830.0,7695324
2021-04-26,830.0709838867188,859.5499877929688,870.9500122070312,851.4500122070312,857.0,4894557
2021-04-27,852.1856079101562,882.4500122070312,886.0,859.0,859.5499877929688,5202133
2021-04-28,895.111083984375,926.9000244140625,931.0,888.0,890.0,9935828
2021-04-29,907.230712890625,939.4500122070312,958.8499755859375,917.0999755859375,936.8499755859375,12187280
2021-04-30,902.8850708007812,934.9500122070312,948.5,915.0999755859375,928.0,7301455
2021-05-03,882.2672119140625,913.5999755859375,967.7000122070312,899.0,929.0,16854199
2021-05-04,878.935546875,910.1500244140625,934.5,906.0,930.0,7499852
2021-05-05,899.2153930664062,931.1500244140625,934.75,909.2999877929688,923.0,5975741
2021-05-06,893.2279663085938,924.9500122070312,938.6500244140625,920.0,937.4500122070312,3705397
2021-05-07,894.4351196289062,926.2000122070312,951.7999877929688,925.0,932.5499877929688,5419712
2021-05-10,912.9766235351562,945.4000244140625,949.9500122070312,931.1500244140625,939.0,5087341
2021-05-11,916.3082885742188,948.8499755859375,957.0,922.9000244140625,923.9500122070312,5732298
2021-05-12,885.212646484375,916.6500244140625,950.5499877929688,914.0,942.0,5074561
2021-05-14,860.2974243164062,890.8499755859375,923.0,888.0999755859375,923.0,6169600
2021-05-17,923.647705078125,956.4500122070312,959.9000244140625,897.0999755859375,897.0999755859375,10987165
2021-05-18,941.1268920898438,974.5499877929688,986.9500122070312,967.0,967.0,8715366
2021-05-19,933.8358154296875,967.0,978.5999755859375,961.2000122070312,965.0,4787294
2021-05-20,942.0443115234375,975.5,987.9000244140625,963.0,963.0,5835440
2021-05-21,981.1553955078125,1016.0,1020.0,981.7999877929688,985.0,12591860
2021-05-24,970.2910766601562,1004.75,1022.75,997.0499877929688,1018.9000244140625,5385688
2021-05-25,959.8132934570312,993.9000244140625,1012.75,982.4000244140625,1012.0,4583345
2021-05-26,964.207275390625,998.4500122070312,1007.9500122070312,987.0,998.8499755859375,2972854
2021-05-27,972.319091796875,1006.8499755859375,1013.2999877929688,987.0,995.2999877929688,4427518
2021-05-28,984.390380859375,1019.3499755859375,1025.5,1003.0,1014.5,5388785
2021-05-31,978.2582397460938,1013.0,1020.4000244140625,1004.0,1015.0,2643491
2021-06-01,975.4093627929688,1010.0499877929688,1031.3499755859375,1006.0,1016.0,3766919
2021-06-02,992.7437744140625,1028.0,1030.0,1003.5,1008.9000244140625,4177378
2021-06-03,971.2568969726562,1005.75,1037.25,964.0499877929688,1031.0,14752885
2021-06-04,974.6851196289062,1009.2999877929688,1023.4000244140625,1004.0,1012.2000122070312,4323154
2021-06-07,990.0397338867188,1025.199951171875,1032.6500244140625,1009.5,1018.0,3823401
2021-06-08,985.1629638671875,1020.1500244140625,1028.0,1005.5999755859375,1025.0,3141410
2021-06-09,969.13232421875,1003.5499877929688,1035.699951171875,997.25,1019.0,4767864
2021-06-10,989.218994140625,1024.3499755859375,1028.5999755859375,1006.0,1012.0,2984339
2021-06-11,980.2861328125,1015.0999755859375,1032.0,1012.0999755859375,1028.0,2679470
2021-06-14,989.1707763671875,1024.300048828125,1028.0,993.75,1012.0,3982216
2021-06-15,998.9725341796875,1034.449951171875,1050.0,1025.0,1025.0,6026006
2021-06-16,978.9342041015625,1013.7000122070312,1038.699951171875,1010.3499755859375,1030.0,3325800
2021-06-17,950.3010864257812,984.0499877929688,1021.7999877929688,968.0,1002.0,6126591
2021-06-18,961.2619018554688,995.4000244140625,999.7999877929688,960.0,993.9000244140625,4895262
2021-06-21,972.9951171875,1007.5499877929688,1010.0,968.0499877929688,977.0,3160990
2021-06-22,965.8005981445312,1000.0999755859375,1021.7000122070312,996.0499877929688,1015.9000244140625,4141759
2021-06-23,965.2694702148438,999.5499877929688,1017.7999877929688,996.5,1009.0,3975716
2021-06-24,966.331787109375,1000.6500244140625,1008.0,996.2000122070312,1004.0,2285845
2021-06-25,978.16162109375,1012.9000244140625,1020.0,986.6500244140625,997.0,3499315
2021-06-28,974.2988891601562,1008.9000244140625,1021.5999755859375,1001.0,1019.0,2819763
2021-06-29,983.2315673828125,1018.1500244140625,1022.0,1000.0,1009.0,4543628
2021-06-30,981.4932861328125,1016.3499755859375,1027.550048828125,1012.1500244140625,1021.5,2628556
2021-07-01,973.1399536132812,1007.7000122070312,1016.9500122070312,1000.0,1011.0,3070067
2021-07-02,975.0230712890625,1009.6500244140625,1014.1500244140625,1005.1500244140625,1008.0,1501210
2021-07-05,985.5492553710938,1020.5499877929688,1026.5,1012.0,1012.0,1993126
2021-07-06,995.689208984375,1031.050048828125,1035.0,1015.0,1018.7000122070312,3019919
2021-07-07,1009.0642700195312,1044.9000244140625,1047.0,1013.0,1024.550048828125,3781022
2021-07-08,1009.5952758789062,1045.449951171875,1061.0,1036.199951171875,1042.8499755859375,4139752
2021-07-09,1004.283935546875,1039.949951171875,1048.5999755859375,1026.199951171875,1040.0,3625932
2021-07-12,1013.3133544921875,1049.300048828125,1057.6500244140625,1041.050048828125,1045.4000244140625,2010018
2021-07-13,1019.6868896484375,1055.9000244140625,1059.949951171875,1044.0,1055.0,2096758
2021-07-14,1016.5000610351562,1052.5999755859375,1060.5,1048.5,1050.0,1566799
2021-07-15,1018.914306640625,1055.0999755859375,1067.4000244140625,1050.0,1054.0,2748272
2021-07-16,1008.48486328125,1044.300048828125,1058.949951171875,1042.0,1054.0,1218164
2021-07-19,981.0104370117188,1015.8499755859375,1034.699951171875,1005.5499877929688,1024.0,2644846
2021-07-20,947.8868408203125,981.5499877929688,1019.0,980.0,1017.0,3752725
2021-07-22,958.123291015625,992.1500244140625,1005.75,988.0,999.9000244140625,2181872
2021-07-23,955.3710327148438,989.2999877929688,1000.0,977.0,996.0,3449852
2021-07-26,947.6454467773438,981.2999877929688,996.6500244140625,978.2999877929688,989.2999877929688,2335433
2021-07-27,942.333984375,975.7999877929688,994.0,963.0499877929688,989.0,3311920
2021-07-28,958.7027587890625,992.75,1009.7999877929688,979.0,992.0,8820340
2021-07-29,958.0266723632812,992.0499877929688,1003.4500122070312,987.0,997.9500122070312,3459503
2021-07-30,947.3556518554688,981.0,1000.0,980.0,989.0,3115750
2021-08-02,954.1156005859375,988.0,997.1500244140625,985.4500122070312,991.7999877929688,2149603
2021-08-03,986.9978637695312,1022.0499877929688,1025.0,986.6500244140625,987.0,4450926
2021-08-04,985.5492553710938,1020.5499877929688,1048.0,1016.9000244140625,1029.0,5055711
2021-08-05,963.4829711914062,997.7000122070312,1012.4500122070312,986.0,1011.4500122070312,3955681
2021-08-06,994.1923217773438,1029.5,1034.0,998.2000122070312,1005.0,7609448
2021-08-09,1007.0362548828125,1042.800048828125,1047.0,1028.050048828125,1031.0,4274598
2021-08-10,998.1516723632812,1033.5999755859375,1055.0,1031.4000244140625,1037.0,3469468
2021-08-11,1005.4910888671875,1041.199951171875,1045.3499755859375,1020.0,1033.5999755859375,2155833
2021-08-12,999.8417358398438,1035.3499755859375,1047.1500244140625,1027.25,1046.449951171875,2453701
2021-08-13,989.0258178710938,1024.1500244140625,1043.75,1021.5999755859375,1035.3499755859375,2348979
2021-08-16,984.052490234375,1019.0,1029.9000244140625,1016.0999755859375,1024.949951171875,1132546
2021-08-17,970.6600341796875,1000.2000122070312,1015.0,993.2999877929688,1013.5,3082005
2021-08-18,960.421630859375,989.6500244140625,1005.7999877929688,987.0,1003.0,2344486
2021-08-20,950.5228881835938,979.4500122070312,990.9500122070312,970.6500244140625,985.0,3465186
2021-08-23,959.402587890625,988.5999755859375,998.9000244140625,964.0999755859375,988.0999755859375,2914978
2021-08-24,975.3667602539062,1005.0499877929688,1009.0,987.0,990.2000122070312,2510063
2021-08-25,975.8519897460938,1005.5499877929688,1013.9000244140625,998.2000122070312,1009.9000244140625,2105187
2021-08-26,971.921630859375,1001.5,1012.6500244140625,998.0999755859375,1000.0,1971408
2021-08-27,960.955322265625,990.2000122070312,1000.8499755859375,987.0,997.0,2368969
2021-08-30,975.415283203125,1005.0999755859375,1012.0,991.2999877929688,995.2999877929688,2868604
2021-08-31,963.0903930664062,992.4000244140625,1009.7999877929688,990.0,1009.0,3138652
2021-09-01,969.2528076171875,998.75,1025.0,993.0,994.0,3854558
2021-09-02,980.267578125,1010.0999755859375,1012.5,995.2000122070312,1002.7000122070312,2136382
2021-09-03,974.1051635742188,1003.75,1028.6500244140625,996.5499877929688,1010.0,5363972
2021-09-06,962.6536865234375,991.9500122070312,1008.2999877929688,991.0,1006.0,3349749
2021-09-07,971.6790161132812,1001.25,1012.0,984.1500244140625,992.0499877929688,5483796
2021-09-08,970.0776977539062,999.5999755859375,1021.7999877929688,992.4000244140625,1013.2000122070312,6385224
2021-09-09,969.980712890625,999.5,1006.9000244140625,993.5,1000.0,3193603
2021-09-13,966.8751831054688,996.2999877929688,1004.0,992.6500244140625,1004.0,2386618
2021-09-14,1005.9849243164062,1036.5999755859375,1039.0,997.5999755859375,999.0,7838383
2021-09-15,1022.822509765625,1053.949951171875,1062.0,1027.5,1036.0,6071710
2021-09-16,1097.54833984375,1130.949951171875,1186.5,1071.0,1071.0,27230283
2021-09-17,1096.6265869140625,1130.0,1146.550048828125,1112.3499755859375,1137.5,5784278
2021-09-20,1057.75927734375,1089.949951171875,1132.4000244140625,1084.5999755859375,1115.0,2954179
2021-09-21,1103.9534912109375,1137.550048828125,1143.1500244140625,1085.0,1091.0,6332732
2021-09-22,1107.6898193359375,1141.4000244140625,1157.8499755859375,1128.199951171875,1145.0,5587136
2021-09-23,1134.6202392578125,1169.1500244140625,1175.0,1147.0,1150.0,4879235
2021-09-24,1128.700439453125,1163.050048828125,1189.3499755859375,1141.25,1172.199951171875,4615559
2021-09-27,1116.7152099609375,1150.699951171875,1177.949951171875,1144.9000244140625,1172.0,3083520
2021-09-28,1101.2362060546875,1134.75,1160.0,1119.0,1160.0,3684708
2021-09-29,1090.02734375,1123.199951171875,1136.9000244140625,1114.0999755859375,1127.0999755859375,5574048
2021-09-30,1079.0611572265625,1111.9000244140625,1134.9000244140625,1107.0,1125.0,3180267
2021-10-01,1071.44287109375,1104.050048828125,1112.0,1091.300048828125,1104.0,1940798
2021-10-04,1086.727783203125,1119.800048828125,1125.0,1106.0,1107.5,1817348
2021-10-05,1134.08642578125,1168.5999755859375,1177.0999755859375,1108.6500244140625,1116.800048828125,5270013
2021-10-06,1098.421875,1131.8499755859375,1179.1500244140625,1126.699951171875,1178.449951171875,3329243
2021-10-07,1132.242431640625,1166.699951171875,1186.1500244140625,1140.050048828125,1143.0,4002618
2021-10-08,1139.7152099609375,1174.4000244140625,1180.0,1158.4000244140625,1179.4000244140625,2344868
2021-10-11,1138.5992431640625,1173.25,1194.449951171875,1170.0,1172.6500244140625,2535840
2021-10-12,1146.9937744140625,1181.9000244140625,1196.0,1160.050048828125,1165.0,2354120
2021-10-13,1149.5169677734375,1184.5,1191.949951171875,1175.25,1188.0999755859375,1235622
2021-10-14,1174.2637939453125,1210.0,1215.0,1161.800048828125,1190.0,3315820
2021-10-18,1183.580322265625,1219.5999755859375,1229.6500244140625,1196.050048828125,1221.0,4512591
2021-10-19,1158.7362060546875,1194.0,1240.0,1185.5999755859375,1222.0,3879525
2021-10-20,1166.2088623046875,1201.699951171875,1213.9000244140625,1172.449951171875,1190.0,2850772
2021-10-21,1149.4197998046875,1184.4000244140625,1210.949951171875,1165.199951171875,1205.0,2408608
2021-10-22,1161.0654296875,1196.4000244140625,1204.699951171875,1176.800048828125,1192.050048828125,2618946
2021-10-25,1142.9661865234375,1177.75,1211.0,1156.699951171875,1205.949951171875,3612312
2021-10-26,1120.7911376953125,1154.9000244140625,1193.0,1137.699951171875,1180.0,3413917
2021-10-27,1108.805908203125,1142.550048828125,1163.8499755859375,1122.0,1156.0,4329232
2021-10-28,1141.2679443359375,1176.0,1242.0,1169.25,1172.0,17223159
2021-10-29,1106.5252685546875,1140.199951171875,1182.0,1123.5999755859375,1166.949951171875,5112475
2021-11-01,1192.799560546875,1229.0999755859375,1235.0,1146.050048828125,1158.0,10563295
2021-11-02,1176.738525390625,1212.550048828125,1240.0999755859375,1207.0,1220.0,3730392
2021-11-03,1143.1602783203125,1177.949951171875,1220.0,1174.25,1215.0,2922214
2021-11-04,1153.98095703125,1189.0999755859375,1195.0,1185.0,1195.0,278458
2021-11-08,1029.8099365234375,1061.1500244140625,1130.0,1041.5999755859375,1130.0,29099645
2021-11-09,1036.7003173828125,1068.25,1084.9000244140625,1062.5,1081.0,7752739
2021-11-10,1001.7149047851562,1032.199951171875,1066.800048828125,1027.800048828125,1066.800048828125,6796906
2021-11-11,1002.7825317382812,1033.300048828125,1038.0,1020.5,1032.199951171875,4527396
2021-11-12,1006.4216918945312,1037.050048828125,1043.5,1028.550048828125,1040.0,3479296
2021-11-15,1010.7402954101562,1041.5,1051.0,1032.550048828125,1042.0,3105993
2021-11-16,990.7487182617188,1020.9000244140625,1046.0,1018.25,1042.0,2685826
2021-11-17,1003.4617919921875,1034.0,1042.0,1014.0,1017.9000244140625,3042496
2021-11-18,978.6663818359375,1008.4500122070312,1042.0,1002.2999877929688,1031.800048828125,3244457
2021-11-22,977.1621704101562,1006.9000244140625,1025.9000244140625,988.5499877929688,1024.0,6198324
2021-11-23,952.36669921875,981.3499755859375,1010.0,974.0,995.0,8136685
2021-11-24,941.740234375,970.4000244140625,993.6500244140625,966.0,989.0,6646771
2021-11-25,930.9679565429688,959.2999877929688,970.0,951.3499755859375,968.0,5711537
2021-11-26,875.1661987304688,901.7999877929688,956.9500122070312,898.0,951.0,6746021
2021-11-29,869.0037231445312,895.4500122070312,938.0,888.8499755859375,926.9000244140625,11905868
2021-11-30,856.92138671875,883.0,927.5,875.7000122070312,902.0,6964145
2021-12-01,906.0755004882812,933.6500244140625,938.75,890.1500244140625,891.0,14626216
2021-12-02,917.6240844726562,945.5499877929688,950.0,925.6500244140625,935.0,5703967
2021-12-03,923.0587158203125,951.1500244140625,957.8499755859375,938.5,944.9500122070312,4928235
2021-12-06,888.607177734375,915.6500244140625,952.0,914.0,952.0,4617346
2021-12-07,899.2822875976562,926.6500244140625,936.5,920.7999877929688,922.9000244140625,3434735
2021-12-08,917.3814086914062,945.2999877929688,949.0,932.5,936.0,3774244
2021-12-09,918.448974609375,946.4000244140625,950.5,938.2000122070312,947.0,3111606
2021-12-10,916.8477172851562,944.75,968.0,938.0,960.0,6605152
2021-12-13,910.8307495117188,938.5499877929688,955.5999755859375,934.2000122070312,954.2999877929688,2681792
2021-12-14,918.1093139648438,946.0499877929688,949.1500244140625,924.2000122070312,932.0,2725729
2021-12-15,910.8307495117188,938.5499877929688,950.8499755859375,937.0,944.9500122070312,2266938
2021-12-16,900.883544921875,928.2999877929688,949.3499755859375,921.1500244140625,945.0,2457432
2021-12-17,856.92138671875,883.0,929.0,880.25,926.0,4786306
2021-12-20,821.1112060546875,846.0999755859375,874.0,830.7999877929688,874.0,4700733
2021-12-21,831.8834228515625,857.2000122070312,867.9500122070312,848.3499755859375,855.0499877929688,3568436
2021-12-22,846.0037231445312,871.75,885.0,861.0,861.4500122070312,3619713
2021-12-23,845.372802734375,871.0999755859375,884.0,869.0,879.9000244140625,2642247
2021-12-24,835.7167358398438,861.1500244140625,878.7999877929688,846.7999877929688,878.0,3462247
2021-12-27,829.990966796875,855.25,861.7999877929688,811.5,843.0,12325932
2021-12-28,827.4677734375,852.6500244140625,865.75,845.0999755859375,864.0,4660498
2021-12-29,844.3053588867188,870.0,874.9000244140625,854.0,854.0499877929688,6067054
2021-12-30,859.2506103515625,885.4000244140625,893.4500122070312,860.0,864.0,12354342
2021-12-31,861.9193115234375,888.1500244140625,892.9000244140625,878.4000244140625,881.5,3606043
2022-01-03,885.3560180664062,912.2999877929688,915.5,876.7000122070312,888.2000122070312,5594214
2022-01-04,877.689453125,904.4000244140625,917.9500122070312,896.0999755859375,915.0,4102750
2022-01-05,877.252685546875,903.9500122070312,911.9000244140625,892.25,905.0,5448165
2022-01-06,894.4784545898438,921.7000122070312,924.0,885.0499877929688,895.25,5209239
2022-01-07,895.01220703125,922.25,938.4500122070312,916.0999755859375,926.5,4207773
2022-01-10,893.653564453125,920.8499755859375,929.8499755859375,918.0,926.9000244140625,2569322
2022-01-11,890.8392333984375,917.9500122070312,935.0499877929688,914.0,927.0,3383081
2022-01-12,913.7421875,941.5499877929688,946.5999755859375,920.0999755859375,928.0,5506622
2022-01-13,899.718994140625,927.0999755859375,950.0,926.0,948.0,2109207
2022-01-14,892.8771362304688,920.0499877929688,926.6500244140625,913.25,919.0999755859375,2557488
2022-01-17,893.3138427734375,920.5,931.9000244140625,912.25,919.0,3048497
2022-01-18,873.0796508789062,899.6500244140625,927.3499755859375,895.3499755859375,920.5,3088062
2022-01-19,866.8687133789062,893.25,903.7999877929688,884.1500244140625,897.0,3628266
2022-01-20,851.292724609375,877.2000122070312,898.4500122070312,872.0,895.0,3565267
2022-01-21,828.8749389648438,854.0999755859375,872.9500122070312,845.0999755859375,869.9000244140625,4042974
2022-01-24,826.109130859375,851.25,869.2999877929688,831.5499877929688,859.0,4657809
2022-01-25,858.1344604492188,884.25,886.9000244140625,842.0,842.3499755859375,5165597
2022-01-27,861.8707885742188,888.0999755859375,893.5999755859375,861.0999755859375,874.2000122070312,4323258
2022-01-28,876.864501953125,903.5499877929688,925.75,895.0,897.0,5520247
2022-01-31,846.34326171875,872.0999755859375,927.4500122070312,866.6500244140625,927.4500122070312,10148990
2022-02-01,895.0607299804688,922.2999877929688,927.0,879.0,879.0,11628936
2022-02-02,946.5438842773438,975.3499755859375,981.7999877929688,930.0999755859375,930.0999755859375,14380553
2022-02-03,930.0460205078125,958.3499755859375,979.7000122070312,954.4500122070312,967.3499755859375,5623611
2022-02-04,927.81396484375,956.0499877929688,974.9500122070312,945.0,958.0,5000045
2022-02-07,905.4932250976562,933.0499877929688,959.4000244140625,928.1500244140625,952.0499877929688,2587054
2022-02-08,910.005859375,937.7000122070312,940.75,913.0,938.0,3160992
2022-02-09,938.5861206054688,967.1500244140625,971.4000244140625,940.4000244140625,942.2999877929688,4101202
2022-02-10,943.632568359375,972.3499755859375,977.75,960.25,966.0,4037566
2022-02-11,953.3857421875,982.4000244140625,990.0,954.5499877929688,955.0,7171664
2022-02-14,913.7906494140625,941.5999755859375,964.7999877929688,937.2000122070312,959.2000122070312,3652419
2022-02-15,941.060791015625,969.7000122070312,972.0,923.25,943.0,3985559
2022-02-16,939.7992553710938,968.4000244140625,987.5499877929688,961.9500122070312,966.0999755859375,3683264
2022-02-17,927.5713500976562,955.7999877929688,980.0,951.0999755859375,980.0,3152042
2022-02-18,927.1345825195312,955.3499755859375,966.0,948.5999755859375,950.0,2417043
2022-02-21,924.3203125,952.4500122070312,972.0,949.0,952.0,3535914
2022-02-22,911.364501953125,939.0999755859375,949.8499755859375,923.0,925.0,2866135
2022-02-23,922.6219482421875,950.7000122070312,960.7999877929688,943.1500244140625,944.0,3507003
2022-02-24,849.7885131835938,875.6500244140625,934.2999877929688,868.8499755859375,919.5,7305449
2022-02-25,899.67041015625,927.0499877929688,929.7999877929688,895.0,898.7000122070312,4821342
2022-02-28,893.5079956054688,920.7000122070312,924.7999877929688,903.0,916.0,3299912
2022-03-02,879.581787109375,906.3499755859375,912.6500244140625,887.5499877929688,907.0,4507940
2022-03-03,885.3075561523438,912.25,926.0,906.5,918.0,3731807
2022-03-04,875.2632446289062,901.9000244140625,922.9000244140625,891.0,896.0,3623960
2022-03-07,809.7567749023438,834.4000244140625,896.9500122070312,825.5,878.0,6323502
2022-03-08,815.8707275390625,840.7000122070312,847.7999877929688,816.0,831.0999755859375,6163433
2022-03-09,849.497314453125,875.3499755859375,880.0,838.25,863.0,6967640
2022-03-10,877.5923461914062,904.2999877929688,928.0,890.7000122070312,909.7999877929688,6312569
2022-03-11,875.1176147460938,901.75,915.5,892.9500122070312,900.0,3451877
2022-03-14,880.7948608398438,907.5999755859375,914.0,892.2999877929688,899.0,3718477
2022-03-15,870.1683349609375,896.6500244140625,922.0,887.25,916.9000244140625,4390735
2022-03-16,901.2232055664062,928.6500244140625,936.0,911.5499877929688,912.0,5705364
2022-03-17,904.9110107421875,932.4500122070312,949.5,929.5499877929688,943.9500122070312,4492246
2022-03-21,886.423583984375,913.4000244140625,938.0,911.0,938.0,2363059
2022-03-22,900.30126953125,927.7000122070312,932.0,903.5999755859375,916.0,2764481
2022-03-23,903.8433837890625,931.3499755859375,944.4500122070312,928.0999755859375,933.0,2433056
2022-03-24,897.4868774414062,924.7999877929688,937.9500122070312,915.2000122070312,922.0,2923793
2022-03-25,898.8941040039062,926.25,933.2999877929688,916.0499877929688,930.0,1984601
2022-03-28,907.53125,935.1500244140625,942.9000244140625,920.25,923.0499877929688,2654339
2022-03-29,901.7084350585938,929.1500244140625,944.5,921.4000244140625,939.9500122070312,3351562
2022-03-30,898.9425659179688,926.2999877929688,945.0,922.9500122070312,939.3499755859375,4849869
2022-03-31,907.7738647460938,935.4000244140625,938.4500122070312,924.0,930.0,2311242
2022-04-01,939.9932861328125,968.5999755859375,970.9500122070312,929.1500244140625,929.4500122070312,5222165
2022-04-04,958.0440063476562,987.2000122070312,994.7999877929688,958.0499877929688,975.0,5033678
2022-04-05,944.5059814453125,973.25,994.0,968.0,994.0,3827808
2022-04-06,939.7021484375,968.2999877929688,978.75,961.0,967.0,2406015
2022-04-07,943.8751220703125,972.5999755859375,986.9000244140625,960.0,960.5,3182285
2022-04-08,956.4912109375,985.5999755859375,990.0,968.25,971.0,2659878
2022-04-11,951.4933471679688,980.4500122070312,998.9000244140625,976.7999877929688,983.5999755859375,2413145
2022-04-12,956.0059814453125,985.0999755859375,987.6500244140625,966.0,977.0,1963842
2022-04-13,954.356201171875,983.4000244140625,996.25,982.0,992.0,2060127
2022-04-18,948.5819091796875,977.4500122070312,983.0,966.0999755859375,972.0,1575552
2022-04-19,935.3350219726562,963.7999877929688,988.9500122070312,951.0,979.9000244140625,1747142
2022-04-20,943.8265991210938,972.5499877929688,982.75,952.5,965.5499877929688,2421543
2022-04-21,960.0333862304688,989.25,992.7000122070312,976.0999755859375,976.0999755859375,1957820
2022-04-22,931.501708984375,959.8499755859375,988.0,957.0999755859375,980.0,1942893
2022-04-25,918.5945434570312,946.5499877929688,958.4500122070312,931.0,945.0,2096910
2022-04-26,951.4933471679688,980.4500122070312,983.3499755859375,958.0999755859375,962.0,2673266
2022-04-27,945.7190551757812,974.5,979.7999877929688,967.1500244140625,970.0999755859375,1476543
2022-04-28,959.1599731445312,988.3499755859375,992.4500122070312,972.0,978.0,2003774
2022-04-29,949.6494140625,978.5499877929688,1009.5,975.2000122070312,990.0,3476442
2022-05-02,988.0313720703125,1018.0999755859375,1026.0,966.4500122070312,972.0,8962019
2022-05-04,949.4067993164062,978.2999877929688,1029.0,971.0,1025.5,4565643
2022-05-05,909.1325073242188,936.7999877929688,995.0,932.0,995.0,4679266
2022-05-06,888.3645629882812,915.4000244140625,934.2999877929688,902.5,919.0,3713381
2022-05-09,863.423583984375,889.7000122070312,912.7999877929688,881.0,912.7999877929688,3283626
2022-05-10,883.8518676757812,910.75,920.0,888.0,888.0,3972560
2022-05-11,896.0797119140625,923.3499755859375,928.0,891.2999877929688,910.9000244140625,4209334
2022-05-12,844.2083129882812,869.9000244140625,916.5,856.0,916.0,4776857
2022-05-13,846.5859375,872.3499755859375,894.1500244140625,868.75,886.0,2932319
2022-05-16,859.73583984375,885.9000244140625,898.7999877929688,865.5499877929688,876.7000122070312,1971123
2022-05-17,877.1555786132812,903.8499755859375,905.0,888.0999755859375,890.0,2038983
2022-05-18,876.476318359375,903.1500244140625,917.9500122070312,899.0499877929688,907.0,2665522
2022-05-19,840.6660766601562,866.25,890.8499755859375,860.0999755859375,888.0,2656251
2022-05-20,870.022705078125,896.5,900.0,881.2000122070312,888.0,2286465
2022-05-23,875.7484741210938,902.4000244140625,922.0,898.9500122070312,900.0,2577890
2022-05-24,871.4298706054688,897.9500122070312,917.0,895.2999877929688,905.4000244140625,2149695
2022-05-25,866.9656982421875,893.3499755859375,923.5,889.5499877929688,907.7999877929688,3664893
2022-05-26,871.0902099609375,897.5999755859375,906.7999877929688,877.4500122070312,902.5999755859375,3909078
2022-05-27,898.0691528320312,925.4000244140625,927.0,905.2000122070312,908.3499755859375,2509528
2022-05-30,908.5501708984375,936.2000122070312,946.4500122070312,932.0999755859375,936.0,2036338
2022-05-31,903.358154296875,930.8499755859375,939.9500122070312,926.0,926.0,1249259
2022-06-01,900.9320068359375,928.3499755859375,938.3499755859375,918.7000122070312,930.8499755859375,1144864
2022-06-02,915.100830078125,942.9500122070312,945.0,921.0,921.0,1735855
2022-06-03,897.0016479492188,924.2999877929688,953.7999877929688,922.0,950.0,1398174
2022-06-06,901.3202514648438,928.75,933.9500122070312,918.5,920.0,1417254
2022-06-07,896.4193725585938,923.7000122070312,929.9500122070312,916.5,924.25,929573
2022-06-08,886.7147216796875,913.7000122070312,938.0,906.5499877929688,929.0,1905868
2022-06-09,893.1198120117188,920.2999877929688,923.5,906.3499755859375,908.0,1031195
2022-06-10,886.2294921875,913.2000122070312,925.0,903.25,912.5,882217
2022-06-13,839.8897705078125,865.4500122070312,900.3499755859375,860.0999755859375,895.0,3353078
2022-06-14,819.2673950195312,844.2000122070312,869.9500122070312,840.2999877929688,864.0,3770890
2022-06-15,818.3939208984375,843.2999877929688,857.0,828.0,852.0,3911673
2022-06-16,785.689208984375,809.5999755859375,859.4000244140625,805.1500244140625,854.0,3141825
2022-06-17,783.0689697265625,806.9000244140625,821.8499755859375,796.75,810.0,2624540
2022-06-20,760.893798828125,784.0499877929688,814.5999755859375,769.5,814.5999755859375,3103978
2022-06-21,775.2566528320312,798.8499755859375,809.4000244140625,783.4500122070312,796.0499877929688,3425596
2022-06-22,754.682861328125,777.6500244140625,801.8499755859375,767.7000122070312,799.6500244140625,3066728
2022-06-23,761.7672729492188,784.9500122070312,794.2999877929688,763.2000122070312,781.0,3888446
2022-06-24,782.6807250976562,806.5,815.8499755859375,792.5,793.9500122070312,4706175
2022-06-27,799.1786499023438,823.5,829.7000122070312,817.6500244140625,819.2000122070312,2569316
2022-06-28,792.4824829101562,816.5999755859375,823.5,812.0,819.0,1280737
2022-06-29,784.9127807617188,808.7999877929688,817.3499755859375,788.2000122070312,805.0,3774208
2022-06-30,770.8895263671875,794.3499755859375,816.7000122070312,790.25,811.7999877929688,2686640
2022-07-01,783.360107421875,807.2000122070312,810.0,783.0,793.0,2796110
2022-07-04,807.4276733398438,832.0,840.0,811.2000122070312,812.7999877929688,4711395
2022-07-05,799.7124633789062,824.0499877929688,839.0,821.0499877929688,833.0,1836183
2022-07-06,811.84326171875,836.5499877929688,840.0,825.0499877929688,829.7999877929688,1660551
2022-07-07,835.5712280273438,861.0,863.4000244140625,840.25,841.0,3868679
2022-07-08,823.537353515625,848.5999755859375,867.5,846.2000122070312,867.0,1342616
2022-07-11,832.9993896484375,858.3499755859375,860.0,843.0499877929688,845.0,1503503
2022-07-12,822.0331420898438,847.0499877929688,861.1500244140625,845.0,850.0,1221366
2022-07-13,794.860107421875,819.0499877929688,856.1500244140625,789.5,856.1500244140625,10850036
2022-07-14,796.655517578125,820.9000244140625,829.7999877929688,813.7000122070312,823.0999755859375,2463571
2022-07-15,790.9782104492188,815.0499877929688,829.0,811.2000122070312,824.1500244140625,1365475
2022-07-18,825.9150390625,851.0499877929688,853.2000122070312,823.2000122070312,826.0,2536142
2022-07-19,842.46142578125,868.0999755859375,871.7999877929688,840.0,841.0,2608372
2022-07-20,853.3306274414062,879.2999877929688,897.4500122070312,872.7999877929688,886.0,3995680
2022-07-21,920.0986938476562,948.0999755859375,962.0,892.5999755859375,903.0,23581540
2022-07-22,914.6156005859375,942.4500122070312,956.0,938.6500244140625,950.0499877929688,4842122
2022-07-25,933.6367797851562,962.0499877929688,966.5,939.5499877929688,940.0,6043152
2022-07-26,933.2000122070312,961.5999755859375,969.9000244140625,951.8499755859375,959.0,2983144
2022-07-27,950.8624877929688,979.7999877929688,983.75,955.25,960.7000122070312,3405140
2022-07-28,987.6431884765625,1017.7000122070312,1020.0,989.0999755859375,994.4500122070312,7001490
2022-07-29,1012.6812133789062,1043.5,1049.949951171875,1018.75,1022.2000122070312,5862550
2022-08-01,1009.43017578125,1040.1500244140625,1047.9000244140625,1024.550048828125,1040.0,4299697
2022-08-02,1035.729736328125,1067.25,1071.9000244140625,1032.050048828125,1033.0,5074834
2022-08-03,1027.0440673828125,1058.300048828125,1070.0,1051.550048828125,1063.550048828125,2753893
2022-08-04,1019.1831665039062,1050.199951171875,1072.8499755859375,1043.800048828125,1061.0999755859375,2142720
2022-08-05,1005.69384765625,1036.300048828125,1057.75,1033.550048828125,1055.5,2382020
2022-08-08,1019.1831665039062,1050.199951171875,1057.699951171875,1033.699951171875,1036.300048828125,2057991
2022-08-10,1031.702392578125,1063.0999755859375,1067.5,1043.050048828125,1045.4000244140625,2727232
2022-08-11,1055.76806640625,1079.199951171875,1086.0,1069.0,1070.6500244140625,3998702
2022-08-12,1056.990966796875,1080.449951171875,1088.050048828125,1075.550048828125,1077.1500244140625,2463516
2022-08-16,1060.9041748046875,1084.449951171875,1096.9000244140625,1075.0999755859375,1085.0,3083931
2022-08-17,1064.964111328125,1088.5999755859375,1095.0,1082.0,1083.0,1768441
2022-08-18,1081.1058349609375,1105.0999755859375,1107.449951171875,1081.550048828125,1082.5,2407824
2022-08-19,1040.2135009765625,1063.300048828125,1104.949951171875,1060.0,1104.949951171875,3660413
2022-08-22,1034.245849609375,1057.199951171875,1067.300048828125,1045.5,1055.0,2662510
2022-08-23,1047.795166015625,1071.050048828125,1078.9000244140625,1034.0999755859375,1035.0,3030759
2022-08-24,1077.9754638671875,1101.9000244140625,1105.0,1077.0,1077.0,3685015
2022-08-25,1066.2847900390625,1089.949951171875,1119.75,1082.699951171875,1109.0,3775014
2022-08-26,1046.5234375,1069.75,1101.699951171875,1064.6500244140625,1098.0,3662548
2022-08-29,1036.202392578125,1059.199951171875,1062.9000244140625,1041.0,1050.0,1642550
2022-08-30,1083.40478515625,1107.449951171875,1109.800048828125,1070.0,1071.800048828125,3200407
2022-09-01,1087.26904296875,1111.4000244140625,1121.0,1095.0,1097.6500244140625,3487969
2022-09-02,1076.850341796875,1100.75,1119.5,1095.0,1116.949951171875,2428618
2022-09-05,1083.94287109375,1108.0,1112.449951171875,1096.550048828125,1099.5,2419887
2022-09-06,1084.7255859375,1108.800048828125,1118.75,1097.5999755859375,1115.0,2516672
2022-09-07,1066.2847900390625,1089.949951171875,1100.0,1086.0,1095.0,3165749
2022-09-08,1084.2364501953125,1108.300048828125,1115.0,1097.4000244140625,1103.0,2995969
2022-09-09,1112.4599609375,1137.1500244140625,1149.550048828125,1116.550048828125,1119.0,4751837
2022-09-12,1112.16650390625,1136.8499755859375,1145.0,1128.0,1144.300048828125,1918731
2022-09-13,1138.5313720703125,1163.800048828125,1165.550048828125,1136.800048828125,1145.0,3571187
2022-09-14,1189.3533935546875,1215.75,1225.0,1142.300048828125,1148.5999755859375,9043198
2022-09-15,1169.885498046875,1195.8499755859375,1220.0,1185.050048828125,1219.0,4063705
2022-09-16,1200.7015380859375,1227.3499755859375,1251.050048828125,1185.0,1195.8499755859375,16270762
2022-09-19,1199.1363525390625,1225.75,1256.0,1218.0,1226.0,6074889
2022-09-20,1236.653564453125,1264.0999755859375,1275.800048828125,1240.0,1241.25,5704241
2022-09-21,1197.6688232421875,1224.25,1265.0,1221.800048828125,1260.0,6121456
2022-09-22,1190.1361083984375,1216.550048828125,1238.5,1205.0,1219.0,5463724
2022-09-23,1157.6568603515625,1183.3499755859375,1213.949951171875,1176.050048828125,1210.0,4197496
2022-09-26,1124.6396484375,1149.5999755859375,1180.0,1135.699951171875,1170.0,5082576
2022-09-27,1139.8031005859375,1165.0999755859375,1178.0,1140.5999755859375,1166.449951171875,4493527
2022-09-28,1116.128662109375,1140.9000244140625,1160.0,1133.0,1155.199951171875,4898528
2022-09-29,1117.4493408203125,1142.25,1174.800048828125,1137.300048828125,1160.0,4998273
2022-09-30,1159.4666748046875,1185.199951171875,1192.300048828125,1128.800048828125,1141.0,4392250
2022-10-03,1131.145263671875,1156.25,1185.9000244140625,1153.050048828125,1178.0,3397982
2022-10-04,1192.7774658203125,1219.25,1222.0,1176.1500244140625,1184.9000244140625,4446589
2022-10-06,1174.8258056640625,1200.9000244140625,1234.949951171875,1197.300048828125,1225.0,2773277
2022-10-07,1187.054443359375,1213.4000244140625,1217.8499755859375,1182.5,1201.0,3338767
2022-10-10,1184.021728515625,1210.300048828125,1216.9000244140625,1183.25,1193.0999755859375,2547644
2022-10-11,1139.31396484375,1164.5999755859375,1215.949951171875,1162.0,1215.0,21664338
2022-10-12,1163.233154296875,1189.050048828125,1192.0999755859375,1156.0999755859375,1175.050048828125,3412460
2022-10-13,1158.537353515625,1184.25,1196.75,1167.0,1189.050048828125,1982808
2022-10-14,1155.9449462890625,1181.5999755859375,1216.3499755859375,1179.199951171875,1201.25,2918993
2022-10-17,1173.60302734375,1199.6500244140625,1203.800048828125,1164.0,1178.0,3419791
2022-10-18,1196.6905517578125,1223.25,1228.6500244140625,1203.0999755859375,1207.0,3451130
2022-10-19,1191.94580078125,1218.4000244140625,1231.699951171875,1210.0,1227.9000244140625,3896969
2022-10-20,1134.764892578125,1159.949951171875,1214.0,1150.0999755859375,1214.0,11242103
2022-10-21,1117.4493408203125,1142.25,1169.0,1139.0999755859375,1166.0,5309754
2022-10-24,1120.9710693359375,1145.8499755859375,1160.0,1143.0,1160.0,674170
2022-10-25,1112.75341796875,1137.449951171875,1153.050048828125,1121.800048828125,1145.8499755859375,3514202
2022-10-27,1117.6937255859375,1142.5,1153.5999755859375,1135.199951171875,1150.0,2590606
2022-10-28,1122.0960693359375,1147.0,1161.0,1137.5,1145.0,2778938
2022-10-31,1117.840576171875,1142.6500244140625,1159.5999755859375,1138.949951171875,1155.0,2048520
2022-11-01,1126.156005859375,1151.1500244140625,1159.9000244140625,1145.0,1146.5,2664189
2022-11-02,1113.4871826171875,1138.199951171875,1157.699951171875,1135.0,1146.0,1947283
2022-11-03,1123.074462890625,1148.0,1150.949951171875,1125.25,1133.449951171875,1742221
2022-11-04,1127.67236328125,1152.699951171875,1158.0,1142.0999755859375,1153.75,1571565
2022-11-07,1119.30810546875,1144.1500244140625,1158.0,1139.25,1158.0,2601148
2022-11-09,1124.052734375,1149.0,1172.9000244140625,1144.0,1156.0,3456108
2022-11-10,1102.8726806640625,1127.3499755859375,1157.800048828125,1118.0,1143.0,2072769
2022-11-11,1115.2481689453125,1140.0,1161.449951171875,1130.5999755859375,1140.0,2198448
2022-11-14,1127.9168701171875,1152.949951171875,1160.0,1134.1500244140625,1145.699951171875,2007506
2022-11-15,1127.819091796875,1152.8499755859375,1167.75,1147.1500244140625,1157.8499755859375,1802234
2022-11-16,1119.259033203125,1144.0999755859375,1158.0,1136.0,1151.0,2331206
2022-11-17,1121.6070556640625,1146.5,1152.75,1137.550048828125,1141.449951171875,1721557
2022-11-18,1104.1446533203125,1128.6500244140625,1151.3499755859375,1122.0,1151.3499755859375,2082130
2022-11-21,1114.2698974609375,1139.0,1142.050048828125,1117.0,1119.550048828125,2602264
2022-11-22,1144.009765625,1169.4000244140625,1173.25,1138.5,1143.0,3927395
2022-11-23,1148.852294921875,1174.3499755859375,1183.0,1161.0,1176.0,3265438
2022-11-24,1150.0262451171875,1175.550048828125,1186.949951171875,1167.5999755859375,1180.0,3496170
2022-11-25,1161.325439453125,1187.0999755859375,1193.800048828125,1176.050048828125,1180.0,4715695
2022-11-28,1171.842041015625,1197.8499755859375,1205.449951171875,1178.699951171875,1180.0,2846018
2022-11-29,1154.9666748046875,1180.5999755859375,1199.8499755859375,1178.449951171875,1192.0,1875146
2022-11-30,1142.4444580078125,1167.800048828125,1183.699951171875,1163.0,1180.0,2421938
2022-12-01,1148.412109375,1173.9000244140625,1180.949951171875,1162.0999755859375,1175.0,2693170
2022-12-02,1153.1077880859375,1178.699951171875,1185.75,1167.050048828125,1169.6500244140625,2299901
2022-12-05,1169.5430908203125,1195.5,1198.0,1179.8499755859375,1182.0,3842074
2022-12-06,1158.3905029296875,1184.0999755859375,1208.0,1179.0,1198.949951171875,3130375
2022-12-07,1139.3629150390625,1164.6500244140625,1189.0,1161.449951171875,1184.0,2752097
2022-12-08,1164.9940185546875,1190.8499755859375,1194.300048828125,1163.050048828125,1165.0,3666432
2022-12-09,1176.39111328125,1202.5,1216.0,1189.25,1195.5,6171282
2022-12-12,1180.548828125,1206.75,1219.9000244140625,1195.25,1201.300048828125,2790292
2022-12-13,1208.136474609375,1234.949951171875,1240.949951171875,1209.5,1212.800048828125,4161518
2022-12-14,1225.94140625,1253.1500244140625,1257.0,1233.0,1241.75,3913725
2022-12-15,1212.685546875,1239.5999755859375,1273.550048828125,1235.0,1252.75,3097282
2022-12-16,1202.853759765625,1229.550048828125,1248.800048828125,1208.199951171875,1235.0,1944616
2022-12-19,1196.9840087890625,1223.550048828125,1241.699951171875,1212.0999755859375,1233.949951171875,1382378
2022-12-20,1201.973388671875,1228.6500244140625,1234.3499755859375,1209.949951171875,1215.0,1245359
2022-12-21,1175.706298828125,1201.800048828125,1238.1500244140625,1190.949951171875,1236.0,1495106
2022-12-22,1154.5264892578125,1180.1500244140625,1208.800048828125,1170.199951171875,1207.8499755859375,2126536
2022-12-23,1122.9276123046875,1147.8499755859375,1179.699951171875,1143.0,1160.050048828125,2621761
2022-12-26,1169.7386474609375,1195.699951171875,1208.0,1141.0,1150.0,2100374
2022-12-27,1176.2442626953125,1202.3499755859375,1209.949951171875,1185.0,1201.6500244140625,1462244
2022-12-28,1187.7882080078125,1214.1500244140625,1227.0,1194.0,1198.0,2834356
2022-12-29,1204.4190673828125,1231.1500244140625,1234.9000244140625,1201.800048828125,1206.0,3134405
2022-12-30,1193.60888671875,1220.0999755859375,1238.0,1211.5,1238.0,1767556
2023-01-02,1199.7232666015625,1226.3499755859375,1231.0999755859375,1211.75,1220.0999755859375,2587946
2023-01-03,1214.0062255859375,1240.949951171875,1249.8499755859375,1222.300048828125,1226.550048828125,2195814
2023-01-04,1196.5438232421875,1223.0999755859375,1273.4000244140625,1206.0999755859375,1258.0,8001367
2023-01-05,1189.451171875,1215.8499755859375,1232.5,1203.800048828125,1229.25,2364186
2023-01-06,1156.2384033203125,1181.9000244140625,1217.699951171875,1176.0999755859375,1214.0,3029739
2023-01-09,1192.1904296875,1218.6500244140625,1223.5999755859375,1188.050048828125,1190.1500244140625,2836421
2023-01-10,1200.897216796875,1227.550048828125,1231.1500244140625,1205.0,1215.0,2442613
2023-01-11,1186.90771484375,1213.25,1238.199951171875,1207.4000244140625,1232.4000244140625,2675249
2023-01-12,1182.896728515625,1209.1500244140625,1224.75,1197.300048828125,1214.0,1862790
2023-01-13,1207.5985107421875,1234.4000244140625,1237.300048828125,1210.0999755859375,1213.0,2184432
2023-01-16,1212.3431396484375,1239.25,1250.0,1232.5999755859375,1240.0,2398823
2023-01-17,1203.6363525390625,1230.3499755859375,1240.0,1212.699951171875,1240.0,1803413
2023-01-18,1196.4459228515625,1223.0,1238.0,1218.0,1232.0,1865108
2023-01-19,1174.4835205078125,1200.550048828125,1245.0,1183.25,1215.0,9691261
2023-01-20,1176.3421630859375,1202.449951171875,1228.0,1198.5,1208.5999755859375,4144033
2023-01-23,1178.543212890625,1204.699951171875,1220.1500244140625,1200.5,1212.699951171875,1848813
2023-01-24,1185.9783935546875,1212.300048828125,1219.800048828125,1198.3499755859375,1206.300048828125,2472106
2023-01-25,1131.0474853515625,1156.1500244140625,1211.0,1151.3499755859375,1210.0,3420414
2023-01-27,1092.16064453125,1116.4000244140625,1168.6500244140625,1106.0,1163.050048828125,4781085
2023-01-30,1065.4044189453125,1089.050048828125,1124.800048828125,1055.0,1110.0,7991091
2023-01-31,1059.436767578125,1082.949951171875,1098.8499755859375,1068.3499755859375,1097.050048828125,6080048
2023-02-01,1019.2291870117188,1041.8499755859375,1119.0,990.0,1094.0,7563064
2023-02-02,1052.5399169921875,1075.9000244140625,1081.0,1028.4000244140625,1034.9000244140625,4494575
2023-02-03,1079.589599609375,1103.550048828125,1131.0,1079.0,1110.0,9207051
2023-02-06,1104.6336669921875,1129.1500244140625,1135.0,1100.449951171875,1109.0,2865938
2023-02-07,1118.085205078125,1142.9000244140625,1148.1500244140625,1122.5,1134.0,3603258
2023-02-08,1120.48193359375,1145.3499755859375,1151.25,1136.0,1144.0,1675932
2023-02-09,1138.5313720703125,1163.800048828125,1168.199951171875,1138.300048828125,1150.1500244140625,2284751
2023-02-10,1135.98779296875,1161.199951171875,1167.0,1147.0999755859375,1160.0,2126093
2023-02-13,1132.2213134765625,1157.3499755859375,1170.0,1148.5999755859375,1165.0,2112106
2023-02-14,1131.7322998046875,1156.8499755859375,1162.0,1137.0,1160.699951171875,2433798
2023-02-15,1124.6396484375,1149.5999755859375,1160.449951171875,1145.0,1155.0,2050158
2023-02-16,1123.416748046875,1148.3499755859375,1156.0999755859375,1143.699951171875,1155.3499755859375,1918858
2023-02-17,1090.4974365234375,1114.699951171875,1143.9000244140625,1109.0,1142.0,3146155
2023-02-20,1085.2147216796875,1109.300048828125,1122.800048828125,1103.800048828125,1117.25,1613608
2023-02-21,1077.82861328125,1101.75,1112.1500244140625,1096.0,1110.0,1767689
2023-02-22,1069.0240478515625,1092.75,1096.949951171875,1079.199951171875,1096.75,1983022
2023-02-23,1052.2464599609375,1075.5999755859375,1097.550048828125,1066.6500244140625,1092.699951171875,3193602
2023-02-24,1055.7193603515625,1079.1500244140625,1089.6500244140625,1069.5999755859375,1080.050048828125,1862986
2023-02-27,1058.45849609375,1081.949951171875,1089.8499755859375,1067.050048828125,1079.949951171875,2047252
2023-02-28,1054.30078125,1077.699951171875,1089.9000244140625,1068.050048828125,1082.5,1360243
2023-03-01,1076.5567626953125,1100.449951171875,1106.550048828125,1070.0999755859375,1077.050048828125,4006038
2023-03-02,1078.1220703125,1102.050048828125,1110.5,1093.4000244140625,1099.949951171875,3831094
2023-03-03,1101.9434814453125,1126.4000244140625,1133.199951171875,1104.75,1109.0,3365349
2023-03-06,1096.269287109375,1120.5999755859375,1140.0,1116.6500244140625,1132.0,3623590
2023-03-08,1148.7545166015625,1174.25,1179.0,1105.550048828125,1109.6500244140625,7227479
2023-03-09,1144.401123046875,1169.800048828125,1182.6500244140625,1162.300048828125,1174.25,3086720
2023-03-10,1119.9439697265625,1144.800048828125,1162.25,1138.0,1155.0999755859375,3255900
2023-03-13,1037.0828857421875,1060.0999755859375,1119.5,1055.0,1119.0,12242080
2023-03-14,1040.8983154296875,1064.0,1082.4000244140625,1052.199951171875,1060.0999755859375,5410127
2023-03-15,1021.6748046875,1044.3499755859375,1086.550048828125,1040.0,1079.800048828125,4117107
2023-03-16,995.7012939453125,1017.7999877929688,1041.949951171875,1001.9000244140625,1040.0,9261210
2023-03-17,998.3427124023438,1020.5,1038.5999755859375,1006.25,1038.0,5324960
2023-03-20,980.537841796875,1002.2999877929688,1020.0,990.2000122070312,1020.0,5439347
2023-03-21,1000.6416625976562,1022.8499755859375,1029.949951171875,996.0,1007.3499755859375,6200518
2023-03-22,1008.7615356445312,1031.1500244140625,1044.0,1024.1500244140625,1028.0,2992139
2023-03-23,996.1415405273438,1018.25,1046.199951171875,1014.25,1028.1500244140625,3703523
2023-03-24,987.6304321289062,1009.5499877929688,1024.949951171875,1004.6500244140625,1019.0,2709449
2023-03-27,990.8587646484375,1012.8499755859375,1020.9500122070312,1004.0,1014.0,2116764
2023-03-28,1013.6528930664062,1036.1500244140625,1038.4000244140625,1007.2000122070312,1017.7000122070312,4396283
2023-03-29,1034.1480712890625,1057.0999755859375,1063.949951171875,1025.0,1031.0,5803091
2023-03-31,1044.762451171875,1067.949951171875,1076.0,1060.4000244140625,1063.0,3097113
2023-04-03,1055.327880859375,1078.75,1081.1500244140625,1064.0,1073.0,1534155
2023-04-05,1044.0286865234375,1067.199951171875,1089.199951171875,1060.0999755859375,1089.0,2979782
2023-04-06,1058.5074462890625,1082.0,1093.449951171875,1064.25,1067.199951171875,3458673
2023-04-10,1046.083251953125,1069.300048828125,1083.0,1063.0,1082.0,1602094
2023-04-11,1050.876708984375,1074.199951171875,1078.0999755859375,1055.050048828125,1077.4000244140625,1932390
2023-04-12,1051.414794921875,1074.75,1077.0999755859375,1057.550048828125,1073.5,3005913
2023-04-13,1085.2147216796875,1109.300048828125,1114.5,1007.9500122070312,1073.0,6082307
2023-04-17,1099.9378662109375,1124.3499755859375,1136.699951171875,1105.0,1107.4000244140625,5360050
2023-04-18,1121.998291015625,1146.9000244140625,1149.5,1127.050048828125,1130.0,4455007
2023-04-19,1096.07373046875,1120.4000244140625,1145.9000244140625,1118.550048828125,1143.0,2207739
2023-04-20,1101.7476806640625,1126.199951171875,1131.550048828125,1112.4000244140625,1118.949951171875,2530597
2023-04-21,1092.111572265625,1116.3499755859375,1135.75,1108.3499755859375,1126.199951171875,1894300
2023-04-24,1078.0732421875,1102.0,1141.0,1092.0,1130.75,7711772
2023-04-25,1097.3944091796875,1121.75,1127.5999755859375,1113.0999755859375,1119.949951171875,5268567
2023-04-26,1113.095947265625,1137.800048828125,1139.800048828125,1115.1500244140625,1117.75,2688362
2023-04-27,1119.8948974609375,1144.75,1148.449951171875,1130.0,1140.0,2990958
2023-04-28,1127.770263671875,1152.800048828125,1157.550048828125,1135.0,1148.75,2239678
2023-05-02,1125.9114990234375,1150.9000244140625,1161.8499755859375,1150.0,1158.949951171875,2000569
2023-05-03,1121.2646484375,1146.1500244140625,1159.9000244140625,1140.300048828125,1142.5,1816420
2023-05-04,1109.96533203125,1134.5999755859375,1151.0,1129.0,1146.1500244140625,2752160
2023-05-05,1049.996337890625,1073.300048828125,1154.949951171875,1065.3499755859375,1131.0,8504838
2023-05-08,1101.8944091796875,1126.3499755859375,1134.6500244140625,1087.0,1087.0,6764292
2023-05-09,1115.8349609375,1140.5999755859375,1149.9000244140625,1131.0999755859375,1135.0,4181498
2023-05-10,1147.0914306640625,1172.550048828125,1175.800048828125,1150.0,1155.0,6466598
2023-05-11,1161.6678466796875,1187.449951171875,1200.0,1169.25,1175.0,6086958
2023-05-12,1182.4075927734375,1208.6500244140625,1214.0,1176.050048828125,1192.5,3983609
2023-05-15,1193.0709228515625,1219.550048828125,1222.6500244140625,1196.0,1208.5999755859375,3323300
2023-05-16,1193.8045654296875,1220.300048828125,1226.0999755859375,1208.6500244140625,1219.550048828125,2888698
2023-05-17,1209.3104248046875,1236.1500244140625,1248.0,1214.0,1217.050048828125,4661849
2023-05-18,1212.0008544921875,1238.9000244140625,1248.0,1230.699951171875,1248.0,2489971
2023-05-19,1220.9031982421875,1248.0,1251.0,1221.5999755859375,1243.0,2366675
2023-05-22,1219.0933837890625,1246.1500244140625,1251.0,1232.5,1247.0,2106351
2023-05-23,1232.8382568359375,1260.199951171875,1266.9000244140625,1245.0,1246.0,2142459
2023-05-24,1244.1375732421875,1271.75,1275.9000244140625,1247.6500244140625,1255.0,2782379
2023-05-25,1235.9688720703125,1263.4000244140625,1271.9000244140625,1249.699951171875,1268.949951171875,2589092
2023-05-26,1240.5179443359375,1268.050048828125,1272.449951171875,1255.9000244140625,1256.449951171875,1981580
2023-05-29,1257.05078125,1284.949951171875,1295.0,1272.0,1272.199951171875,2985334
2023-05-30,1265.1707763671875,1293.25,1296.1500244140625,1276.4000244140625,1284.949951171875,1818000
2023-05-31,1258.6651611328125,1286.5999755859375,1297.4000244140625,1277.25,1289.0,2764078
2023-06-01,1262.1380615234375,1290.1500244140625,1298.0,1251.5,1280.0,3244947
2023-06-02,1274.0556640625,1288.199951171875,1292.949951171875,1271.0,1282.4000244140625,1912458
2023-06-05,1287.5064697265625,1301.800048828125,1306.449951171875,1282.6500244140625,1295.0,3040374
2023-06-06,1291.6602783203125,1306.0,1315.9000244140625,1300.0,1302.0,2902701
2023-06-07,1296.8031005859375,1311.199951171875,1312.75,1303.199951171875,1309.949951171875,2679118
2023-06-08,1289.5338134765625,1303.8499755859375,1323.9000244140625,1300.0,1316.449951171875,3215312
2023-06-09,1316.435302734375,1331.050048828125,1336.4000244140625,1298.4000244140625,1299.0,4233651
2023-06-12,1317.81982421875,1332.449951171875,1336.949951171875,1318.5999755859375,1336.949951171875,1904622
2023-06-13,1321.578125,1336.25,1342.9000244140625,1332.3499755859375,1336.0,3756073
2023-06-14,1308.7208251953125,1323.25,1336.25,1318.199951171875,1335.050048828125,2858453
2023-06-15,1282.85791015625,1297.0999755859375,1319.949951171875,1288.5,1315.0,5952095
2023-06-16,1299.5723876953125,1314.0,1318.5999755859375,1294.550048828125,1297.0999755859375,3508045
2023-06-19,1287.11083984375,1301.4000244140625,1317.25,1290.5999755859375,1310.0,2679485
2023-06-20,1284.1436767578125,1298.4000244140625,1315.4000244140625,1285.199951171875,1295.0,2102065
2023-06-21,1272.4732666015625,1286.5999755859375,1307.5,1284.4000244140625,1297.75,1490552
2023-06-22,1258.725830078125,1272.699951171875,1289.050048828125,1269.050048828125,1286.5999755859375,3185099
2023-06-23,1294.33056640625,1308.699951171875,1318.0,1262.0,1272.699951171875,4636121
2023-06-26,1300.6109619140625,1315.050048828125,1326.5999755859375,1305.9000244140625,1314.800048828125,2236596
2023-06-27,1301.5009765625,1315.949951171875,1320.949951171875,1297.3499755859375,1318.75,2638788
2023-06-28,1319.40234375,1334.050048828125,1346.949951171875,1316.25,1325.0,5550351
2023-06-30,1359.5565185546875,1374.6500244140625,1382.25,1337.050048828125,1341.9000244140625,4590286
2023-07-03,1365.19384765625,1380.3499755859375,1387.0,1367.5999755859375,1379.949951171875,2890340
2023-07-04,1352.336669921875,1367.3499755859375,1394.0,1363.300048828125,1389.0,2262047
2023-07-05,1384.18310546875,1399.550048828125,1413.0999755859375,1371.3499755859375,1371.3499755859375,5288351
2023-07-06,1374.9356689453125,1390.199951171875,1396.699951171875,1373.4000244140625,1395.25,3337234
2023-07-07,1342.19921875,1357.0999755859375,1393.949951171875,1353.0,1384.550048828125,2922616
2023-07-10,1351.990478515625,1367.0,1372.4000244140625,1345.1500244140625,1361.25,1941110
2023-07-11,1365.7872314453125,1380.949951171875,1383.6500244140625,1370.0,1372.0,2110648
2023-07-12,1356.3916015625,1371.449951171875,1384.800048828125,1351.0,1371.949951171875,4921224
2023-07-13,1361.1884765625,1376.300048828125,1391.5,1366.4000244140625,1384.0,5174896
2023-07-14,1361.8807373046875,1377.0,1383.949951171875,1367.0,1376.199951171875,3885754
2023-07-17,1375.232421875,1390.5,1404.75,1369.5999755859375,1380.0,4003275
2023-07-18,1374.9852294921875,1390.25,1409.199951171875,1382.5,1398.0,4106331
2023-07-19,1403.9635009765625,1419.550048828125,1443.4000244140625,1410.0,1430.0,8850582
2023-07-20,1409.5020751953125,1425.1500244140625,1433.5,1418.199951171875,1426.0,4491531
2023-07-21,1391.8974609375,1407.3499755859375,1430.3499755859375,1400.5999755859375,1422.050048828125,2138540
2023-07-24,1419.9361572265625,1435.699951171875,1439.4000244140625,1405.300048828125,1408.5,2738185
2023-07-25,1399.908447265625,1415.449951171875,1446.0,1411.4000244140625,1437.0,2982900
2023-07-26,1412.02392578125,1427.699951171875,1429.9000244140625,1411.199951171875,1421.449951171875,1537232
2023-07-27,1400.056884765625,1415.5999755859375,1433.199951171875,1405.1500244140625,1433.199951171875,3362598
2023-07-28,1386.556640625,1401.949951171875,1421.949951171875,1397.5999755859375,1415.199951171875,1565680
2023-07-31,1402.1832275390625,1417.75,1419.9000244140625,1396.0,1409.3499755859375,1721385
2023-08-01,1379.2874755859375,1394.5999755859375,1423.199951171875,1389.3499755859375,1420.75,1578914
2023-08-02,1366.083984375,1381.25,1394.1500244140625,1369.0999755859375,1390.0,1913777
2023-08-03,1349.5179443359375,1364.5,1380.5999755859375,1354.050048828125,1376.25,3631489
2023-08-04,1394.1226806640625,1409.5999755859375,1414.9000244140625,1366.300048828125,1370.050048828125,4063355
2023-08-07,1399.710693359375,1415.25,1417.6500244140625,1399.3499755859375,1410.0,2792582
2023-08-08,1388.5347900390625,1403.949951171875,1420.949951171875,1402.300048828125,1415.25,1846797
2023-08-09,1392.9853515625,1408.449951171875,1410.449951171875,1392.0,1405.0,1218020
2023-08-10,1414.4964599609375,1430.199951171875,1434.0,1400.0999755859375,1402.449951171875,3730443
2023-08-11,1381.9083251953125,1397.25,1431.75,1392.75,1431.75,3074690
2023-08-14,1373.6500244140625,1388.9000244140625,1397.5,1379.050048828125,1395.0,1783022
2023-08-16,1365.5400390625,1380.699951171875,1388.050048828125,1367.0,1384.0,2051360
2023-08-17,1359.2103271484375,1374.300048828125,1391.25,1370.0,1381.1500244140625,3329471
2023-08-18,1356.6387939453125,1371.699951171875,1377.0,1360.8499755859375,1369.0,1720129
2023-08-21,1382.452392578125,1397.800048828125,1400.0,1366.199951171875,1375.0,1763990
2023-08-22,1385.7655029296875,1401.1500244140625,1404.5999755859375,1394.0999755859375,1403.0,1224910
2023-08-23,1385.6171875,1401.0,1408.0,1392.1500244140625,1401.1500244140625,1681561
2023-08-24,1409.5020751953125,1425.1500244140625,1435.0,1402.25,1408.25,3559546
2023-08-25,1385.7655029296875,1401.1500244140625,1421.449951171875,1389.050048828125,1417.949951171875,1862535
2023-08-28,1393.974365234375,1409.449951171875,1411.25,1393.800048828125,1400.0,1072295
2023-08-29,1384.7764892578125,1400.1500244140625,1413.699951171875,1392.449951171875,1409.449951171875,1831565
2023-08-30,1377.1610107421875,1392.449951171875,1410.9000244140625,1386.8499755859375,1405.1500244140625,1500390
2023-08-31,1363.01806640625,1378.1500244140625,1401.9000244140625,1363.25,1392.449951171875,4106180
2023-09-01,1400.9964599609375,1416.550048828125,1423.5999755859375,1376.199951171875,1382.0,2792033
2023-09-04,1406.1888427734375,1421.800048828125,1427.5,1415.0,1423.8499755859375,998692
2023-09-05,1408.117431640625,1423.75,1429.800048828125,1416.3499755859375,1425.0,1469938
2023-09-06,1393.1832275390625,1408.6500244140625,1421.75,1396.449951171875,1421.75,4046484
2023-09-07,1423.7933349609375,1439.5999755859375,1443.199951171875,1398.0,1408.6500244140625,2278316
2023-09-08,1432.9417724609375,1448.8499755859375,1459.949951171875,1434.0999755859375,1445.0,2862657
2023-09-11,1434.27685546875,1450.199951171875,1452.0,1431.75,1449.050048828125,2220230
2023-09-12,1413.4581298828125,1429.1500244140625,1453.9000244140625,1425.0999755859375,1450.0999755859375,1943026
2023-09-13,1439.07373046875,1455.050048828125,1459.6500244140625,1416.050048828125,1429.9000244140625,4302942
2023-09-14,1442.238525390625,1458.25,1467.8499755859375,1450.449951171875,1459.949951171875,2407947
2023-09-15,1434.0791015625,1450.0,1464.4000244140625,1446.449951171875,1464.4000244140625,1647901
2023-09-18,1440.9034423828125,1456.9000244140625,1462.75,1445.1500244140625,1454.0,1504046
2023-09-20,1424.6339111328125,1440.449951171875,1475.6500244140625,1422.300048828125,1441.0,5683215
2023-09-21,1395.8040771484375,1411.300048828125,1443.6500244140625,1406.3499755859375,1431.0,2514377
2023-09-22,1436.9473876953125,1452.9000244140625,1463.5,1413.0,1416.0,4397398
2023-09-25,1426.9088134765625,1442.75,1454.550048828125,1434.0999755859375,1451.5,2013653
2023-09-26,1407.4251708984375,1423.050048828125,1443.949951171875,1411.6500244140625,1440.0,2870137
2023-09-27,1420.6778564453125,1436.449951171875,1439.0,1418.300048828125,1425.0,3697690
2023-09-28,1397.4854736328125,1413.0,1445.3499755859375,1409.449951171875,1437.0,5876746
2023-09-29,1413.161376953125,1428.8499755859375,1439.949951171875,1399.300048828125,1415.050048828125,2593595
2023-10-03,1419.6395263671875,1435.4000244140625,1438.4000244140625,1420.0,1432.0,1442499
2023-10-04,1385.9139404296875,1401.300048828125,1428.5,1386.199951171875,1424.8499755859375,3978667
2023-10-05,1386.457763671875,1401.8499755859375,1415.4000244140625,1394.300048828125,1408.699951171875,1647175
2023-10-06,1419.046142578125,1434.800048828125,1438.0,1401.0999755859375,1404.949951171875,2167139
2023-10-09,1412.86474609375,1428.550048828125,1445.0,1410.0,1420.0999755859375,1613546
2023-10-10,1404.9525146484375,1420.550048828125,1436.3499755859375,1412.050048828125,1434.0,1874201
2023-10-11,1405.5953369140625,1421.199951171875,1431.9000244140625,1414.550048828125,1430.949951171875,1855211
2023-10-12,1408.6119384765625,1424.25,1444.0,1421.0,1433.300048828125,2069952
2023-10-13,1447.628662109375,1463.699951171875,1466.300048828125,1420.0,1421.199951171875,4480890
2023-10-16,1430.5186767578125,1446.4000244140625,1462.8499755859375,1444.449951171875,1462.8499755859375,1913782
2023-10-17,1420.23291015625,1436.0,1458.449951171875,1425.550048828125,1454.9000244140625,1373704
2023-10-18,1404.754638671875,1420.3499755859375,1444.0,1415.5999755859375,1437.0,3067244
2023-10-19,1434.42529296875,1450.3499755859375,1464.699951171875,1423.050048828125,1451.5,13948984
2023-10-20,1452.9693603515625,1469.0999755859375,1471.800048828125,1443.0999755859375,1448.0,5135316
2023-10-23,1419.243896484375,1435.0,1469.75,1430.050048828125,1469.0,3319090
2023-10-25,1397.188720703125,1412.699951171875,1446.949951171875,1410.050048828125,1444.949951171875,4045910
2023-10-26,1399.1173095703125,1414.6500244140625,1429.300048828125,1393.6500244140625,1412.6500244140625,4194418
2023-10-27,1425.4747314453125,1441.300048828125,1444.5,1412.699951171875,1420.0,2424655
2023-10-30,1438.6781005859375,1454.6500244140625,1460.9000244140625,1428.0,1440.0,2255111
2023-10-31,1425.4747314453125,1441.300048828125,1460.0,1436.550048828125,1456.0,1454345
2023-11-01,1416.8702392578125,1432.5999755859375,1445.5999755859375,1427.1500244140625,1443.9000244140625,2658439
2023-11-02,1445.1561279296875,1461.199951171875,1479.949951171875,1439.0999755859375,1447.0,4524652
2023-11-03,1434.326416015625,1450.25,1475.0,1448.0,1471.0,3052041
2023-11-06,1454.1068115234375,1470.25,1471.9000244140625,1456.0,1463.0,2090640
2023-11-07,1470.0794677734375,1486.4000244140625,1490.449951171875,1464.25,1469.550048828125,2830149
2023-11-08,1472.6014404296875,1488.949951171875,1495.949951171875,1481.25,1493.949951171875,3210977
2023-11-09,1490.7994384765625,1507.3499755859375,1516.300048828125,1484.8499755859375,1488.949951171875,3207721
2023-11-10,1482.3433837890625,1498.800048828125,1509.449951171875,1493.1500244140625,1499.949951171875,2247500
2023-11-13,1493.0247802734375,1509.5999755859375,1516.0,1496.1500244140625,1502.0,2026629
2023-11-15,1477.5465087890625,1493.949951171875,1538.5,1490.25,1538.5,6293703
2023-11-16,1482.195068359375,1498.6500244140625,1506.5999755859375,1493.0,1500.0,2728834
2023-11-17,1481.9971923828125,1498.449951171875,1509.0,1485.550048828125,1490.550048828125,4182376
2023-11-20,1488.2774658203125,1504.800048828125,1509.449951171875,1490.699951171875,1498.9000244140625,2125867
2023-11-21,1485.5577392578125,1502.050048828125,1507.449951171875,1494.0999755859375,1505.5,1661103
2023-11-22,1454.2552490234375,1470.4000244140625,1505.5,1458.949951171875,1500.0,3914008
2023-11-23,1469.78271484375,1486.0999755859375,1496.25,1470.449951171875,1475.0,3832098
2023-11-24,1459.991455078125,1476.199951171875,1491.9000244140625,1474.0,1491.449951171875,2813844
2023-11-28,1461.32666015625,1477.550048828125,1486.800048828125,1468.0,1480.0,4305915
2023-11-29,1467.2608642578125,1483.550048828125,1489.550048828125,1471.25,1484.0,3477076
2023-11-30,1450.0023193359375,1466.0999755859375,1500.0,1450.050048828125,1500.0,45549217
2023-12-01,1445.0079345703125,1461.050048828125,1493.0,1458.1500244140625,1479.0,4063279
2023-12-04,1498.019287109375,1514.6500244140625,1517.550048828125,1473.449951171875,1490.0,4254987
2023-12-05,1490.0576171875,1506.5999755859375,1525.5,1486.5,1519.800048828125,3457904
2023-12-06,1485.112548828125,1501.5999755859375,1521.3499755859375,1493.3499755859375,1517.0,3405245
2023-12-07,1488.22802734375,1504.75,1514.949951171875,1496.050048828125,1505.0,1931490
2023-12-08,1492.3818359375,1508.949951171875,1520.949951171875,1494.050048828125,1510.0,2568088
2023-12-11,1505.1402587890625,1521.8499755859375,1537.949951171875,1510.0,1512.800048828125,2194782
2023-12-12,1480.5631103515625,1497.0,1528.9000244140625,1489.949951171875,1528.9000244140625,1621785
2023-12-13,1490.3543701171875,1506.9000244140625,1512.6500244140625,1495.0,1502.0,2562565
2023-12-14,1534.6624755859375,1551.699951171875,1554.5,1515.5999755859375,1523.0,3427500
2023-12-15,1553.5528564453125,1570.800048828125,1578.0,1547.050048828125,1552.949951171875,3478643
2023-12-18,1539.261474609375,1556.3499755859375,1570.0,1552.0,1570.0,1352458
2023-12-19,1549.3494873046875,1566.550048828125,1586.050048828125,1542.199951171875,1556.3499755859375,2297704
2023-12-20,1539.063720703125,1556.1500244140625,1581.0,1549.5,1578.0,3218717
2023-12-21,1552.7615966796875,1570.0,1574.0,1527.550048828125,1542.0999755859375,2400593
2023-12-22,1545.195556640625,1562.3499755859375,1591.0999755859375,1557.9000244140625,1574.300048828125,2214206
2023-12-26,1553.5528564453125,1570.800048828125,1582.75,1557.0,1562.949951171875,1129332
2023-12-27,1579.91015625,1597.449951171875,1600.0,1567.300048828125,1573.1500244140625,1887827
2023-12-28,1592.8663330078125,1610.550048828125,1618.699951171875,1592.0,1600.0,3143161
2023-12-29,1581.3936767578125,1598.949951171875,1618.9000244140625,1587.050048828125,1615.0,1779207
2024-01-01,1581.2947998046875,1598.8499755859375,1611.4000244140625,1591.800048828125,1598.949951171875,1341121
2024-01-02,1558.300048828125,1575.5999755859375,1598.25,1570.0,1594.0999755859375,1227193
2024-01-03,1583.569580078125,1601.1500244140625,1604.949951171875,1558.0,1575.5,2620296
2024-01-04,1630.4490966796875,1648.550048828125,1655.0,1593.0,1593.0,4271262
2024-01-05,1625.1578369140625,1643.199951171875,1654.0,1629.0,1654.0,2294140
2024-01-08,1609.234619140625,1627.0999755859375,1650.050048828125,1622.0,1633.0,1791003
2024-01-09,1607.256591796875,1625.0999755859375,1643.9000244140625,1621.0,1631.949951171875,1619091
2024-01-10,1622.141357421875,1640.1500244140625,1642.75,1620.0,1620.0,1629958
2024-01-11,1639.64697265625,1657.8499755859375,1668.199951171875,1642.550048828125,1643.949951171875,1914421
2024-01-12,1655.61962890625,1674.0,1677.8499755859375,1647.4000244140625,1657.8499755859375,2161848
2024-01-15,1670.306640625,1688.8499755859375,1694.5,1668.050048828125,1684.800048828125,2930339
2024-01-16,1648.7459716796875,1667.050048828125,1691.75,1663.050048828125,1688.8499755859375,1316138
2024-01-17,1625.8502197265625,1643.9000244140625,1677.050048828125,1631.8499755859375,1650.0,6683398
2024-01-18,1595.1905517578125,1612.9000244140625,1639.5999755859375,1595.0999755859375,1634.949951171875,3557256
2024-01-19,1543.959228515625,1561.0999755859375,1631.75,1550.199951171875,1622.699951171875,10982524
2024-01-23,1425.8702392578125,1441.699951171875,1547.9000244140625,1428.050048828125,1535.0,10097057
2024-01-24,1474.4805908203125,1490.8499755859375,1495.800048828125,1442.0,1459.949951171875,9155544
2024-01-25,1495.3984375,1512.0,1543.949951171875,1488.5999755859375,1490.0,8118578
2024-01-29,1510.0360107421875,1526.800048828125,1537.75,1515.3499755859375,1523.0,3058020
2024-01-30,1503.211669921875,1519.9000244140625,1544.449951171875,1510.050048828125,1530.0,1721705
2024-01-31,1517.206298828125,1534.050048828125,1548.0,1507.1500244140625,1519.199951171875,3867886
2024-02-01,1524.2283935546875,1541.1500244140625,1547.550048828125,1523.550048828125,1537.75,2240634
2024-02-02,1516.9095458984375,1533.75,1564.8499755859375,1529.550048828125,1551.0,3554450
2024-02-05,1520.9151611328125,1537.800048828125,1550.0,1521.800048828125,1532.75,2624023
2024-02-06,1494.8050537109375,1511.4000244140625,1550.449951171875,1504.1500244140625,1550.0,3312270
2024-02-07,1498.7115478515625,1515.3499755859375,1522.4000244140625,1492.199951171875,1522.4000244140625,4066189
2024-02-08,1461.0794677734375,1477.300048828125,1540.949951171875,1470.0,1522.699951171875,2931291
2024-02-09,1469.93115234375,1486.25,1491.4000244140625,1462.6500244140625,1480.25,2388841
2024-02-12,1431.260498046875,1447.1500244140625,1497.0,1442.1500244140625,1488.199951171875,2821957
2024-02-13,1447.8265380859375,1463.9000244140625,1476.25,1430.6500244140625,1452.4000244140625,4601482
2024-02-14,1465.2332763671875,1481.5,1494.5,1435.949951171875,1450.050048828125,4208176
2024-02-15,1460.733154296875,1476.949951171875,1492.8499755859375,1460.300048828125,1491.0,1906763
2024-02-16,1477.2498779296875,1493.6500244140625,1506.5,1471.0,1485.949951171875,1844045
2024-02-19,1467.3101806640625,1483.5999755859375,1502.800048828125,1477.0,1499.9000244140625,1209609
2024-02-20,1487.6839599609375,1504.199951171875,1508.0,1475.050048828125,1489.0,2390096
2024-02-21,1500.5908203125,1517.25,1526.800048828125,1502.5,1520.0,5259113
2024-02-22,1472.79931640625,1489.1500244140625,1520.0,1463.5,1517.25,4969478
2024-02-23,1464.0465087890625,1480.300048828125,1504.9000244140625,1475.050048828125,1498.449951171875,2557861
2024-02-26,1450.39794921875,1466.5,1486.0,1463.9000244140625,1481.0,2077787
2024-02-27,1476.656494140625,1493.050048828125,1497.3499755859375,1458.5,1466.5,2843312
2024-02-28,1433.287841796875,1449.199951171875,1503.449951171875,1442.5,1495.0,2661887
2024-02-29,1458.705810546875,1474.9000244140625,1484.0,1440.0,1451.0,4216252
2024-03-01,1509.8875732421875,1526.6500244140625,1528.75,1477.8499755859375,1480.0,3549401
2024-03-04,1514.486572265625,1531.300048828125,1538.949951171875,1520.3499755859375,1529.949951171875,2985524
2024-03-05,1525.5140380859375,1542.449951171875,1547.0,1524.0,1529.6500244140625,2694157
2024-03-06,1537.481201171875,1554.550048828125,1564.75,1536.550048828125,1542.449951171875,5167456
2024-03-07,1546.5802001953125,1563.75,1571.5,1546.050048828125,1556.449951171875,2285176
2024-03-11,1524.1295166015625,1541.050048828125,1568.75,1536.5999755859375,1566.0999755859375,1694488
2024-03-12,1516.21728515625,1533.050048828125,1555.949951171875,1528.5,1541.050048828125,1918571
2024-03-13,1486.151123046875,1502.6500244140625,1540.5999755859375,1495.0,1535.0,4165036
2024-03-14,1460.535400390625,1476.75,1506.9000244140625,1469.199951171875,1471.550048828125,3652530
2024-03-15,1468.052001953125,1484.3499755859375,1489.5,1456.699951171875,1474.0,2985042
2024-03-18,1464.4420166015625,1480.699951171875,1491.5999755859375,1466.300048828125,1487.25,2365287
2024-03-19,1418.353759765625,1434.0999755859375,1482.949951171875,1430.8499755859375,1476.050048828125,3180412
2024-03-20,1425.7220458984375,1441.550048828125,1464.0,1422.699951171875,1440.0,5480729
2024-03-21,1467.8046875,1484.0999755859375,1486.9000244140625,1459.0,1460.0,3870591
2024-03-22,1495.497314453125,1512.0999755859375,1520.3499755859375,1473.0,1477.75,5309042
2024-03-26,1502.0247802734375,1518.699951171875,1523.5999755859375,1502.199951171875,1512.0999755859375,9046136
2024-03-27,1516.7117919921875,1533.550048828125,1542.949951171875,1514.449951171875,1519.0,8408702
2024-03-28,1535.9482421875,1553.0,1564.5,1533.5999755859375,1534.75,3964429
2024-04-01,1525.464599609375,1542.4000244140625,1572.75,1539.0,1553.0,2159432
2024-04-02,1542.2779541015625,1559.4000244140625,1570.949951171875,1537.0,1542.949951171875,2335256
2024-04-03,1525.7119140625,1542.6500244140625,1556.9000244140625,1538.050048828125,1554.0,3711781
2024-04-04,1527.4920654296875,1544.449951171875,1550.449951171875,1511.199951171875,1548.050048828125,6077155
2024-04-05,1535.3548583984375,1552.4000244140625,1556.3499755859375,1528.0999755859375,1552.0,3286862
2024-04-08,1551.129638671875,1568.3499755859375,1576.3499755859375,1550.0,1560.0,2372626
2024-04-09,1537.8768310546875,1554.949951171875,1574.9000244140625,1541.0,1574.9000244140625,1176425
2024-04-10,1535.7998046875,1552.8499755859375,1564.8499755859375,1548.0,1564.8499755859375,2528578
2024-04-12,1538.5692138671875,1555.6500244140625,1562.699951171875,1542.0,1546.0,1749128
2024-04-15,1522.9920654296875,1539.9000244140625,1557.9000244140625,1530.0,1544.949951171875,1528341
2024-04-16,1474.5794677734375,1490.949951171875,1534.800048828125,1487.949951171875,1530.0,3981325
2024-04-18,1458.2113037109375,1474.4000244140625,1508.3499755859375,1468.1500244140625,1502.800048828125,3856849
2024-04-19,1465.77734375,1482.050048828125,1490.25,1444.4000244140625,1466.0,4311650
2024-04-22,1461.2772216796875,1477.5,1501.0,1469.949951171875,1494.0,2887202
2024-04-23,1458.3101806640625,1474.5,1485.800048828125,1471.0999755859375,1482.800048828125,1206443
2024-04-24,1458.45849609375,1474.6500244140625,1483.25,1462.75,1477.0,2964953
2024-04-25,1479.6729736328125,1496.0999755859375,1499.5,1470.550048828125,1476.050048828125,3697957
2024-04-26,1430.5186767578125,1446.4000244140625,1519.0,1443.300048828125,1511.5,6135488
2024-04-29,1470.920166015625,1487.25,1491.0,1450.0999755859375,1458.75,5463640
2024-04-30,1499.0577392578125,1515.699951171875,1537.0,1489.0,1497.800048828125,6293171
2024-05-02,1488.6729736328125,1505.199951171875,1521.300048828125,1500.050048828125,1508.0,2554549
2024-05-03,1467.4090576171875,1483.699951171875,1517.949951171875,1473.050048828125,1517.199951171875,2119368
2024-05-06,1481.0576171875,1497.5,1510.0,1482.050048828125,1495.699951171875,2600170
2024-05-07,1436.6011962890625,1452.550048828125,1502.6500244140625,1448.0,1497.5,1884596
2024-05-08,1426.6614990234375,1442.5,1455.0,1431.4000244140625,1455.0,5278612
2024-05-09,1386.0621337890625,1401.449951171875,1456.5999755859375,1393.449951171875,1445.5,3272042
2024-05-10,1394.666748046875,1410.1500244140625,1424.5,1395.550048828125,1402.0,1575172
2024-05-13,1389.1282958984375,1404.550048828125,1417.75,1377.25,1415.3499755859375,3624862
2024-05-14,1405.3975830078125,1421.0,1429.3499755859375,1402.800048828125,1407.0,1279355
2024-05-15,1401.5404052734375,1417.0999755859375,1429.8499755859375,1407.4000244140625,1421.0,2516309
2024-05-16,1393.2821044921875,1408.75,1425.0,1385.6500244140625,1420.199951171875,5666243
2024-05-17,1396.842529296875,1412.3499755859375,1417.0999755859375,1395.0,1408.0,3673405
2024-05-21,1391.0567626953125,1406.5,1420.8499755859375,1400.0,1420.0,3010012
2024-05-22,1389.5238037109375,1404.949951171875,1413.1500244140625,1391.8499755859375,1409.0,6739695
2024-05-23,1425.029541015625,1440.8499755859375,1451.0,1406.5999755859375,1408.550048828125,6444146
2024-05-24,1425.96923828125,1441.800048828125,1448.75,1427.8499755859375,1441.0,2155290
2024-05-27,1449.0133056640625,1465.0999755859375,1475.5999755859375,1439.300048828125,1447.8499755859375,3253683
2024-05-28,1443.326416015625,1459.3499755859375,1478.800048828125,1449.0999755859375,1472.800048828125,2381333
2024-05-29,1444.2166748046875,1460.25,1471.6500244140625,1439.25,1453.0,4383563
2024-05-30,1430.914306640625,1446.800048828125,1477.699951171875,1439.1500244140625,1458.0,3415942
2024-05-31,1445.799072265625,1461.8499755859375,1469.9000244140625,1446.550048828125,1456.0,3546505
2024-06-03,1512.904052734375,1529.699951171875,1534.9000244140625,1496.4000244140625,1514.949951171875,8265525
2024-06-04,1376.221435546875,1391.5,1521.9000244140625,1363.550048828125,1509.949951171875,7911282
2024-06-05,1484.4697265625,1500.949951171875,1515.800048828125,1372.3499755859375,1400.5,11014467
2024-06-06,1464.837646484375,1481.0999755859375,1509.800048828125,1470.9000244140625,1500.0,3279775
2024-06-07,1475.7169189453125,1492.0999755859375,1498.4000244140625,1463.449951171875,1468.550048828125,3964791
2024-06-10,1469.5355224609375,1485.8499755859375,1505.800048828125,1480.0999755859375,1498.5,2416022
2024-06-11,1464.788330078125,1481.050048828125,1491.0,1475.199951171875,1485.0,1737873
2024-06-12,1467.953125,1484.25,1492.25,1473.0,1491.0,5419536
2024-06-13,1490.7005615234375,1507.25,1510.0,1481.199951171875,1496.0,2446832
2024-06-14,1485.8543701171875,1502.3499755859375,1515.9000244140625,1495.949951171875,1510.5,2706742
2024-06-18,1491.343505859375,1507.9000244140625,1516.550048828125,1499.0999755859375,1514.0,2811967
2024-06-19,1511.4205322265625,1528.199951171875,1550.0,1513.25,1516.199951171875,11002582
2024-06-20,1511.0743408203125,1527.8499755859375,1540.75,1513.0,1536.0,3589441
2024-06-21,1510.382080078125,1527.1500244140625,1537.800048828125,1511.25,1523.0,5249389
2024-06-24,1474.03564453125,1490.4000244140625,1508.9000244140625,1478.199951171875,1507.1500244140625,4609137
2024-06-25,1479.1290283203125,1495.550048828125,1502.1500244140625,1482.199951171875,1494.75,3309896
2024-06-26,1481.4532470703125,1497.9000244140625,1521.0,1481.550048828125,1498.0,5605220
2024-06-27,1486.25,1502.75,1504.949951171875,1485.0,1494.0,5166134
2024-06-28,1464.5,1464.5,1491.0,1460.5,1491.0,6425323
2024-07-01,1456.9000244140625,1456.9000244140625,1469.0,1452.949951171875,1468.949951171875,3166439
2024-07-02,1429.449951171875,1429.449951171875,1460.449951171875,1420.6500244140625,1457.4000244140625,4644571
2024-07-03,1455.5,1455.5,1458.0,1421.9000244140625,1438.9000244140625,5907225
2024-07-04,1442.8499755859375,1442.8499755859375,1457.8499755859375,1436.199951171875,1455.449951171875,3010077
2024-07-05,1434.25,1434.25,1449.699951171875,1426.0,1437.0,4216309
2024-07-08,1438.050048828125,1438.050048828125,1441.699951171875,1422.800048828125,1428.0,2772277
2024-07-09,1434.25,1434.25,1449.5999755859375,1426.0,1441.0,3126274
2024-07-10,1425.949951171875,1425.949951171875,1433.5,1415.050048828125,1433.5,3979121
2024-07-11,1429.75,1429.75,1435.8499755859375,1415.699951171875,1427.949951171875,2416195
2024-07-12,1434.550048828125,1434.550048828125,1450.949951171875,1427.3499755859375,1432.0,3340305
2024-07-15,1444.050048828125,1444.050048828125,1449.0,1433.0,1438.5,4284427
2024-07-16,1445.9000244140625,1445.9000244140625,1450.0,1435.75,1445.050048828125,2284985
2024-07-18,1456.9000244140625,1456.9000244140625,1460.8499755859375,1438.0,1440.699951171875,3634938
2024-07-19,1432.449951171875,1432.449951171875,1452.0,1429.0,1451.550048828125,2981749
2024-07-22,1423.4000244140625,1423.4000244140625,1429.949951171875,1409.5999755859375,1428.0,2883674
2024-07-23,1413.199951171875,1413.199951171875,1427.0,1395.6500244140625,1422.5,3054925
2024-07-24,1396.6500244140625,1396.6500244140625,1412.5,1386.4000244140625,1409.800048828125,5553500
2024-07-25,1379.0999755859375,1379.0999755859375,1396.550048828125,1374.0,1389.0,3631639
2024-07-26,1403.9000244140625,1403.9000244140625,1409.0,1359.050048828125,1365.0,3607419
2024-07-29,1411.5,1411.5,1444.949951171875,1406.449951171875,1415.0,5955870
2024-07-30,1429.699951171875,1429.699951171875,1432.699951171875,1407.199951171875,1411.5,2158067
2024-07-31,1427.800048828125,1427.800048828125,1435.0,1414.050048828125,1435.0,3926481
2024-08-01,1419.8499755859375,1419.8499755859375,1440.0,1416.800048828125,1432.0,4074181
2024-08-02,1404.300048828125,1404.300048828125,1413.949951171875,1392.699951171875,1413.949951171875,3268026
2024-08-05,1389.449951171875,1389.449951171875,1396.199951171875,1369.0,1388.0,3532894
2024-08-06,1381.0,1381.0,1407.300048828125,1376.25,1395.0,2425599
2024-08-07,1345.1500244140625,1345.1500244140625,1399.5,1329.199951171875,1391.0,8728852
2024-08-08,1347.300048828125,1347.300048828125,1355.800048828125,1334.0,1347.949951171875,3669342
2024-08-09,1349.800048828125,1349.800048828125,1367.0,1338.050048828125,1367.0,5082087
2024-08-12,1350.8499755859375,1350.8499755859375,1357.5999755859375,1336.6500244140625,1349.800048828125,4436342
2024-08-13,1350.5999755859375,1350.5999755859375,1371.6500244140625,1343.5,1355.0,3905817
2024-08-14,1338.0999755859375,1338.0999755859375,1356.949951171875,1335.949951171875,1356.949951171875,4868357
2024-08-16,1364.1500244140625,1364.1500244140625,1367.9000244140625,1338.550048828125,1347.0999755859375,5456176
2024-08-19,1347.5999755859375,1347.5999755859375,1375.800048828125,1345.550048828125,1370.050048828125,5895105
2024-08-20,1381.300048828125,1381.300048828125,1391.6500244140625,1357.199951171875,1363.9000244140625,5507239
2024-08-21,1384.0,1384.0,1387.3499755859375,1366.4000244140625,1380.0,5441231
2024-08-22,1381.9000244140625,1381.9000244140625,1395.949951171875,1379.5999755859375,1384.050048828125,3510879
2024-08-23,1388.550048828125,1388.550048828125,1390.300048828125,1373.800048828125,1382.0,2252945
2024-08-26,1384.5,1384.5,1395.550048828125,1379.800048828125,1395.300048828125,2541300
2024-08-27,1383.199951171875,1383.199951171875,1387.1500244140625,1377.550048828125,1385.9000244140625,1167406
2024-08-28,1415.75,1415.75,1421.949951171875,1382.550048828125,1389.050048828125,6532773
2024-08-29,1417.449951171875,1417.449951171875,1423.050048828125,1405.25,1414.199951171875,3316387
2024-08-30,1425.25,1425.25,1430.0,1415.550048828125,1422.1500244140625,2792988
2024-09-02,1449.050048828125,1449.050048828125,1451.25,1425.25,1425.25,4024426
2024-09-03,1436.699951171875,1436.699951171875,1451.9000244140625,1433.9000244140625,1450.0,2351018
2024-09-04,1434.4000244140625,1434.4000244140625,1439.25,1417.0,1417.0,2919356
2024-09-05,1422.9000244140625,1422.9000244140625,1444.0,1418.9000244140625,1443.0,3427784
2024-09-06,1409.3499755859375,1409.3499755859375,1438.199951171875,1401.5,1426.449951171875,2608515
2024-09-09,1428.0999755859375,1428.0999755859375,1431.0,1400.0999755859375,1409.3499755859375,1802343
2024-09-10,1435.550048828125,1435.550048828125,1438.5,1420.5999755859375,1428.9000244140625,2414043
2024-09-11,1421.199951171875,1421.199951171875,1438.949951171875,1417.800048828125,1435.4000244140625,2622902
2024-09-12,1443.3499755859375,1443.3499755859375,1446.5,1420.1500244140625,1425.1500244140625,2437399
2024-09-13,1464.050048828125,1464.050048828125,1470.949951171875,1442.3499755859375,1450.0,2999055
2024-09-16,1470.199951171875,1470.199951171875,1473.949951171875,1461.0999755859375,1469.949951171875,1495683
2024-09-17,1466.3499755859375,1466.3499755859375,1483.5,1462.25,1478.0,1866702
2024-09-18,1480.25,1480.25,1488.75,1461.1500244140625,1470.0,3966006
2024-09-19,1484.75,1484.75,1498.0,1474.9000244140625,1494.949951171875,3861906
2024-09-20,1480.199951171875,1480.199951171875,1491.949951171875,1473.199951171875,1488.0,5335400
2024-09-23,1465.0999755859375,1465.0999755859375,1490.8499755859375,1453.050048828125,1490.199951171875,4610747
2024-09-24,1448.300048828125,1448.300048828125,1474.0999755859375,1446.0,1470.0999755859375,3893140
2024-09-25,1439.5,1439.5,1456.0,1432.25,1450.0,3012173
2024-09-26,1452.699951171875,1452.699951171875,1457.300048828125,1437.300048828125,1445.0,3388674
2024-09-27,1462.699951171875,1462.699951171875,1481.0,1454.0,1457.0,4708951
2024-09-30,1447.5999755859375,1447.5999755859375,1474.800048828125,1437.0,1467.0,2888962
2024-10-01,1409.699951171875,1409.699951171875,1450.300048828125,1404.6500244140625,1450.0,3377999
2024-10-03,1387.75,1387.75,1412.699951171875,1382.050048828125,1404.0,2081630
2024-10-04,1382.8499755859375,1382.8499755859375,1410.949951171875,1380.8499755859375,1384.050048828125,2178195
2024-10-07,1350.8499755859375,1350.8499755859375,1394.050048828125,1338.199951171875,1388.0,3878973
2024-10-08,1359.550048828125,1359.550048828125,1371.0,1343.550048828125,1357.8499755859375,2429248
2024-10-09,1341.550048828125,1341.550048828125,1371.5,1335.550048828125,1369.0,5269772
2024-10-10,1356.4000244140625,1356.4000244140625,1362.0,1344.300048828125,1350.0,1673393
2024-10-11,1347.5999755859375,1347.5999755859375,1371.300048828125,1339.0,1360.0999755859375,2755874
2024-10-14,1370.449951171875,1370.449951171875,1371.5,1348.300048828125,1354.5999755859375,1381439
2024-10-15,1360.9000244140625,1360.9000244140625,1374.449951171875,1349.449951171875,1371.0,2775029
2024-10-16,1346.300048828125,1346.300048828125,1358.3499755859375,1341.0999755859375,1355.0,2126519
2024-10-17,1347.3499755859375,1347.3499755859375,1354.25,1337.0,1348.0,1353852
2024-10-18,1347.25,1347.25,1354.949951171875,1331.0,1345.0,3676670
2024-10-21,1308.25,1308.25,1353.949951171875,1299.5999755859375,1352.050048828125,5862686
2024-10-22,1274.3499755859375,1274.3499755859375,1312.199951171875,1271.25,1309.0999755859375,4183194
2024-10-23,1274.300048828125,1274.300048828125,1284.9000244140625,1266.5,1274.3499755859375,4860497
2024-10-24,1280.050048828125,1280.050048828125,1285.949951171875,1258.1500244140625,1276.0,2441333
2024-10-25,1041.5999755859375,1041.5999755859375,1166.75,1025.5,1163.0,56935420
2024-10-28,1054.800048828125,1054.800048828125,1084.6500244140625,1031.0,1051.4000244140625,11099823
2024-10-29,1038.1500244140625,1038.1500244140625,1058.800048828125,1018.0999755859375,1058.800048828125,7951124
2024-10-30,1056.4000244140625,1056.4000244140625,1069.4000244140625,1030.25,1037.6500244140625,8907271
2024-10-31,1055.5999755859375,1055.5999755859375,1066.9000244140625,1044.0,1054.0,4509824
2024-11-01,1062.5,1062.5,1069.9000244140625,1058.550048828125,1061.449951171875,441083
2024-11-04,1063.800048828125,1063.800048828125,1070.5,1054.0999755859375,1067.0,5143749
2024-11-05,1090.0999755859375,1090.0999755859375,1092.4000244140625,1062.0,1063.699951171875,4840541
2024-11-06,1077.6500244140625,1077.6500244140625,1098.5999755859375,1068.25,1092.300048828125,7153974
2024-11-07,1056.800048828125,1056.800048828125,1086.0,1051.0,1086.0,4901367
2024-11-08,1053.800048828125,1053.800048828125,1061.449951171875,1048.050048828125,1061.449951171875,2107903
2024-11-11,1060.800048828125,1060.800048828125,1067.5,1040.0,1053.0,4918839
2024-11-12,1059.550048828125,1059.550048828125,1065.449951171875,1051.550048828125,1061.300048828125,2186055
2024-11-13,1036.699951171875,1036.699951171875,1067.800048828125,1032.199951171875,1053.800048828125,4850346
2024-11-14,1017.1500244140625,1017.1500244140625,1045.0,1015.0,1043.0,2612235
2024-11-18,1004.5999755859375,1004.5999755859375,1017.9500122070312,1000.0499877929688,1015.5,5427908
2024-11-19,1000.2000122070312,1000.2000122070312,1032.0,998.0999755859375,1010.5,5718490
2024-11-21,981.4500122070312,981.4500122070312,1003.0,966.4000244140625,1000.4000244140625,6606440
2024-11-22,998.2000122070312,998.2000122070312,1002.4500122070312,981.4000244140625,986.0,4026863
2024-11-25,1003.5,1003.5,1022.0499877929688,997.0499877929688,1020.0,6491357
2024-11-26,1009.5999755859375,1009.5999755859375,1017.7000122070312,998.0999755859375,1011.7000122070312,2390208
2024-11-27,1001.9500122070312,1001.9500122070312,1012.0,994.5,1012.0,4798242
2024-11-28,993.5999755859375,993.5999755859375,1013.4000244140625,991.3499755859375,1005.9500122070312,4822835
2024-11-29,995.8499755859375,995.8499755859375,999.5,987.2999877929688,998.0999755859375,4815934
2024-12-02,990.9500122070312,990.9500122070312,993.1500244140625,979.0,990.0499877929688,4969967
2024-12-03,998.3499755859375,998.3499755859375,1011.5,991.4000244140625,993.0,4665094
2024-12-04,998.8499755859375,998.8499755859375,1005.9500122070312,990.5,1005.0,4256690
2024-12-05,998.2000122070312,998.2000122070312,1006.0,990.5499877929688,1006.0,5254145
2024-12-06,990.3499755859375,990.3499755859375,1003.0499877929688,986.2999877929688,1000.0,6258019
2024-12-09,982.5999755859375,982.5999755859375,994.0,977.7999877929688,992.7999877929688,3565285
2024-12-10,984.2999877929688,984.2999877929688,988.4000244140625,979.0999755859375,983.0,3843321
2024-12-11,984.8499755859375,984.8499755859375,999.9000244140625,981.25,985.5,4679888
2024-12-12,997.9500122070312,997.9500122070312,1005.5,986.0,986.0,5771673
2024-12-13,986.6500244140625,986.6500244140625,997.6500244140625,965.5499877929688,991.0,5674567
2024-12-16,999.3499755859375,999.3499755859375,1007.9500122070312,985.5499877929688,987.9000244140625,3058066
2024-12-17,975.6500244140625,975.6500244140625,1002.0,972.0,1002.0,3294161
2024-12-18,965.2000122070312,965.2000122070312,979.2999877929688,960.5,976.7999877929688,2958191
2024-12-19,964.4000244140625,964.4000244140625,966.8499755859375,948.0,959.0,3665813
2024-12-20,929.4500122070312,929.4500122070312,966.8499755859375,926.4500122070312,960.0,4466131
2024-12-23,945.7000122070312,945.7000122070312,948.7999877929688,930.0499877929688,938.9500122070312,2502370
2024-12-24,935.2999877929688,935.2999877929688,946.0,929.7999877929688,941.0,5603093
2024-12-26,931.9500122070312,931.9500122070312,945.0,928.25,940.0,5262262
2024-12-27,953.4000244140625,953.4000244140625,971.0999755859375,933.0499877929688,933.0499877929688,6300341
2024-12-30,963.5,963.5,973.5,948.8499755859375,953.2999877929688,8165774
2024-12-31,960.1500244140625,960.1500244140625,961.4500122070312,949.0499877929688,958.0,2295670
2025-01-01,969.4000244140625,969.4000244140625,979.2999877929688,953.5,958.5999755859375,4024591
2025-01-02,991.3499755859375,991.3499755859375,998.0,968.7999877929688,975.5,3956740
2025-01-03,997.9000244140625,997.9000244140625,1025.4000244140625,990.6500244140625,993.0,5896120
2025-01-06,970.0499877929688,970.0499877929688,1004.9500122070312,963.2000122070312,1004.9500122070312,3370654
2025-01-07,983.5999755859375,983.5999755859375,994.5499877929688,970.1500244140625,970.1500244140625,3581533
2025-01-08,981.0499877929688,981.0499877929688,986.0,967.0999755859375,985.9000244140625,3781895
2025-01-09,980.9000244140625,980.9000244140625,985.3499755859375,970.4000244140625,981.0499877929688,3134034
2025-01-10,937.5999755859375,937.5999755859375,975.0,933.0499877929688,971.75,5611356
2025-01-13,941.7000122070312,941.7000122070312,973.5,934.5,936.9000244140625,8752532
2025-01-14,962.0999755859375,962.0999755859375,979.2999877929688,945.0999755859375,945.0999755859375,5735697
2025-01-15,962.4500122070312,962.4500122070312,983.0,954.6500244140625,971.25,3633812
2025-01-16,975.3499755859375,975.3499755859375,990.6500244140625,967.0,967.0,3948431
2025-01-17,970.9500122070312,970.9500122070312,975.5999755859375,959.0,972.8499755859375,3066978
2025-01-20,970.7000122070312,970.7000122070312,980.4500122070312,948.0999755859375,966.2000122070312,4485164
2025-01-21,960.4500122070312,960.4500122070312,978.5,958.0,971.5499877929688,3369291
2025-01-22,970.9500122070312,970.9500122070312,977.5499877929688,949.1500244140625,964.4500122070312,2639472
2025-01-23,970.9500122070312,970.9500122070312,988.5499877929688,962.5,965.9500122070312,3359986
2025-01-24,950.7999877929688,950.7999877929688,973.0,948.25,970.8499755859375,2938649
2025-01-27,926.4500122070312,926.4500122070312,947.0,923.7000122070312,947.0,3907787
2025-01-28,934.1500244140625,934.1500244140625,948.9500122070312,925.7000122070312,937.3499755859375,5708478
2025-01-29,948.2999877929688,948.2999877929688,953.0,931.9500122070312,935.7000122070312,2571504
2025-01-30,957.0499877929688,957.0499877929688,967.4000244140625,946.0999755859375,948.2999877929688,4509409
2025-01-31,991.2000122070312,991.2000122070312,999.2999877929688,953.0999755859375,957.5499877929688,5365839
2025-02-01,1009.4000244140625,1009.4000244140625,1023.0,972.4000244140625,977.0,6054296
2025-02-03,1012.7000122070312,1012.7000122070312,1023.9500122070312,990.0999755859375,994.0,3655089
2025-02-04,1047.1500244140625,1047.1500244140625,1053.9000244140625,1014.7000122070312,1022.4500122070312,9861468
2025-02-05,1061.199951171875,1061.199951171875,1078.699951171875,1052.4000244140625,1052.4000244140625,5000442
2025-02-06,1065.550048828125,1065.550048828125,1076.75,1058.050048828125,1062.0999755859375,3889634
2025-02-07,1079.0999755859375,1079.0999755859375,1086.550048828125,1061.5,1061.5,3975043
2025-02-10,1068.0,1068.0,1082.0,1062.699951171875,1076.0,4457091
2025-02-11,1054.1500244140625,1054.1500244140625,1074.9000244140625,1047.6500244140625,1063.5,4109028
2025-02-12,1039.6500244140625,1039.6500244140625,1063.949951171875,1020.25,1060.449951171875,4798340
2025-02-13,1047.25,1047.25,1056.949951171875,1025.4000244140625,1039.5,4539780
2025-02-14,1024.4000244140625,1024.4000244140625,1058.0999755859375,1018.2000122070312,1049.5999755859375,4036016
2025-02-17,1048.25,1048.25,1050.949951171875,1013.0999755859375,1024.4000244140625,2795714
2025-02-18,1024.0999755859375,1024.0999755859375,1051.5,1021.3499755859375,1045.0,2620716
2025-02-19,1035.800048828125,1035.800048828125,1042.050048828125,1015.9000244140625,1024.0999755859375,2464555
2025-02-20,1047.6500244140625,1047.6500244140625,1049.9000244140625,1025.5999755859375,1029.949951171875,1819683
2025-02-21,1043.75,1043.75,1055.800048828125,1038.949951171875,1041.550048828125,2589619
2025-02-24,1029.1500244140625,1029.1500244140625,1038.75,1021.0999755859375,1030.0999755859375,3074297
2025-02-25,1034.25,1034.25,1041.699951171875,1026.3499755859375,1028.199951171875,3628538
2025-02-27,1046.699951171875,1046.699951171875,1063.300048828125,1040.699951171875,1046.9000244140625,5951737
2025-02-28,990.0999755859375,990.0999755859375,1040.6500244140625,970.0999755859375,1040.0,55666745
2025-03-03,984.0,984.0,986.2999877929688,947.0,978.9500122070312,6158061
2025-03-04,987.5999755859375,987.5999755859375,1003.5999755859375,966.9500122070312,978.0,3271190
2025-03-05,971.8499755859375,971.8499755859375,995.25,970.6500244140625,984.25,3944062
2025-03-06,971.7000122070312,971.7000122070312,984.0999755859375,962.2000122070312,976.0,3928358
2025-03-07,936.75,936.75,976.5999755859375,932.2999877929688,971.0,7737031
2025-03-10,900.5,900.5,913.3499755859375,881.0999755859375,895.0,16014401
2025-03-11,655.9500122070312,655.9500122070312,810.4500122070312,649.0,810.4500122070312,101075220
2025-03-12,684.7000122070312,684.7000122070312,697.6500244140625,606.0,630.0,108682122
2025-03-13,672.3499755859375,672.3499755859375,706.9000244140625,667.6500244140625,690.0,31592987
2025-03-17,677.4000244140625,677.4000244140625,709.9000244140625,675.0,705.0,22353102
2025-03-18,677.4000244140625,677.4000244140625,677.4000244140625,677.4000244140625,677.4000244140625,0
2025-03-19,692.7000122070312,692.7000122070312,700.7999877929688,682.5499877929688,685.0,11120576
2025-03-20,684.0999755859375,684.0999755859375,701.0,681.0,697.5,8918567
2025-03-21,686.9000244140625,686.9000244140625,693.8499755859375,672.2999877929688,685.0,14265415
2025-03-24,669.4500122070312,669.4500122070312,693.75,665.1500244140625,692.0,14649992
2025-03-25,637.0499877929688,637.0499877929688,672.8499755859375,633.5999755859375,670.2000122070312,18615476
2025-03-26,655.2999877929688,655.2999877929688,662.5,637.4000244140625,637.4000244140625,23506399
2025-03-27,673.5499877929688,673.5499877929688,676.75,640.5,655.2999877929688,21589495
2025-03-28,649.8499755859375,649.8499755859375,673.9500122070312,643.5,672.0,8807815
2025-04-01,682.7000122070312,682.7000122070312,689.7999877929688,646.8499755859375,649.0,14019630
2025-04-02,702.4500122070312,702.4500122070312,708.4000244140625,675.0,682.7000122070312,14993840
2025-04-03,709.4000244140625,709.4000244140625,714.7000122070312,693.5,694.9500122070312,6972769
2025-04-04,682.0,682.0,704.9000244140625,675.6500244140625,701.0,9627949
2025-04-07,675.9000244140625,675.9000244140625,678.6500244140625,637.0,637.0,9382614
2025-04-08,679.6500244140625,679.6500244140625,695.9000244140625,673.0,684.9000244140625,5639989
2025-04-09,678.5499877929688,678.5499877929688,683.2999877929688,670.25,679.6500244140625,4243562
2025-04-11,689.5,689.5,694.0,675.5,684.9500122070312,5019467
2025-04-15,735.9000244140625,735.9000244140625,741.0,693.0499877929688,705.0,12452925
2025-04-16,788.25,788.25,794.4000244140625,733.0,747.0,31252589
2025-04-17,794.7000122070312,794.7000122070312,801.0,777.2999877929688,788.25,13986710
2025-04-21,828.2000122070312,828.2000122070312,841.9000244140625,798.3499755859375,802.0,15639685
2025-04-22,787.5,787.5,808.0,775.4000244140625,790.0,25698945
2025-04-23,794.2000122070312,794.2000122070312,805.0,782.0,797.4500122070312,10657940
2025-04-24,819.75,819.75,837.5,793.2999877929688,795.0,22577201
2025-04-25,822.3499755859375,822.3499755859375,829.0,807.3499755859375,822.0,11724192
2025-04-28,830.5499877929688,830.5499877929688,841.7999877929688,821.0499877929688,828.0,6929801
2025-04-29,836.9500122070312,836.9500122070312,852.0,828.5499877929688,841.9500122070312,8769289
2025-04-30,838.4000244140625,838.4000244140625,843.0999755859375,810.0499877929688,820.0,20241775
2025-05-02,856.4500122070312,856.4500122070312,863.5,833.0999755859375,835.0,7845964
2025-05-05,846.75,846.75,862.0,840.5499877929688,855.0,7875811
2025-05-06,831.7999877929688,831.7999877929688,851.25,821.9000244140625,846.75,10040705
2025-05-07,833.7999877929688,833.7999877929688,842.0,816.0999755859375,827.0,9432595
2025-05-08,826.7999877929688,826.7999877929688,844.25,816.0,835.0,13290700
2025-05-09,818.2000122070312,818.2000122070312,826.4500122070312,805.5,805.5,5074137
2025-05-12,788.5,788.5,838.0,786.0,835.0,14573162
2025-05-13,770.0999755859375,770.0999755859375,804.0,769.0499877929688,794.0,10848937
2025-05-14,781.3499755859375,781.3499755859375,786.4000244140625,764.5499877929688,775.0,9164606
2025-05-15,780.5,780.5,782.6500244140625,757.8499755859375,778.0,7350633
2025-05-16,780.2000122070312,780.2000122070312,785.5,750.0,750.0,27168178
2025-05-19,784.0499877929688,784.0499877929688,791.9500122070312,770.2999877929688,779.9000244140625,7193105
2025-05-20,782.25,782.25,799.7000122070312,780.0499877929688,785.0,6637953
2025-05-21,769.9500122070312,769.9500122070312,786.7000122070312,761.0,783.0,8134620
2025-05-22,785.0,785.0,796.7000122070312,725.7999877929688,750.0,43477564
2025-05-23,793.4000244140625,793.4000244140625,799.2000122070312,777.2999877929688,781.0999755859375,9260373
2025-05-26,800.0999755859375,800.0999755859375,802.0,790.75,793.3499755859375,5381797
2025-05-27,820.7000122070312,820.7000122070312,827.5999755859375,798.0,798.5999755859375,10346628
2025-05-28,805.1500244140625,805.1500244140625,820.7000122070312,802.9000244140625,820.5,5308859
2025-05-29,824.1500244140625,824.1500244140625,827.0,803.0499877929688,805.1500244140625,8791159
2025-05-30,816.9500122070312,816.9500122070312,823.8499755859375,811.0,821.0999755859375,5630146
2025-06-02,812.7000122070312,812.7000122070312,824.7999877929688,809.5499877929688,815.0,4094000
2025-06-03,800.8499755859375,800.8499755859375,818.4500122070312,798.1500244140625,818.4500122070312,3241313
2025-06-04,814.3499755859375,814.3499755859375,815.4500122070312,803.0,807.7999877929688,3877545
2025-06-05,803.2000122070312,803.2000122070312,818.5,800.2999877929688,817.0,3366237
2025-06-06,822.8499755859375,822.8499755859375,845.8499755859375,805.0,807.0,10916786
2025-06-09,836.6500244140625,836.6500244140625,840.0,821.5,831.25,6894267
2025-06-10,845.0499877929688,845.0499877929688,857.3499755859375,836.0,838.0,10162134
2025-06-11,836.2999877929688,836.2999877929688,851.4000244140625,834.4500122070312,845.25,2359273
2025-06-12,829.9000244140625,829.9000244140625,843.1500244140625,826.0,837.0,2742462
2025-06-13,816.8499755859375,816.8499755859375,826.7999877929688,813.0499877929688,819.0,3164561
2025-06-16,821.25,821.25,824.7999877929688,810.25,817.0499877929688,2286257
2025-06-17,809.1500244140625,809.1500244140625,820.9500122070312,806.0499877929688,820.0,2343961
2025-06-18,850.5,850.5,855.5,815.5499877929688,818.0499877929688,20826809
2025-06-19,837.5,837.5,849.5999755859375,835.4500122070312,847.0,4363823
2025-06-20,840.25,840.25,847.75,829.0,835.5,20961217
2025-06-23,839.9000244140625,839.9000244140625,845.0,826.5,835.2000122070312,3191499
2025-06-24,831.9500122070312,831.9500122070312,852.0,823.7999877929688,851.0,5482589
2025-06-25,829.7999877929688,829.7999877929688,838.7999877929688,828.0,834.0,4946637
2025-06-26,836.0999755859375,836.0999755859375,840.5,824.5,834.9000244140625,4451922
2025-06-27,857.7000122070312,857.7000122070312,881.0,831.5,836.0,12647856
2025-06-30,872.0999755859375,872.0999755859375,875.75,857.7000122070312,864.75,4353159
2025-07-01,879.0999755859375,879.0999755859375,892.7999877929688,866.0499877929688,870.0999755859375,5729474
2025-07-02,857.6500244140625,857.6500244140625,875.5,847.7000122070312,875.5,10183147
2025-07-03,862.4000244140625,862.4000244140625,866.0,845.5499877929688,849.0,3855070
2025-07-04,856.25,856.25,863.9000244140625,849.4000244140625,857.0999755859375,2658812
2025-07-07,854.4500122070312,854.4500122070312,866.9500122070312,845.2000122070312,847.0,3295065
2025-07-08,850.2999877929688,850.2999877929688,862.9000244140625,848.4500122070312,855.0,2344400
2025-07-09,840.75,840.75,854.9000244140625,839.5499877929688,851.75,2406142
2025-07-10,852.8499755859375,852.8499755859375,855.7000122070312,840.9500122070312,845.0,2560806
2025-07-11,858.8499755859375,858.8499755859375,867.7000122070312,849.5999755859375,852.0,3849544
2025-07-14,867.5999755859375,867.5999755859375,873.5,857.4500122070312,858.7999877929688,3605770
2025-07-15,881.0,881.0,886.75,869.6500244140625,871.0,3532750
2025-07-16,879.75,879.75,888.9500122070312,876.0,876.0,2863446
2025-07-17,865.0999755859375,865.0999755859375,890.9000244140625,862.75,879.75,4185118
2025-07-18,870.0499877929688,870.0499877929688,876.4500122070312,861.25,866.0,2622714
2025-07-21,858.7999877929688,858.7999877929688,870.0499877929688,830.5999755859375,870.0499877929688,6765856
2025-07-22,843.2000122070312,843.2000122070312,884.6500244140625,841.0999755859375,880.0,7686762
2025-07-23,851.1500244140625,851.1500244140625,854.0,841.7999877929688,849.0,2623940
2025-07-24,847.9000244140625,847.9000244140625,860.7999877929688,845.0,855.25,2006984
2025-07-25,823.7000122070312,823.7000122070312,848.4000244140625,821.4000244140625,846.4000244140625,2805230
2025-07-28,802.0499877929688,802.0499877929688,828.75,798.0,825.0,5922408
2025-07-29,808.2000122070312,808.2000122070312,818.8499755859375,790.0,800.0,16766666
2025-07-30,801.9000244140625,801.9000244140625,814.7999877929688,795.5499877929688,811.0,3218643
2025-07-31,798.9000244140625,798.9000244140625,806.0,789.0999755859375,795.5999755859375,4480429
2025-08-01,783.7000122070312,783.7000122070312,798.6500244140625,779.7000122070312,792.5,4739250
2025-08-04,804.0499877929688,804.0499877929688,805.5999755859375,781.0,783.0,2980888
2025-08-05,819.1500244140625,819.1500244140625,848.7000122070312,810.0499877929688,820.0,18982770
2025-08-06,803.3499755859375,803.3499755859375,822.0,795.4000244140625,822.0,5249912
2025-08-07,807.3499755859375,807.3499755859375,810.0,789.0999755859375,801.8499755859375,2553303
2025-08-08,782.4500122070312,782.4500122070312,808.5,779.0,806.5999755859375,2490574
2025-08-11,783.25,783.25,790.0999755859375,777.8499755859375,784.5,1629229
2025-08-12,783.0499877929688,783.0499877929688,791.3499755859375,780.7999877929688,784.0499877929688,1462522
2025-08-13,773.4500122070312,773.4500122070312,787.7999877929688,766.7000122070312,787.0,4114205
2025-08-14,769.75,769.75,779.7999877929688,765.7000122070312,773.4500122070312,1859573
2025-08-18,788.6500244140625,788.6500244140625,795.9000244140625,777.5,777.5,3029689
2025-08-19,785.5,785.5,790.7000122070312,780.8499755859375,787.25,2807872
2025-08-20,778.2000122070312,778.2000122070312,790.2000122070312,777.0,786.4500122070312,2332155
2025-08-21,767.4500122070312,767.4500122070312,781.8499755859375,766.5,781.0,3324022
2025-08-22,760.0999755859375,760.0999755859375,772.7000122070312,758.75,767.4500122070312,2483587
2025-08-25,770.8499755859375,770.8499755859375,775.0,761.5,767.9500122070312,2790762
2025-08-26,756.4000244140625,756.4000244140625,773.0,754.1500244140625,770.8499755859375,3306397
2025-08-28,746.5999755859375,746.5999755859375,762.4000244140625,744.8499755859375,756.4000244140625,3085661
2025-08-29,739.5,739.5,750.3499755859375,738.0,743.0,2538543
2025-09-01,752.8499755859375,752.8499755859375,754.0,741.5,742.4000244140625,1436082
2025-09-02,751.2000122070312,751.2000122070312,758.75,747.5,753.0,1330606
2025-09-03,768.0999755859375,768.0999755859375,769.0,749.2000122070312,750.0,1933362
2025-09-04,754.8499755859375,754.8499755859375,773.4000244140625,752.8499755859375,771.7999877929688,1401421
2025-09-05,757.0499877929688,757.0499877929688,759.5,750.0,756.3499755859375,2873689
2025-09-08,750.75,750.75,760.5,746.5,759.5,2330647
2025-09-09,746.1500244140625,746.1500244140625,755.0999755859375,745.0999755859375,753.6500244140625,1347461
2025-09-10,751.25,751.25,755.8499755859375,746.0999755859375,750.2000122070312,1350420
2025-09-11,748.5999755859375,748.5999755859375,754.2999877929688,747.5,751.5,975314
2025-09-12,740.5,740.5,754.3499755859375,739.25,753.0,1853165
2025-09-15,739.9000244140625,739.9000244140625,744.4000244140625,738.0999755859375,741.0,1499071
2025-09-16,742.25,742.25,748.9500122070312,734.5999755859375,740.7000122070312,2892657
2025-09-17,739.0499877929688,739.0499877929688,745.9000244140625,737.0499877929688,745.0,2280605
2025-09-18,735.4500122070312,735.4500122070312,743.0,732.5,742.4500122070312,2280312
2025-09-19,744.4000244140625,744.4000244140625,746.9500122070312,736.1500244140625,738.0,8190278
2025-09-22,734.2999877929688,734.2999877929688,748.2999877929688,733.4000244140625,744.4000244140625,1884250
2025-09-23,755.25,755.25,757.0,729.0499877929688,735.0,4501893
2025-09-24,740.75,740.75,758.9500122070312,738.9000244140625,755.25,2993982
2025-09-25,740.75,740.75,745.5999755859375,735.4000244140625,740.9500122070312,3037406
2025-09-26,712.75,712.75,742.6500244140625,710.5999755859375,742.0,5779485
2025-09-29,723.4000244140625,723.4000244140625,734.8499755859375,712.5499877929688,717.75,41100690
2025-09-30,735.5499877929688,735.5499877929688,737.7000122070312,722.5499877929688,730.0,3965781
2025-10-01,743.1500244140625,743.1500244140625,745.4500122070312,726.0,732.2000122070312,4127017
2025-10-03,747.4000244140625,747.4000244140625,758.9500122070312,741.75,743.2000122070312,4112610
2025-10-06,739.2999877929688,739.2999877929688,755.5999755859375,734.0999755859375,742.0,5118797
2025-10-07,749.0,749.0,752.4000244140625,740.4500122070312,742.9500122070312,4348518
2025-10-08,740.9500122070312,740.9500122070312,754.0999755859375,739.1500244140625,747.0499877929688,4238626
2025-10-09,749.1500244140625,749.1500244140625,753.2999877929688,743.0,744.0,3506978
2025-10-10,763.3499755859375,763.3499755859375,766.75,747.75,749.5999755859375,5386722
2025-10-13,759.9000244140625,759.9000244140625,767.9500122070312,757.0499877929688,758.0,2906803
2025-10-14,750.4000244140625,750.4000244140625,763.0499877929688,743.2999877929688,758.0,1833516
2025-10-15,740.0999755859375,740.0999755859375,753.0,733.2000122070312,752.3499755859375,2333738
2025-10-16,739.5,739.5,744.8499755859375,735.0,742.9000244140625,3056360
2025-10-17,751.0,751.0,761.0,734.5,740.0,4770012
2025-10-20,759.75,759.75,770.6500244140625,726.2999877929688,743.0,9184006
2025-10-21,758.4500122070312,758.4500122070312,762.9000244140625,756.0,761.9500122070312,350896
2025-10-23,759.5999755859375,759.5999755859375,766.0,751.7999877929688,759.0,5363491
2025-10-24,755.0499877929688,755.0499877929688,759.9500122070312,750.8499755859375,759.9500122070312,2001556
2025-10-27,770.0499877929688,770.0499877929688,772.0,753.1500244140625,755.7000122070312,3590863
2025-10-28,799.75,799.75,801.9500122070312,772.4500122070312,773.9000244140625,8948361
2025-10-29,807.4500122070312,807.4500122070312,810.0499877929688,793.7999877929688,804.0,4077629
2025-10-30,800.9500122070312,800.9500122070312,810.0,797.25,807.0,4103276
2025-10-31,794.7999877929688,794.7999877929688,806.5,792.0,800.9500122070312,3511425
2025-11-03,796.9000244140625,796.9000244140625,803.7000122070312,791.1500244140625,794.7999877929688,2640561
2025-11-04,790.2000122070312,790.2000122070312,799.25,785.0999755859375,797.0499877929688,3505823
2025-11-06,786.2000122070312,786.2000122070312,797.5,777.3499755859375,791.0,2640541
2025-11-07,797.25,797.25,801.9500122070312,779.0999755859375,782.1500244140625,2079256
2025-11-10,799.3499755859375,799.3499755859375,807.7999877929688,791.0,791.0,1894738
2025-11-11,826.0999755859375,826.0999755859375,828.2000122070312,792.7999877929688,799.7000122070312,7150449
2025-11-12,864.4000244140625,864.4000244140625,873.0,827.0,830.0499877929688,11714519
2025-11-13,863.4500122070312,863.4500122070312,892.3499755859375,859.0499877929688,862.0,9325204
2025-11-14,848.25,848.25,872.0,845.8499755859375,864.0,4460991
2025-11-17,854.0499877929688,854.0499877929688,861.75,838.5,852.0,4019335
2025-11-18,847.9500122070312,847.9500122070312,858.5,845.0499877929688,854.0499877929688,1958051
2025-11-19,839.5999755859375,839.5999755859375,850.2999877929688,836.2999877929688,850.0,2317710
2025-11-20,829.4000244140625,829.4000244140625,844.0,827.5,844.0,5136903
2025-11-21,846.5499877929688,846.5499877929688,856.7999877929688,830.5499877929688,832.2000122070312,7304707
2025-11-24,836.0499877929688,836.0499877929688,857.5,832.5499877929688,847.0999755859375,5082933
2025-11-25,839.9000244140625,839.9000244140625,844.9000244140625,829.0499877929688,836.0499877929688,3021941
2025-11-26,850.7000122070312,850.7000122070312,858.7000122070312,841.0,844.9000244140625,2939823
2025-11-27,857.4500122070312,857.4500122070312,863.75,846.5499877929688,853.0,3016014
2025-11-28,858.5499877929688,858.5499877929688,863.0,851.5,859.6500244140625,2901007
2025-12-01,847.1500244140625,847.1500244140625,862.4000244140625,842.6500244140625,860.0,3019328
2025-12-02,850.2999877929688,850.2999877929688,860.5,845.4000244140625,847.1500244140625,2674933
2025-12-03,846.9000244140625,846.9000244140625,856.2999877929688,841.3499755859375,854.0,2063761
2025-12-04,863.0,863.0,873.0,842.9000244140625,846.0,4259999
2025-12-05,870.0999755859375,870.0999755859375,874.4000244140625,856.0999755859375,863.6500244140625,3377823
2025-12-08,841.4000244140625,841.4000244140625,873.5999755859375,834.5,870.0999755859375,2015558
2025-12-09,844.3499755859375,844.3499755859375,848.7000122070312,832.1500244140625,841.4500122070312,3015385
2025-12-10,833.8499755859375,833.8499755859375,851.5999755859375,828.1500244140625,847.7999877929688,2623610
2025-12-11,835.5499877929688,835.5499877929688,842.7999877929688,827.5,834.4500122070312,2810755
2025-12-12,846.1500244140625,846.1500244140625,851.2000122070312,839.0,840.0499877929688,3492109
2025-12-15,851.25,851.25,853.5,835.4000244140625,845.9500122070312,2458486
2025-12-16,845.0499877929688,845.0499877929688,856.7999877929688,841.8499755859375,854.0,2811166
2025-12-17,833.8499755859375,833.8499755859375,846.0999755859375,827.7999877929688,838.2000122070312,3107473
2025-12-18,834.9000244140625,834.9000244140625,842.5,826.0,830.7999877929688,1537403
2025-12-19,844.7000122070312,844.7000122070312,847.9000244140625,831.0,834.9000244140625,7000947
2025-12-22,856.4000244140625,856.4000244140625,862.7999877929688,840.9000244140625,845.0,2387606
2025-12-23,849.9000244140625,849.9000244140625,859.7000122070312,846.2000122070312,856.4000244140625,1628642
2025-12-24,848.0499877929688,848.0499877929688,858.8499755859375,844.2000122070312,850.0,1947886
2025-12-26,849.8499755859375,849.8499755859375,858.9000244140625,837.0999755859375,841.0499877929688,4257972
2025-12-29,839.5999755859375,839.5999755859375,854.5499877929688,836.5999755859375,849.7999877929688,1907670
2025-12-30,841.5,841.5,844.0999755859375,833.25,839.5999755859375,4409838
2025-12-31,864.2000122070312,864.2000122070312,869.5999755859375,836.5499877929688,841.5,2887744
2026-01-01,890.2000122070312,890.2000122070312,891.5999755859375,863.5,865.4500122070312,4244931
2026-01-02,902.4500122070312,902.4500122070312,909.75,890.25,896.0,6250730
2026-01-05,899.9500122070312,899.9500122070312,910.0,892.5,905.0,2521435
2026-01-06,914.25,914.25,924.0,886.5,898.0,8308942
2026-01-07,897.8499755859375,897.8499755859375,924.7000122070312,892.8499755859375,914.5,2952528
2026-01-08,883.4500122070312,883.4500122070312,902.75,876.0999755859375,897.0,3567518
2026-01-09,882.25,882.25,892.0,878.0499877929688,878.0499877929688,2515780
2026-01-12,905.4500122070312,905.4500122070312,907.9500122070312,879.0999755859375,880.2000122070312,4015935
2026-01-13,910.5499877929688,910.5499877929688,913.7000122070312,897.5,909.0,3958844
2026-01-14,944.5,944.5,948.9000244140625,905.0,913.0,11559313
2026-01-15,944.5,944.5,944.5,944.5,944.5,0
2026-01-16,953.8499755859375,953.8499755859375,960.2000122070312,938.0499877929688,945.0,10345071
2026-01-19,949.7999877929688,949.7999877929688,961.9000244140625,941.4500122070312,947.9500122070312,5455304
2026-01-20,905.1500244140625,905.1500244140625,948.0,899.0499877929688,946.0,6701234
2026-01-21,907.1500244140625,907.1500244140625,919.1500244140625,891.4500122070312,908.0,3567143
2026-01-22,902.4500122070312,902.4500122070312,916.2000122070312,892.9000244140625,911.0,2338485
2026-01-23,892.4500122070312,892.4500122070312,914.5999755859375,888.25,900.0499877929688,5907525
2026-01-27,894.75,894.75,897.0,851.1500244140625,875.0,8419598
2026-01-28,901.7000122070312,901.7000122070312,903.0,877.6500244140625,898.75,2982683
2026-01-29,898.4000244140625,898.4000244140625,904.5,890.7000122070312,899.9000244140625,4382116
2026-01-30,896.0999755859375,896.0999755859375,902.75,888.2000122070312,892.0999755859375,2867342
2026-02-02,910.25,910.25,914.5,884.3499755859375,889.0,3762702
2026-02-03,922.4000244140625,922.4000244140625,959.5999755859375,916.3499755859375,951.2999877929688,9608114
2026-02-04,921.2999877929688,921.2999877929688,932.0,915.7999877929688,922.0,2883259
2026-02-05,914.4000244140625,914.4000244140625,922.1500244140625,902.2999877929688,918.0999755859375,2552518
2026-02-06,903.5999755859375,903.5999755859375,917.0499877929688,895.0,909.0999755859375,2711855
2026-02-09,927.9000244140625,927.9000244140625,936.9500122070312,900.3499755859375,910.0,6863941
2026-02-10,927.5999755859375,927.5999755859375,933.0,920.0,927.9000244140625,2768617
2026-02-11,925.0,925.0,928.2999877929688,915.0,927.9000244140625,2473671
2026-02-12,922.7000122070312,922.7000122070312,937.0,915.0,928.7000122070312,3082642
2026-02-13,926.0499877929688,926.0499877929688,929.9500122070312,903.3499755859375,922.0,2860622
2026-02-16,931.9000244140625,931.9000244140625,933.7000122070312,912.1500244140625,930.0,2098887
2026-02-17,943.7999877929688,943.7999877929688,952.2000122070312,928.2000122070312,931.9000244140625,6284594
2026-02-18,944.6500244140625,944.6500244140625,950.0,932.7999877929688,944.0,3474257
2026-02-19,927.3499755859375,927.3499755859375,944.5,923.2000122070312,944.5,2641817
2026-02-20,926.0499877929688,926.0499877929688,947.9000244140625,922.6500244140625,934.0,6462199
2026-02-23,919.75,919.75,934.6500244140625,911.9500122070312,926.0499877929688,4217172
2026-02-24,931.4000244140625,931.4000244140625,934.4000244140625,912.0,919.75,3079572
2026-02-25,937.3499755859375,937.3499755859375,941.8499755859375,932.0999755859375,934.0,1173030
2026-02-26,964.5999755859375,964.5999755859375,968.8499755859375,936.2999877929688,938.0,8974624
2026-02-27,956.75,956.75,968.0,951.2000122070312,963.0,3745120
2026-03-02,942.5,942.5,955.9500122070312,933.2000122070312,939.0,1568186
2026-03-04,927.5499877929688,927.5499877929688,942.9500122070312,916.7000122070312,930.0,2527046
2026-03-05,937.2000122070312,937.2000122070312,947.5499877929688,926.9500122070312,930.0499877929688,1949212
2026-03-06,917.8499755859375,917.8499755859375,942.9000244140625,912.0499877929688,935.0,1153433
2026-03-09,881.2000122070312,881.2000122070312,900.0,870.5499877929688,899.0,3362985
2026-03-10,898.7000122070312,898.7000122070312,904.0499877929688,885.0,892.0,4547967
2026-03-11,877.1500244140625,877.1500244140625,907.5,873.1500244140625,897.2000122070312,2754525
2026-03-12,831.3499755859375,831.3499755859375,870.5,828.0,870.0,7514347
2026-03-13,814.4000244140625,814.4000244140625,833.1500244140625,804.7999877929688,827.0,5606889
2026-03-16,825.0499877929688,825.0499877929688,830.0,806.2000122070312,814.5499877929688,3107008
2026-03-17,820.8499755859375,820.8499755859375,825.0,808.0,825.0,3713235
2026-03-18,842.1500244140625,842.1500244140625,847.9000244140625,815.5999755859375,819.5999755859375,4695600
2026-03-19,816.2999877929688,816.2999877929688,831.25,812.9500122070312,828.2000122070312,5080824
2026-03-20,818.5999755859375,818.5999755859375,837.0,813.0999755859375,822.0,7872290
2026-03-23,778.3499755859375,778.3499755859375,809.0,771.9000244140625,806.2999877929688,7448050
2026-03-24,797.25,797.25,802.1500244140625,771.7000122070312,789.8499755859375,6347812
2026-03-25,818.4000244140625,818.4000244140625,834.2999877929688,802.9500122070312,802.9500122070312,3095936
2026-03-27,792.5499877929688,792.5499877929688,816.2000122070312,785.2999877929688,809.0,6211886
2026-03-30,752.4500122070312,752.4500122070312,784.0,750.5,781.0,7093604
2026-04-01,785.6500244140625,785.6500244140625,793.6500244140625,765.9500122070312,765.9500122070312,4336917
2026-04-02,778.7000122070312,778.7000122070312,784.75,754.0,772.2000122070312,2481604
2026-04-06,786.2000122070312,786.2000122070312,788.2999877929688,756.4000244140625,774.5999755859375,2512596
2026-04-07,784.7999877929688,784.7999877929688,787.7999877929688,770.2999877929688,778.0,1165539
2026-04-08,835.9500122070312,835.9500122070312,840.8499755859375,810.0,812.0,3572416
2026-04-09,814.5499877929688,814.5499877929688,834.9000244140625,812.0,831.8499755859375,2531440
2026-04-10,830.9000244140625,830.9000244140625,835.4500122070312,817.7999877929688,818.5,1509168
2026-04-13,818.9000244140625,818.9000244140625,822.2000122070312,800.7000122070312,807.0999755859375,1555260
2026-04-15,840.0999755859375,840.0999755859375,850.0,828.1500244140625,832.0,3272348
2026-04-16,847.9000244140625,847.9000244140625,857.25,840.9000244140625,845.5,3785293
2026-04-17,853.9000244140625,853.9000244140625,857.4500122070312,838.5499877929688,849.0,1850548
2026-04-20,851.9500122070312,851.9500122070312,856.0,839.5,853.9000244140625,2453075
2026-04-21,856.4000244140625,856.4000244140625,865.8499755859375,854.8499755859375,857.7000122070312,975223
2026-04-22,870.0999755859375,870.0999755859375,873.0,851.0,851.0,2253573
2026-04-23,860.3499755859375,860.3499755859375,869.7000122070312,854.1500244140625,861.7000122070312,1561128
2026-04-24,847.9500122070312,847.9500122070312,868.0,839.0,868.0,1453183
2026-04-27,900.1500244140625,900.1500244140625,903.5,865.2000122070312,865.2000122070312,11254307
2026-04-28,885.5499877929688,885.5499877929688,895.7000122070312,882.4500122070312,890.1500244140625,5748485
2026-04-29,913.75,913.75,925.0,891.0,891.0,3485256
2026-04-30,916.0499877929688,916.0499877929688,920.0,895.25,906.0,3438569
2026-05-01,916.0499877929688,916.0499877929688,916.0499877929688,916.0499877929688,916.0499877929688,0
2026-05-04,913.9000244140625,913.9000244140625,942.4000244140625,911.0999755859375,925.25,1973688
2026-05-05,910.7000122070312,910.7000122070312,918.0999755859375,903.0,911.0999755859375,2006111
2026-05-06,946.75,946.75,949.75,917.9500122070312,920.4000244140625,2901974
2026-05-07,946.9500122070312,946.9500122070312,951.6500244140625,934.0999755859375,948.25,2007411
2026-05-08,950.75,950.75,957.9000244140625,940.5,946.0,1604266
2026-05-11,922.2999877929688,922.2999877929688,940.9000244140625,918.0999755859375,939.0,1584134
2026-05-12,892.8499755859375,892.8499755859375,922.2999877929688,890.0999755859375,920.0,1374763
2026-05-13,892.5,892.5,906.7999877929688,890.2999877929688,891.0,1428120
2026-05-14,907.9000244140625,907.9000244140625,914.5,886.2000122070312,895.0,1862991
2026-05-15,886.4000244140625,886.4000244140625,910.0,881.9500122070312,910.0,1437283
2026-05-18,892.1500244140625,892.1500244140625,895.9000244140625,870.2000122070312,885.75,1421988
2026-05-19,895.25,895.25,904.0999755859375,888.7999877929688,898.5,1303728
2026-05-20,897.1500244140625,897.1500244140625,900.7999877929688,881.1500244140625,885.5499877929688,2947978
2026-05-21,899.9500122070312,899.9500122070312,913.9000244140625,892.2999877929688,905.5,2144884
2026-05-22,910.1500244140625,910.1500244140625,914.5,902.7000122070312,903.0,1165558
2026-05-25,926.0999755859375,926.0999755859375,933.5,920.1500244140625,920.1500244140625,1193834
2026-05-26,932.2999877929688,932.2999877929688,935.0,921.0,926.2000122070312,2323571
2026-05-27,932.2999877929688,932.2999877929688,939.7999877929688,928.0,930.5,1088920
2026-05-28,932.2999877929688,932.2999877929688,932.2999877929688,932.2999877929688,932.2999877929688,0
2026-05-29,914.3499755859375,914.3499755859375,940.2000122070312,910.3499755859375,930.5999755859375,3160610
2026-06-01,901.1500244140625,901.1500244140625,925.9000244140625,896.7999877929688,917.75,1597794
2026-06-02,912.5,912.5,915.7999877929688,890.4500122070312,893.2999877929688,1756559
2026-06-03,899.9500122070312,899.9500122070312,907.9000244140625,884.0499877929688,907.0999755859375,2302274
2026-06-04,903.2000122070312,903.2000122070312,907.0999755859375,895.5,903.7000122070312,1798199
2026-06-05,904.7999877929688,904.7999877929688,925.7999877929688,896.0999755859375,899.0,1890312
2026-06-08,895.0499877929688,895.0499877929688,903.7000122070312,881.0,881.0,1864831
2026-06-09,922.7999877929688,922.7999877929688,928.0,896.0499877929688,896.0499877929688,1694676
2026-06-10,883.9500122070312,883.9500122070312,923.75,881.8499755859375,922.8499755859375,1993081
2026-06-11,888.9500122070312,888.9500122070312,897.5999755859375,881.75,883.8499755859375,1768283
