Date,Adj Close,Close,High,Low,Open,Volume
,JSWSTEEL.NS,JSWSTEEL.NS,JSWSTEEL.NS,JSWSTEEL.NS,JSWSTEEL.NS,JSWSTEEL.NS
2021-01-01,368.8980407714844,389.70001220703125,391.5,384.6000061035156,387.25,4461761
2021-01-04,381.5827331542969,403.1000061035156,405.1000061035156,391.1000061035156,392.0,8872723
2021-01-05,374.1517639160156,395.25,401.0,391.6000061035156,400.0,6190435
2021-01-06,380.25750732421875,401.70001220703125,407.3500061035156,395.75,397.20001220703125,7910567
2021-01-07,383.7599792480469,405.3999938964844,413.1000061035156,403.1499938964844,404.0,10231006
2021-01-08,381.34613037109375,402.8500061035156,410.45001220703125,398.5,410.29998779296875,7559664
2021-01-11,377.7489318847656,399.04998779296875,404.95001220703125,392.6499938964844,402.8500061035156,4822618
2021-01-12,378.2222595214844,399.54998779296875,412.95001220703125,397.04998779296875,398.95001220703125,6708618
2021-01-13,381.4407958984375,402.95001220703125,407.3999938964844,394.1499938964844,401.54998779296875,6885599
2021-01-14,375.2403869628906,396.3999938964844,405.6499938964844,394.0,404.3500061035156,4886430
2021-01-15,373.15789794921875,394.20001220703125,402.54998779296875,391.20001220703125,398.0,7329969
2021-01-18,362.6503601074219,383.1000061035156,394.0,375.5,393.5,10605461
2021-01-19,374.2937927246094,395.3999938964844,397.75,381.6000061035156,386.20001220703125,5842513
2021-01-20,379.5002136230469,400.8999938964844,402.8999938964844,393.45001220703125,395.0,5604951
2021-01-21,372.305908203125,393.29998779296875,405.0,388.95001220703125,402.5,7085945
2021-01-22,355.3613586425781,375.3999938964844,397.45001220703125,372.20001220703125,396.0,8779405
2021-01-25,362.0350341796875,382.45001220703125,394.95001220703125,371.45001220703125,388.0,17874949
2021-01-27,356.166015625,376.25,382.0,371.54998779296875,380.6000061035156,8576326
2021-01-28,356.2132873535156,376.29998779296875,380.8500061035156,369.6000061035156,371.0,6969457
2021-01-29,347.26776123046875,366.8500061035156,382.54998779296875,363.20001220703125,382.04998779296875,7981367
2021-02-01,360.5204772949219,380.8500061035156,384.3999938964844,363.6499938964844,366.5,6141212
2021-02-02,368.2354431152344,389.0,391.70001220703125,376.70001220703125,384.6499938964844,7450391
2021-02-03,371.92724609375,392.8999938964844,398.45001220703125,384.70001220703125,386.20001220703125,6063017
2021-02-04,378.9322509765625,400.29998779296875,402.0,390.45001220703125,392.8999938964844,6283280
2021-02-05,380.7308044433594,402.20001220703125,406.6000061035156,389.1499938964844,403.0,9008833
2021-02-08,395.3560791015625,417.6499938964844,419.25,401.20001220703125,404.54998779296875,9008722
2021-02-09,384.7539367675781,406.45001220703125,420.0,401.8500061035156,417.0,7961747
2021-02-10,388.82440185546875,410.75,413.95001220703125,400.0,410.0,8008124
2021-02-11,387.0258483886719,408.8500061035156,415.5,404.95001220703125,408.20001220703125,3598146
2021-02-12,382.245361328125,403.79998779296875,410.8999938964844,402.6000061035156,407.8500061035156,4667663
2021-02-15,382.1507263183594,403.70001220703125,407.8500061035156,401.0,405.1000061035156,4678133
2021-02-16,385.8899230957031,407.6499938964844,421.8999938964844,403.70001220703125,403.70001220703125,10594928
2021-02-17,386.88385009765625,408.70001220703125,411.0,401.0,406.3500061035156,5486323
2021-02-18,385.8899230957031,407.6499938964844,414.75,406.0,410.0,5889983
2021-02-19,374.5304260253906,395.6499938964844,408.3999938964844,390.95001220703125,408.1000061035156,4527644
2021-02-22,384.4226379394531,406.1000061035156,413.8500061035156,396.1499938964844,396.1499938964844,9371697
2021-02-23,390.5756530761719,412.6000061035156,416.20001220703125,406.1000061035156,410.0,8127742
2021-02-24,386.3158874511719,408.1000061035156,426.6000061035156,400.0,415.0,10570509
2021-02-25,399.23724365234375,421.75,425.0,410.0,411.0,9051315
2021-02-26,374.34112548828125,395.45001220703125,421.29998779296875,392.04998779296875,412.04998779296875,11433748
2021-03-01,383.47601318359375,405.1000061035156,408.45001220703125,393.3500061035156,402.6000061035156,5834233
2021-03-02,391.23828125,413.29998779296875,414.95001220703125,401.0,406.79998779296875,5055665
2021-03-03,405.29559326171875,428.1499938964844,435.0,415.29998779296875,415.29998779296875,11903775
2021-03-04,391.99560546875,414.1000061035156,421.3999938964844,411.04998779296875,415.1000061035156,8655068
2021-03-05,384.70660400390625,406.3999938964844,414.1000061035156,402.5,414.1000061035156,7045618
2021-03-08,386.0792236328125,407.8500061035156,415.5,406.5,411.95001220703125,4176709
2021-03-09,380.162841796875,401.6000061035156,414.75,396.79998779296875,412.0,5477847
2021-03-10,391.90093994140625,414.0,415.29998779296875,403.5,406.54998779296875,6536253
2021-03-12,396.39739990234375,418.75,428.45001220703125,414.0,418.1499938964844,13448994
2021-03-15,406.71551513671875,429.6499938964844,431.75,414.8999938964844,422.8999938964844,10146579
2021-03-16,403.21307373046875,425.95001220703125,433.95001220703125,419.3500061035156,433.95001220703125,8103798
2021-03-17,399.9472351074219,422.5,425.95001220703125,417.5,425.95001220703125,4738590
2021-03-18,400.5625305175781,423.1499938964844,432.6499938964844,420.1000061035156,427.0,6837030
2021-03-19,417.0336608886719,440.54998779296875,446.29998779296875,410.0,420.1000061035156,11116495
2021-03-22,421.5301513671875,445.29998779296875,449.0,436.79998779296875,441.0,7010923
2021-03-23,418.21697998046875,441.79998779296875,447.25,439.5,445.0,5066287
2021-03-24,414.0045471191406,437.3500061035156,443.1499938964844,431.6000061035156,437.0,7803892
2021-03-25,414.61981201171875,438.0,442.20001220703125,428.5,437.04998779296875,10870751
2021-03-26,421.43548583984375,445.20001220703125,452.25,436.20001220703125,443.6000061035156,12165673
2021-03-30,442.497802734375,467.45001220703125,470.20001220703125,452.20001220703125,455.0,17646211
2021-03-31,443.4444274902344,468.45001220703125,473.79998779296875,461.29998779296875,467.3500061035156,7635784
2021-04-01,481.59326171875,508.75,512.9500122070312,470.0,470.54998779296875,35736230
2021-04-05,489.87615966796875,517.5,522.0,503.20001220703125,513.5,29711225
2021-04-06,508.76123046875,537.4500122070312,541.2999877929688,520.6500244140625,523.0,26533367
2021-04-07,532.2847900390625,562.2999877929688,566.4500122070312,533.2000122070312,539.25,20024702
2021-04-08,581.3197021484375,614.0999755859375,639.0,563.25,572.0,72006147
2021-04-09,587.8514404296875,621.0,630.8499755859375,598.0,618.0,51062079
2021-04-12,571.90087890625,604.1500244140625,621.75,597.4000244140625,609.0,27047004
2021-04-13,596.7023315429688,630.3499755859375,632.7999877929688,604.0,607.0,26091257
2021-04-15,595.5189819335938,629.0999755859375,644.0,616.0,638.0,24006650
2021-04-16,586.3368530273438,619.4000244140625,635.9000244140625,616.9500122070312,631.9000244140625,14389029
2021-04-19,582.928955078125,615.7999877929688,625.5,595.0999755859375,600.0,17044636
2021-04-20,587.4727783203125,620.5999755859375,630.0,613.4000244140625,622.7999877929688,13626064
2021-04-22,606.5471801757812,640.75,651.0,611.5999755859375,615.7000122070312,22859059
2021-04-23,601.4827880859375,635.4000244140625,652.7999877929688,625.8499755859375,641.0,17931094
2021-04-26,620.793701171875,655.7999877929688,660.7000122070312,638.25,642.0,16506538
2021-04-27,630.3546752929688,665.9000244140625,670.3499755859375,658.0,660.6500244140625,15799458
2021-04-28,627.2781982421875,662.6500244140625,676.0,650.6500244140625,669.75,15558949
2021-04-29,687.7198486328125,726.5,728.9000244140625,668.0499877929688,672.0,56816962
2021-04-30,679.5315551757812,717.8499755859375,740.0,711.4500122070312,719.5999755859375,36449711
2021-05-03,684.6434326171875,723.25,730.0,710.5999755859375,714.0,16906171
2021-05-04,677.2124633789062,715.4000244140625,737.5,711.25,727.9500122070312,13790054
2021-05-05,679.3896484375,717.7000122070312,733.0,713.0999755859375,723.0,12284261
2021-05-06,690.8436889648438,729.7999877929688,742.0,718.0,721.2999877929688,18365325
2021-05-07,716.54443359375,756.9500122070312,766.7000122070312,736.75,738.0,26586556
2021-05-10,718.1537475585938,758.6500244140625,773.0,756.0499877929688,765.9000244140625,15105182
2021-05-11,695.0562133789062,734.25,754.7999877929688,730.5499877929688,741.0,16277517
2021-05-12,670.11279296875,707.9000244140625,741.9000244140625,700.0,740.0,14410802
2021-05-14,669.3554077148438,707.0999755859375,721.5,679.0499877929688,709.9500122070312,26344309
2021-05-17,676.2658081054688,714.4000244140625,722.4000244140625,694.0499877929688,707.9000244140625,12706884
2021-05-18,679.1529541015625,717.4500122070312,731.0999755859375,711.8499755859375,723.8499755859375,9477286
2021-05-19,668.172119140625,705.8499755859375,720.3499755859375,704.0999755859375,713.0499877929688,6562006
2021-05-20,657.4280395507812,694.5,703.4000244140625,683.2000122070312,698.0,10104850
2021-05-21,660.9305419921875,698.2000122070312,705.9000244140625,695.0,701.3499755859375,7340528
2021-05-24,645.0746459960938,681.4500122070312,697.0,671.9000244140625,697.0,22332409
2021-05-25,663.3916625976562,700.7999877929688,714.5,688.0499877929688,689.0,22058890
2021-05-26,645.7845458984375,682.2000122070312,691.0,673.5499877929688,686.2999877929688,18721303
2021-05-27,645.4531860351562,681.8499755859375,694.3499755859375,678.0,684.9000244140625,15110958
2021-05-28,652.9788818359375,689.7999877929688,708.7999877929688,686.2000122070312,697.7999877929688,12698590
2021-05-31,672.95263671875,710.9000244140625,714.2000122070312,685.9500122070312,694.0,11685565
2021-06-01,657.4280395507812,694.5,716.9500122070312,687.5,716.5,14156453
2021-06-02,668.3614501953125,706.0499877929688,709.0499877929688,696.5499877929688,697.0,9653111
2021-06-03,675.9818115234375,714.0999755859375,720.8499755859375,703.0499877929688,710.0,8329454
2021-06-04,682.7027587890625,721.2000122070312,726.0,703.0499877929688,708.0499877929688,9653847
2021-06-07,677.543701171875,715.75,730.75,712.7999877929688,722.5999755859375,6872666
2021-06-08,669.7340698242188,707.5,714.2999877929688,692.0,714.2999877929688,8230750
2021-06-09,660.5991821289062,697.8499755859375,713.3499755859375,693.5499877929688,705.0,6922786
2021-06-10,668.124755859375,705.7999877929688,719.0,700.0,701.2999877929688,8543092
2021-06-11,692.1690673828125,731.2000122070312,734.0999755859375,704.75,714.0,11372473
2021-06-14,690.2283935546875,729.1500244140625,737.2000122070312,714.6500244140625,732.6500244140625,10470356
2021-06-15,686.3945922851562,725.0999755859375,732.4000244140625,717.0,728.0,5124845
2021-06-16,667.7461547851562,705.4000244140625,728.9000244140625,703.5499877929688,720.0,9016464
2021-06-17,659.1792602539062,696.3499755859375,711.0,693.4500122070312,702.0999755859375,5639158
2021-06-18,634.8037719726562,670.5999755859375,696.4000244140625,656.0999755859375,695.5,13505600
2021-06-21,637.0283813476562,672.9500122070312,676.2999877929688,646.1500244140625,656.9000244140625,8187341
2021-06-22,639.2056274414062,675.25,682.5,673.25,676.0,5398107
2021-06-23,629.9760131835938,665.5,685.0,664.1500244140625,679.0,6059813
2021-06-24,642.75537109375,679.0,681.5,664.9000244140625,669.5999755859375,6985183
2021-06-25,652.6949462890625,689.5,702.3499755859375,685.0,685.0,9066409
2021-06-28,658.2326049804688,695.3499755859375,701.3499755859375,682.75,692.9000244140625,5669654
2021-06-29,649.287109375,685.9000244140625,696.5,683.5999755859375,695.0,4377422
2021-06-30,647.3938598632812,683.9000244140625,698.0,682.6500244140625,687.0499877929688,6112824
2021-07-01,644.22265625,680.5499877929688,690.0,679.5999755859375,687.7999877929688,4133198
2021-07-02,635.4664306640625,671.2999877929688,682.9500122070312,667.5,681.0499877929688,5499982
2021-07-05,643.0656127929688,672.75,675.0,664.4500122070312,673.0,5427717
2021-07-06,643.4480590820312,673.1500244140625,681.7000122070312,669.4500122070312,672.75,4790854
2021-07-07,659.9369506835938,690.4000244140625,694.0,669.0,671.7999877929688,8536360
2021-07-08,638.76416015625,668.25,691.4500122070312,666.6500244140625,688.0,7099529
2021-07-09,651.4773559570312,681.5499877929688,683.5999755859375,670.0,671.0,7814242
2021-07-12,663.8082275390625,694.4500122070312,703.75,680.8499755859375,685.0,11632489
2021-07-13,670.4514770507812,701.4000244140625,703.5,694.0,698.0,6832695
2021-07-14,669.4956665039062,700.4000244140625,705.8499755859375,694.2000122070312,704.0,5996797
2021-07-15,668.2529296875,699.0999755859375,707.9500122070312,696.0499877929688,700.0,4735495
2021-07-16,672.5543823242188,703.5999755859375,707.0,700.7000122070312,703.5,3590287
2021-07-19,667.5838623046875,698.4000244140625,712.3499755859375,694.0,697.0,5377227
2021-07-20,651.9075317382812,682.0,698.0,675.4000244140625,697.6500244140625,5829609
2021-07-22,684.9329223632812,716.5499877929688,722.5999755859375,689.0499877929688,689.9000244140625,9472817
2021-07-23,685.888916015625,717.5499877929688,727.0,712.0,726.9000244140625,8731309
2021-07-26,673.4624633789062,704.5499877929688,729.5,701.0,729.5,14645713
2021-07-27,679.2933349609375,710.6500244140625,717.9000244140625,703.2999877929688,709.8499755859375,6840353
2021-07-28,689.8558349609375,721.7000122070312,725.4000244140625,701.4500122070312,712.0,8329455
2021-07-29,715.377685546875,748.4000244140625,758.0999755859375,723.0499877929688,725.5,18513875
2021-07-30,704.4329223632812,736.9500122070312,757.8499755859375,733.5499877929688,746.1500244140625,9971622
2021-08-02,713.7527465820312,746.7000122070312,751.4500122070312,733.5,741.4000244140625,6971560
2021-08-03,707.6350708007812,740.2999877929688,746.0,728.4000244140625,746.0,6939253
2021-08-04,714.2784423828125,747.25,754.0,736.4000244140625,741.0,6680733
2021-08-05,729.5723876953125,763.25,765.4000244140625,740.5,747.25,8613347
2021-08-06,723.9327392578125,757.3499755859375,776.5,755.7000122070312,767.5,8973665
2021-08-09,714.3739624023438,747.3499755859375,762.5,742.4500122070312,761.8499755859375,5119564
2021-08-10,690.285888671875,722.1500244140625,750.0,719.5999755859375,748.9000244140625,6382357
2021-08-11,716.0467529296875,749.0999755859375,752.0,727.0,727.0,11909486
2021-08-12,715.8555908203125,748.9000244140625,754.2999877929688,741.4000244140625,753.0499877929688,3506281
2021-08-13,715.9989624023438,749.0499877929688,757.5499877929688,732.4000244140625,746.9000244140625,5611264
2021-08-16,728.0430908203125,761.6500244140625,770.5999755859375,739.2000122070312,745.0,9095337
2021-08-17,711.4107666015625,744.25,762.4500122070312,735.8499755859375,758.5999755859375,6482187
2021-08-18,704.9107666015625,737.4500122070312,748.9000244140625,732.9000244140625,748.0,5905871
2021-08-20,654.3927001953125,684.5999755859375,722.0,681.5,722.0,13126219
2021-08-23,654.0103759765625,684.2000122070312,700.7000122070312,664.0,696.0,11781361
2021-08-24,661.1317138671875,691.6500244140625,697.0,683.0,690.0999755859375,8283854
2021-08-25,653.67578125,683.8499755859375,701.0,680.0,696.0,5539409
2021-08-26,642.3487548828125,672.0,685.0,669.2999877929688,683.0,5659963
2021-08-27,647.6060791015625,677.5,681.4000244140625,671.75,672.9000244140625,4978277
2021-08-30,656.2566528320312,686.5499877929688,694.0,683.0499877929688,683.0499877929688,5891576
2021-08-31,657.2603759765625,687.5999755859375,692.4500122070312,680.4500122070312,688.25,5399215
2021-09-01,646.7935180664062,676.6500244140625,689.0,675.0,688.0,4316801
2021-09-02,654.8228759765625,685.0499877929688,689.0,678.0,681.0499877929688,3635439
2021-09-03,660.414794921875,690.9000244140625,695.25,682.4000244140625,686.0999755859375,4145359
2021-09-06,656.3523559570312,686.6500244140625,697.0,681.5999755859375,697.0,5179490
2021-09-07,653.6280517578125,683.7999877929688,697.7999877929688,682.5,689.4500122070312,3555927
2021-09-08,656.7346801757812,687.0499877929688,691.5,681.7000122070312,684.0,3288571
2021-09-09,658.55078125,688.9500122070312,691.5,683.0499877929688,683.8499755859375,2381494
2021-09-13,663.7603759765625,694.4000244140625,700.0,687.5,693.25,3778975
2021-09-14,663.0435180664062,693.6500244140625,702.0,692.25,696.4000244140625,3185808
2021-09-15,665.9110717773438,696.6500244140625,698.0,687.0499877929688,697.0,2871538
2021-09-16,659.0287475585938,689.4500122070312,700.9500122070312,688.0,700.0499877929688,3372499
2021-09-17,652.1942138671875,682.2999877929688,692.0,668.7000122070312,692.0,7804735
2021-09-20,605.2607421875,633.2000122070312,669.9000244140625,628.0999755859375,669.9000244140625,10340874
2021-09-21,639.433349609375,668.9500122070312,672.0,628.7000122070312,633.25,14289169
2021-09-22,648.6097412109375,678.5499877929688,683.4000244140625,666.2000122070312,671.7999877929688,8147214
2021-09-23,647.3670654296875,677.25,687.25,674.0999755859375,685.2999877929688,4039612
2021-09-24,630.0657348632812,659.1500244140625,679.0,650.75,677.25,7363339
2021-09-27,620.0289916992188,648.6500244140625,663.75,646.2999877929688,660.4500122070312,5889365
2021-09-28,631.6907348632812,660.8499755859375,667.9000244140625,648.0999755859375,650.0,4735779
2021-09-29,649.8045043945312,679.7999877929688,684.2999877929688,653.5999755859375,658.9000244140625,7345149
2021-09-30,638.81201171875,668.2999877929688,683.2000122070312,666.3499755859375,683.2000122070312,4934499
2021-10-01,644.4994506835938,674.25,686.7000122070312,658.9000244140625,660.0,5193048
2021-10-04,651.094970703125,681.1500244140625,686.7999877929688,662.0999755859375,674.5,5617530
2021-10-05,649.3743896484375,679.3499755859375,690.8499755859375,677.1500244140625,681.1500244140625,4186464
2021-10-06,630.1613159179688,659.25,684.0,655.5499877929688,680.0,5994344
2021-10-07,637.1392211914062,666.5499877929688,670.0,659.0,666.0,3042177
2021-10-08,636.4700317382812,665.8499755859375,683.0,664.5,670.0499877929688,3826818
2021-10-11,642.7311401367188,672.4000244140625,678.0,666.7000122070312,671.0499877929688,2257738
2021-10-12,644.0215454101562,673.75,681.0,665.4000244140625,672.4000244140625,2930894
2021-10-13,651.3817749023438,681.4500122070312,692.0,671.0,673.7999877929688,5601758
2021-10-14,662.2787475585938,692.8499755859375,699.0,682.9500122070312,690.0,4751065
2021-10-18,684.2160034179688,715.7999877929688,727.2999877929688,695.5,695.5,9493244
2021-10-19,661.0360717773438,691.5499877929688,722.5,688.4500122070312,722.5,4164143
2021-10-20,654.9185791015625,685.1500244140625,695.7000122070312,675.4000244140625,692.0,3256699
2021-10-21,644.3560180664062,674.0999755859375,693.9500122070312,655.0999755859375,691.3499755859375,5811087
2021-10-22,638.333984375,667.7999877929688,690.0,658.0499877929688,676.0,10162556
2021-10-25,644.4994506835938,674.25,678.0,653.0499877929688,670.0,3987950
2021-10-26,663.7125244140625,694.3499755859375,697.4500122070312,674.5,678.7000122070312,4238644
2021-10-27,654.6795654296875,684.9000244140625,699.5,682.0999755859375,694.3499755859375,3330934
2021-10-28,637.99951171875,667.4500122070312,684.4000244140625,664.0499877929688,682.9000244140625,3080237
2021-10-29,639.62451171875,669.1500244140625,684.7999877929688,663.0,670.0,3612552
2021-11-01,658.55078125,688.9500122070312,690.75,672.5,680.0,3234840
2021-11-02,643.1612548828125,672.8499755859375,693.4000244140625,671.5,693.4000244140625,3204544
2021-11-03,650.2346801757812,680.25,683.5499877929688,673.5499877929688,677.4500122070312,2265795
2021-11-04,650.2346801757812,680.25,680.25,680.25,680.25,0
2021-11-08,655.5875854492188,685.8499755859375,687.9500122070312,668.0499877929688,683.0,2919045
2021-11-09,646.7935180664062,676.6500244140625,691.3499755859375,675.1500244140625,686.0,2494969
2021-11-10,633.17236328125,662.4000244140625,676.0499877929688,652.2000122070312,675.0,6871348
2021-11-11,637.95166015625,667.4000244140625,669.8499755859375,660.25,662.4000244140625,3868489
2021-11-12,641.7274780273438,671.3499755859375,675.75,663.3499755859375,672.0499877929688,2542949
2021-11-15,632.31201171875,661.5,675.0499877929688,658.0499877929688,675.0,3143670
2021-11-16,635.5620727539062,664.9000244140625,674.0,655.7000122070312,658.0,2795558
2021-11-17,633.12451171875,662.3499755859375,671.7000122070312,658.5999755859375,660.2999877929688,2882577
2021-11-18,621.8451538085938,650.5499877929688,666.9000244140625,643.0,663.0,4010171
2021-11-22,628.0105590820312,657.0,663.5,645.0499877929688,654.9500122070312,3944981
2021-11-23,653.150146484375,683.2999877929688,689.7000122070312,657.0999755859375,657.0999755859375,9033812
2021-11-24,653.1023559570312,683.25,696.0,670.0,683.2999877929688,4374307
2021-11-25,650.8560791015625,680.9000244140625,687.7999877929688,674.2000122070312,683.25,2850008
2021-11-26,600.9114990234375,628.6500244140625,672.5499877929688,624.25,668.25,8921840
2021-11-29,597.9960327148438,625.5999755859375,637.7999877929688,618.0999755859375,631.7000122070312,4230776
2021-11-30,581.5549926757812,608.4000244140625,632.5999755859375,604.2999877929688,621.5,6606473
2021-12-01,609.084228515625,637.2000122070312,639.7999877929688,614.0,614.9500122070312,6580138
2021-12-02,618.2128295898438,646.75,648.75,630.7999877929688,638.0,4017457
2021-12-03,616.1099243164062,644.5499877929688,654.8499755859375,637.0,637.0,4885753
2021-12-06,614.4849243164062,642.8499755859375,661.0,636.75,644.7000122070312,13699768
2021-12-07,631.49951171875,660.6500244140625,663.6500244140625,647.1500244140625,648.9500122070312,12896360
2021-12-08,643.2568359375,672.9500122070312,676.0,660.1500244140625,665.5499877929688,9676621
2021-12-09,644.3560180664062,674.0999755859375,678.3499755859375,661.0499877929688,676.0,9692290
2021-12-10,649.5656127929688,679.5499877929688,681.4500122070312,670.0,670.0,2430834
2021-12-13,640.9627685546875,670.5499877929688,692.9500122070312,667.5999755859375,682.0,4149735
2021-12-14,640.7236938476562,670.2999877929688,676.0,661.25,665.5499877929688,2942047
2021-12-15,629.4443969726562,658.5,677.6500244140625,656.5999755859375,670.2999877929688,4724542
2021-12-16,632.9334106445312,662.1500244140625,666.2000122070312,653.5,665.0,2474595
2021-12-17,631.1171264648438,660.25,665.0,653.0499877929688,662.1500244140625,3003978
2021-12-20,614.2459716796875,642.5999755859375,656.0,630.5,650.0999755859375,4070706
2021-12-21,629.253173828125,658.2999877929688,666.0,645.4000244140625,647.0,3127861
2021-12-22,631.8340454101562,661.0,666.1500244140625,657.6500244140625,663.1500244140625,1273217
2021-12-23,621.5584106445312,650.25,670.9000244140625,647.2000122070312,665.7999877929688,2971327
2021-12-24,622.5620727539062,651.2999877929688,655.4500122070312,639.2999877929688,652.0499877929688,3973912
2021-12-27,624.23486328125,653.0499877929688,654.7999877929688,643.1500244140625,648.0,1838919
2021-12-28,628.3451538085938,657.3499755859375,661.4000244140625,652.4500122070312,655.0499877929688,2232852
2021-12-29,626.9591064453125,655.9000244140625,657.2000122070312,644.9500122070312,655.0999755859375,3014867
2021-12-30,617.3047485351562,645.7999877929688,659.4000244140625,643.5499877929688,656.0,3713255
2021-12-31,627.0068969726562,655.9500122070312,665.0,647.2999877929688,647.7999877929688,2499623
2022-01-03,637.6170654296875,667.0499877929688,671.0,654.7000122070312,655.9500122070312,2383218
2022-01-04,640.8193359375,670.4000244140625,673.9000244140625,663.4000244140625,670.0,1999008
2022-01-05,663.85595703125,694.5,697.0,666.3499755859375,668.0999755859375,6342812
2022-01-06,644.2127075195312,673.9500122070312,692.5,672.2000122070312,692.0,4714784
2022-01-07,643.1612548828125,672.8499755859375,679.0,667.5,676.0,2862614
2022-01-10,642.4443359375,672.0999755859375,679.5,670.0,677.9000244140625,1841965
2022-01-11,617.2091674804688,645.7000122070312,668.5499877929688,643.25,664.0,6912370
2022-01-12,628.058349609375,657.0499877929688,659.2000122070312,649.0,652.0,5343630
2022-01-13,657.4993286132812,687.8499755859375,691.5499877929688,657.25,659.0,7202966
2022-01-14,652.5765991210938,682.7000122070312,689.5499877929688,677.25,679.9000244140625,2054419
2022-01-17,668.5397338867188,699.4000244140625,704.8499755859375,675.4000244140625,682.0,5920282
2022-01-18,650.1869506835938,680.2000122070312,704.5499877929688,677.5499877929688,703.3499755859375,3450193
2022-01-19,644.8818359375,674.6500244140625,689.25,660.0,681.0,4889920
2022-01-20,652.3854370117188,682.5,686.0,672.4000244140625,679.0,2862609
2022-01-21,636.8524169921875,666.25,680.0,662.1500244140625,678.9000244140625,3836844
2022-01-24,594.36376953125,621.7999877929688,657.0,618.0,656.5,7296421
2022-01-25,603.3011474609375,631.1500244140625,640.5999755859375,612.5999755859375,620.0,5007835
2022-01-27,598.4739990234375,626.0999755859375,632.1500244140625,612.0499877929688,619.0,4760551
2022-01-28,600.3380126953125,628.0499877929688,645.9000244140625,625.5499877929688,631.0,3719102
2022-01-31,601.1983032226562,628.9500122070312,639.0,628.0,636.0,2892647
2022-02-01,625.4296875,654.2999877929688,658.8499755859375,628.0,633.9500122070312,5150345
2022-02-02,630.7347412109375,659.8499755859375,663.7999877929688,652.2000122070312,660.0,2562721
2022-02-03,624.3304443359375,653.1500244140625,667.4000244140625,650.0,657.0,2456228
2022-02-04,628.3451538085938,657.3499755859375,665.9000244140625,647.0,647.0,3284062
2022-02-07,622.4187622070312,651.1500244140625,666.6500244140625,645.5999755859375,659.4000244140625,2768417
2022-02-08,630.9738159179688,660.0999755859375,662.9000244140625,644.25,655.5999755859375,3184065
2022-02-09,633.7936401367188,663.0499877929688,666.5999755859375,657.8499755859375,662.8499755859375,2200828
2022-02-10,642.8744506835938,672.5499877929688,678.0,664.0999755859375,666.2000122070312,4284880
2022-02-11,641.775146484375,671.4000244140625,675.0,659.6500244140625,668.9500122070312,3122555
2022-02-14,598.9041748046875,626.5499877929688,665.0,604.2999877929688,656.2999877929688,6491576
2022-02-15,612.3820190429688,640.6500244140625,643.4500122070312,617.0999755859375,635.8499755859375,4001839
2022-02-16,609.8489379882812,638.0,646.1500244140625,635.0,641.1500244140625,1939683
2022-02-17,610.0401000976562,638.2000122070312,649.4500122070312,634.4000244140625,641.7999877929688,2382178
2022-02-18,604.9261474609375,632.8499755859375,642.5,631.1500244140625,635.2000122070312,1458069
2022-02-21,595.6063232421875,623.0999755859375,635.0,621.25,631.9000244140625,1857572
2022-02-22,594.554931640625,622.0,624.7000122070312,602.5,611.0,3353278
2022-02-23,587.5769653320312,614.7000122070312,627.9500122070312,612.8499755859375,624.5,2339927
2022-02-24,544.22802734375,569.3499755859375,604.5,566.0,599.0,5487481
2022-02-25,572.1874389648438,598.5999755859375,605.9500122070312,576.1500244140625,576.1500244140625,4524909
2022-02-28,599.764404296875,627.4500122070312,629.7999877929688,590.2000122070312,591.5,7142843
2022-03-02,616.15771484375,644.5999755859375,654.0,622.1500244140625,625.0,8894940
2022-03-03,625.81201171875,654.7000122070312,662.5,649.2999877929688,650.5,5940599
2022-03-04,604.0658569335938,631.9500122070312,660.4000244140625,628.7000122070312,654.7000122070312,7605400
2022-03-07,609.0364379882812,637.1500244140625,643.0,622.5,630.0,5507113
2022-03-08,602.0585327148438,629.8499755859375,639.9500122070312,613.0999755859375,639.9500122070312,5422987
2022-03-09,599.4777221679688,627.1500244140625,634.25,618.0,629.0,3784214
2022-03-10,622.036376953125,650.75,652.1500244140625,624.0,632.0,5201836
2022-03-11,640.197998046875,669.75,673.0,647.2000122070312,648.5,8172290
2022-03-14,635.5142211914062,664.8499755859375,673.0,658.5999755859375,667.0,2529995
2022-03-15,612.8599853515625,641.1500244140625,660.7999877929688,635.0,659.0,4754984
2022-03-16,626.3378295898438,655.25,662.75,647.5,648.6500244140625,3150421
2022-03-17,654.8706665039062,685.0999755859375,692.9500122070312,660.3499755859375,662.0,9991824
2022-03-21,651.2383422851562,681.2999877929688,699.0,679.0,689.7000122070312,4609771
2022-03-22,665.7677001953125,696.5,699.9000244140625,677.4500122070312,678.8499755859375,4811589
2022-03-23,673.319091796875,704.4000244140625,710.0,692.25,702.9000244140625,8964532
2022-03-24,683.5469360351562,715.0999755859375,719.5,704.2000122070312,704.5,6069039
2022-03-25,689.5211791992188,721.3499755859375,726.5,710.25,718.0,16121868
2022-03-28,697.8850708007812,730.0999755859375,731.4500122070312,718.1500244140625,722.0,8935680
2022-03-29,720.635009765625,753.9000244140625,764.75,726.6500244140625,731.5,7285191
2022-03-30,685.888916015625,717.5499877929688,750.7000122070312,714.9500122070312,750.0,5994838
2022-03-31,700.3225708007812,732.6500244140625,737.5,720.5499877929688,724.0,5946576
2022-04-01,699.8924560546875,732.2000122070312,749.9500122070312,728.5,735.0,5079937
2022-04-04,700.3704223632812,732.7000122070312,738.0,726.7999877929688,732.5,4901374
2022-04-05,701.0873413085938,733.4500122070312,746.0,730.1500244140625,737.9000244140625,3524949
2022-04-06,704.8630981445312,737.4000244140625,746.5,729.7999877929688,730.5,4111360
2022-04-07,695.9255981445312,728.0499877929688,742.75,725.75,735.0,2954985
2022-04-08,723.2158203125,756.5999755859375,762.0499877929688,731.2000122070312,734.4500122070312,8125253
2022-04-11,733.539306640625,767.4000244140625,775.0,756.0,756.0,7926472
2022-04-12,722.5467529296875,755.9000244140625,773.75,738.1500244140625,769.4000244140625,8595936
2022-04-13,732.53564453125,766.3499755859375,781.0999755859375,760.0,760.0,6722613
2022-04-18,733.9694213867188,767.8499755859375,775.8499755859375,758.4000244140625,764.0,5866740
2022-04-19,713.4659423828125,746.4000244140625,790.0,736.0999755859375,772.7000122070312,7301285
2022-04-20,706.2490844726562,738.8499755859375,758.0,732.5,758.0,4679947
2022-04-21,701.80419921875,734.2000122070312,747.25,725.5,744.0,3995936
2022-04-22,691.4807739257812,723.4000244140625,737.0,722.0499877929688,730.0,2244262
2022-04-25,684.1205444335938,715.7000122070312,719.5,695.25,711.0,4935672
2022-04-26,689.3778076171875,721.2000122070312,724.2999877929688,713.0499877929688,722.3499755859375,3260695
2022-04-27,688.8042602539062,720.5999755859375,734.2000122070312,711.0,713.0,3391522
2022-04-28,696.9292602539062,729.0999755859375,734.25,722.6500244140625,729.8499755859375,4079934
2022-04-29,695.0653076171875,727.1500244140625,740.0,723.2999877929688,731.0999755859375,3622889
2022-05-02,699.6535034179688,731.9500122070312,734.2000122070312,709.0499877929688,720.0,2802163
2022-05-04,680.1536254882812,711.5499877929688,736.0,708.0499877929688,734.0,3011231
2022-05-05,676.521240234375,707.75,726.4000244140625,705.0999755859375,720.0,3131221
2022-05-06,659.9369506835938,690.4000244140625,700.9000244140625,680.6500244140625,695.4000244140625,3930624
2022-05-09,648.4185180664062,678.3499755859375,686.0999755859375,668.0999755859375,681.0,3380947
2022-05-10,616.8267822265625,645.2999877929688,677.0,643.0999755859375,674.0,4293241
2022-05-11,620.3158569335938,648.9500122070312,658.0,635.3499755859375,644.5,4158341
2022-05-12,597.2313842773438,624.7999877929688,651.5499877929688,620.0,647.7000122070312,4123927
2022-05-13,573.955810546875,600.4500122070312,637.0,594.1500244140625,634.0499877929688,5567335
2022-05-16,575.7241821289062,602.2999877929688,626.7000122070312,599.0499877929688,616.0,4641172
2022-05-17,613.529052734375,641.8499755859375,645.7999877929688,609.1500244140625,610.0,6309092
2022-05-18,603.20556640625,631.0499877929688,644.9000244140625,628.0,642.9500122070312,4941565
2022-05-19,573.7168579101562,600.2000122070312,624.9500122070312,592.0499877929688,619.0,5816509
2022-05-20,603.2533569335938,631.0999755859375,634.2999877929688,616.7000122070312,621.0,6187868
2022-05-23,523.389892578125,547.5499877929688,594.0,537.5,594.0,17554373
2022-05-24,515.8863525390625,539.7000122070312,556.4000244140625,537.25,548.9500122070312,7517949
2022-05-25,505.1326904296875,528.4500122070312,545.0,521.0,541.9000244140625,4725882
2022-05-26,527.3568725585938,551.7000122070312,555.7000122070312,520.0499877929688,530.5,8178844
2022-05-27,524.2024536132812,548.4000244140625,561.2999877929688,539.4000244140625,558.0,5193961
2022-05-30,515.0737915039062,538.8499755859375,544.75,525.5999755859375,530.0,12211769
2022-05-31,526.9267578125,551.25,558.2999877929688,532.2000122070312,537.5999755859375,20152169
2022-06-01,544.3713989257812,569.5,572.3499755859375,549.2000122070312,554.0499877929688,8495547
2022-06-02,548.099365234375,573.4000244140625,575.0,557.6500244140625,570.9000244140625,7010273
2022-06-03,537.6324462890625,562.4500122070312,581.9500122070312,559.5499877929688,576.0,6367536
2022-06-06,553.4522705078125,579.0,583.25,553.0,553.0,10383944
2022-06-07,546.8567504882812,572.0999755859375,579.4500122070312,567.0999755859375,575.0,3735461
2022-06-08,550.7280883789062,576.1500244140625,583.0,572.2000122070312,573.5999755859375,4138705
2022-06-09,546.9522705078125,572.2000122070312,575.7000122070312,564.0,570.0,3922515
2022-06-10,547.2390747070312,572.5,574.0,561.3499755859375,565.0,3374125
2022-06-13,539.1140747070312,564.0,567.9500122070312,555.0,563.0999755859375,4071346
2022-06-14,537.1068725585938,561.9000244140625,576.7999877929688,560.1500244140625,562.7999877929688,3413396
2022-06-15,538.158203125,563.0,569.0,557.0499877929688,562.0999755859375,3803101
2022-06-16,521.7649536132812,545.8499755859375,571.5,544.4500122070312,571.5,4899759
2022-06-17,530.1288452148438,554.5999755859375,561.7000122070312,539.7000122070312,540.0999755859375,6776372
2022-06-20,526.06640625,550.3499755859375,554.5999755859375,536.0999755859375,550.5999755859375,5614520
2022-06-21,550.7758178710938,576.2000122070312,580.7999877929688,552.7000122070312,556.0,4657829
2022-06-22,526.1141967773438,550.4000244140625,569.9000244140625,542.5,567.25,8511658
2022-06-23,534.2869262695312,558.9500122070312,565.5,548.0,550.0,5037690
2022-06-24,542.7463989257812,567.7999877929688,572.9000244140625,560.25,561.7000122070312,3406061
2022-06-27,546.4266357421875,571.6500244140625,588.5,570.0499877929688,575.7000122070312,6550599
2022-06-28,552.8787841796875,578.4000244140625,580.5499877929688,568.0,573.4500122070312,4285360
2022-06-29,550.6323852539062,576.0499877929688,581.1500244140625,569.1500244140625,573.5,3334027
2022-06-30,539.592041015625,564.5,582.7999877929688,556.2000122070312,577.0,5646362
2022-07-01,553.3088989257812,578.8499755859375,580.5,556.5499877929688,556.5499877929688,3737790
2022-07-04,543.4547119140625,551.5,568.75,544.2000122070312,562.0999755859375,6026463
2022-07-05,544.5880126953125,552.6500244140625,564.0,550.5999755859375,555.5,3562565
2022-07-06,546.4602661132812,554.5499877929688,557.2999877929688,541.0,548.0,3281658
2022-07-07,566.2177734375,574.5999755859375,578.0,551.5999755859375,560.5499877929688,4952962
2022-07-08,557.9403076171875,566.2000122070312,581.0999755859375,562.5499877929688,580.0,3313755
2022-07-11,568.8783569335938,577.2999877929688,591.3499755859375,561.0999755859375,564.0,4900994
2022-07-12,566.0700073242188,574.4500122070312,581.4500122070312,563.5,573.9000244140625,3425619
2022-07-13,580.0134887695312,588.5999755859375,593.75,574.5999755859375,575.5499877929688,4569908
2022-07-14,575.4806518554688,584.0,591.4500122070312,574.25,589.0,4660656
2022-07-15,567.9915161132812,576.4000244140625,584.0,569.3499755859375,582.0,3051005
2022-07-18,577.4022216796875,585.9500122070312,592.0,578.0,582.9000244140625,3583550
2022-07-19,576.3181762695312,584.8499755859375,589.5999755859375,577.4000244140625,580.8499755859375,3586372
2022-07-20,581.7379760742188,590.3499755859375,599.9500122070312,587.0,595.5,4550328
2022-07-21,578.9788818359375,587.5499877929688,595.9000244140625,585.0499877929688,589.9000244140625,3773423
2022-07-22,573.9532470703125,582.4500122070312,592.5499877929688,579.2000122070312,588.0,4351458
2022-07-25,576.9586791992188,585.5,588.4000244140625,573.5,573.5,5783353
2022-07-26,589.0300903320312,597.75,599.6500244140625,581.5999755859375,584.0,6031921
2022-07-27,593.9078369140625,602.7000122070312,603.7999877929688,590.0,596.0,2913380
2022-07-28,607.7035522460938,616.7000122070312,626.9500122070312,603.0499877929688,605.0999755859375,5104503
2022-07-29,620.4154052734375,629.5999755859375,637.9500122070312,620.5499877929688,623.0,4732970
2022-08-01,629.8754272460938,639.2000122070312,641.0,628.25,634.5999755859375,3055387
2022-08-02,639.2367553710938,648.7000122070312,649.9500122070312,626.2999877929688,637.75,3053206
2022-08-03,643.2769775390625,652.7999877929688,660.7999877929688,645.0,650.0,4446383
2022-08-04,654.6585083007812,664.3499755859375,673.4500122070312,652.9000244140625,652.9000244140625,4705675
2022-08-05,657.4176635742188,667.1500244140625,674.0,665.0,665.0999755859375,2455459
2022-08-08,659.437744140625,669.2000122070312,676.0,662.4500122070312,670.5,2446698
2022-08-10,660.3246459960938,670.0999755859375,674.7999877929688,660.0,672.5499877929688,3252353
2022-08-11,663.7734985351562,673.5999755859375,678.2999877929688,669.4500122070312,673.0999755859375,3480693
2022-08-12,668.3064575195312,678.2000122070312,685.0,673.0,673.5999755859375,3476671
2022-08-16,664.0198974609375,673.8499755859375,680.9000244140625,670.4000244140625,678.0,2747244
2022-08-17,662.7881469726562,672.5999755859375,676.4500122070312,668.4000244140625,672.5499877929688,2349839
2022-08-18,663.5764770507812,673.4000244140625,677.75,668.9000244140625,670.0,1806855
2022-08-19,654.8555908203125,664.5499877929688,676.7999877929688,663.0999755859375,676.7999877929688,1961510
2022-08-22,633.5706176757812,642.9500122070312,663.0999755859375,641.0,660.9000244140625,2303053
2022-08-23,643.326171875,652.8499755859375,655.0,636.7000122070312,642.0,1751341
2022-08-24,641.9959716796875,651.5,657.2999877929688,647.0,654.5,1781643
2022-08-25,639.2367553710938,648.7000122070312,659.8499755859375,647.0499877929688,654.0,1525852
2022-08-26,657.2698364257812,667.0,670.5499877929688,654.0,656.0,3070661
2022-08-29,640.1235961914062,649.5999755859375,659.9500122070312,642.5999755859375,654.0,2728484
2022-08-30,657.1713256835938,666.9000244140625,668.0,651.5,652.8499755859375,2321586
2022-09-01,651.9486083984375,661.5999755859375,669.7999877929688,653.25,655.0,2472832
2022-09-02,651.7515258789062,661.4000244140625,669.0,654.0,660.0,2022058
2022-09-05,672.001708984375,681.9500122070312,683.5499877929688,662.0,662.0,4930594
2022-09-06,674.5637817382812,684.5499877929688,687.0,678.5,682.0,3295941
2022-09-07,674.613037109375,684.5999755859375,687.75,675.7999877929688,678.0,2310672
2022-09-08,675.3521118164062,685.3499755859375,691.0999755859375,679.2999877929688,687.0,1889770
2022-09-09,676.9288330078125,686.9500122070312,701.75,685.0999755859375,687.0,3953738
2022-09-12,676.9288330078125,686.9500122070312,686.9500122070312,686.9500122070312,686.9500122070312,0
2022-09-13,680.968994140625,691.0499877929688,697.9500122070312,686.5999755859375,690.0,2094822
2022-09-14,682.7427368164062,692.8499755859375,701.7999877929688,682.0,685.0,2755630
2022-09-15,679.5894165039062,689.6500244140625,698.0,684.5,692.0999755859375,2887795
2022-09-16,675.8448486328125,685.8499755859375,694.5,679.0,685.0,4073365
2022-09-19,670.0309448242188,679.9500122070312,691.5,675.3499755859375,682.0,1708723
2022-09-20,678.9488525390625,689.0,698.25,682.0499877929688,683.3499755859375,1802967
2022-09-21,674.859375,684.8499755859375,692.5,682.0,685.2000122070312,1806929
2022-09-22,669.4396362304688,679.3499755859375,687.0,674.0,681.0,1504203
2022-09-23,659.2406616210938,669.0,686.9500122070312,667.0,681.5,1558314
2022-09-26,636.7239990234375,646.1500244140625,661.9500122070312,638.0,659.2000122070312,2192702
2022-09-27,627.7074584960938,637.0,650.9500122070312,633.0,649.4000244140625,2512782
2022-09-28,607.5065307617188,616.5,632.5,615.0,629.0999755859375,2164186
2022-09-29,609.23095703125,618.25,628.0,617.0499877929688,620.5,3577828
2022-09-30,622.435546875,631.6500244140625,633.9500122070312,614.2000122070312,621.0,1588501
2022-10-03,614.4536743164062,623.5499877929688,631.0,621.25,631.0,1285991
2022-10-04,633.8170166015625,643.2000122070312,645.0,632.1500244140625,633.7999877929688,1384242
2022-10-06,664.6112060546875,674.4500122070312,678.0,648.4000244140625,648.4000244140625,3704140
2022-10-07,656.3336791992188,666.0499877929688,673.0,659.5499877929688,671.4000244140625,1601796
2022-10-10,656.2843627929688,666.0,668.0,654.5,655.6500244140625,1089870
2022-10-11,633.3735961914062,642.75,669.3499755859375,640.0,669.3499755859375,1644047
2022-10-12,641.6017456054688,651.0999755859375,653.75,638.2000122070312,646.0,1530483
2022-10-13,638.8919067382812,648.3499755859375,656.0,641.7000122070312,652.5,938662
2022-10-14,630.9100952148438,640.25,659.5,639.0,658.0,1386827
2022-10-17,622.2384643554688,631.4500122070312,636.25,624.0,633.1500244140625,2281559
2022-10-18,627.4611206054688,636.75,638.5,631.1500244140625,634.5999755859375,1809430
2022-10-19,616.7694091796875,625.9000244140625,639.9500122070312,625.0,639.9500122070312,2157157
2022-10-20,619.2329711914062,628.4000244140625,630.0,615.0,618.5999755859375,2686775
2022-10-21,612.9755859375,622.0499877929688,630.5,616.5,630.0999755859375,2547197
2022-10-24,612.9755859375,622.0499877929688,622.0499877929688,622.0499877929688,622.0499877929688,0
2022-10-25,634.9501953125,644.3499755859375,650.9500122070312,624.2000122070312,624.2000122070312,4787246
2022-10-27,669.6859741210938,679.5999755859375,683.0,648.0,650.0,8328955
2022-10-28,660.6202392578125,670.4000244140625,678.4500122070312,663.4500122070312,676.5999755859375,2500826
2022-10-31,664.1184692382812,673.9500122070312,676.4500122070312,669.0499877929688,672.0,1380329
2022-11-01,676.3375854492188,686.3499755859375,688.25,670.0,670.0,2846573
2022-11-02,674.218994140625,684.2000122070312,693.9500122070312,682.2999877929688,685.0,1912908
2022-11-03,670.2772827148438,680.2000122070312,688.0,677.9500122070312,678.7000122070312,1639039
2022-11-04,691.512939453125,701.75,703.9500122070312,682.3499755859375,683.2000122070312,3624889
2022-11-07,699.642578125,710.0,715.4500122070312,700.0,705.2999877929688,3121786
2022-11-09,696.242919921875,706.5499877929688,716.2000122070312,703.0499877929688,716.0,1632827
2022-11-10,690.8231811523438,701.0499877929688,705.7000122070312,697.2000122070312,699.7999877929688,932886
2022-11-11,708.51123046875,719.0,721.9500122070312,705.1500244140625,706.0,2607860
2022-11-14,708.9054565429688,719.4000244140625,731.4000244140625,716.6500244140625,722.5999755859375,2089880
2022-11-15,711.8123779296875,722.3499755859375,724.8499755859375,712.7999877929688,720.4000244140625,1065114
2022-11-16,697.9180908203125,708.25,721.9500122070312,704.0,720.5,1395043
2022-11-17,698.2630004882812,708.5999755859375,712.9500122070312,697.5499877929688,705.0,1391449
2022-11-18,697.8687744140625,708.2000122070312,711.5999755859375,701.2000122070312,710.0,893816
2022-11-21,686.3887939453125,696.5499877929688,722.8499755859375,692.6500244140625,720.0,3360316
2022-11-22,697.9180908203125,708.25,709.9000244140625,691.0,696.5,2421572
2022-11-23,710.0386352539062,720.5499877929688,722.0,708.0,710.0999755859375,1735389
2022-11-24,715.3598022460938,725.9500122070312,728.4500122070312,717.0999755859375,722.0,1654760
2022-11-25,715.6062622070312,726.2000122070312,728.5999755859375,720.0999755859375,722.0,1466688
2022-11-28,705.2101440429688,715.6500244140625,724.75,710.0,718.5,2418509
2022-11-29,721.8635864257812,732.5499877929688,735.9000244140625,713.8499755859375,714.5,3306817
2022-11-30,732.5552978515625,743.4000244140625,745.6500244140625,731.0999755859375,734.0999755859375,3962572
2022-12-01,735.4130249023438,746.2999877929688,752.9500122070312,743.0999755859375,747.1500244140625,1942307
2022-12-02,732.2103881835938,743.0499877929688,751.2999877929688,740.5499877929688,746.6500244140625,1392199
2022-12-05,745.562744140625,756.5999755859375,759.0,746.0,746.4500122070312,2129340
2022-12-06,735.8564453125,746.75,755.75,740.2000122070312,754.9500122070312,1468238
2022-12-07,727.3818969726562,738.1500244140625,751.0,736.25,747.0499877929688,1162282
2022-12-08,733.8363647460938,744.7000122070312,746.7000122070312,736.0499877929688,738.1500244140625,1053397
2022-12-09,729.5990600585938,740.4000244140625,750.7999877929688,738.2000122070312,748.4500122070312,1338271
2022-12-12,730.0425415039062,740.8499755859375,742.0,727.5,738.0,1224081
2022-12-13,733.3929443359375,744.25,746.0,735.6500244140625,744.5,1201367
2022-12-14,746.8930053710938,757.9500122070312,759.6500244140625,745.8499755859375,747.9500122070312,1471083
2022-12-15,732.5060424804688,743.3499755859375,762.9000244140625,741.0,756.0,1690335
2022-12-16,732.6046142578125,743.4500122070312,747.5499877929688,735.0,739.7999877929688,1498658
2022-12-19,738.51708984375,749.4500122070312,750.7999877929688,739.75,742.0,944749
2022-12-20,734.9202880859375,745.7999877929688,747.1500244140625,733.0999755859375,740.4500122070312,1512103
2022-12-21,732.2596435546875,743.0999755859375,752.9500122070312,739.6500244140625,750.0,1605753
2022-12-22,726.7905883789062,737.5499877929688,749.0,734.4500122070312,743.0999755859375,1403642
2022-12-23,717.2321166992188,727.8499755859375,736.5499877929688,722.4000244140625,729.9500122070312,1687270
2022-12-26,721.5187377929688,732.2000122070312,737.3499755859375,723.25,727.5499877929688,1168456
2022-12-27,753.7909545898438,764.9500122070312,769.2999877929688,734.4500122070312,735.9000244140625,4992699
2022-12-28,750.58837890625,761.7000122070312,767.0999755859375,757.1500244140625,761.0,1917734
2022-12-29,758.1760864257812,769.4000244140625,771.4500122070312,752.5,756.0,2103907
2022-12-30,756.845703125,768.0499877929688,777.5,765.25,773.0,2190914
2023-01-02,763.9899291992188,775.2999877929688,783.5,766.1500244140625,771.9000244140625,3360043
2023-01-03,756.6979370117188,767.9000244140625,776.5,763.5999755859375,776.1500244140625,1635681
2023-01-04,725.558837890625,736.2999877929688,767.6500244140625,734.5499877929688,766.4000244140625,2819669
2023-01-05,739.7488403320312,750.7000122070312,752.8499755859375,736.5499877929688,741.8499755859375,2452379
2023-01-06,717.724853515625,728.3499755859375,754.4000244140625,725.9500122070312,750.0,3536096
2023-01-09,731.5205688476562,742.3499755859375,746.6500244140625,735.1500244140625,736.75,1761359
2023-01-10,734.3291015625,745.2000122070312,751.4500122070312,735.0499877929688,744.25,2289489
2023-01-11,743.1978149414062,754.2000122070312,758.4500122070312,748.0499877929688,750.0,2794465
2023-01-12,752.3128051757812,763.4500122070312,764.4000244140625,752.5999755859375,758.4000244140625,2422254
2023-01-13,757.2891235351562,768.5,771.9500122070312,761.7000122070312,765.0,1816006
2023-01-16,748.1248168945312,759.2000122070312,771.0,753.7000122070312,768.75,1673126
2023-01-17,746.4495849609375,757.5,763.75,747.2999877929688,758.4500122070312,1480994
2023-01-18,755.9588623046875,767.1500244140625,769.5,755.2000122070312,759.0,1740579
2023-01-19,748.96240234375,760.0499877929688,774.0,757.0499877929688,762.9500122070312,2185302
2023-01-20,730.6337280273438,741.4500122070312,764.0,738.4000244140625,760.0,3001352
2023-01-23,723.2432250976562,733.9500122070312,747.1500244140625,726.0,737.5499877929688,3335294
2023-01-24,711.5167846679688,722.0499877929688,737.9000244140625,719.0,735.0,3146984
2023-01-25,714.078857421875,724.6500244140625,726.9000244140625,717.0,723.0,1567673
2023-01-27,710.8269653320312,721.3499755859375,728.25,711.5999755859375,727.7999877929688,2706934
2023-01-30,691.463623046875,701.7000122070312,725.0,692.7999877929688,725.0,2277856
2023-01-31,705.9984741210938,716.4500122070312,719.7999877929688,704.1500244140625,708.7000122070312,2294866
2023-02-01,719.05517578125,729.7000122070312,738.7000122070312,719.7999877929688,722.0,3271508
2023-02-02,716.7887573242188,727.4000244140625,736.9000244140625,721.75,729.75,2299091
2023-02-03,721.1737670898438,731.8499755859375,734.2999877929688,719.5,727.0,2558496
2023-02-06,700.6771850585938,711.0499877929688,731.2999877929688,709.0999755859375,727.8499755859375,1202963
2023-02-07,703.6827392578125,714.0999755859375,720.6500244140625,706.0999755859375,708.0,1946683
2023-02-08,721.2723999023438,731.9500122070312,736.0,712.5499877929688,717.7999877929688,1793312
2023-02-09,713.1920166015625,723.75,737.4000244140625,722.4500122070312,733.0,956700
2023-02-10,708.4620361328125,718.9500122070312,726.6500244140625,712.0,722.0,997205
2023-02-13,707.5751342773438,718.0499877929688,727.7000122070312,715.0,716.0,863438
2023-02-14,713.2904663085938,723.8499755859375,726.0,715.4500122070312,721.6500244140625,931784
2023-02-15,716.5424194335938,727.1500244140625,728.5999755859375,720.0999755859375,720.0999755859375,859372
2023-02-16,717.3306884765625,727.9500122070312,731.4500122070312,723.9500122070312,730.7999877929688,649802
2023-02-17,717.774169921875,728.4000244140625,735.9000244140625,725.4000244140625,726.0,1142716
2023-02-20,712.7977294921875,723.3499755859375,733.0,721.4000244140625,728.4000244140625,606435
2023-02-21,709.59521484375,720.0999755859375,736.0,717.2999877929688,730.0,1749017
2023-02-22,689.7391967773438,699.9500122070312,723.25,695.0,720.0999755859375,1810091
2023-02-23,691.0694580078125,701.2999877929688,714.2999877929688,700.0999755859375,701.9000244140625,1824396
2023-02-24,675.0072631835938,685.0,706.75,677.2000122070312,705.0,2142286
2023-02-27,670.5728759765625,680.5,685.0,665.8499755859375,684.5,1814311
2023-02-28,657.4669799804688,667.2000122070312,683.9500122070312,664.9000244140625,683.9500122070312,1915622
2023-03-01,666.8283081054688,676.7000122070312,678.7999877929688,668.0,668.0,1464537
2023-03-02,665.2516479492188,675.0999755859375,683.7000122070312,673.5999755859375,680.1500244140625,1091983
2023-03-03,672.3466186523438,682.2999877929688,686.0,676.0499877929688,681.5,1084202
2023-03-06,664.4140625,674.25,683.7999877929688,673.3499755859375,683.5,1215223
2023-03-08,665.5472412109375,675.4000244140625,677.0,664.0,670.0,1539129
2023-03-09,670.2772827148438,680.2000122070312,691.9500122070312,672.5499877929688,677.0999755859375,6336933
2023-03-10,669.4889526367188,679.4000244140625,681.3499755859375,666.0999755859375,668.25,5369878
2023-03-13,665.744384765625,675.5999755859375,691.4500122070312,673.0499877929688,682.7999877929688,1602921
2023-03-14,662.2461547851562,672.0499877929688,682.7999877929688,667.7000122070312,678.0,1555671
2023-03-15,669.7352905273438,679.6500244140625,684.7999877929688,674.7000122070312,681.0,1173429
2023-03-16,652.7369995117188,662.4000244140625,675.7000122070312,649.0499877929688,675.2000122070312,2512474
2023-03-17,666.5327758789062,676.4000244140625,678.0,664.5,670.0,1667707
2023-03-20,658.403076171875,668.1500244140625,672.9000244140625,660.0,672.9000244140625,1480884
2023-03-21,656.0380859375,665.75,671.5,662.0,671.5,1133592
2023-03-22,652.5891723632812,662.25,671.25,660.0499877929688,666.0,949388
2023-03-23,658.0581665039062,667.7999877929688,670.7999877929688,658.25,661.9000244140625,1099501
2023-03-24,648.2040405273438,657.7999877929688,671.1500244140625,655.75,671.1500244140625,1563002
2023-03-27,649.23876953125,658.8499755859375,666.5,655.8499755859375,661.0999755859375,1134491
2023-03-28,650.3719482421875,660.0,662.9500122070312,655.9500122070312,662.1500244140625,1190600
2023-03-29,668.9962768554688,678.9000244140625,685.4500122070312,658.5999755859375,663.2999877929688,2208428
2023-03-31,678.06201171875,688.0999755859375,692.5,676.7999877929688,679.0,1447293
2023-04-03,672.248046875,682.2000122070312,691.6500244140625,676.1500244140625,690.4000244140625,1335604
2023-04-05,676.5346069335938,686.5499877929688,690.0,675.0499877929688,678.5,1188370
2023-04-06,672.7408447265625,682.7000122070312,688.0,680.25,688.0,726290
2023-04-10,678.4561767578125,688.5,693.25,682.7999877929688,684.0499877929688,600036
2023-04-11,703.1900024414062,713.5999755859375,715.0,688.5,693.75,4076632
2023-04-12,707.772216796875,718.25,722.5,711.4000244140625,719.9000244140625,1810361
2023-04-13,710.1372680664062,720.6500244140625,722.0,714.25,717.0,835749
2023-04-17,710.67919921875,721.2000122070312,723.6500244140625,714.0,714.0,1253589
2023-04-18,708.8561401367188,719.3499755859375,725.0,712.4000244140625,720.0499877929688,837349
2023-04-19,711.8123779296875,722.3499755859375,733.7000122070312,715.3499755859375,715.3499755859375,2268330
2023-04-20,705.35791015625,715.7999877929688,727.0,712.7000122070312,726.0,1033900
2023-04-21,700.2830810546875,710.6500244140625,719.0,703.0999755859375,719.0,1416385
2023-04-24,709.841552734375,720.3499755859375,723.9000244140625,705.1500244140625,708.5499877929688,729151
2023-04-25,714.4237670898438,725.0,730.5999755859375,717.7999877929688,720.3499755859375,1079227
2023-04-26,712.8963623046875,723.4500122070312,724.6500244140625,712.0,720.0,1277410
2023-04-27,721.420166015625,732.0999755859375,734.75,717.5999755859375,723.0,1247848
2023-04-28,714.7193603515625,725.2999877929688,736.0,721.5499877929688,736.0,1593083
2023-05-02,727.1355590820312,737.9000244140625,746.5,728.5,731.9500122070312,1965606
2023-05-03,721.7650756835938,732.4500122070312,735.5,725.9000244140625,731.0,1215913
2023-05-04,727.9238891601562,738.7000122070312,742.0,730.25,733.9500122070312,1464468
2023-05-05,722.6519165039062,733.3499755859375,741.6500244140625,730.5,736.2999877929688,945667
2023-05-08,722.1099243164062,732.7999877929688,741.0,730.0499877929688,735.5999755859375,1132367
2023-05-09,714.029541015625,724.5999755859375,740.5,722.5,733.5999755859375,1179219
2023-05-10,713.783203125,724.3499755859375,729.5999755859375,719.4000244140625,725.0,919645
2023-05-11,700.2337646484375,710.5999755859375,729.4000244140625,708.5,727.5,1284636
2023-05-12,692.3997802734375,702.6500244140625,708.9000244140625,691.1500244140625,699.9000244140625,1499306
2023-05-15,695.2573852539062,705.5499877929688,710.5,697.0,701.9000244140625,998259
2023-05-16,692.4983520507812,702.75,711.0499877929688,700.5499877929688,710.4500122070312,874913
2023-05-17,684.9598999023438,695.0999755859375,701.3499755859375,691.7999877929688,701.3499755859375,1686465
2023-05-18,681.9544067382812,692.0499877929688,709.5,689.25,700.7999877929688,3667407
2023-05-19,683.7280883789062,693.8499755859375,696.5999755859375,681.0499877929688,696.0,2329260
2023-05-22,694.3213500976562,704.5999755859375,707.7999877929688,687.4500122070312,692.0,2182824
2023-05-23,693.82861328125,704.0999755859375,711.9000244140625,702.5,710.0,2324758
2023-05-24,685.8468017578125,696.0,706.5499877929688,694.5,700.0,1185182
2023-05-25,686.4873046875,696.6500244140625,702.6500244140625,690.0,693.0,1213068
2023-05-26,691.463623046875,701.7000122070312,705.4500122070312,694.1500244140625,696.6500244140625,1461749
2023-05-29,691.9563598632812,702.2000122070312,708.9500122070312,701.0999755859375,703.25,1467219
2023-05-30,694.3213500976562,704.5999755859375,717.9000244140625,697.9000244140625,701.0999755859375,3317461
2023-05-31,686.1423950195312,696.2999877929688,704.9500122070312,691.0,701.1500244140625,14943096
2023-06-01,683.7280883789062,693.8499755859375,701.9000244140625,691.1500244140625,698.9000244140625,1995511
2023-06-02,696.2921142578125,706.5999755859375,709.0499877929688,695.75,698.0,3405152
2023-06-05,701.76123046875,712.1500244140625,714.0,703.0,708.9500122070312,2454283
2023-06-06,702.450927734375,712.8499755859375,717.5,708.7999877929688,714.0,2436996
2023-06-07,719.1044311523438,729.75,732.2000122070312,714.0,715.25,3667486
2023-06-08,737.8765258789062,748.7999877929688,764.4500122070312,727.8499755859375,729.75,9618332
2023-06-09,737.5808715820312,748.5,756.9500122070312,741.5,751.5,2408734
2023-06-12,736.3983764648438,747.2999877929688,757.9500122070312,744.6500244140625,754.5999755859375,1703619
2023-06-13,745.612060546875,756.6500244140625,762.5999755859375,751.1500244140625,755.0,3419413
2023-06-14,761.5756225585938,772.8499755859375,779.0,759.1500244140625,761.5499877929688,4758206
2023-06-15,759.3584594726562,770.5999755859375,778.0,768.5,778.0,2222061
2023-06-16,764.7782592773438,776.0999755859375,781.7999877929688,772.7000122070312,776.9500122070312,2285788
2023-06-19,760.3932495117188,771.6500244140625,782.0,767.8499755859375,780.5,1422461
2023-06-20,761.871337890625,773.1500244140625,786.5,768.5499877929688,772.2000122070312,2282549
2023-06-21,747.6813354492188,758.75,774.0,752.0499877929688,773.1500244140625,2768203
2023-06-22,741.374755859375,752.3499755859375,763.75,745.9500122070312,754.2000122070312,1972478
2023-06-23,735.6100463867188,746.5,758.7000122070312,743.8499755859375,750.0,1704679
2023-06-26,737.8765258789062,748.7999877929688,751.3499755859375,737.1500244140625,749.9000244140625,1602537
2023-06-27,751.376708984375,762.5,765.0,749.0499877929688,750.0,2783577
2023-06-28,771.9718017578125,783.4000244140625,791.4500122070312,762.0,768.0,8340755
2023-06-30,773.3513793945312,784.7999877929688,789.0,780.0,786.2999877929688,2515440
2023-07-03,782.4171752929688,794.0,808.2999877929688,787.0499877929688,788.0,4781944
2023-07-04,785.028564453125,796.6500244140625,802.75,789.2999877929688,798.0,2473106
2023-07-05,780.3478393554688,791.9000244140625,803.5999755859375,788.0999755859375,796.7000122070312,2526894
2023-07-06,783.9445190429688,795.5499877929688,804.5499877929688,789.0,804.4500122070312,3316923
2023-07-07,776.8988647460938,788.4000244140625,801.9000244140625,784.4000244140625,796.0,2547821
2023-07-10,798.7749633789062,810.5999755859375,813.7999877929688,787.75,789.0,4777540
2023-07-11,789.0773315429688,797.4000244140625,815.7000122070312,793.2999877929688,815.5499877929688,3085989
2023-07-12,797.2906494140625,805.7000122070312,814.7999877929688,788.6500244140625,804.5,25929716
2023-07-13,793.7777709960938,802.1500244140625,814.2000122070312,796.7999877929688,810.7000122070312,3049961
2023-07-14,796.4495239257812,804.8499755859375,807.9000244140625,792.0999755859375,807.9000244140625,2011903
2023-07-17,789.8195190429688,798.1500244140625,812.0,797.0,805.6500244140625,1769593
2023-07-18,782.6452026367188,790.9000244140625,801.0,788.5,799.7999877929688,1527919
2023-07-19,783.634765625,791.9000244140625,797.8499755859375,789.0499877929688,796.0,1563134
2023-07-20,790.7100830078125,799.0499877929688,801.4500122070312,785.75,795.0,1780010
2023-07-21,778.2415771484375,786.4500122070312,823.3499755859375,782.5999755859375,798.0,8469798
2023-07-24,767.5543823242188,775.6500244140625,789.0,773.2000122070312,789.0,2710762
2023-07-25,792.1943969726562,800.5499877929688,805.5,777.0,778.0,4850069
2023-07-26,797.0432739257812,805.4500122070312,809.0,800.0999755859375,807.4500122070312,3062011
2023-07-27,785.4653930664062,793.75,814.5,791.0,806.0,2865447
2023-07-28,795.7568969726562,804.1500244140625,806.0,786.0,795.0,2111325
2023-07-31,808.225341796875,816.75,821.2000122070312,806.2000122070312,806.2000122070312,4226070
2023-08-01,812.3320922851562,820.9000244140625,825.0,816.9500122070312,823.0,2406158
2023-08-02,795.8557739257812,804.25,817.8499755859375,798.3499755859375,817.0,1975596
2023-08-03,796.0537109375,804.4500122070312,809.0,794.2000122070312,804.25,1829238
2023-08-04,797.5380249023438,805.9500122070312,814.7999877929688,802.7999877929688,808.0,1275614
2023-08-07,804.56396484375,813.0499877929688,816.5999755859375,803.5499877929688,808.0,1422051
2023-08-08,792.9365844726562,801.2999877929688,816.5,799.5,815.0499877929688,933777
2023-08-09,814.8554077148438,823.4500122070312,828.9000244140625,801.3499755859375,801.7000122070312,3133311
2023-08-10,822.8213500976562,831.5,835.0,819.25,825.0,6313077
2023-08-11,812.0846557617188,820.6500244140625,831.3499755859375,815.5999755859375,830.0,3239511
2023-08-14,791.1058959960938,799.4500122070312,815.0,793.5499877929688,815.0,1866848
2023-08-16,786.9992065429688,795.2999877929688,803.7000122070312,789.0,803.7000122070312,1317570
2023-08-17,781.5071411132812,789.75,796.6500244140625,783.5999755859375,794.8499755859375,1434401
2023-08-18,778.884765625,787.0999755859375,793.9000244140625,783.2999877929688,789.9000244140625,1546387
2023-08-21,786.4549560546875,794.75,797.5999755859375,787.7999877929688,793.0,1033216
2023-08-22,786.9002685546875,795.2000122070312,799.9500122070312,792.2999877929688,799.9000244140625,823108
2023-08-23,789.5721435546875,797.9000244140625,802.9000244140625,793.0499877929688,799.0,1274976
2023-08-24,779.676513671875,787.9000244140625,806.7000122070312,786.1500244140625,800.0,1726077
2023-08-25,765.0804443359375,773.1500244140625,787.5499877929688,770.5499877929688,781.0,1502054
2023-08-28,764.9319458007812,773.0,780.9500122070312,771.0,775.5,1769280
2023-08-29,774.4813232421875,782.6500244140625,785.9000244140625,775.5499877929688,778.9000244140625,1807893
2023-08-30,778.934326171875,787.1500244140625,791.9500122070312,784.0999755859375,784.7000122070312,1978468
2023-08-31,771.5126342773438,779.6500244140625,791.7999877929688,777.0,787.1500244140625,3999415
2023-09-01,797.9833984375,806.4000244140625,807.7000122070312,778.0,779.0,3513798
2023-09-04,801.3478393554688,809.7999877929688,826.5999755859375,808.5,811.9500122070312,3571051
2023-09-05,807.4336547851562,815.9500122070312,818.0,800.5,808.9500122070312,1770212
2023-09-06,806.3947143554688,814.9000244140625,817.5,803.2999877929688,816.0499877929688,2225037
2023-09-07,810.7487182617188,819.2999877929688,821.4000244140625,805.5,812.0499877929688,2652562
2023-09-08,807.2357788085938,815.75,824.0,810.5999755859375,819.2999877929688,1866220
2023-09-11,815.6470336914062,824.25,829.3499755859375,816.4500122070312,820.0,1715172
2023-09-12,807.6810913085938,816.2000122070312,840.0,811.9000244140625,833.7999877929688,2776481
2023-09-13,802.2384643554688,810.7000122070312,820.1500244140625,808.0,818.0,1380634
2023-09-14,801.8921508789062,810.3499755859375,825.0,808.8499755859375,812.9500122070312,2398032
2023-09-15,804.3660278320312,812.8499755859375,819.7000122070312,805.0,813.0499877929688,4454542
2023-09-18,800.3582763671875,808.7999877929688,814.9500122070312,807.5499877929688,812.8499755859375,1335464
2023-09-20,778.5384521484375,786.75,810.7999877929688,785.2000122070312,808.0499877929688,3359951
2023-09-21,770.2261352539062,778.3499755859375,791.5999755859375,774.0,790.0,2875491
2023-09-22,765.9710083007812,774.0499877929688,783.7000122070312,772.7000122070312,780.0,2147621
2023-09-25,771.760009765625,779.9000244140625,783.4500122070312,774.3499755859375,776.9500122070312,2326745
2023-09-26,771.5126342773438,779.6500244140625,788.4000244140625,777.9500122070312,779.9000244140625,1727679
2023-09-27,771.4630737304688,779.5999755859375,785.7000122070312,774.6500244140625,780.0,2612372
2023-09-28,760.0830688476562,768.0999755859375,787.4000244140625,764.3499755859375,780.7000122070312,3157286
2023-09-29,771.4630737304688,779.5999755859375,783.9000244140625,771.4500122070312,775.8499755859375,1704218
2023-10-03,762.2106323242188,770.25,776.5499877929688,768.0,776.5499877929688,1099773
2023-10-04,748.703125,756.5999755859375,768.0,753.1500244140625,767.9500122070312,1654158
2023-10-05,747.6146240234375,755.5,762.6500244140625,752.9000244140625,762.0,1459736
2023-10-06,757.21337890625,765.2000122070312,771.1500244140625,758.6500244140625,760.3499755859375,2026927
2023-10-09,749.6431884765625,757.5499877929688,761.4000244140625,749.1500244140625,756.5,725323
2023-10-10,763.843505859375,771.9000244140625,774.2000122070312,757.2999877929688,759.6500244140625,1351582
2023-10-11,769.1375732421875,777.25,782.5499877929688,774.5499877929688,776.0,1841618
2023-10-12,775.2728881835938,783.4500122070312,789.9500122070312,779.4500122070312,782.4000244140625,2139718
2023-10-13,769.1375732421875,777.25,780.0,773.0,778.0,998547
2023-10-16,782.4472045898438,790.7000122070312,794.3499755859375,773.0,777.25,2157341
2023-10-17,781.9030151367188,790.1500244140625,796.0,788.1500244140625,792.7000122070312,1050381
2023-10-18,776.2130126953125,784.4000244140625,801.0,781.2000122070312,793.0999755859375,1250892
2023-10-19,772.30419921875,780.4500122070312,782.7000122070312,769.1500244140625,780.1500244140625,2130597
2023-10-20,761.3695678710938,769.4000244140625,779.75,761.9000244140625,779.5999755859375,1501944
2023-10-23,741.1329956054688,748.9500122070312,774.7999877929688,746.0999755859375,770.7999877929688,1715908
2023-10-25,740.48974609375,748.2999877929688,761.8499755859375,741.5,754.0999755859375,2417579
2023-10-26,721.0942993164062,728.7000122070312,745.0,725.5,744.7000122070312,2519570
2023-10-27,724.35986328125,732.0,735.4500122070312,725.25,729.7000122070312,1588987
2023-10-30,726.8338012695312,734.5,736.7999877929688,726.0,734.7999877929688,1162173
2023-10-31,728.6644897460938,736.3499755859375,738.5499877929688,727.0,737.0,1363728
2023-11-01,716.888671875,724.4500122070312,737.2999877929688,723.0,736.9000244140625,1845107
2023-11-02,725.69580078125,733.3499755859375,734.4000244140625,725.0,728.0,1095177
2023-11-03,738.2632446289062,746.0499877929688,748.0,735.0,735.9500122070312,2526039
2023-11-06,746.1302490234375,754.0,756.4500122070312,744.9000244140625,748.0999755859375,2782755
2023-11-07,740.78662109375,748.5999755859375,759.5999755859375,746.9500122070312,757.0,2288975
2023-11-08,748.8020629882812,756.7000122070312,757.75,745.0,750.0,2664277
2023-11-09,743.0131225585938,750.8499755859375,759.9000244140625,749.0499877929688,756.7000122070312,2579350
2023-11-10,746.8724365234375,754.75,759.0,745.0499877929688,751.9000244140625,1108868
2023-11-13,753.1561279296875,761.0999755859375,763.25,753.0,756.5499877929688,942603
2023-11-15,764.7835083007812,772.8499755859375,782.5,769.0,769.0,2443652
2023-11-16,761.1221923828125,769.1500244140625,774.2999877929688,763.4000244140625,770.5,1699954
2023-11-17,760.7758178710938,768.7999877929688,774.9000244140625,766.0,772.0,1567731
2023-11-20,753.8983154296875,761.8499755859375,772.0,760.6500244140625,769.9000244140625,1024654
2023-11-21,767.7027587890625,775.7999877929688,779.5999755859375,765.9500122070312,766.8499755859375,1846834
2023-11-22,760.429443359375,768.4500122070312,776.75,765.5,775.7999877929688,1312655
2023-11-23,767.455322265625,775.5499877929688,777.9500122070312,767.1500244140625,771.9500122070312,1068229
2023-11-24,773.8875122070312,782.0499877929688,786.25,776.4000244140625,779.0,2069730
2023-11-28,774.1843872070312,782.3499755859375,785.5499877929688,778.75,785.0,858569
2023-11-29,784.9705810546875,793.25,794.7000122070312,783.2000122070312,783.2000122070312,1481172
2023-11-30,792.7386474609375,801.0999755859375,808.1500244140625,789.5999755859375,794.0,3142500
2023-12-01,802.33740234375,810.7999877929688,815.0,796.9000244140625,805.0,2064512
2023-12-04,811.0455932617188,819.5999755859375,823.4000244140625,812.3499755859375,820.0,2789349
2023-12-05,813.1236572265625,821.7000122070312,826.0,814.2000122070312,816.0,1338828
2023-12-06,816.0923461914062,824.7000122070312,833.4000244140625,815.2000122070312,824.9500122070312,1543909
2023-12-07,810.600341796875,819.1500244140625,830.0,817.8499755859375,828.9500122070312,1717648
2023-12-08,830.5894165039062,839.3499755859375,853.4500122070312,822.0999755859375,824.7999877929688,7142037
2023-12-11,836.2794189453125,845.0999755859375,847.0,831.7999877929688,841.5499877929688,1630946
2023-12-12,844.9381103515625,853.8499755859375,862.7999877929688,845.25,846.5999755859375,2518863
2023-12-13,842.5137329101562,851.4000244140625,859.2000122070312,840.0,854.8499755859375,2170707
2023-12-14,838.5554809570312,847.4000244140625,861.5499877929688,845.7999877929688,860.0,2711444
2023-12-15,858.1487426757812,867.2000122070312,870.5499877929688,851.5999755859375,854.0499877929688,4058044
2023-12-18,845.9772338867188,854.9000244140625,865.5499877929688,836.1500244140625,844.0,4324786
2023-12-19,849.7374877929688,858.7000122070312,861.5,847.5999755859375,855.5499877929688,1285256
2023-12-20,833.4591674804688,842.25,863.75,839.7000122070312,859.0,1764901
2023-12-21,833.1129150390625,841.9000244140625,847.6500244140625,820.0999755859375,830.0,2106856
2023-12-22,846.3729858398438,855.2999877929688,857.5499877929688,843.0999755859375,845.0,1846933
2023-12-26,843.404296875,852.2999877929688,863.0,849.9500122070312,857.5,1294151
2023-12-27,866.7579956054688,875.9000244140625,881.5,855.6500244140625,858.4500122070312,2466359
2023-12-28,871.6068115234375,880.7999877929688,895.75,874.0,882.9000244140625,4482599
2023-12-29,871.0625610351562,880.25,887.5,873.2999877929688,882.0,1906630
2024-01-01,868.4402465820312,877.5999755859375,884.7999877929688,875.0,880.25,778184
2024-01-02,861.117431640625,870.2000122070312,883.8499755859375,859.0999755859375,883.8499755859375,1615515
2024-01-03,828.9072265625,837.6500244140625,870.0,836.0,870.0,3983411
2024-01-04,828.3629150390625,837.0999755859375,843.7999877929688,835.0,840.25,1878399
2024-01-05,820.7433471679688,829.4000244140625,845.7999877929688,827.2000122070312,838.9500122070312,2060548
2024-01-08,813.3710327148438,821.9500122070312,836.6500244140625,820.7000122070312,835.75,1107367
2024-01-09,812.8268432617188,821.4000244140625,831.9500122070312,819.25,828.5,1458862
2024-01-10,821.1390991210938,829.7999877929688,831.3499755859375,811.2000122070312,823.8499755859375,1265739
2024-01-11,813.4700317382812,822.0499877929688,836.75,820.0999755859375,834.7999877929688,1205504
2024-01-12,817.1808471679688,825.7999877929688,830.7999877929688,821.25,824.5,1326357
2024-01-15,816.5377197265625,825.1500244140625,830.5,820.0,827.7000122070312,1497605
2024-01-16,823.613037109375,832.2999877929688,839.5,819.3499755859375,827.6500244140625,1920936
2024-01-17,804.1681518554688,812.6500244140625,830.0,810.0499877929688,830.0,1433551
2024-01-18,795.2620849609375,803.6500244140625,814.5,792.5999755859375,812.5,1991900
2024-01-19,808.1264038085938,816.6500244140625,820.7000122070312,805.25,805.25,1358166
2024-01-23,782.150390625,790.4000244140625,816.0,788.4500122070312,808.25,1533222
2024-01-24,803.7228393554688,812.2000122070312,814.0,784.0,795.0,1490515
2024-01-25,807.186279296875,815.7000122070312,821.0,792.7999877929688,815.0,3240065
2024-01-29,803.22802734375,811.7000122070312,823.5999755859375,804.0,819.0499877929688,1574830
2024-01-30,803.52490234375,812.0,829.3499755859375,810.1500244140625,818.0,1892910
2024-01-31,810.1055297851562,818.6500244140625,822.0,808.0499877929688,812.0,1954023
2024-02-01,793.3323974609375,801.7000122070312,822.0,800.0999755859375,822.0,2287350
2024-02-02,814.954345703125,823.5499877929688,826.2999877929688,805.0999755859375,809.25,2871131
2024-02-05,806.1472778320312,814.6500244140625,834.0,811.0,824.1500244140625,2056107
2024-02-06,810.2044677734375,818.75,820.75,805.0999755859375,814.6500244140625,1547506
2024-02-07,827.8681640625,836.5999755859375,842.9000244140625,823.0,827.4000244140625,3647454
2024-02-08,813.5194702148438,822.0999755859375,841.4500122070312,818.0,841.4500122070312,2294805
2024-02-09,803.2775268554688,811.75,825.0,800.4500122070312,824.9000244140625,1396058
2024-02-12,803.0300903320312,811.5,819.5999755859375,802.4500122070312,818.0,1408603
2024-02-13,804.1681518554688,812.6500244140625,814.7000122070312,790.5499877929688,812.9500122070312,1675844
2024-02-14,804.7618408203125,813.25,815.7999877929688,796.5499877929688,798.0,1546826
2024-02-15,803.8712768554688,812.3499755859375,820.75,805.5999755859375,818.0,1482200
2024-02-16,811.3919067382812,819.9500122070312,824.4000244140625,813.5,818.1500244140625,1774587
2024-02-19,811.6393432617188,820.2000122070312,825.9500122070312,814.0,825.9500122070312,829517
2024-02-20,812.62890625,821.2000122070312,825.0,811.7999877929688,825.0,1384043
2024-02-21,819.6052856445312,828.25,850.0,820.9500122070312,821.0,6419882
2024-02-22,820.0011596679688,828.6500244140625,835.1500244140625,820.0499877929688,831.0,2366934
2024-02-23,812.4309692382812,821.0,836.2999877929688,819.25,835.0,1736000
2024-02-26,800.308837890625,808.75,827.7999877929688,806.2000122070312,825.2000122070312,1188689
2024-02-27,810.40234375,818.9500122070312,820.5499877929688,805.7000122070312,808.9500122070312,1331211
2024-02-28,790.2647705078125,798.5999755859375,822.75,795.0,822.7000122070312,1851909
2024-02-29,791.7490844726562,800.0999755859375,805.9000244140625,790.0,801.0,3155812
2024-03-01,827.4723510742188,836.2000122070312,839.7000122070312,804.25,804.25,5377896
2024-03-04,815.696533203125,824.2999877929688,839.0,818.5,839.0,3821690
2024-03-05,810.7487182617188,819.2999877929688,826.6500244140625,811.0,825.0999755859375,2630517
2024-03-06,804.4155883789062,812.9000244140625,823.0,800.0,820.4000244140625,2041620
2024-03-07,821.3370361328125,830.0,844.9000244140625,818.0499877929688,820.0,5074846
2024-03-11,821.1390991210938,829.7999877929688,836.5999755859375,822.1500244140625,832.0,1622850
2024-03-12,809.2643432617188,817.7999877929688,829.2999877929688,815.0,829.0,1231413
2024-03-13,784.6737060546875,792.9500122070312,820.5999755859375,788.4500122070312,818.4000244140625,3047464
2024-03-14,777.2520141601562,785.4500122070312,792.9500122070312,761.75,792.0,5262918
2024-03-15,772.502197265625,780.6500244140625,790.2000122070312,774.5499877929688,782.0999755859375,3992861
2024-03-18,796.0042724609375,804.4000244140625,808.5,778.5,780.6500244140625,3561533
2024-03-19,792.689208984375,801.0499877929688,809.9500122070312,793.75,802.0,2192986
2024-03-20,786.3560791015625,794.6500244140625,810.0,789.2999877929688,802.2000122070312,1538050
2024-03-21,803.8712768554688,812.3499755859375,819.4500122070312,803.0999755859375,804.0,2783067
2024-03-22,816.1912841796875,824.7999877929688,832.9500122070312,806.75,808.0,3983433
2024-03-26,813.3216552734375,821.9000244140625,834.0,818.0499877929688,820.5499877929688,2454193
2024-03-27,809.5117797851562,818.0499877929688,832.4000244140625,815.4000244140625,825.0,1884038
2024-03-28,821.5349731445312,830.2000122070312,840.8499755859375,820.0,827.0,3722941
2024-04-01,862.8491821289062,871.9500122070312,876.4500122070312,838.0,838.0,6053539
2024-04-02,870.072998046875,879.25,881.8499755859375,861.5499877929688,871.0999755859375,2784783
2024-04-03,859.9299926757812,869.0,879.5499877929688,867.0999755859375,877.8499755859375,1980049
2024-04-04,853.497802734375,862.5,878.6500244140625,853.5499877929688,876.2999877929688,2790334
2024-04-05,848.1541748046875,857.0999755859375,864.5499877929688,846.9500122070312,860.0,1847243
2024-04-08,867.30224609375,876.4500122070312,878.0,860.25,864.0,2462906
2024-04-09,865.4715576171875,874.5999755859375,891.4500122070312,870.5499877929688,881.7999877929688,2512308
2024-04-10,874.7239379882812,883.9500122070312,889.0,875.3499755859375,881.3499755859375,2519596
2024-04-12,857.4066162109375,866.4500122070312,883.9000244140625,862.0,883.9000244140625,4129109
2024-04-15,851.46923828125,860.4500122070312,882.0,850.25,862.9000244140625,1974756
2024-04-16,836.4278564453125,845.25,863.5999755859375,842.75,859.5,1706563
2024-04-18,835.9825439453125,844.7999877929688,858.0,841.7000122070312,846.0999755859375,3437879
2024-04-19,855.7738037109375,864.7999877929688,867.2999877929688,833.2000122070312,842.8499755859375,3157898
2024-04-22,845.878173828125,854.7999877929688,870.9000244140625,853.4500122070312,867.0999755859375,1584578
2024-04-23,842.4641723632812,851.3499755859375,865.0,848.5499877929688,858.5,1755588
2024-04-24,873.4869995117188,882.7000122070312,886.0,850.0,851.3499755859375,4257548
2024-04-25,896.3458862304688,905.7999877929688,909.4000244140625,874.3499755859375,882.7000122070312,4893459
2024-04-26,877.989501953125,887.25,914.0,884.6500244140625,910.0,3626999
2024-04-29,886.4007568359375,895.75,902.5,886.1500244140625,898.4000244140625,1956431
2024-04-30,872.9921875,882.2000122070312,902.75,880.0499877929688,902.4500122070312,1831578
2024-05-02,881.05712890625,890.3499755859375,894.5999755859375,883.0,883.0,2448369
2024-05-03,865.07568359375,874.2000122070312,903.7000122070312,866.0,895.8499755859375,3672279
2024-05-06,871.4584350585938,880.6500244140625,893.0,874.3499755859375,879.7000122070312,2556178
2024-05-07,848.4015502929688,857.3499755859375,881.0499877929688,845.75,880.6500244140625,2369111
2024-05-08,855.6254272460938,864.6500244140625,866.5999755859375,850.4000244140625,850.4000244140625,1849894
2024-05-09,825.8395385742188,834.5499877929688,868.7999877929688,831.0499877929688,864.7000122070312,2282517
2024-05-10,844.6907348632812,853.5999755859375,855.9500122070312,835.9500122070312,835.9500122070312,1947295
2024-05-13,851.61767578125,860.5999755859375,862.5,830.0,847.8499755859375,1735081
2024-05-14,872.2994995117188,881.5,884.9500122070312,861.2000122070312,864.1500244140625,2706050
2024-05-15,861.859619140625,870.9500122070312,883.5,863.4000244140625,882.0,2194086
2024-05-16,877.1484375,886.4000244140625,888.4500122070312,864.4500122070312,872.7999877929688,3282175
2024-05-17,897.9786376953125,907.4500122070312,914.9500122070312,878.7000122070312,888.0,4635724
2024-05-21,913.8116455078125,923.4500122070312,928.9500122070312,890.7999877929688,892.0,5938708
2024-05-22,906.2415161132812,915.7999877929688,927.2999877929688,906.0499877929688,925.0,2938404
2024-05-23,907.4290161132812,917.0,920.8499755859375,890.7000122070312,912.0,3800388
2024-05-24,899.1661987304688,908.6500244140625,925.0,906.0499877929688,915.0,2113036
2024-05-27,892.5360717773438,901.9500122070312,919.1500244140625,900.0999755859375,910.5,1893682
2024-05-28,897.8796997070312,907.3499755859375,915.8499755859375,901.2000122070312,905.8499755859375,1931419
2024-05-29,892.4866333007812,901.9000244140625,910.0,896.4500122070312,899.5999755859375,1740879
2024-05-30,874.4765625,883.7000122070312,900.7999877929688,873.25,900.0,3993159
2024-05-31,871.3594360351562,880.5499877929688,895.4500122070312,877.0,892.0,5249761
2024-06-03,905.7467651367188,915.2999877929688,917.7000122070312,897.7999877929688,912.0,2541803
2024-06-04,833.0633544921875,841.8499755859375,914.0,823.7999877929688,914.0,4022430
2024-06-05,869.23193359375,878.4000244140625,881.7000122070312,829.1500244140625,857.0,1969854
2024-06-06,878.8306274414062,888.0999755859375,892.9000244140625,877.5,884.0,3095781
2024-06-07,902.6296997070312,912.1500244140625,915.4000244140625,877.0999755859375,888.0999755859375,3609817
2024-06-10,906.3405151367188,915.9000244140625,920.0,900.75,907.0,1765715
2024-06-11,900.6010131835938,910.0999755859375,918.7999877929688,905.0499877929688,915.9500122070312,2003998
2024-06-12,907.330078125,916.9000244140625,924.2999877929688,908.0499877929688,910.0499877929688,1782777
2024-06-13,906.1920166015625,915.75,925.0499877929688,908.0499877929688,917.5499877929688,1788757
2024-06-14,911.5357055664062,921.1500244140625,923.5,903.5999755859375,914.0,2625892
2024-06-18,915.6918334960938,925.3499755859375,927.4500122070312,914.2999877929688,921.1500244140625,2395045
2024-06-19,905.400390625,914.9500122070312,936.9000244140625,913.2999877929688,929.0,1793533
2024-06-20,919.9469604492188,929.6500244140625,938.0,911.2999877929688,914.9500122070312,3120339
2024-06-21,927.1212768554688,936.9000244140625,944.0,923.1500244140625,929.0,4299319
2024-06-24,925.5874633789062,935.3499755859375,941.6500244140625,922.0,936.0,1857847
2024-06-25,920.1943359375,929.9000244140625,940.0,927.9500122070312,936.9000244140625,1733931
2024-06-26,909.6060180664062,919.2000122070312,932.4500122070312,918.0999755859375,930.9000244140625,1341496
2024-06-27,933.3060302734375,943.1500244140625,945.5999755859375,915.2999877929688,916.2000122070312,4700053
2024-06-28,921.7776489257812,931.5,949.4000244140625,928.75,943.1500244140625,2402672
2024-07-01,934.0482177734375,943.9000244140625,947.5,931.5999755859375,935.0,2562034
2024-07-02,928.4572143554688,938.25,953.7000122070312,936.5,945.0,1936180
2024-07-03,940.4804077148438,950.4000244140625,953.4000244140625,939.0499877929688,939.5,1369238
2024-07-04,934.4935302734375,944.3499755859375,959.4000244140625,943.0,950.4000244140625,1384884
2024-07-05,944.09228515625,954.0499877929688,956.0,945.2000122070312,948.0,1583550
2024-07-08,929.3972778320312,939.2000122070312,955.9000244140625,934.0499877929688,955.9000244140625,1569620
2024-07-09,932.7881469726562,935.2999877929688,940.7999877929688,932.2999877929688,939.0,1489629
2024-07-10,922.9147338867188,925.4000244140625,935.2999877929688,918.9000244140625,931.0,1483892
2024-07-11,922.5158081054688,925.0,932.0,915.4500122070312,927.1500244140625,2348723
2024-07-12,931.8905639648438,934.4000244140625,937.75,924.0,929.9500122070312,1498780
2024-07-15,929.1978149414062,931.7000122070312,938.7000122070312,926.1500244140625,937.9500122070312,1337839
2024-07-16,931.8406982421875,934.3499755859375,939.3499755859375,928.1500244140625,932.1500244140625,1442535
2024-07-18,928.948486328125,931.4500122070312,935.3499755859375,921.3499755859375,934.3499755859375,1812254
2024-07-19,887.061279296875,889.4500122070312,927.5,886.5499877929688,927.0,3001973
2024-07-22,886.1636962890625,888.5499877929688,893.4000244140625,865.1500244140625,875.5,2725373
2024-07-23,891.5491943359375,893.9500122070312,896.1500244140625,872.0,890.0,1640412
2024-07-24,878.9830322265625,881.3499755859375,895.0,880.0,895.0,1519772
2024-07-25,872.1514282226562,874.5,880.0,862.4000244140625,870.0,1636466
2024-07-26,898.1314697265625,900.5499877929688,908.7999877929688,875.2999877929688,880.0,2056457
2024-07-29,896.1368408203125,898.5499877929688,909.9000244140625,895.0499877929688,909.9000244140625,1066351
2024-07-30,899.6773071289062,902.0999755859375,907.9500122070312,890.1500244140625,895.0499877929688,979026
2024-07-31,925.757080078125,928.25,936.3499755859375,902.7000122070312,908.9500122070312,2716481
2024-08-01,932.0401611328125,934.5499877929688,957.9500122070312,927.75,937.5499877929688,4039078
2024-08-02,897.1341552734375,899.5499877929688,923.8499755859375,896.0,919.9000244140625,3306705
2024-08-05,861.4801635742188,863.7999877929688,884.0,854.1500244140625,884.0,4059902
2024-08-06,881.6259155273438,884.0,893.0499877929688,867.0499877929688,867.0499877929688,2665068
2024-08-07,904.015625,906.4500122070312,910.6500244140625,895.0,899.0,2262055
2024-08-08,885.1663818359375,887.5499877929688,902.9500122070312,883.4000244140625,900.0,2796559
2024-08-09,902.6692504882812,905.0999755859375,914.75,889.0,896.0499877929688,1722454
2024-08-12,914.8863525390625,917.3499755859375,926.2000122070312,898.0999755859375,904.7999877929688,3822527
2024-08-13,905.411865234375,907.8499755859375,927.5,905.0,925.0,1329629
2024-08-14,887.9089965820312,890.2999877929688,911.9500122070312,885.4000244140625,911.9500122070312,2024615
2024-08-16,906.01025390625,908.4500122070312,910.7000122070312,882.5499877929688,900.0,2208842
2024-08-19,915.2852783203125,917.75,920.0,903.9000244140625,910.0,847523
2024-08-20,914.6869506835938,917.1500244140625,923.9000244140625,910.7999877929688,923.9000244140625,696605
2024-08-21,923.3136596679688,925.7999877929688,927.0,908.0999755859375,910.0,1600466
2024-08-22,930.74365234375,933.25,934.8499755859375,924.7999877929688,927.0499877929688,1073406
2024-08-23,938.522705078125,941.0499877929688,943.9500122070312,929.1500244140625,934.5999755859375,1441218
2024-08-26,960.9124145507812,963.5,968.9000244140625,937.2000122070312,945.5,2364465
2024-08-27,941.4647827148438,944.0,966.9500122070312,942.75,963.4500122070312,2480788
2024-08-28,946.70068359375,949.25,951.5,935.0,947.5,2285575
2024-08-29,937.1763305664062,939.7000122070312,950.5,930.7999877929688,945.0,2233515
2024-08-30,938.5725708007812,941.0999755859375,954.75,938.6500244140625,947.9000244140625,2896103
2024-09-02,937.92431640625,940.4500122070312,951.4500122070312,936.1500244140625,941.0999755859375,1316611
2024-09-03,928.4498291015625,930.9500122070312,941.5499877929688,929.9500122070312,937.0999755859375,1116938
2024-09-04,930.544189453125,933.0499877929688,934.7000122070312,912.0,920.0,3020790
2024-09-05,922.964599609375,925.4500122070312,944.5499877929688,923.75,934.5499877929688,1482001
2024-09-06,930.2948608398438,932.7999877929688,939.4000244140625,911.7000122070312,925.4500122070312,1984209
2024-09-09,931.740966796875,934.25,936.7000122070312,919.0499877929688,923.0,1793548
2024-09-10,936.2288818359375,938.75,948.5,929.7999877929688,934.0999755859375,1388455
2024-09-11,925.2584228515625,927.75,944.2999877929688,924.25,941.0499877929688,1087490
2024-09-12,952.2357788085938,954.7999877929688,957.5999755859375,929.0,935.7999877929688,3061006
2024-09-13,951.9864501953125,954.5499877929688,972.4500122070312,951.3499755859375,958.0,2445329
2024-09-16,968.3922729492188,971.0,978.5499877929688,957.0999755859375,961.4000244140625,2186706
2024-09-17,961.660400390625,964.25,974.5499877929688,961.7000122070312,971.0,543055
2024-09-18,954.1306762695312,956.7000122070312,970.9500122070312,950.0,962.0499877929688,644373
2024-09-19,945.8529663085938,948.4000244140625,965.9500122070312,944.0,960.0,1278919
2024-09-20,978.9139404296875,981.5499877929688,988.0,965.2000122070312,970.0,8035572
2024-09-23,979.4624633789062,982.0999755859375,987.9500122070312,976.2000122070312,986.0,1714600
2024-09-24,987.0420532226562,989.7000122070312,1009.7999877929688,985.1500244140625,991.2999877929688,5545642
2024-09-25,980.010986328125,982.6500244140625,998.6500244140625,972.7000122070312,996.0,1309311
2024-09-26,1002.8494873046875,1005.5499877929688,1007.9500122070312,975.4500122070312,984.0,2706617
2024-09-27,998.8602294921875,1001.5499877929688,1018.9000244140625,997.5,1008.0,2757284
2024-09-30,1027.28369140625,1030.050048828125,1032.9000244140625,1004.0,1004.0,4250590
2024-10-01,1024.5411376953125,1027.300048828125,1029.949951171875,1014.4000244140625,1029.0,1392457
2024-10-03,1036.309326171875,1039.0999755859375,1060.0,1025.449951171875,1028.0,6615927
2024-10-04,1030.9737548828125,1033.75,1063.0,1027.300048828125,1042.0,4855592
2024-10-07,1016.0140380859375,1018.75,1044.0999755859375,1012.5,1039.949951171875,2708970
2024-10-08,995.5192260742188,998.2000122070312,1014.4000244140625,984.0,1014.4000244140625,4115797
2024-10-09,991.8291625976562,994.5,1011.5,985.0,999.9000244140625,2138939
2024-10-10,1004.6945190429688,1007.4000244140625,1012.9500122070312,996.75,999.0,1368830
2024-10-11,1009.33203125,1012.0499877929688,1025.949951171875,1006.0,1007.2999877929688,1957211
2024-10-14,1009.7808227539062,1012.5,1032.0,1009.4000244140625,1017.0,1831080
2024-10-15,998.162109375,1000.8499755859375,1020.5999755859375,992.0,1012.5,1444250
2024-10-16,986.6929931640625,989.3499755859375,1004.7999877929688,982.0499877929688,995.0,1248745
2024-10-17,976.8694458007812,979.5,995.2000122070312,969.75,991.0999755859375,1079467
2024-10-18,989.9342651367188,992.5999755859375,998.25,973.0999755859375,978.5,1291683
2024-10-21,978.814208984375,981.4500122070312,1005.0,980.0499877929688,997.0,953143
2024-10-22,961.06201171875,963.6500244140625,983.2999877929688,960.4000244140625,981.0,1318146
2024-10-23,951.88671875,954.4500122070312,971.0,952.1500244140625,963.6500244140625,1306503
2024-10-24,955.5269165039062,958.0999755859375,962.0499877929688,952.4500122070312,954.4500122070312,650392
2024-10-25,941.315185546875,943.8499755859375,959.9500122070312,926.7999877929688,958.0999755859375,2541293
2024-10-28,964.65234375,967.25,972.4500122070312,909.0,936.0,1737402
2024-10-29,956.2250366210938,958.7999877929688,972.7999877929688,947.0,972.4500122070312,1032874
2024-10-30,954.7290649414062,957.2999877929688,968.5499877929688,952.2999877929688,966.2000122070312,733890
2024-10-31,961.06201171875,963.6500244140625,967.8499755859375,954.4500122070312,958.0,1445602
2024-11-01,965.6995239257812,968.2999877929688,978.0,965.0,969.9000244140625,136508
2024-11-04,952.3355102539062,954.9000244140625,968.8499755859375,941.0999755859375,965.0499877929688,957723
2024-11-05,996.8157348632812,999.5,1003.0,952.0,954.9000244140625,5177028
2024-11-06,1005.941162109375,1008.6500244140625,1015.0499877929688,984.7000122070312,1000.0,2761749
2024-11-07,987.1417846679688,989.7999877929688,1018.9500122070312,985.6500244140625,1014.0,2477876
2024-11-08,993.7240600585938,996.4000244140625,1001.5499877929688,976.5,994.0,3568198
2024-11-11,976.3707885742188,979.0,995.4500122070312,972.0,988.0,1336153
2024-11-12,954.67919921875,957.25,987.7999877929688,953.6500244140625,987.0,731821
2024-11-13,933.4364013671875,935.9500122070312,958.25,928.0499877929688,953.5,1167594
2024-11-14,936.528076171875,939.0499877929688,949.3499755859375,932.4500122070312,935.0499877929688,1662673
2024-11-18,947.299072265625,949.8499755859375,956.0499877929688,934.9000244140625,935.0499877929688,1143965
2024-11-19,944.7559204101562,947.2999877929688,960.9500122070312,945.0,949.8499755859375,617409
2024-11-21,941.6143798828125,944.1500244140625,950.9500122070312,936.4500122070312,941.0,1669641
2024-11-22,974.7252197265625,977.3499755859375,981.2999877929688,939.0499877929688,947.9000244140625,1889389
2024-11-25,950.7398071289062,953.2999877929688,980.4500122070312,945.6500244140625,975.0,4563438
2024-11-26,961.0121459960938,963.5999755859375,966.7999877929688,950.5999755859375,955.0,1184177
2024-11-27,966.248046875,968.8499755859375,972.0,955.25,963.3499755859375,1327011
2024-11-28,951.5875244140625,954.1500244140625,974.9500122070312,949.0499877929688,968.8499755859375,2959350
2024-11-29,963.4057006835938,966.0,971.7000122070312,953.4000244140625,959.0,1326686
2024-12-02,987.1417846679688,989.7999877929688,991.5499877929688,961.75,965.9000244140625,1272868
2024-12-03,996.1176147460938,998.7999877929688,1015.5,991.0499877929688,995.0,2118830
2024-12-04,992.17822265625,994.8499755859375,1003.0,985.3499755859375,996.0999755859375,1030877
2024-12-05,996.5165405273438,999.2000122070312,1009.9500122070312,977.0,991.0,2221958
2024-12-06,1001.1041870117188,1003.7999877929688,1008.0,994.6500244140625,999.9000244140625,1218982
2024-12-09,1009.1824340820312,1011.9000244140625,1015.5,993.7999877929688,1005.5,1457470
2024-12-10,1010.2296142578125,1012.9500122070312,1023.5,1006.6500244140625,1021.0,2227505
2024-12-11,997.5138549804688,1000.2000122070312,1020.5,997.0999755859375,1015.9000244140625,1246315
2024-12-12,1003.0988159179688,1005.7999877929688,1012.9500122070312,991.0,1005.0,1510341
2024-12-13,997.164794921875,999.8499755859375,1003.5,973.0499877929688,995.0,2444182
2024-12-16,987.6903076171875,990.3499755859375,1006.2999877929688,984.0,1004.0,1220082
2024-12-17,964.25341796875,966.8499755859375,990.7999877929688,961.0,990.3499755859375,1673092
2024-12-18,944.30712890625,946.8499755859375,969.5,941.5499877929688,967.0499877929688,1612799
2024-12-19,923.4632568359375,925.9500122070312,942.7000122070312,921.5999755859375,934.0499877929688,1926448
2024-12-20,914.8863525390625,917.3499755859375,941.7000122070312,912.0499877929688,926.0,29003345
2024-12-23,934.533447265625,937.0499877929688,950.9500122070312,921.5999755859375,936.0,3988457
2024-12-24,919.374267578125,921.8499755859375,937.9500122070312,918.4500122070312,937.0499877929688,2048135
2024-12-26,911.994140625,914.4500122070312,929.4000244140625,913.0999755859375,921.8499755859375,2056005
2024-12-27,910.8472290039062,913.2999877929688,926.5,911.25,914.6500244140625,1917836
2024-12-30,896.5357666015625,898.9500122070312,916.7000122070312,895.5999755859375,913.2999877929688,1959379
2024-12-31,899.0789184570312,901.5,906.4000244140625,896.5999755859375,898.0499877929688,1031176
2025-01-01,903.018310546875,905.4500122070312,910.0,890.7000122070312,901.1500244140625,1020555
2025-01-02,910.0493774414062,912.5,915.7000122070312,901.4500122070312,909.5,1636373
2025-01-03,912.592529296875,915.0499877929688,924.7000122070312,908.5,914.0,2691743
2025-01-06,898.4805908203125,900.9000244140625,919.8499755859375,897.9000244140625,915.0499877929688,1104617
2025-01-07,909.3512573242188,911.7999877929688,913.7000122070312,899.2000122070312,901.5499877929688,688211
2025-01-08,899.8767700195312,902.2999877929688,911.9500122070312,895.1500244140625,910.0,744601
2025-01-09,888.5572509765625,890.9500122070312,908.9500122070312,888.7999877929688,901.0,1459142
2025-01-10,897.6826782226562,900.0999755859375,908.0,880.25,890.9500122070312,1614629
2025-01-13,881.3765869140625,883.75,898.7000122070312,880.0,895.9500122070312,1416585
2025-01-14,903.61669921875,906.0499877929688,911.2999877929688,882.5,882.5,1948192
2025-01-15,901.6220703125,904.0499877929688,912.7000122070312,901.5,910.0,1581897
2025-01-16,904.3646850585938,906.7999877929688,914.4000244140625,900.0999755859375,910.0,1946590
2025-01-17,906.1598510742188,908.5999755859375,917.5,905.25,906.7999877929688,911260
2025-01-20,916.7313842773438,919.2000122070312,925.6500244140625,900.5,908.5999755859375,1299378
2025-01-21,924.36083984375,926.8499755859375,933.0,919.5499877929688,925.0,1474919
2025-01-22,916.930908203125,919.4000244140625,932.0,907.1500244140625,932.0,1080075
2025-01-23,927.4026489257812,929.9000244140625,937.3499755859375,912.7999877929688,919.0499877929688,1267989
2025-01-24,929.94580078125,932.4500122070312,953.0,925.1500244140625,930.0,3538998
2025-01-27,916.8809814453125,919.3499755859375,927.0,901.0999755859375,901.0999755859375,3908402
2025-01-28,913.6896362304688,916.1500244140625,925.5999755859375,904.5,923.4000244140625,1101031
2025-01-29,935.0819702148438,937.5999755859375,941.0499877929688,908.0,913.5999755859375,1298065
2025-01-30,948.29638671875,950.8499755859375,956.0,936.2000122070312,937.9000244140625,2020147
2025-01-31,942.4620971679688,945.0,959.9000244140625,940.5499877929688,949.75,2037829
2025-02-01,931.740966796875,934.25,955.2000122070312,911.6500244140625,947.8499755859375,1339508
2025-02-03,931.4417724609375,933.9500122070312,937.4500122070312,914.0,915.0,1130056
2025-02-04,941.714111328125,944.25,949.4500122070312,934.2999877929688,936.3499755859375,1262634
2025-02-05,947.3489379882812,949.9000244140625,954.7999877929688,941.0999755859375,941.0999755859375,1209743
2025-02-06,945.8529663085938,948.4000244140625,956.5499877929688,942.0,950.5499877929688,3060140
2025-02-07,978.1160888671875,980.75,985.0,947.7999877929688,950.9500122070312,2846285
2025-02-10,956.5740966796875,959.1500244140625,974.0,948.25,974.0,1665049
2025-02-11,951.9365844726562,954.5,967.5,948.5499877929688,950.0499877929688,2535726
2025-02-12,953.8314819335938,956.4000244140625,962.9500122070312,938.0999755859375,952.9000244140625,2768806
2025-02-13,967.1954956054688,969.7999877929688,984.0,953.25,954.0,1414535
2025-02-14,962.0094604492188,964.5999755859375,983.7000122070312,954.25,972.9000244140625,2690126
2025-02-17,970.9354248046875,973.5499877929688,975.0,954.0999755859375,964.5999755859375,1321057
2025-02-18,976.1713256835938,978.7999877929688,981.2000122070312,962.7999877929688,975.0,1800070
2025-02-19,974.7252197265625,977.3499755859375,989.9000244140625,971.0999755859375,975.5999755859375,1581818
2025-02-20,978.5150146484375,981.1500244140625,987.6500244140625,975.0,977.0,1474610
2025-02-21,979.2630004882812,981.9000244140625,990.9500122070312,975.5499877929688,979.0999755859375,1599075
2025-02-24,964.2035522460938,966.7999877929688,984.9000244140625,957.75,971.0,1898963
2025-02-25,956.1751708984375,958.75,973.4500122070312,957.5,967.0,1095348
2025-02-27,972.3815307617188,975.0,981.0,958.7000122070312,958.75,2049890
2025-02-28,948.1467895507812,950.7000122070312,968.5999755859375,940.5499877929688,968.0999755859375,2553800
2025-03-03,973.4287109375,976.0499877929688,981.5499877929688,953.0,959.0,1744769
2025-03-04,971.4839477539062,974.0999755859375,978.0999755859375,959.9500122070312,960.0,1077034
2025-03-05,1000.0071411132812,1002.7000122070312,1008.0,970.9000244140625,975.0,2472192
2025-03-06,1008.3845825195312,1011.0999755859375,1016.2000122070312,997.0999755859375,1013.0,2203409
2025-03-07,1008.4344482421875,1011.1500244140625,1020.4000244140625,1005.5499877929688,1011.0,759943
2025-03-10,1010.7781372070312,1013.5,1032.75,1010.25,1011.1500244140625,1855010
2025-03-11,1015.914306640625,1018.6500244140625,1021.0,1001.4500122070312,1003.8499755859375,1595868
2025-03-12,1007.6864624023438,1010.4000244140625,1024.949951171875,994.0999755859375,1024.699951171875,1263600
2025-03-13,998.5111694335938,1001.2000122070312,1016.4500122070312,998.7999877929688,1014.9000244140625,1218174
2025-03-17,1002.9990844726562,1005.7000122070312,1015.4500122070312,1000.1500244140625,1007.5499877929688,1522656
2025-03-18,1002.9990844726562,1005.7000122070312,1005.7000122070312,1005.7000122070312,1005.7000122070312,0
2025-03-19,1030.5748291015625,1033.3499755859375,1047.0,1024.0,1036.0,2652155
2025-03-20,1047.429443359375,1050.25,1052.800048828125,1027.199951171875,1038.0,2301795
2025-03-21,1055.856689453125,1058.699951171875,1062.550048828125,1047.699951171875,1052.0,2630144
2025-03-24,1058.4996337890625,1061.3499755859375,1072.0,1056.5,1063.0,2267252
2025-03-25,1058.8486328125,1061.699951171875,1074.9000244140625,1052.0,1061.3499755859375,1571677
2025-03-26,1053.61279296875,1056.449951171875,1068.050048828125,1052.199951171875,1068.050048828125,1254060
2025-03-27,1056.9039306640625,1059.75,1069.0,1050.0,1051.949951171875,2514499
2025-03-28,1060.3446044921875,1063.199951171875,1068.199951171875,1053.949951171875,1059.75,1674204
2025-04-01,1053.413330078125,1056.25,1070.449951171875,1053.3499755859375,1063.0,1776263
2025-04-02,1053.0643310546875,1055.9000244140625,1066.3499755859375,1046.25,1058.0999755859375,878958
2025-04-03,1041.24609375,1044.050048828125,1055.800048828125,1041.550048828125,1045.0,1607693
2025-04-04,1003.0489501953125,1005.75,1038.949951171875,997.8499755859375,1032.300048828125,3818643
2025-04-07,927.8015747070312,930.2999877929688,959.0,905.2000122070312,906.0,4581682
2025-04-08,952.0363159179688,954.5999755859375,970.4500122070312,933.7999877929688,949.3499755859375,1717533
2025-04-09,943.0106201171875,945.5499877929688,953.4000244140625,938.0499877929688,945.1500244140625,1773658
2025-04-11,987.590576171875,990.25,997.0,968.3499755859375,972.4500122070312,3641633
2025-04-15,1005.2929077148438,1008.0,1015.7000122070312,1002.2000122070312,1010.0,1287903
2025-04-16,1006.6891479492188,1009.4000244140625,1015.0999755859375,992.0999755859375,1003.0,1281034
2025-04-17,1004.4950561523438,1007.2000122070312,1008.5999755859375,987.0999755859375,996.0,2074019
2025-04-21,1031.2230224609375,1034.0,1043.800048828125,1000.5,1001.0,1345056
2025-04-22,1041.3956298828125,1044.199951171875,1060.4000244140625,1037.0,1060.0,2153582
2025-04-23,1036.4090576171875,1039.199951171875,1053.9000244140625,1028.5,1051.0,893969
2025-04-24,1041.69482421875,1044.5,1047.5,1029.5,1035.5,1242921
2025-04-25,1025.63818359375,1028.4000244140625,1056.9000244140625,1017.5999755859375,1050.0,2784217
2025-04-28,1051.568359375,1054.4000244140625,1058.9000244140625,1019.2000122070312,1021.4000244140625,1485915
2025-04-29,1032.8187255859375,1035.5999755859375,1061.5999755859375,1034.0999755859375,1055.0,1206750
2025-04-30,1027.034423828125,1029.800048828125,1042.300048828125,1021.0,1030.0,1755328
2025-05-02,964.9016723632812,967.5,1037.0,948.2999877929688,1021.2000122070312,6209775
2025-05-05,952.9338989257812,955.5,972.4000244140625,952.7000122070312,959.7999877929688,1646426
2025-05-06,964.9016723632812,967.5,971.9000244140625,955.0,960.0,1462046
2025-05-07,963.5054321289062,966.0999755859375,975.0,957.9000244140625,957.9000244140625,1014461
2025-05-08,950.6400756835938,953.2000122070312,969.5,949.0,962.5,1646385
2025-05-09,954.4298706054688,957.0,959.0,935.0,935.0,1481537
2025-05-12,1002.5004272460938,1005.2000122070312,1007.7000122070312,969.7000122070312,973.0,1335817
2025-05-13,987.2415161132812,989.9000244140625,1010.9000244140625,988.0999755859375,1005.2000122070312,934177
2025-05-14,986.6431274414062,989.2999877929688,1012.0999755859375,987.0,995.2000122070312,1650066
2025-05-15,1035.5115966796875,1038.300048828125,1040.5999755859375,990.0,993.0,5297654
2025-05-16,1019.0558471679688,1021.7999877929688,1044.5999755859375,1020.2999877929688,1043.4000244140625,1048380
2025-05-19,1016.8617553710938,1019.5999755859375,1034.0,1016.7000122070312,1033.9000244140625,1434608
2025-05-20,1009.9802856445312,1012.7000122070312,1034.5,1010.7999877929688,1031.0,1624336
2025-05-21,998.2119750976562,1000.9000244140625,1018.9000244140625,999.0999755859375,1016.0,875245
2025-05-22,1002.8993530273438,1005.5999755859375,1011.5,987.9000244140625,1002.0,1283310
2025-05-23,1005.7915649414062,1008.5,1022.5,1005.0999755859375,1011.0,1568154
2025-05-26,1029.5277099609375,1032.300048828125,1036.0,979.5,1009.2000122070312,4716572
2025-05-27,1010.9776000976562,1013.7000122070312,1033.0999755859375,1009.0,1032.0,1158374
2025-05-28,998.3117065429688,1001.0,1017.9000244140625,998.5,1014.9000244140625,1790498
2025-05-29,1003.4977416992188,1006.2000122070312,1023.7000122070312,998.2000122070312,1020.4000244140625,3282246
2025-05-30,990.8318481445312,993.5,1012.5,990.5,1003.0,1710817
2025-06-02,976.1713256835938,978.7999877929688,987.0,969.25,987.0,1790184
2025-06-03,971.1847534179688,973.7999877929688,987.3499755859375,972.0499877929688,980.0499877929688,1138571
2025-06-04,965.9488525390625,968.5499877929688,979.5,962.1500244140625,973.0,2398032
2025-06-05,966.1483154296875,968.75,976.9000244140625,964.6500244140625,972.7999877929688,2182562
2025-06-06,1002.2012329101562,1004.9000244140625,1010.6500244140625,967.6500244140625,968.75,2089570
2025-06-09,1005.2929077148438,1008.0,1017.0,1001.9500122070312,1006.2999877929688,1864322
2025-06-10,1000.4060668945312,1003.0999755859375,1019.1500244140625,1000.7999877929688,1015.0,1747781
2025-06-11,1004.3953247070312,1007.0999755859375,1016.0,1003.9500122070312,1003.9500122070312,1003090
2025-06-12,992.97607421875,995.6500244140625,1010.0,992.5499877929688,1007.0999755859375,2223026
2025-06-13,984.5986328125,987.25,994.0499877929688,981.3499755859375,984.7000122070312,1044815
2025-06-16,1001.1041870117188,1003.7999877929688,1011.0,984.2000122070312,987.25,871032
2025-06-17,996.96533203125,999.6500244140625,1010.4500122070312,997.9000244140625,1004.5,1075499
2025-06-18,983.7010498046875,986.3499755859375,998.9500122070312,983.75,997.0,854561
2025-06-19,993.375,996.0499877929688,997.9500122070312,985.0,986.9000244140625,1391083
2025-06-20,1002.8494873046875,1005.5499877929688,1024.0,993.5999755859375,993.9500122070312,9697195
2025-06-23,994.3224487304688,997.0,1005.2000122070312,983.5,1005.0,1132847
2025-06-24,1004.2955932617188,1007.0,1022.5499877929688,1001.2999877929688,1006.0,1434360
2025-06-25,1021.6986694335938,1024.449951171875,1027.800048828125,1008.0,1008.0,2029126
2025-06-26,1029.7769775390625,1032.550048828125,1040.5,1017.1500244140625,1030.0,3892783
2025-06-27,1026.1368408203125,1028.9000244140625,1045.699951171875,1023.2000122070312,1038.449951171875,1941604
2025-06-30,1017.7593383789062,1020.5,1033.0999755859375,1014.5,1033.050048828125,765716
2025-07-01,1026.8348388671875,1029.5999755859375,1031.5999755859375,1016.2000122070312,1023.7000122070312,988673
2025-07-02,1057.0535888671875,1059.9000244140625,1064.9000244140625,1031.0,1031.0,3166924
2025-07-03,1043.29052734375,1046.0999755859375,1067.800048828125,1042.5999755859375,1065.0,1703765
2025-07-04,1038.603271484375,1041.4000244140625,1051.699951171875,1032.0999755859375,1051.699951171875,961108
2025-07-07,1039.7999267578125,1042.5999755859375,1045.0,1035.300048828125,1041.0,871937
2025-07-08,1045.0,1045.0,1049.5999755859375,1039.300048828125,1042.0,828011
2025-07-09,1040.4000244140625,1040.4000244140625,1052.0,1033.4000244140625,1051.699951171875,1666607
2025-07-10,1043.300048828125,1043.300048828125,1049.5999755859375,1034.0999755859375,1040.9000244140625,1101654
2025-07-11,1037.199951171875,1037.199951171875,1051.199951171875,1034.0999755859375,1043.0,931901
2025-07-14,1038.9000244140625,1038.9000244140625,1044.9000244140625,1031.800048828125,1040.0,1238524
2025-07-15,1035.0,1035.0,1044.699951171875,1028.199951171875,1044.699951171875,982842
2025-07-16,1029.800048828125,1029.800048828125,1035.0,1020.5,1034.0,1099243
2025-07-17,1034.199951171875,1034.199951171875,1041.699951171875,1023.5,1030.5,1553977
2025-07-18,1034.4000244140625,1034.4000244140625,1053.5,1027.0,1039.0,1694015
2025-07-21,1034.800048828125,1034.800048828125,1053.5,1018.2999877929688,1051.0,2771028
2025-07-22,1030.699951171875,1030.699951171875,1043.199951171875,1028.5999755859375,1038.5999755859375,1237568
2025-07-23,1033.800048828125,1033.800048828125,1037.800048828125,1025.0,1034.0,1192492
2025-07-24,1033.800048828125,1033.800048828125,1048.800048828125,1031.800048828125,1039.0,1462398
2025-07-25,1026.9000244140625,1026.9000244140625,1035.0,1020.0999755859375,1033.800048828125,912255
2025-07-28,1028.800048828125,1028.800048828125,1034.0,1017.4000244140625,1029.0,1839488
2025-07-29,1034.9000244140625,1034.9000244140625,1051.300048828125,1023.7999877929688,1023.7999877929688,2215340
2025-07-30,1037.9000244140625,1037.9000244140625,1052.300048828125,1031.699951171875,1046.4000244140625,1781038
2025-07-31,1048.300048828125,1048.300048828125,1058.5999755859375,1018.0,1018.0,3144726
2025-08-01,1027.800048828125,1027.800048828125,1054.0,1023.5999755859375,1054.0,1604653
2025-08-04,1055.9000244140625,1055.9000244140625,1058.9000244140625,1026.4000244140625,1029.699951171875,1835680
2025-08-05,1053.4000244140625,1053.4000244140625,1063.4000244140625,1048.699951171875,1059.0,1524968
2025-08-06,1052.5999755859375,1052.5999755859375,1061.5,1045.800048828125,1059.0,1797515
2025-08-07,1064.800048828125,1064.800048828125,1074.9000244140625,1046.0,1052.5999755859375,1837589
2025-08-08,1049.199951171875,1049.199951171875,1071.4000244140625,1041.699951171875,1070.0,2234463
2025-08-11,1052.699951171875,1052.699951171875,1065.0,1046.300048828125,1049.199951171875,1492814
2025-08-12,1048.199951171875,1048.199951171875,1059.9000244140625,1045.5999755859375,1054.800048828125,1231299
2025-08-13,1053.699951171875,1053.699951171875,1059.5999755859375,1050.300048828125,1052.199951171875,1125769
2025-08-14,1045.5,1045.5,1058.0999755859375,1038.9000244140625,1055.0,870899
2025-08-18,1079.800048828125,1079.800048828125,1084.0,1050.0,1060.0,3252940
2025-08-19,1073.4000244140625,1073.4000244140625,1088.0,1070.699951171875,1080.0,1867228
2025-08-20,1082.5999755859375,1082.5999755859375,1089.199951171875,1067.300048828125,1072.0,1321114
2025-08-21,1071.800048828125,1071.800048828125,1086.0999755859375,1069.300048828125,1080.5999755859375,2069244
2025-08-22,1054.5999755859375,1054.5999755859375,1071.4000244140625,1051.300048828125,1068.5,1950366
2025-08-25,1057.800048828125,1057.800048828125,1062.699951171875,1049.800048828125,1059.5,1552036
2025-08-26,1047.0999755859375,1047.0999755859375,1057.0,1044.699951171875,1051.199951171875,1758169
2025-08-28,1035.800048828125,1035.800048828125,1055.0999755859375,1033.9000244140625,1047.0999755859375,1313061
2025-08-29,1026.5999755859375,1026.5999755859375,1038.300048828125,1022.2999877929688,1032.0,1062037
2025-09-01,1035.5,1035.5,1038.5999755859375,1026.0999755859375,1026.5999755859375,624424
2025-09-02,1044.0,1044.0,1049.5,1031.199951171875,1035.5999755859375,1071341
2025-09-03,1072.199951171875,1072.199951171875,1079.9000244140625,1040.0,1042.0,3357124
2025-09-04,1072.4000244140625,1072.4000244140625,1076.4000244140625,1066.0999755859375,1075.0,922622
2025-09-05,1073.0999755859375,1073.0999755859375,1076.5999755859375,1063.0,1069.0,748933
2025-09-08,1101.4000244140625,1101.4000244140625,1112.300048828125,1080.0999755859375,1080.0999755859375,3219380
2025-09-09,1104.5,1104.5,1110.0,1095.699951171875,1100.0,1058374
2025-09-10,1101.199951171875,1101.199951171875,1115.5,1097.300048828125,1108.0,1305818
2025-09-11,1099.0,1099.0,1108.0,1095.199951171875,1101.199951171875,852085
2025-09-12,1099.0,1099.0,1107.9000244140625,1093.0,1099.0,1057815
2025-09-15,1100.9000244140625,1100.9000244140625,1105.0,1090.5,1100.0,565667
2025-09-16,1115.199951171875,1115.199951171875,1117.9000244140625,1100.0,1100.5,1644497
2025-09-17,1111.0,1111.0,1122.5999755859375,1107.0999755859375,1119.5,950577
2025-09-18,1121.0999755859375,1121.0999755859375,1122.9000244140625,1105.0,1111.9000244140625,824725
2025-09-19,1122.800048828125,1122.800048828125,1126.0,1113.699951171875,1121.0999755859375,1351221
2025-09-22,1117.0,1117.0,1126.800048828125,1111.5999755859375,1122.0,786218
2025-09-23,1138.4000244140625,1138.4000244140625,1148.0,1117.0999755859375,1125.0,2075493
2025-09-24,1149.0999755859375,1149.0999755859375,1161.0,1133.0,1138.4000244140625,2111388
2025-09-25,1148.5,1148.5,1157.5,1140.0,1149.0999755859375,1581307
2025-09-26,1130.800048828125,1130.800048828125,1167.9000244140625,1127.9000244140625,1155.0,2999892
2025-09-29,1122.199951171875,1122.199951171875,1143.9000244140625,1119.699951171875,1130.0,2615670
2025-09-30,1142.699951171875,1142.699951171875,1149.9000244140625,1127.0999755859375,1128.800048828125,2771126
2025-10-01,1146.0999755859375,1146.0999755859375,1148.5999755859375,1132.199951171875,1145.0,1129506
2025-10-03,1161.699951171875,1161.699951171875,1175.800048828125,1145.9000244140625,1146.0999755859375,2179883
2025-10-06,1159.9000244140625,1159.9000244140625,1164.9000244140625,1149.199951171875,1161.699951171875,1013304
2025-10-07,1156.800048828125,1156.800048828125,1173.0,1154.199951171875,1159.9000244140625,1565661
2025-10-08,1145.199951171875,1145.199951171875,1162.699951171875,1142.699951171875,1158.0,737972
2025-10-09,1175.199951171875,1175.199951171875,1178.800048828125,1146.0,1146.0,2001612
2025-10-10,1167.800048828125,1167.800048828125,1175.0,1156.4000244140625,1174.0,1457768
2025-10-13,1161.4000244140625,1161.4000244140625,1164.9000244140625,1153.5999755859375,1160.9000244140625,488298
2025-10-14,1147.800048828125,1147.800048828125,1169.5999755859375,1139.4000244140625,1165.0,1408990
2025-10-15,1160.800048828125,1160.800048828125,1163.699951171875,1145.0,1147.800048828125,1284749
2025-10-16,1172.0999755859375,1172.0999755859375,1173.5,1158.5999755859375,1165.0,655759
2025-10-17,1163.300048828125,1163.300048828125,1178.0,1149.5999755859375,1175.0,2207267
2025-10-20,1145.199951171875,1145.199951171875,1174.5999755859375,1139.4000244140625,1174.5999755859375,1214428
2025-10-21,1152.5,1152.5,1154.699951171875,1148.5999755859375,1150.0,115719
2025-10-23,1138.199951171875,1138.199951171875,1162.5,1135.0999755859375,1161.0,1740322
2025-10-24,1141.4000244140625,1141.4000244140625,1151.0,1131.5,1140.0,1320560
2025-10-27,1150.5999755859375,1150.5999755859375,1156.699951171875,1143.199951171875,1147.800048828125,1275776
2025-10-28,1184.199951171875,1184.199951171875,1186.4000244140625,1145.0,1145.5999755859375,3451230
2025-10-29,1207.9000244140625,1207.9000244140625,1223.9000244140625,1185.5,1189.199951171875,3819737
2025-10-30,1210.0,1210.0,1211.5999755859375,1199.4000244140625,1207.9000244140625,1273913
2025-10-31,1206.0,1206.0,1216.0,1199.0,1210.0,1337807
2025-11-03,1195.0,1195.0,1217.5,1190.0,1213.9000244140625,1486643
2025-11-04,1181.4000244140625,1181.4000244140625,1202.5999755859375,1175.199951171875,1202.5999755859375,1110884
2025-11-06,1168.800048828125,1168.800048828125,1183.5,1161.5999755859375,1181.4000244140625,1304994
2025-11-07,1171.699951171875,1171.699951171875,1182.9000244140625,1151.199951171875,1160.0999755859375,845047
2025-11-10,1179.300048828125,1179.300048828125,1185.0,1172.0,1174.0,740226
2025-11-11,1191.5,1191.5,1206.699951171875,1166.0999755859375,1187.0,1588730
2025-11-12,1181.800048828125,1181.800048828125,1194.9000244140625,1178.0,1192.0,976290
2025-11-13,1183.9000244140625,1183.9000244140625,1200.4000244140625,1178.0999755859375,1191.699951171875,1427189
2025-11-14,1167.800048828125,1167.800048828125,1182.9000244140625,1159.0,1182.0999755859375,1059030
2025-11-17,1175.5,1175.5,1178.0,1165.4000244140625,1173.9000244140625,1102752
2025-11-18,1163.0,1163.0,1179.9000244140625,1152.9000244140625,1179.9000244140625,1912105
2025-11-19,1164.9000244140625,1164.9000244140625,1170.9000244140625,1157.5999755859375,1167.5,522344
2025-11-20,1170.0,1170.0,1174.9000244140625,1161.0,1170.5999755859375,908758
2025-11-21,1140.300048828125,1140.300048828125,1166.9000244140625,1133.0999755859375,1166.0,1045627
2025-11-24,1106.0,1106.0,1145.0,1104.300048828125,1142.0,2209717
2025-11-25,1112.0,1112.0,1123.9000244140625,1107.300048828125,1107.300048828125,1394051
2025-11-26,1154.4000244140625,1154.4000244140625,1157.0,1112.0,1112.0,2167703
2025-11-27,1160.5999755859375,1160.5999755859375,1163.0,1136.300048828125,1159.0,2342042
2025-11-28,1160.300048828125,1160.300048828125,1172.5999755859375,1153.300048828125,1160.0,1243394
2025-12-01,1168.4000244140625,1168.4000244140625,1185.0,1157.300048828125,1164.9000244140625,3039396
2025-12-02,1162.0,1162.0,1172.800048828125,1159.300048828125,1168.4000244140625,2834317
2025-12-03,1143.5999755859375,1143.5999755859375,1171.199951171875,1104.9000244140625,1162.0,6026786
2025-12-04,1150.5999755859375,1150.5999755859375,1165.0,1143.0999755859375,1159.0,2285777
2025-12-05,1162.199951171875,1162.199951171875,1170.0,1143.4000244140625,1150.0,2326439
2025-12-08,1119.0999755859375,1119.0999755859375,1168.0,1114.800048828125,1164.9000244140625,1727184
2025-12-09,1107.800048828125,1107.800048828125,1120.5999755859375,1099.300048828125,1118.0,1947088
2025-12-10,1096.800048828125,1096.800048828125,1113.0999755859375,1090.0,1101.300048828125,1222924
2025-12-11,1105.4000244140625,1105.4000244140625,1111.300048828125,1095.5,1100.9000244140625,759090
2025-12-12,1125.5,1125.5,1128.800048828125,1108.800048828125,1110.0,827546
2025-12-15,1114.800048828125,1114.800048828125,1122.5999755859375,1110.0,1120.0999755859375,1017965
2025-12-16,1082.5999755859375,1082.5999755859375,1114.0,1080.5,1114.0,2000325
2025-12-17,1079.300048828125,1079.300048828125,1093.699951171875,1075.5999755859375,1088.300048828125,1781774
2025-12-18,1082.199951171875,1082.199951171875,1091.5,1073.199951171875,1079.0,1134603
2025-12-19,1079.5999755859375,1079.5999755859375,1091.0,1075.699951171875,1091.0,1068212
2025-12-22,1094.9000244140625,1094.9000244140625,1100.300048828125,1077.699951171875,1085.0,1086319
2025-12-23,1096.800048828125,1096.800048828125,1102.9000244140625,1092.0,1095.0,961759
2025-12-24,1091.300048828125,1091.300048828125,1103.300048828125,1088.0999755859375,1099.5,806530
2025-12-26,1094.4000244140625,1094.4000244140625,1099.699951171875,1082.0,1092.0999755859375,1317269
2025-12-29,1092.5999755859375,1092.5999755859375,1111.0,1089.4000244140625,1100.0,3084525
2025-12-30,1111.5999755859375,1111.5999755859375,1114.0,1089.5,1093.0,1609086
2025-12-31,1164.800048828125,1164.800048828125,1169.0,1132.5999755859375,1156.0,5881898
2026-01-01,1171.5,1171.5,1176.800048828125,1161.0,1163.5,1173697
2026-01-02,1180.699951171875,1180.699951171875,1184.0,1169.0999755859375,1172.0,903240
2026-01-05,1185.9000244140625,1185.9000244140625,1192.9000244140625,1179.0,1180.699951171875,1017822
2026-01-06,1176.300048828125,1176.300048828125,1197.5999755859375,1169.0,1185.9000244140625,1395370
2026-01-07,1189.800048828125,1189.800048828125,1193.5,1169.4000244140625,1174.9000244140625,1161485
2026-01-08,1155.9000244140625,1155.9000244140625,1190.0,1153.9000244140625,1190.0,1275035
2026-01-09,1158.800048828125,1158.800048828125,1170.699951171875,1154.4000244140625,1160.0,1387896
2026-01-12,1182.699951171875,1182.699951171875,1185.0,1146.4000244140625,1160.0,1391748
2026-01-13,1178.0999755859375,1178.0999755859375,1194.800048828125,1168.4000244140625,1182.699951171875,1570887
2026-01-14,1181.800048828125,1181.800048828125,1201.9000244140625,1170.300048828125,1179.9000244140625,2281726
2026-01-15,1181.800048828125,1181.800048828125,1181.800048828125,1181.800048828125,1181.800048828125,0
2026-01-16,1187.300048828125,1187.300048828125,1199.300048828125,1179.199951171875,1181.800048828125,1883089
2026-01-19,1184.0999755859375,1184.0999755859375,1195.800048828125,1176.4000244140625,1187.4000244140625,2213860
2026-01-20,1160.0,1160.0,1195.0,1156.5,1188.0,1106893
2026-01-21,1174.5999755859375,1174.5999755859375,1178.9000244140625,1159.5999755859375,1163.5,1401954
2026-01-22,1184.4000244140625,1184.4000244140625,1192.0,1176.0999755859375,1180.0,1428697
2026-01-23,1170.0,1170.0,1193.300048828125,1164.800048828125,1193.300048828125,2406992
2026-01-27,1222.0,1222.0,1230.4000244140625,1182.699951171875,1197.0,3808562
2026-01-28,1218.699951171875,1218.699951171875,1232.0,1208.199951171875,1232.0,2214293
2026-01-29,1237.5,1237.5,1245.0,1217.9000244140625,1227.5,2471027
2026-01-30,1214.4000244140625,1214.4000244140625,1228.0,1194.5,1228.0,2876505
2026-02-02,1199.199951171875,1199.199951171875,1203.800048828125,1174.0,1200.0,1839134
2026-02-03,1229.4000244140625,1229.4000244140625,1244.699951171875,1212.800048828125,1225.0,2093172
2026-02-04,1228.199951171875,1228.199951171875,1240.0999755859375,1223.9000244140625,1229.0,1062043
2026-02-05,1239.800048828125,1239.800048828125,1241.800048828125,1214.199951171875,1218.5999755859375,1198051
2026-02-06,1236.199951171875,1236.199951171875,1238.5999755859375,1222.4000244140625,1233.9000244140625,918161
2026-02-09,1245.0,1245.0,1254.699951171875,1235.0999755859375,1248.5,1503210
2026-02-10,1244.0999755859375,1244.0999755859375,1261.9000244140625,1236.699951171875,1245.0,1150559
2026-02-11,1249.199951171875,1249.199951171875,1254.800048828125,1238.0,1248.5,835404
2026-02-12,1247.9000244140625,1247.9000244140625,1254.199951171875,1240.4000244140625,1254.199951171875,762998
2026-02-13,1232.0,1232.0,1247.800048828125,1225.199951171875,1240.0,1726700
2026-02-16,1248.199951171875,1248.199951171875,1249.9000244140625,1226.5,1229.9000244140625,627073
2026-02-17,1244.5999755859375,1244.5999755859375,1248.0,1233.199951171875,1246.0,1115057
2026-02-18,1251.199951171875,1251.199951171875,1264.0,1244.199951171875,1244.5999755859375,1389762
2026-02-19,1228.4000244140625,1228.4000244140625,1255.5,1223.0999755859375,1252.0,824461
2026-02-20,1235.800048828125,1235.800048828125,1253.0,1222.5999755859375,1230.5,876475
2026-02-23,1240.5,1240.5,1248.0,1228.300048828125,1240.0,787962
2026-02-24,1254.5,1254.5,1259.0,1230.199951171875,1230.199951171875,1515571
2026-02-25,1275.0,1275.0,1284.699951171875,1257.300048828125,1261.0,2095033
2026-02-26,1280.5999755859375,1280.5999755859375,1282.300048828125,1270.0,1275.5,779191
2026-02-27,1264.699951171875,1264.699951171875,1277.800048828125,1260.5,1272.0,2081751
2026-03-02,1267.300048828125,1267.300048828125,1272.0,1244.699951171875,1253.199951171875,1608917
2026-03-04,1213.0,1213.0,1253.9000244140625,1200.0,1236.0,1682849
2026-03-05,1248.0999755859375,1248.0999755859375,1253.4000244140625,1214.5,1214.5,1696077
2026-03-06,1233.699951171875,1233.699951171875,1249.0999755859375,1229.199951171875,1240.699951171875,1140348
2026-03-09,1192.5999755859375,1192.5999755859375,1213.0,1170.199951171875,1203.0,2145649
2026-03-10,1214.300048828125,1214.300048828125,1219.9000244140625,1195.199951171875,1196.0999755859375,1131600
2026-03-11,1178.800048828125,1178.800048828125,1222.9000244140625,1171.0,1212.0,1802500
2026-03-12,1172.5999755859375,1172.5999755859375,1182.5,1150.0,1175.0,1265744
2026-03-13,1119.300048828125,1119.300048828125,1169.199951171875,1115.5,1166.699951171875,2284551
2026-03-16,1145.5999755859375,1145.5999755859375,1150.0,1120.0999755859375,1121.5,2593202
2026-03-17,1167.199951171875,1167.199951171875,1169.300048828125,1139.199951171875,1147.0,1760476
2026-03-18,1180.300048828125,1180.300048828125,1184.0999755859375,1160.0999755859375,1164.300048828125,1284823
2026-03-19,1130.9000244140625,1130.9000244140625,1165.9000244140625,1126.699951171875,1159.300048828125,2207126
2026-03-20,1169.5999755859375,1169.5999755859375,1186.5,1138.0,1139.0999755859375,3580084
2026-03-23,1109.5999755859375,1109.5999755859375,1153.800048828125,1102.5,1153.800048828125,2532216
2026-03-24,1133.699951171875,1133.699951171875,1142.699951171875,1112.0,1131.9000244140625,1218013
2026-03-25,1156.0,1156.0,1170.0999755859375,1137.300048828125,1140.0,1632217
2026-03-27,1130.300048828125,1130.300048828125,1150.800048828125,1126.9000244140625,1150.0,2750813
2026-03-30,1122.5,1122.5,1136.5,1114.0,1130.0,2454814
2026-04-01,1140.4000244140625,1140.4000244140625,1159.0,1134.5,1141.9000244140625,2025282
2026-04-02,1141.300048828125,1141.300048828125,1145.800048828125,1106.4000244140625,1135.0,2208479
2026-04-06,1133.5999755859375,1133.5999755859375,1145.699951171875,1115.0999755859375,1132.0,3213623
2026-04-07,1151.9000244140625,1151.9000244140625,1157.5999755859375,1122.300048828125,1139.0,3158128
2026-04-08,1194.300048828125,1194.300048828125,1204.5999755859375,1170.0,1170.0,2383883
2026-04-09,1209.699951171875,1209.699951171875,1218.0,1185.0,1187.199951171875,2563654
2026-04-10,1214.800048828125,1214.800048828125,1224.800048828125,1203.9000244140625,1210.0,1719725
2026-04-13,1204.199951171875,1204.199951171875,1213.4000244140625,1189.300048828125,1199.0999755859375,1031668
2026-04-15,1218.5999755859375,1218.5999755859375,1232.0,1210.5999755859375,1222.9000244140625,1404182
2026-04-16,1214.9000244140625,1214.9000244140625,1242.9000244140625,1211.300048828125,1221.199951171875,2686363
2026-04-17,1240.300048828125,1240.300048828125,1242.300048828125,1198.5999755859375,1213.0,1875945
2026-04-20,1274.5,1274.5,1279.0,1233.0,1241.0999755859375,4606071
2026-04-21,1279.5999755859375,1279.5999755859375,1296.4000244140625,1273.699951171875,1284.4000244140625,2108883
2026-04-22,1263.4000244140625,1263.4000244140625,1286.5999755859375,1258.4000244140625,1283.0,2882614
2026-04-23,1257.0,1257.0,1269.9000244140625,1251.0,1263.4000244140625,1715185
2026-04-24,1255.699951171875,1255.699951171875,1268.0,1246.5,1264.0,1996768
2026-04-27,1282.699951171875,1282.699951171875,1297.0,1268.0999755859375,1273.0,2309506
2026-04-28,1281.5999755859375,1281.5999755859375,1306.800048828125,1275.5999755859375,1284.0,1902689
2026-04-29,1279.699951171875,1279.699951171875,1287.800048828125,1257.0,1283.0,2364369
2026-04-30,1264.5,1264.5,1273.4000244140625,1250.4000244140625,1272.5,1366233
2026-05-01,1264.5,1264.5,1264.5,1264.5,1264.5,0
2026-05-04,1266.5999755859375,1266.5999755859375,1287.9000244140625,1259.9000244140625,1278.0,1550369
2026-05-05,1252.4000244140625,1252.4000244140625,1264.9000244140625,1245.800048828125,1260.5,1471611
2026-05-06,1273.300048828125,1273.300048828125,1278.5999755859375,1253.0,1262.5,988216
2026-05-07,1283.4000244140625,1283.4000244140625,1293.5999755859375,1268.5999755859375,1272.0999755859375,1773360
2026-05-08,1277.800048828125,1277.800048828125,1284.9000244140625,1266.800048828125,1283.4000244140625,811858
2026-05-11,1262.5999755859375,1262.5999755859375,1282.199951171875,1258.5999755859375,1276.0,1023862
2026-05-12,1252.300048828125,1252.300048828125,1272.5999755859375,1246.199951171875,1262.0,1475577
2026-05-13,1274.9000244140625,1274.9000244140625,1282.4000244140625,1255.0,1255.0,2366540
2026-05-14,1296.9000244140625,1296.9000244140625,1306.0,1281.9000244140625,1287.9000244140625,3292597
2026-05-15,1278.800048828125,1278.800048828125,1314.0,1274.199951171875,1314.0,3871553
2026-05-18,1292.800048828125,1292.800048828125,1302.0,1258.300048828125,1280.0,2965138
2026-05-19,1285.199951171875,1285.199951171875,1299.699951171875,1282.699951171875,1298.0,1136358
2026-05-20,1283.199951171875,1283.199951171875,1289.0,1261.5,1278.0,1039407
2026-05-21,1281.300048828125,1281.300048828125,1293.0,1272.800048828125,1293.0,5339554
2026-05-22,1285.5,1285.5,1289.9000244140625,1278.0999755859375,1284.199951171875,588674
2026-05-25,1289.4000244140625,1289.4000244140625,1297.4000244140625,1284.0,1290.699951171875,922291
2026-05-26,1293.5999755859375,1293.5999755859375,1301.0,1282.699951171875,1289.4000244140625,1712866
2026-05-27,1309.300048828125,1309.300048828125,1328.0,1295.0,1295.0,2030720
2026-05-28,1309.300048828125,1309.300048828125,1309.300048828125,1309.300048828125,1309.300048828125,0
2026-05-29,1278.0,1278.0,1312.199951171875,1270.300048828125,1309.5,3129836
2026-06-01,1299.4000244140625,1299.4000244140625,1304.800048828125,1279.5,1279.5,1388242
2026-06-02,1310.800048828125,1310.800048828125,1316.9000244140625,1290.199951171875,1297.5,1602109
2026-06-03,1312.9000244140625,1312.9000244140625,1318.5,1297.300048828125,1315.0,814920
2026-06-04,1301.0999755859375,1301.0999755859375,1314.0,1294.199951171875,1311.0,958385
2026-06-05,1284.0,1284.0,1309.800048828125,1266.5,1301.0999755859375,1618038
2026-06-08,1260.699951171875,1260.699951171875,1273.0,1255.0,1270.0,1172766
2026-06-09,1261.699951171875,1261.699951171875,1273.0,1257.0999755859375,1265.0,1070798
2026-06-10,1269.800048828125,1269.800048828125,1292.0,1252.5,1266.0,3053155
2026-06-11,1282.300048828125,1282.300048828125,1293.4000244140625,1261.0,1266.0,1915489
