Date,Adj Close,Close,High,Low,Open,Volume
,NESTLEIND.NS,NESTLEIND.NS,NESTLEIND.NS,NESTLEIND.NS,NESTLEIND.NS,NESTLEIND.NS
2021-01-01,872.2166748046875,922.5349731445312,926.0,915.302490234375,919.4849853515625,1005720
2021-01-04,868.7774658203125,918.8975219726562,931.5,916.4874877929688,924.75,1240700
2021-01-05,877.3008422851562,927.9124755859375,931.0,913.9025268554688,917.1749877929688,1673460
2021-01-06,875.2681884765625,925.7625122070312,930.0,921.5,925.5025024414062,1154120
2021-01-07,856.9285278320312,906.364990234375,930.75,902.5050048828125,929.9500122070312,2412100
2021-01-08,865.3881225585938,915.3125,917.5,900.0,911.364990234375,3032700
2021-01-11,869.4157104492188,919.572509765625,927.29248046875,909.405029296875,917.5,2291100
2021-01-12,850.8683471679688,899.9550170898438,921.9974975585938,897.5,920.5,2831320
2021-01-13,851.8231201171875,900.9650268554688,913.75,898.25,901.9974975585938,2187740
2021-01-14,857.1791381835938,906.6300048828125,911.469970703125,902.4500122070312,902.4500122070312,1169760
2021-01-15,843.0635375976562,891.7000122070312,912.4500122070312,890.0,905.5025024414062,1928020
2021-01-18,833.4529418945312,881.5349731445312,903.7000122070312,877.8375244140625,892.4974975585938,2413480
2021-01-19,839.3147583007812,887.7349853515625,891.0250244140625,883.5,886.5,1256980
2021-01-20,835.8450317382812,884.0650024414062,897.0,881.1525268554688,888.3499755859375,1476620
2021-01-21,837.4995727539062,885.8150024414062,895.0,882.7675170898438,888.5,1419540
2021-01-22,831.510009765625,879.47998046875,894.114990234375,877.5,889.2000122070312,1965000
2021-01-25,823.2681274414062,870.7625122070312,885.0,861.4924926757812,882.5999755859375,2328720
2021-01-27,829.075439453125,876.905029296875,879.885009765625,867.0125122070312,873.6475219726562,1328040
2021-01-28,821.96337890625,869.3825073242188,876.0,860.1500244140625,873.5,1781100
2021-01-29,806.4742431640625,853.0,873.3925170898438,848.0650024414062,869.2525024414062,2257760
2021-02-01,807.7838134765625,854.385009765625,863.7849731445312,850.0,860.0,1688120
2021-02-02,812.6339721679688,859.5150146484375,867.5,852.7249755859375,857.5025024414062,2605960
2021-02-03,811.5042114257812,858.3200073242188,864.4500122070312,852.5499877929688,860.0025024414062,2246500
2021-02-04,807.1361694335938,853.7000122070312,861.3474731445312,852.6224975585938,859.9949951171875,1842000
2021-02-05,809.1098022460938,855.7874755859375,858.3599853515625,850.1500244140625,856.552490234375,1961940
2021-02-08,813.952880859375,860.9099731445312,864.2449951171875,855.0574951171875,859.0,2432140
2021-02-09,818.7156372070312,865.947509765625,875.5,857.5,860.5499877929688,2420240
2021-02-10,812.021728515625,858.8674926757812,871.8400268554688,854.3250122070312,867.010009765625,2331520
2021-02-11,823.126220703125,870.6124877929688,872.3724975585938,857.5,859.4949951171875,1307320
2021-02-12,817.5504150390625,864.7150268554688,875.9500122070312,862.0,870.5050048828125,1090560
2021-02-15,826.3218383789062,873.9924926757812,875.3375244140625,862.9025268554688,867.4500122070312,2202380
2021-02-16,813.9080200195312,860.8624877929688,882.2999877929688,856.9550170898438,877.75,4595480
2021-02-17,791.4037475585938,837.0599975585938,845.0,817.5,845.0,11986860
2021-02-18,773.6055908203125,818.2349853515625,845.0,815.0,837.7999877929688,5021320
2021-02-19,774.1586303710938,818.8200073242188,823.2349853515625,810.6475219726562,821.5,2605500
2021-02-22,760.9176025390625,804.8150024414062,826.5,801.22998046875,820.552490234375,4298300
2021-02-23,764.3992309570312,808.4974975585938,812.75,800.10498046875,806.5499877929688,2859960
2021-02-24,772.728515625,817.3074951171875,818.9000244140625,805.0,814.1500244140625,1686840
2021-02-25,761.74951171875,805.6950073242188,818.6649780273438,805.0,815.2999877929688,3714260
2021-02-26,761.1681518554688,805.0800170898438,814.219970703125,800.1950073242188,802.5250244140625,4537460
2021-03-01,770.1900634765625,814.6224975585938,818.3800048828125,805.0,811.7999877929688,1814360
2021-03-02,783.6015014648438,828.8074951171875,831.0,814.4874877929688,815.0999755859375,2461940
2021-03-03,789.420654296875,834.9625244140625,836.0,827.33251953125,835.25,1857460
2021-03-04,787.650390625,833.0900268554688,835.3975219726562,822.25,832.8275146484375,2599620
2021-03-05,793.3750610351562,839.14501953125,842.0,822.7999877929688,825.7999877929688,2054820
2021-03-08,796.6629028320312,842.6224975585938,845.0,830.3499755859375,836.2525024414062,1836840
2021-03-09,799.4212646484375,845.5399780273438,847.4974975585938,833.0,845.510009765625,1854340
2021-03-10,800.3974609375,846.572509765625,850.0,839.25,847.4849853515625,1275760
2021-03-12,790.517333984375,836.1224975585938,850.4924926757812,832.5,848.8499755859375,1698280
2021-03-15,795.7457885742188,841.6525268554688,843.9924926757812,831.5,843.9924926757812,1379660
2021-03-16,791.4390869140625,837.0974731445312,851.0,834.75,841.75,1689400
2021-03-17,777.9097900390625,822.7874755859375,839.5,817.0025024414062,839.5,3143460
2021-03-18,765.8787841796875,810.0625,831.2474975585938,809.0,823.39501953125,1927300
2021-03-19,777.6780395507812,822.54248046875,829.75,803.5,810.0,3988320
2021-03-22,784.1640014648438,829.4025268554688,833.75,817.5499877929688,822.5499877929688,2175720
2021-03-23,788.5745849609375,834.0675048828125,837.5,825.3200073242188,828.75,2007160
2021-03-24,777.5481567382812,822.405029296875,838.489990234375,820.9625244140625,830.0,1511100
2021-03-25,764.4061889648438,808.5050048828125,829.2249755859375,805.7999877929688,821.25,2174080
2021-03-26,783.3934936523438,828.5875244140625,830.9224853515625,812.7000122070312,814.9500122070312,2531560
2021-03-30,811.43798828125,858.25,862.677490234375,830.5,830.5,2978040
2021-03-31,811.4474487304688,858.260009765625,864.9500122070312,847.5775146484375,864.9500122070312,2206620
2021-04-01,807.5686645507812,854.157470703125,859.427490234375,848.3800048828125,858.260009765625,1663520
2021-04-05,797.9912719726562,844.0275268554688,857.5,836.1950073242188,857.5,1631140
2021-04-06,807.500244140625,854.0850219726562,856.0,840.0,845.5,1283860
2021-04-07,823.0126953125,870.4924926757812,893.2974853515625,851.25,855.0,3569300
2021-04-08,836.25146484375,884.4949951171875,887.9500122070312,866.342529296875,871.2525024414062,2360120
2021-04-09,831.6423950195312,879.6199951171875,892.4500122070312,875.0,880.5549926757812,1478880
2021-04-12,827.3547973632812,875.0850219726562,881.0,867.0549926757812,868.7575073242188,1150640
2021-04-13,811.6200561523438,858.4425048828125,879.9974975585938,852.0050048828125,879.3499755859375,2210540
2021-04-15,797.759521484375,843.782470703125,870.0,838.75,866.25,2366280
2021-04-16,815.5553588867188,862.60498046875,866.75,843.1400146484375,848.4500122070312,1883800
2021-04-19,807.8902587890625,854.4974975585938,862.0,847.5,860.052490234375,1018760
2021-04-20,808.1596069335938,854.782470703125,871.0,844.5025024414062,871.0,2073740
2021-04-22,793.7319946289062,839.5225219726562,859.5,827.5625,859.5,4088620
2021-04-23,785.9437255859375,831.2849731445312,839.9650268554688,830.25,839.25,1372000
2021-04-26,797.5208740234375,843.530029296875,844.75,833.1824951171875,839.9525146484375,3047240
2021-04-27,793.190673828125,838.9500122070312,846.5,837.5,844.9500122070312,893020
2021-04-28,786.32666015625,831.6900024414062,841.5549926757812,830.5499877929688,838.75,1737520
2021-04-29,784.3661499023438,825.1275024414062,835.72998046875,824.0,833.9500122070312,1604140
2021-04-30,775.1786499023438,815.4625244140625,828.4600219726562,812.75,825.0,1955660
2021-05-03,784.565673828125,825.3375244140625,828.7474975585938,813.6325073242188,818.0,1280960
2021-05-04,786.4597778320312,827.3300170898438,831.0,819.0,825.5125122070312,2115920
2021-05-05,786.5858154296875,827.4625244140625,830.5,822.8724975585938,828.052490234375,706440
2021-05-06,794.58740234375,835.8800048828125,838.489990234375,826.2525024414062,826.2525024414062,1406380
2021-05-07,796.6668701171875,838.0675048828125,839.905029296875,833.25,839.427490234375,753320
2021-05-10,797.9002685546875,839.364990234375,842.5,833.5,841.5,953160
2021-05-11,801.8358154296875,843.5050048828125,847.4500122070312,835.5175170898438,837.4500122070312,1201260
2021-05-12,794.6016845703125,835.89501953125,842.8699951171875,831.0,838.5125122070312,1211520
2021-05-14,818.6636352539062,861.20751953125,863.0,830.25,835.8499755859375,1931640
2021-05-17,809.8135986328125,851.8975219726562,865.0,850.030029296875,861.0,1214060
2021-05-18,816.5938110351562,859.030029296875,862.447509765625,852.0999755859375,856.010009765625,1108780
2021-05-19,829.3676147460938,872.467529296875,873.25,859.3499755859375,859.3499755859375,1768740
2021-05-20,821.5726318359375,864.2675170898438,874.9824829101562,861.0999755859375,873.0,985060
2021-05-21,831.6370239257812,874.85498046875,877.5,864.0125122070312,869.2675170898438,1345200
2021-05-24,825.1349487304688,868.0150146484375,879.4025268554688,865.0374755859375,870.0025024414062,1144120
2021-05-25,832.5400390625,875.8049926757812,887.9400024414062,871.1024780273438,874.8499755859375,1439040
2021-05-26,833.73779296875,877.0650024414062,880.8674926757812,868.4000244140625,875.8049926757812,916060
2021-05-27,843.50048828125,887.3350219726562,895.0,871.7650146484375,877.5,2393260
2021-05-28,832.2216186523438,875.469970703125,890.717529296875,875.0,888.5,1063240
2021-05-31,841.0693359375,884.7775268554688,887.2625122070312,870.7625122070312,875.4500122070312,1140460
2021-06-01,844.0614624023438,887.9249877929688,890.5,873.95751953125,879.9500122070312,1155020
2021-06-02,839.0706176757812,882.6749877929688,890.6599731445312,875.5050048828125,875.8099975585938,1485240
2021-06-03,846.0054321289062,889.969970703125,892.7474975585938,878.0,882.5,1007980
2021-06-04,828.2957763671875,871.3400268554688,885.3200073242188,869.0,884.552490234375,4036440
2021-06-07,833.3219604492188,876.6275024414062,879.5,867.6749877929688,873.7274780273438,988720
2021-06-08,830.94775390625,874.1300048828125,880.6475219726562,870.1699829101562,876.5025024414062,948940
2021-06-09,834.4911499023438,877.8574829101562,881.280029296875,872.0,873.0,837560
2021-06-10,834.4412231445312,877.8049926757812,883.75,874.5,876.25,841060
2021-06-11,833.5050048828125,876.8200073242188,880.4500122070312,868.25,880.4500122070312,979940
2021-06-14,835.4584350585938,878.875,881.5,870.8800048828125,873.0700073242188,730460
2021-06-15,840.5584716796875,884.239990234375,885.5,875.5499877929688,882.2999877929688,943920
2021-06-16,853.8858642578125,898.260009765625,903.4249877929688,880.6525268554688,882.510009765625,2339240
2021-06-17,858.3464965820312,902.9525146484375,909.4650268554688,895.0,895.75,1515740
2021-06-18,839.8858032226562,883.532470703125,904.947509765625,880.0,902.9500122070312,2953400
2021-06-21,838.864013671875,882.45751953125,885.5025024414062,875.6500244140625,881.5700073242188,803600
2021-06-22,828.7591552734375,871.8275146484375,887.3975219726562,870.5,883.5,1410640
2021-06-23,827.725341796875,870.739990234375,878.0,868.5,874.9974975585938,741680
2021-06-24,837.4666137695312,880.9874877929688,883.5,866.1199951171875,870.7525024414062,1300900
2021-06-25,832.0933837890625,875.3350219726562,882.5,871.75,878.5125122070312,780000
2021-06-28,832.0672607421875,875.3074951171875,881.0,872.6749877929688,875.3524780273438,809000
2021-06-29,836.4922485351562,879.9625244140625,887.5,874.4824829101562,879.5,1421920
2021-06-30,838.0963134765625,881.6500244140625,887.25,878.75,882.0,1031340
2021-07-01,838.7238159179688,882.3099975585938,886.25,878.4749755859375,881.5,534000
2021-07-02,836.622802734375,880.0999755859375,884.0,874.2999877929688,883.9500122070312,614460
2021-07-05,838.4932861328125,882.0675048828125,885.5999755859375,876.1649780273438,880.2550048828125,686440
2021-07-06,830.3536987304688,873.5050048828125,881.8925170898438,870.8499755859375,881.7775268554688,1251020
2021-07-07,842.0864868164062,885.8474731445312,890.0,868.0125122070312,870.0,1090380
2021-07-08,837.42626953125,880.9450073242188,884.9924926757812,876.905029296875,880.7999877929688,597360
2021-07-09,838.2389526367188,881.7999877929688,884.0,877.5,877.7525024414062,538820
2021-07-12,838.49560546875,882.0700073242188,887.7675170898438,878.5800170898438,887.7650146484375,666020
2021-07-13,840.8958129882812,884.594970703125,886.6500244140625,880.0549926757812,886.5,500080
2021-07-14,833.661865234375,876.9849853515625,884.594970703125,876.0,884.594970703125,1017220
2021-07-15,837.56640625,881.092529296875,882.8900146484375,872.5,876.25,556780
2021-07-16,839.1040649414062,882.7100219726562,885.75,876.8975219726562,882.75,733700
2021-07-19,843.7738037109375,887.6224975585938,892.25,877.5,877.5,1028040
2021-07-20,848.7003784179688,892.8049926757812,895.3499755859375,885.0499877929688,887.4974975585938,891880
2021-07-22,855.2927856445312,899.739990234375,902.322509765625,885.0,892.8049926757812,2266340
2021-07-23,862.3818359375,907.197509765625,911.2000122070312,894.1124877929688,896.5175170898438,1504620
2021-07-26,860.3570556640625,905.0675048828125,909.3875122070312,900.5399780273438,903.592529296875,1069900
2021-07-27,866.286376953125,911.3049926757812,922.4500122070312,898.625,900.5999755859375,2783140
2021-07-28,856.61181640625,901.1275024414062,916.7000122070312,895.0499877929688,916.7000122070312,1752740
2021-07-29,851.4878540039062,895.7374877929688,910.0,889.0,897.5,2710720
2021-07-30,841.4067993164062,885.1325073242188,897.7974853515625,882.7525024414062,895.7374877929688,1667400
2021-08-02,841.9772338867188,885.7324829101562,895.0399780273438,883.75,889.7899780273438,639480
2021-08-03,869.0430908203125,914.2050170898438,919.0,882.7000122070312,883.510009765625,1262560
2021-08-04,858.2656860351562,902.8674926757812,917.4974975585938,900.85498046875,914.7050170898438,816440
2021-08-05,865.4617919921875,910.4375,914.2050170898438,900.0999755859375,907.5,759280
2021-08-06,856.5213623046875,901.032470703125,910.4000244140625,899.0,910.0,767480
2021-08-09,865.1552124023438,910.114990234375,911.75,901.032470703125,903.5,612720
2021-08-10,868.52978515625,913.6649780273438,918.5349731445312,904.2550048828125,910.5,1229340
2021-08-11,863.515380859375,908.3900146484375,915.75,901.2675170898438,915.75,699700
2021-08-12,861.9017333984375,906.6925048828125,912.3975219726562,904.0,909.0399780273438,489880
2021-08-13,868.3516235351562,913.4774780273438,914.5025024414062,906.5850219726562,909.9849853515625,822460
2021-08-16,869.5731201171875,914.7625122070312,924.9500122070312,908.8574829101562,913.4774780273438,899420
2021-08-17,890.35791015625,936.6275024414062,939.8724975585938,915.0700073242188,917.5,1504020
2021-08-18,898.8397827148438,945.5499877929688,948.4500122070312,937.5025024414062,937.5499877929688,799760
2021-08-20,930.2214965820312,978.5625,982.0549926757812,927.7625122070312,927.7625122070312,2862140
2021-08-23,951.600341796875,1001.052490234375,1004.75,977.8825073242188,985.0,2974840
2021-08-24,940.1361083984375,988.9924926757812,1009.9500122070312,983.25,1005.0,1661680
2021-08-25,946.31494140625,995.4924926757812,1016.25,989.2999877929688,989.2999877929688,2003180
2021-08-26,953.1046752929688,1002.635009765625,1005.9849853515625,990.2775268554688,998.7474975585938,1264080
2021-08-27,948.5726928710938,997.8674926757812,1005.0,994.7999877929688,1005.0,702080
2021-08-30,938.3489990234375,987.1124877929688,1006.125,984.2125244140625,1002.5,2679160
2021-08-31,925.302001953125,973.3875122070312,991.9974975585938,967.5,987.25,4547400
2021-09-01,942.3700561523438,991.342529296875,994.5,977.60498046875,987.3400268554688,2096860
2021-09-02,962.0357055664062,1012.030029296875,1014.5,988.0499877929688,993.7000122070312,1571540
2021-09-03,963.2737426757812,1013.33251953125,1017.1500244140625,1005.052490234375,1012.5,939560
2021-09-06,961.2085571289062,1011.1599731445312,1017.4000244140625,1008.0,1013.0075073242188,681380
2021-09-07,968.1122436523438,1018.4224853515625,1019.635009765625,1008.3074951171875,1008.3074951171875,683060
2021-09-08,942.9760131835938,991.97998046875,1026.5,989.25,1015.0,3447460
2021-09-09,972.3304443359375,1022.8599853515625,1026.25,992.02001953125,995.5,2207220
2021-09-13,972.0952758789062,1022.6124877929688,1025.0,1011.5,1015.0,750060
2021-09-14,961.5531616210938,1011.5225219726562,1030.45751953125,1009.0,1022.5,1183700
2021-09-15,956.2654418945312,1005.9600219726562,1018.5,1004.39501953125,1018.4924926757812,752120
2021-09-16,951.9236450195312,1001.3925170898438,1012.0850219726562,998.5,1005.302490234375,1025300
2021-09-17,958.9508666992188,1008.7849731445312,1014.9500122070312,1005.0025024414062,1007.75,1902580
2021-09-20,965.9330444335938,1016.1300048828125,1019.2999877929688,1005.0499877929688,1006.25,1830260
2021-09-21,959.609130859375,1009.4774780273438,1016.5,1000.1074829101562,1010.0,2168220
2021-09-22,947.0447998046875,996.260009765625,1008.6925048828125,990.5050048828125,1008.6925048828125,2150460
2021-09-23,942.9476318359375,991.9500122070312,1006.0499877929688,991.0,1000.0,1074480
2021-09-24,944.147705078125,993.2125244140625,999.0,990.0,996.3499755859375,837880
2021-09-27,933.5936279296875,982.1099853515625,995.0,980.0549926757812,995.0,919480
2021-09-28,928.9618530273438,977.2374877929688,985.9324951171875,972.9525146484375,984.5,1153720
2021-09-29,927.1556396484375,975.3375244140625,985.0,971.08251953125,977.2374877929688,925900
2021-09-30,924.2469482421875,972.2775268554688,979.4974975585938,965.8074951171875,973.9149780273438,887460
2021-10-01,929.208984375,977.4974975585938,982.2474975585938,962.6024780273438,972.25,797380
2021-10-04,926.4998168945312,974.6475219726562,982.5,968.1024780273438,977.4974975585938,655920
2021-10-05,921.8704833984375,969.7775268554688,979.3524780273438,967.2424926757812,975.0,546560
2021-10-06,910.5392456054688,957.8574829101562,981.2125244140625,953.9000244140625,972.2449951171875,1452160
2021-10-07,905.2395629882812,952.282470703125,965.2100219726562,947.7675170898438,960.0399780273438,953900
2021-10-08,902.4258422851562,949.322509765625,958.9974975585938,946.8775024414062,952.75,1744920
2021-10-11,907.09326171875,954.2324829101562,959.7750244140625,950.1325073242188,951.0499877929688,776040
2021-10-12,922.828125,970.7849731445312,972.5,948.5025024414062,953.4450073242188,1444980
2021-10-13,918.310302734375,966.032470703125,980.2525024414062,961.302490234375,975.0,1078500
2021-10-14,918.5361328125,966.27001953125,971.4375,961.25,969.7000122070312,843800
2021-10-18,923.9093627929688,971.9224853515625,980.0,961.0,980.0,1126060
2021-10-19,920.5822143554688,968.4224853515625,986.6024780273438,964.2025146484375,973.75,1186040
2021-10-20,916.2665405273438,963.8825073242188,1010.0,952.5225219726562,965.0,4355380
2021-10-21,914.1513671875,961.657470703125,984.0,952.8350219726562,973.0,1519240
2021-10-22,903.3883666992188,950.3350219726562,971.9000244140625,942.5,971.9000244140625,910300
2021-10-25,888.632568359375,934.8125,950.0474853515625,930.217529296875,950.0,1082920
2021-10-26,918.8182373046875,960.8800048828125,964.0,931.947509765625,933.9949951171875,2133160
2021-10-27,908.634521484375,950.22998046875,971.0,945.5775146484375,959.864990234375,1057640
2021-10-28,908.0033569335938,949.5700073242188,955.9249877929688,942.6749877929688,950.5,629000
2021-10-29,908.4217529296875,950.0075073242188,960.0,937.907470703125,950.0,985500
2021-11-01,905.5267944335938,946.97998046875,954.9450073242188,936.7974853515625,954.9450073242188,851420
2021-11-02,897.6068115234375,938.697509765625,951.7025146484375,931.9774780273438,945.0499877929688,698980
2021-11-03,895.8473510742188,936.8574829101562,944.3975219726562,928.0499877929688,943.0,889580
2021-11-04,903.1195068359375,944.4625244140625,947.4500122070312,940.594970703125,945.0,138100
2021-11-08,910.7692260742188,952.4625244140625,954.7974853515625,934.0,947.4500122070312,866240
2021-11-09,905.5816650390625,947.0374755859375,952.25,940.052490234375,950.8474731445312,872960
2021-11-10,906.1625366210938,947.64501953125,952.1300048828125,940.0,947.39501953125,761180
2021-11-11,901.43408203125,942.7000122070312,947.5,933.5025024414062,947.5,839120
2021-11-12,915.2252807617188,957.1224975585938,962.9600219726562,943.04248046875,947.5,1330240
2021-11-15,931.2013549804688,973.8300170898438,974.9500122070312,953.4924926757812,960.0,1016660
2021-11-16,930.5079956054688,973.10498046875,979.9500122070312,966.0499877929688,972.5075073242188,922400
2021-11-17,931.2228393554688,973.8524780273438,978.25,968.1500244140625,970.2000122070312,1085520
2021-11-18,927.802001953125,970.2750244140625,974.4400024414062,964.0025024414062,970.0,832140
2021-11-22,908.1922607421875,949.7675170898438,978.29248046875,941.625,970.6749877929688,882760
2021-11-23,917.0947265625,959.0775146484375,962.3200073242188,945.2349853515625,949.7999877929688,739200
2021-11-24,912.5692749023438,954.344970703125,964.5,947.5,960.0,687100
2021-11-25,916.9273071289062,958.9025268554688,960.5,945.2849731445312,954.25,594900
2021-11-26,919.0406494140625,961.1124877929688,971.7050170898438,949.125,957.4425048828125,1128820
2021-11-29,908.4336547851562,950.02001953125,958.114990234375,940.0,952.5,962140
2021-11-30,915.7081909179688,957.6275024414062,971.2449951171875,946.7725219726562,950.02001953125,3395600
2021-12-01,927.4337768554688,969.8900146484375,972.4949951171875,958.094970703125,960.5,1096240
2021-12-02,932.47314453125,975.1599731445312,982.5,961.3375244140625,969.8900146484375,972000
2021-12-03,923.7786254882812,966.0675048828125,974.9400024414062,956.8499755859375,970.1099853515625,1508960
2021-12-06,909.2034912109375,950.8250122070312,970.780029296875,946.45751953125,970.0,698540
2021-12-07,924.8735961914062,967.2125244140625,972.1824951171875,948.7999877929688,961.2999877929688,1408580
2021-12-08,931.3209228515625,973.9550170898438,976.2474975585938,961.2525024414062,961.2525024414062,671560
2021-12-09,922.02880859375,964.2374877929688,977.4500122070312,958.1224975585938,975.0,810440
2021-12-10,921.3355102539062,963.5125122070312,965.5,951.5225219726562,961.0499877929688,788980
2021-12-13,907.5538940429688,949.0999755859375,967.4749755859375,946.2000122070312,961.010009765625,1089800
2021-12-14,919.8319091796875,961.9400024414062,966.1475219726562,945.6699829101562,947.655029296875,1381340
2021-12-15,918.1250610351562,960.155029296875,965.155029296875,952.5,957.552490234375,1298180
2021-12-16,920.709228515625,962.8574829101562,965.7675170898438,956.27001953125,960.25,808340
2021-12-17,912.2227172851562,953.9824829101562,961.6525268554688,950.0,955.7525024414062,1085560
2021-12-20,902.7369995117188,944.0625,953.4099731445312,930.0,950.0,1426200
2021-12-21,918.9569702148438,961.0250244140625,964.2974853515625,945.0025024414062,949.3499755859375,693560
2021-12-22,917.5274047851562,959.530029296875,966.9974975585938,950.614990234375,961.5,732240
2021-12-23,918.385498046875,960.427490234375,964.9974975585938,957.75,964.75,951380
2021-12-24,919.1337890625,961.2100219726562,971.7025146484375,958.5549926757812,960.427490234375,684400
2021-12-27,922.8701782226562,965.1174926757812,970.0,954.9724731445312,959.2999877929688,531760
2021-12-28,925.3875122070312,967.75,973.427490234375,961.75,967.5,420980
2021-12-29,927.5222778320312,969.9824829101562,972.5499877929688,962.5775146484375,967.75,585380
2021-12-30,927.8521728515625,970.3275146484375,979.25,966.1599731445312,969.5,797360
2021-12-31,942.1549682617188,985.2849731445312,990.7474975585938,967.510009765625,968.75,797740
2022-01-03,940.8282470703125,983.8975219726562,990.7000122070312,981.9025268554688,984.75,517380
2022-01-04,950.9212036132812,994.4525146484375,997.3900146484375,981.4025268554688,983.9000244140625,700680
2022-01-05,953.1538696289062,996.7874755859375,1001.25,991.4550170898438,993.7000122070312,648640
2022-01-06,939.374755859375,982.3775024414062,996.7874755859375,976.75,987.5050048828125,614180
2022-01-07,951.5809936523438,995.1425170898438,998.0,979.3524780273438,982.5250244140625,979660
2022-01-10,942.2650146484375,985.4000244140625,998.4450073242188,983.9525146484375,995.1500244140625,412340
2022-01-11,944.8442993164062,988.0974731445312,991.25,977.5,977.5,635760
2022-01-12,942.2218627929688,985.35498046875,992.5,983.0,992.5,474220
2022-01-13,942.5708618164062,985.719970703125,987.5,980.0,987.5,707660
2022-01-14,927.546142578125,970.0075073242188,985.967529296875,963.5,985.719970703125,743800
2022-01-17,924.34521484375,966.6599731445312,975.75,955.5549926757812,970.0,728060
2022-01-18,926.563720703125,968.97998046875,972.5,959.4000244140625,964.0999755859375,724160
2022-01-19,905.4024047851562,946.8499755859375,972.2474975585938,928.60498046875,968.5,1647660
2022-01-20,895.7014770507812,936.7050170898438,954.0,930.2525024414062,940.0,1581120
2022-01-21,907.1834106445312,948.7125244140625,953.1124877929688,930.5025024414062,933.0,1104820
2022-01-24,894.919677734375,935.8875122070312,952.0,930.0,948.7125244140625,1068740
2022-01-25,898.4100341796875,939.5374755859375,944.2025146484375,915.6475219726562,928.657470703125,1157600
2022-01-27,879.0320434570312,919.2725219726562,939.5,910.8875122070312,927.5,1085180
2022-01-28,878.9818725585938,919.219970703125,932.4500122070312,916.4124755859375,920.0,748460
2022-01-31,885.5392456054688,926.0775146484375,931.9949951171875,921.4000244140625,921.4000244140625,595220
2022-02-01,892.7180786132812,933.5850219726562,938.9099731445312,921.0499877929688,930.0,535820
2022-02-02,884.5399169921875,925.032470703125,942.5,922.032470703125,941.0,1208320
2022-02-03,875.2621459960938,915.3300170898438,928.9824829101562,913.0549926757812,921.0,687080
2022-02-04,876.4598388671875,916.58251953125,920.0,910.1400146484375,920.0,898480
2022-02-07,864.0814819335938,903.6375122070312,921.0,895.5499877929688,916.58251953125,969380
2022-02-08,864.7699584960938,904.3574829101562,910.7125244140625,899.5,910.25,787700
2022-02-09,867.0601196289062,906.7525024414062,911.8574829101562,901.072509765625,904.5,964860
2022-02-10,867.2896728515625,906.9924926757812,910.64501953125,900.5,905.0499877929688,1008440
2022-02-11,851.7677001953125,890.760009765625,906.75,881.0,906.75,1919600
2022-02-14,844.83740234375,883.5125122070312,890.0125122070312,871.489990234375,885.7999877929688,858340
2022-02-15,869.5487670898438,909.35498046875,916.1624755859375,878.572509765625,883.5125122070312,1003400
2022-02-16,871.3033447265625,911.1900024414062,919.8699951171875,901.6749877929688,908.3499755859375,808200
2022-02-17,866.62744140625,906.2999877929688,920.0,898.0075073242188,920.0,2276800
2022-02-18,861.0478515625,900.4650268554688,911.6199951171875,890.5549926757812,899.4000244140625,1926560
2022-02-21,865.676025390625,905.3049926757812,908.0,891.25,898.8499755859375,740720
2022-02-22,865.9102783203125,905.5499877929688,909.66748046875,886.9824829101562,899.25,1261740
2022-02-23,857.0962524414062,896.33251953125,910.4774780273438,891.75,905.5499877929688,1184960
2022-02-24,848.3992919921875,887.2374877929688,898.4349975585938,878.0,886.5,2242100
2022-02-25,846.9817504882812,885.7550048828125,894.7474975585938,880.0,890.0,1619780
2022-02-28,843.3504638671875,881.95751953125,888.4650268554688,866.5,885.0,3157460
2022-03-02,853.17333984375,892.22998046875,894.469970703125,872.8524780273438,880.0,1732620
2022-03-03,833.6615600585938,871.8250122070312,894.0,869.4774780273438,894.0,1339280
2022-03-04,831.5267944335938,869.592529296875,877.2025146484375,851.0499877929688,865.0,1034100
2022-03-07,829.145751953125,867.1024780273438,870.3875122070312,852.0,855.0,1330840
2022-03-08,825.380615234375,863.1649780273438,876.5,848.25,865.0,1954480
2022-03-09,819.753173828125,857.280029296875,869.0,853.282470703125,869.0,1422440
2022-03-10,843.8262939453125,882.4550170898438,884.2625122070312,861.0499877929688,865.0,1329780
2022-03-11,828.44775390625,866.3724975585938,880.9025268554688,861.5,880.0,1465580
2022-03-14,830.3482666015625,868.3599853515625,873.8724975585938,857.9000244140625,873.8724975585938,773300
2022-03-15,834.8616333007812,873.0800170898438,878.0,862.2525024414062,871.0,1244220
2022-03-16,852.1598510742188,891.1699829101562,894.2750244140625,873.5499877929688,880.5,967800
2022-03-17,874.1912841796875,914.2100219726562,918.7424926757812,889.2974853515625,889.2974853515625,2017800
2022-03-21,854.6962280273438,893.822509765625,918.5,890.6749877929688,917.5,806700
2022-03-22,833.3150024414062,871.4625244140625,893.4974975585938,862.6824951171875,886.3499755859375,2804480
2022-03-23,829.2485961914062,867.2100219726562,877.5,863.0499877929688,876.75,1185580
2022-03-24,832.3037109375,870.405029296875,875.0,863.0,866.4000244140625,863620
2022-03-25,820.4991455078125,858.0599975585938,873.9000244140625,853.75,873.9000244140625,1064340
2022-03-28,806.1007690429688,843.0025024414062,867.447509765625,839.5,862.5,1602220
2022-03-29,809.0577392578125,846.094970703125,849.9974975585938,841.0,845.0,1675180
2022-03-30,827.0397338867188,864.9000244140625,867.3775024414062,851.1300048828125,855.4000244140625,1499400
2022-03-31,830.9866333007812,869.0275268554688,871.6900024414062,860.14501953125,862.5,1245620
2022-04-01,839.4324340820312,877.8599853515625,880.385009765625,862.5,869.0275268554688,623180
2022-04-04,852.00439453125,891.0075073242188,893.3250122070312,873.1024780273438,880.5,795680
2022-04-05,861.71240234375,901.1599731445312,903.0,885.9199829101562,891.2999877929688,795640
2022-04-06,870.9663696289062,910.8375244140625,913.0,893.1500244140625,898.75,941160
2022-04-07,869.61083984375,909.4199829101562,912.5,899.25,907.5,749740
2022-04-08,882.2522583007812,922.6400146484375,924.7999877929688,903.4824829101562,907.5999755859375,685620
2022-04-11,880.9874877929688,921.3175048828125,926.0125122070312,910.6500244140625,920.9000244140625,753380
2022-04-12,880.5787963867188,920.8900146484375,924.9500122070312,911.125,913.7650146484375,1098000
2022-04-13,878.8862915039062,919.1199951171875,927.4500122070312,912.5,923.75,546600
2022-04-18,887.4492797851562,928.0750122070312,934.2999877929688,915.0,915.0,1075460
2022-04-19,858.1456909179688,897.4299926757812,936.25,891.6124877929688,927.0250244140625,1318840
2022-04-20,875.1952514648438,915.260009765625,920.947509765625,899.4974975585938,909.9450073242188,1763540
2022-04-21,874.6066284179688,910.1475219726562,928.39501953125,887.5499877929688,902.5499877929688,3706820
2022-04-22,873.8762817382812,909.3875122070312,912.4724731445312,891.60498046875,902.0050048828125,2174140
2022-04-25,873.2492065429688,908.7349853515625,917.5,892.5050048828125,895.0,1690140
2022-04-26,884.8311767578125,920.7874755859375,927.2100219726562,910.0,915.0,1411860
2022-04-27,875.5701293945312,911.1500244140625,923.2849731445312,907.5,907.5999755859375,1348600
2022-04-28,885.4052734375,921.385009765625,926.739990234375,908.7525024414062,911.9249877929688,1579160
2022-04-29,880.7254638671875,916.5150146484375,933.280029296875,913.2899780273438,920.5,1267960
2022-05-02,886.0228271484375,922.0275268554688,924.0,910.5,913.4500122070312,831940
2022-05-04,869.071533203125,904.3875122070312,923.60498046875,898.532470703125,914.0549926757812,1217140
2022-05-05,845.8164672851562,880.1875,918.9199829101562,875.2999877929688,915.5075073242188,1266260
2022-05-06,816.5892333984375,849.7725219726562,879.9849853515625,848.75,874.989990234375,1799940
2022-05-09,792.9931640625,825.217529296875,852.7650146484375,822.5,849.6724853515625,2302940
2022-05-10,793.77392578125,826.030029296875,834.0,820.0499877929688,832.0,1343540
2022-05-11,793.3800048828125,825.6199951171875,831.9550170898438,811.7449951171875,826.030029296875,1235740
2022-05-12,779.3308715820312,811.0,824.2249755859375,806.3375244140625,824.2249755859375,1435520
2022-05-13,788.12109375,820.1475219726562,828.114990234375,815.2449951171875,824.5,1108780
2022-05-16,779.2755126953125,810.9425048828125,826.0,806.7224731445312,825.0999755859375,1049660
2022-05-17,784.2990112304688,816.1699829101562,819.5,808.2324829101562,819.5,1726100
2022-05-18,785.2694091796875,817.1799926757812,820.91748046875,810.5999755859375,816.1699829101562,1920180
2022-05-19,773.2887573242188,804.7125244140625,812.2474975585938,800.0,808.5,1410040
2022-05-20,810.17724609375,843.0999755859375,848.0,812.5025024414062,816.0499877929688,3049540
2022-05-23,816.5339965820312,849.7150268554688,868.5,845.5650024414062,852.9974975585938,2063460
2022-05-24,825.7974853515625,859.35498046875,863.9149780273438,842.655029296875,857.4500122070312,1848200
2022-05-25,830.4412841796875,864.1875,879.2999877929688,860.1724853515625,864.0,1630020
2022-05-26,848.158935546875,882.625,886.5,866.072509765625,871.75,2111620
2022-05-27,847.608642578125,882.052490234375,891.3474731445312,874.3599853515625,887.5,850540
2022-05-30,850.772705078125,885.344970703125,899.344970703125,881.7424926757812,885.0,1041160
2022-05-31,850.0327758789062,884.5750122070312,907.8800048828125,872.8499755859375,885.2525024414062,7190740
2022-06-01,828.413818359375,862.0775146484375,892.4224853515625,859.0050048828125,879.0,1164940
2022-06-02,835.7289428710938,869.6900024414062,873.8175048828125,851.0025024414062,862.0,1377980
2022-06-03,825.02392578125,858.5499877929688,878.3674926757812,856.280029296875,878.1500244140625,1053720
2022-06-06,816.6588134765625,849.844970703125,861.8400268554688,847.655029296875,858.5499877929688,720020
2022-06-07,804.6470947265625,837.344970703125,849.9774780273438,830.5,842.5025024414062,1015240
2022-06-08,803.5347290039062,836.1875,838.0,822.3275146484375,831.5250244140625,1632720
2022-06-09,805.66796875,838.407470703125,841.2474975585938,824.2525024414062,834.010009765625,574960
2022-06-10,805.9923706054688,838.7449951171875,843.625,826.8400268554688,833.0499877929688,896200
2022-06-13,809.8145141601562,842.7224731445312,848.489990234375,827.0,834.5,2369280
2022-06-14,810.6314086914062,843.572509765625,855.0,838.0,842.8250122070312,1321620
2022-06-15,807.3088989257812,840.114990234375,853.25,833.0,853.25,1295060
2022-06-16,810.7539672851562,843.7000122070312,847.4500122070312,830.7474975585938,847.4500122070312,1615080
2022-06-17,799.6260375976562,832.1199951171875,842.7474975585938,821.75,842.4000244140625,2912380
2022-06-20,815.2271728515625,848.35498046875,851.1475219726562,826.8775024414062,835.0,978040
2022-06-21,815.4530029296875,848.5900268554688,860.0,843.0,849.0,1112620
2022-06-22,806.00439453125,838.7575073242188,847.5,829.2775268554688,847.5,1047280
2022-06-23,815.669189453125,848.8150024414062,852.2474975585938,835.0,841.0,633500
2022-06-24,827.9381103515625,861.58251953125,862.5,846.1024780273438,847.5025024414062,607600
2022-06-27,834.0208129882812,867.9124755859375,870.3599853515625,859.135009765625,867.5,1276840
2022-06-28,836.2142944335938,870.1950073242188,874.9924926757812,852.5499877929688,865.0,1044480
2022-06-29,840.7860717773438,874.9525146484375,876.25,862.614990234375,867.5,1939440
2022-06-30,839.3900756835938,873.5,878.4400024414062,861.7100219726562,874.9525146484375,2056840
2022-07-01,855.0079956054688,889.7525024414062,891.469970703125,866.552490234375,870.0,770940
2022-07-04,864.593505859375,899.7274780273438,901.1724853515625,885.2249755859375,890.0,974580
2022-07-05,864.1346435546875,899.25,907.157470703125,895.0,899.7274780273438,828760
2022-07-06,883.5291137695312,919.4324951171875,921.4199829101562,890.0625,899.25,1567820
2022-07-07,874.70263671875,910.2474975585938,927.5,908.6799926757812,919.5,1037580
2022-07-08,884.9945068359375,920.95751953125,922.5,911.0999755859375,915.0,1176500
2022-07-11,888.369873046875,924.469970703125,926.25,917.0999755859375,920.0,787640
2022-07-12,870.8685302734375,906.2575073242188,923.5,905.052490234375,920.8375244140625,523780
2022-07-13,876.8504638671875,912.4824829101562,916.2449951171875,906.5,906.5,455020
2022-07-14,882.31103515625,918.1649780273438,922.0474853515625,906.635009765625,912.47998046875,1045880
2022-07-15,901.924072265625,938.5750122070312,941.8175048828125,918.8150024414062,920.0,990020
2022-07-18,894.9043579101562,931.27001953125,948.5999755859375,927.6275024414062,941.9349975585938,879540
2022-07-19,883.0029296875,918.885009765625,932.4249877929688,911.322509765625,929.9949951171875,874560
2022-07-20,894.5054931640625,930.85498046875,933.0,912.5,927.5,1093260
2022-07-21,905.212890625,941.9974975585938,944.4974975585938,929.6875,930.0,1013120
2022-07-22,912.3720092773438,949.447509765625,954.2000122070312,941.7775268554688,945.3875122070312,1264000
2022-07-25,901.2538452148438,937.8775024414062,950.5,935.6024780273438,949.447509765625,719180
2022-07-26,889.3355102539062,925.4749755859375,939.0,912.5125122070312,939.0,2789420
2022-07-27,890.892333984375,927.094970703125,933.4500122070312,917.5,927.2000122070312,899460
2022-07-28,918.303466796875,955.6199951171875,967.25,923.0,928.75,2609140
2022-07-29,930.1569213867188,967.9550170898438,971.1525268554688,950.052490234375,955.6199951171875,2276500
2022-08-01,925.16455078125,962.760009765625,975.0,955.25,972.0999755859375,1171340
2022-08-02,934.9471435546875,972.9400024414062,975.0499877929688,965.010009765625,968.8499755859375,1124380
2022-08-03,930.4834594726562,968.2949829101562,977.3125,952.5,967.0025024414062,1026500
2022-08-04,953.7433471679688,992.5,996.1900024414062,969.8049926757812,969.9500122070312,1765600
2022-08-05,957.1787109375,996.0750122070312,1001.0,986.4525146484375,992.0,1251200
2022-08-08,944.275634765625,982.6475219726562,999.364990234375,977.5,995.25,1149180
2022-08-10,949.8755493164062,988.4749755859375,1007.5,975.25,992.530029296875,1444140
2022-08-11,945.5559692382812,983.97998046875,999.1199951171875,979.3800048828125,990.0,1009220
2022-08-12,939.0046997070312,977.1624755859375,987.822509765625,970.6849975585938,985.0,978060
2022-08-16,945.7169799804688,984.1475219726562,992.72998046875,974.1400146484375,977.5,1321660
2022-08-17,948.2322387695312,986.7650146484375,992.197509765625,983.4600219726562,984.0999755859375,792000
2022-08-18,939.696533203125,977.8825073242188,986.6375122070312,974.0,986.0,978420
2022-08-19,934.0870971679688,972.0449829101562,983.4949951171875,967.5,980.0,733960
2022-08-22,934.6300048828125,972.6099853515625,981.5,967.5,970.0499877929688,795880
2022-08-23,942.9638061523438,981.282470703125,984.447509765625,962.5574951171875,965.0,857620
2022-08-24,945.1452026367188,983.552490234375,985.8474731445312,968.4025268554688,980.9425048828125,675360
2022-08-25,938.2071533203125,976.33251953125,989.2999877929688,973.2025146484375,983.5499877929688,518180
2022-08-26,938.27685546875,976.405029296875,983.302490234375,971.4000244140625,977.0,559780
2022-08-29,943.9583740234375,982.3175048828125,987.9500122070312,964.2550048828125,970.0,969240
2022-08-30,957.3875732421875,996.29248046875,999.75,983.0,983.0,2195020
2022-09-01,948.1193237304688,986.6475219726562,1002.5,978.72998046875,985.0,1581240
2022-09-02,939.8961181640625,978.0900268554688,992.4000244140625,976.5,987.614990234375,624820
2022-09-05,925.380859375,962.9849853515625,979.1325073242188,961.3499755859375,975.0,994480
2022-09-06,914.9161376953125,952.094970703125,965.4000244140625,947.2525024414062,963.0349731445312,1187400
2022-09-07,921.517822265625,958.9650268554688,965.3524780273438,950.75,952.094970703125,1114720
2022-09-08,918.8487548828125,956.1875,963.8499755859375,950.25,960.0499877929688,1092940
2022-09-09,915.3654174804688,952.5625,968.5,949.5399780273438,968.5,968680
2022-09-12,911.375,948.4099731445312,957.9974975585938,944.5050048828125,952.5775146484375,871200
2022-09-13,915.961181640625,953.1824951171875,963.3250122070312,948.5,948.5250244140625,1022920
2022-09-14,918.1281127929688,955.4375,961.717529296875,943.5474853515625,943.5499877929688,1232020
2022-09-15,913.3353881835938,950.4500122070312,962.8524780273438,948.8875122070312,959.7000122070312,669100
2022-09-16,884.2761840820312,920.2100219726562,950.4500122070312,917.0275268554688,950.4450073242188,2323260
2022-09-19,901.623779296875,938.2625122070312,942.0,913.364990234375,924.8125,1072620
2022-09-20,894.48388671875,930.83251953125,946.0,928.7550048828125,940.5,1676000
2022-09-21,896.0814208984375,932.4949951171875,944.469970703125,929.552490234375,930.7999877929688,925980
2022-09-22,895.5240478515625,931.9149780273438,941.75,929.0275268554688,932.4949951171875,1558620
2022-09-23,888.6821899414062,924.7949829101562,932.8099975585938,922.5025024414062,929.5499877929688,716840
2022-09-26,886.6353149414062,922.6649780273438,944.4949951171875,919.8775024414062,924.7899780273438,2261700
2022-09-27,897.1746215820312,933.6325073242188,939.75,927.2849731445312,927.4025268554688,1386280
2022-09-28,905.260986328125,942.0474853515625,948.9500122070312,926.2849731445312,932.75,2110340
2022-09-29,911.901123046875,948.95751953125,956.5,939.5625,946.760009765625,1743900
2022-09-30,919.8602294921875,957.239990234375,959.75,944.7000122070312,947.5,1619460
2022-10-03,912.5474243164062,949.6300048828125,957.197509765625,938.5,955.875,1040920
2022-10-04,925.0037231445312,962.592529296875,967.5,952.5599975585938,962.5,745780
2022-10-06,927.324462890625,965.0075073242188,976.2575073242188,961.8624877929688,967.10498046875,1340720
2022-10-07,928.3261108398438,966.0499877929688,969.0,958.3800048828125,963.760009765625,792260
2022-10-10,918.623046875,955.9525146484375,960.25,950.2474975585938,955.0,692380
2022-10-11,886.4744262695312,922.4974975585938,960.7324829101562,920.5125122070312,960.25,1098520
2022-10-12,899.7091674804688,936.27001953125,938.342529296875,922.4974975585938,927.0,774960
2022-10-13,901.546875,938.1824951171875,946.08251953125,930.25,939.5,605540
2022-10-14,909.4435424804688,946.4000244140625,950.6875,942.5,947.9425048828125,441300
2022-10-17,909.0663452148438,946.0075073242188,953.0,939.6099853515625,942.5,348500
2022-10-18,931.5382080078125,969.3925170898438,971.4525146484375,949.5,951.0,1070220
2022-10-19,948.414794921875,986.9550170898438,992.4000244140625,962.7249755859375,969.3925170898438,2609600
2022-10-20,963.8861694335938,1003.0549926757812,1007.1849975585938,985.0,985.9500122070312,2257080
2022-10-21,975.1220092773438,1014.7474975585938,1017.5,999.125,1003.0549926757812,1143860
2022-10-24,1002.9942626953125,1043.75244140625,1052.5,1017.5025024414062,1017.75,903960
2022-10-25,974.5191040039062,1014.1199951171875,1052.43994140625,1010.8499755859375,1040.0,1427060
2022-10-27,967.352783203125,1006.6624755859375,1023.75,995.5,1023.4249877929688,2029480
2022-10-28,974.5214233398438,1014.1224975585938,1018.5974731445312,1002.5075073242188,1006.6624755859375,1298600
2022-10-31,984.2340087890625,1018.1699829101562,1023.5,1007.5,1014.1224975585938,1591100
2022-11-01,995.18408203125,1029.49755859375,1036.7425537109375,1018.5,1019.9774780273438,794120
2022-11-02,985.3916015625,1019.3674926757812,1035.0,1011.1300048828125,1029.5,866340
2022-11-03,987.136474609375,1021.1724853515625,1023.75,1007.5025024414062,1011.14501953125,706560
2022-11-04,987.2258911132812,1021.2650146484375,1026.75,1015.2349853515625,1021.1724853515625,377460
2022-11-07,989.8817749023438,1024.012451171875,1036.0,1018.510009765625,1022.5750122070312,1354440
2022-11-09,982.1315307617188,1015.9949951171875,1042.1175537109375,1010.25,1030.7724609375,1044900
2022-11-10,975.1425170898438,1008.7650146484375,1020.0,1002.2474975585938,1014.97998046875,779820
2022-11-11,982.2571411132812,1016.125,1025.0,1010.0050048828125,1013.8099975585938,716740
2022-11-14,969.8209838867188,1003.260009765625,1019.6224975585938,994.635009765625,1016.1500244140625,969520
2022-11-15,969.3546142578125,1002.7775268554688,1009.2974853515625,992.5,1008.2000122070312,786820
2022-11-16,971.4015502929688,1004.89501953125,1007.2125244140625,991.25,999.6074829101562,895520
2022-11-17,966.234619140625,999.5499877929688,1006.9849853515625,994.1325073242188,1006.5,555640
2022-11-18,963.0494995117188,996.2550048828125,1002.2874755859375,989.0,999.75,733720
2022-11-21,955.1517944335938,988.0850219726562,992.97998046875,983.280029296875,992.5999755859375,996880
2022-11-22,947.98876953125,980.6749877929688,992.4650268554688,977.5025024414062,988.0850219726562,948440
2022-11-23,945.6494750976562,978.2550048828125,990.6500244140625,975.5,985.0,1034440
2022-11-24,953.883056640625,986.7725219726562,993.719970703125,975.04248046875,981.25,1193920
2022-11-25,943.9215087890625,976.467529296875,991.2000122070312,972.0,990.0,1157160
2022-11-28,957.7496948242188,990.7725219726562,992.2625122070312,973.0,976.25,1060000
2022-11-29,972.527587890625,1006.0599975585938,1018.75,986.5,987.5,1474460
2022-11-30,975.5557250976562,1009.1925048828125,1016.9500122070312,992.02001953125,1006.0599975585938,6267780
2022-12-01,969.0620727539062,1002.4749755859375,1017.4949951171875,996.75,1009.5,1058520
2022-12-02,954.644287109375,987.5599975585938,1006.885009765625,983.9625244140625,1002.4749755859375,1392340
2022-12-05,954.6925659179688,987.6099853515625,992.5,977.635009765625,987.989990234375,1699980
2022-12-06,962.3728637695312,995.5549926757812,999.5,978.75,987.0499877929688,1362180
2022-12-07,962.3606567382812,995.54248046875,1003.95751953125,991.4124755859375,996.0,1139120
2022-12-08,957.2615966796875,990.2675170898438,1004.9500122070312,986.5499877929688,995.0,812480
2022-12-09,978.3543701171875,1012.0875244140625,1014.7474975585938,992.2100219726562,998.4000244140625,1535100
2022-12-12,990.2250366210938,1024.3675537109375,1026.0,1007.25,1012.5,1621200
2022-12-13,985.4375,1019.4149780273438,1031.7974853515625,1016.5,1028.050048828125,982680
2022-12-14,969.7388305664062,1003.1749877929688,1022.532470703125,1000.33251953125,1019.2575073242188,1633600
2022-12-15,953.9990234375,986.8925170898438,1007.4974975585938,981.7224731445312,1003.1749877929688,791080
2022-12-16,954.0401000976562,986.9349975585938,993.0,978.5050048828125,986.25,1386420
2022-12-19,970.6161499023438,1004.08251953125,1006.0,989.9974975585938,990.0,1308960
2022-12-20,973.2213134765625,1006.7775268554688,1008.3925170898438,992.552490234375,1007.5,933520
2022-12-21,981.8560791015625,1015.7100219726562,1017.4000244140625,1003.1074829101562,1008.25,1407560
2022-12-22,981.4887084960938,1015.3300170898438,1022.0,1007.875,1019.75,753760
2022-12-23,973.0858154296875,1006.6375122070312,1022.75,1002.7525024414062,1010.0,1488080
2022-12-26,961.7154541015625,994.875,1012.282470703125,993.0,1008.7474975585938,667640
2022-12-27,955.843017578125,988.7999877929688,1000.885009765625,987.25,995.0,805820
2022-12-28,959.1102905273438,992.1799926757812,994.7949829101562,985.5,989.5,706920
2022-12-29,957.3896484375,990.4000244140625,995.8775024414062,981.5275268554688,992.0,797020
2022-12-30,947.6263427734375,980.2999877929688,994.5,978.092529296875,991.9774780273438,852880
2023-01-02,945.4779052734375,978.0775146484375,985.75,975.0625,980.83251953125,503280
2023-01-03,953.4891967773438,986.364990234375,988.0474853515625,973.7974853515625,979.9500122070312,628300
2023-01-04,943.4647827148438,975.9949951171875,989.9000244140625,975.0,989.0,639680
2023-01-05,955.843017578125,988.7999877929688,994.70751953125,975.9749755859375,977.0,1027860
2023-01-06,961.1233520507812,994.2625122070312,996.322509765625,988.8275146484375,990.0,787720
2023-01-09,970.8118286132812,1004.2849731445312,1008.2150268554688,994.8250122070312,996.7474975585938,722880
2023-01-10,967.8272094726562,1001.197509765625,1009.4500122070312,997.7525024414062,1003.1525268554688,633360
2023-01-11,954.9874877929688,987.9149780273438,1004.2449951171875,985.8699951171875,1003.5,650200
2023-01-12,960.5432739257812,993.6624755859375,997.5,987.0,987.9149780273438,661240
2023-01-13,956.2466430664062,989.217529296875,997.5,986.2525024414062,997.5,695420
2023-01-16,953.8902587890625,986.780029296875,992.0,985.0499877929688,992.0,485300
2023-01-17,964.0474853515625,997.2874755859375,998.3099975585938,985.635009765625,986.7949829101562,803740
2023-01-18,958.1315307617188,991.16748046875,1002.094970703125,988.66748046875,997.4974975585938,727980
2023-01-19,951.2560424804688,984.0549926757812,994.75,980.58251953125,991.16748046875,619980
2023-01-20,928.0051879882812,960.0025024414062,983.3925170898438,957.4924926757812,983.0050048828125,1440440
2023-01-23,936.0794067382812,968.35498046875,972.0,957.552490234375,962.5,758000
2023-01-24,932.3866577148438,964.5349731445312,971.7000122070312,957.4400024414062,970.0,754240
2023-01-25,929.71875,961.7750244140625,967.5250244140625,957.5,967.4500122070312,823200
2023-01-27,928.7931518554688,960.8175048828125,969.7000122070312,951.302490234375,963.0025024414062,895540
2023-01-30,926.3546142578125,958.2949829101562,960.6824951171875,948.9000244140625,960.2999877929688,996600
2023-01-31,919.194091796875,950.8875122070312,960.0,946.4500122070312,960.0,2350000
2023-02-01,922.6788940429688,954.4924926757812,958.8524780273438,945.7625122070312,955.0,1376100
2023-02-02,916.1417846679688,947.72998046875,956.4500122070312,942.5250244140625,956.4500122070312,1418440
2023-02-03,918.5441284179688,950.2150268554688,952.7324829101562,938.5050048828125,950.27001953125,1111560
2023-02-06,919.3753662109375,951.0750122070312,953.0,937.7150268554688,950.0,1382680
2023-02-07,917.2728881835938,948.9000244140625,954.9949951171875,944.0,951.2000122070312,797460
2023-02-08,918.0897216796875,949.7449951171875,953.2424926757812,944.5075073242188,947.5,465340
2023-02-09,918.3507080078125,950.0150146484375,954.217529296875,947.54248046875,949.9500122070312,694680
2023-02-10,919.4889526367188,951.1925048828125,953.5075073242188,943.7525024414062,950.5,527660
2023-02-13,919.6314697265625,951.3400268554688,959.9500122070312,947.4974975585938,954.75,649780
2023-02-14,922.3430786132812,954.14501953125,963.0,951.375,955.739990234375,771780
2023-02-15,930.9487915039062,963.0474853515625,964.9400024414062,946.5025024414062,953.75,639960
2023-02-16,948.730712890625,981.4425048828125,989.9924926757812,957.0,971.5,3480140
2023-02-17,919.3656616210938,951.0650024414062,978.7525024414062,941.1024780273438,978.7525024414062,3768700
2023-02-20,909.7836303710938,941.1525268554688,957.25,939.0,951.5,1306220
2023-02-21,911.0233154296875,942.4349975585938,946.6900024414062,938.0,944.0549926757812,899080
2023-02-22,902.5867309570312,933.70751953125,944.1400146484375,931.5574951171875,944.1400146484375,841600
2023-02-23,901.32275390625,932.4000244140625,941.20751953125,927.5499877929688,932.9974975585938,985360
2023-02-24,902.9129638671875,934.0449829101562,942.4500122070312,930.75,937.0625,777500
2023-02-27,900.102294921875,931.1375122070312,942.25,924.5999755859375,935.0,1032500
2023-02-28,902.3860473632812,933.5,936.25,923.0075073242188,931.510009765625,2183640
2023-03-01,907.6470947265625,938.9425048828125,941.02001953125,928.7575073242188,935.0,1278520
2023-03-02,893.287353515625,924.0875244140625,940.0,922.8400268554688,939.9974975585938,781400
2023-03-03,891.7479248046875,922.4949951171875,930.7324829101562,920.2750244140625,927.4500122070312,920360
2023-03-06,894.88720703125,925.7424926757812,927.7025146484375,921.25,926.0999755859375,1058980
2023-03-08,895.0514526367188,925.9124755859375,928.6900024414062,919.8775024414062,920.25,914920
2023-03-09,895.8948974609375,926.7849731445312,928.9500122070312,921.5,925.0,1132300
2023-03-10,893.480712890625,924.2874755859375,926.5,917.7525024414062,926.5,472680
2023-03-13,885.34619140625,915.8724975585938,924.9949951171875,913.0025024414062,921.4974975585938,729520
2023-03-14,882.7941284179688,913.2324829101562,921.75,910.6500244140625,917.5,877580
2023-03-15,869.6812133789062,899.66748046875,918.5549926757812,894.0,915.0,1559160
2023-03-16,891.7841186523438,922.532470703125,925.0,898.3875122070312,899.5,1660860
2023-03-17,911.4800415039062,942.907470703125,943.75,923.7474975585938,924.9450073242188,2668600
2023-03-20,915.3323364257812,946.8925170898438,949.5,932.60498046875,945.0,1512900
2023-03-21,914.8271484375,946.3699951171875,962.9500122070312,941.0025024414062,949.5,1955240
2023-03-22,909.62158203125,940.9849853515625,950.4500122070312,934.9349975585938,950.4500122070312,564960
2023-03-23,920.4846801757812,952.2224731445312,958.4949951171875,935.5075073242188,940.9849853515625,1133700
2023-03-24,916.0693359375,947.655029296875,955.0,944.4000244140625,950.2525024414062,525980
2023-03-27,913.0678100585938,944.5499877929688,956.3900146484375,940.7525024414062,950.0,717080
2023-03-28,915.7261962890625,947.2999877929688,950.9974975585938,942.5,945.0,709620
2023-03-29,920.8954467773438,952.6475219726562,956.25,943.8099975585938,946.5,972120
2023-03-31,952.3870239257812,985.2249755859375,987.594970703125,957.75,957.75,2968880
2023-04-03,952.4330444335938,985.2725219726562,989.5,969.302490234375,989.2000122070312,1274800
2023-04-05,958.0687866210938,991.1024780273438,993.6500244140625,980.0499877929688,982.9500122070312,943020
2023-04-06,952.5684204101562,985.4124755859375,992.0,980.25,989.75,819560
2023-04-10,943.962646484375,976.510009765625,985.822509765625,975.0499877929688,985.0,448280
2023-04-11,950.9418334960938,983.72998046875,984.75,973.75,982.4000244140625,882520
2023-04-12,939.6173706054688,972.0150146484375,984.75,968.2474975585938,984.75,1137640
2023-04-13,940.8281860351562,973.2675170898438,984.0,970.8125,975.0,923020
2023-04-17,978.4823608398438,1012.219970703125,1020.5,975.1074829101562,979.5,3887020
2023-04-18,998.6300659179688,1033.0625,1035.0,1010.0,1010.0,2797200
2023-04-19,996.5736694335938,1030.93505859375,1033.1824951171875,1019.4000244140625,1032.9925537109375,1797480
2023-04-20,989.5362548828125,1023.655029296875,1036.0350341796875,1019.0,1029.75,1044260
2023-04-21,995.6446533203125,1024.842529296875,1029.3499755859375,1019.3699951171875,1023.655029296875,886100
2023-04-24,1004.9930419921875,1034.4649658203125,1035.449951171875,1020.052490234375,1025.0474853515625,1157360
2023-04-25,1003.822265625,1033.260009765625,1046.4300537109375,1015.4000244140625,1035.449951171875,3369280
2023-04-26,1021.3605346679688,1051.3125,1054.449951171875,1023.625,1029.949951171875,2497880
2023-04-27,1027.2406005859375,1057.364990234375,1059.99755859375,1050.00244140625,1053.3125,2044640
2023-04-28,1057.0706787109375,1088.0699462890625,1092.47998046875,1056.5,1059.0975341796875,3330320
2023-05-02,1056.3154296875,1087.29248046875,1104.949951171875,1083.625,1090.0,1783400
2023-05-03,1062.6229248046875,1093.7850341796875,1097.29248046875,1078.9200439453125,1087.25,1140260
2023-05-04,1053.78466796875,1084.6875,1099.74755859375,1081.8924560546875,1093.9425048828125,1270680
2023-05-05,1069.625,1100.9925537109375,1103.93505859375,1087.4949951171875,1089.99755859375,1101520
2023-05-08,1067.84716796875,1099.1624755859375,1115.0,1088.02001953125,1102.5,1513120
2023-05-09,1067.269287109375,1098.5675048828125,1107.24755859375,1092.3349609375,1100.0,865740
2023-05-10,1071.089599609375,1102.5,1106.4949951171875,1098.4749755859375,1098.5675048828125,1208820
2023-05-11,1069.62255859375,1100.989990234375,1111.75,1097.5150146484375,1104.949951171875,1378740
2023-05-12,1058.66162109375,1089.70751953125,1103.469970703125,1087.0,1100.949951171875,1339220
2023-05-15,1058.2947998046875,1089.3299560546875,1100.9949951171875,1087.5625,1091.0,1451400
2023-05-16,1057.9937744140625,1089.02001953125,1099.449951171875,1086.0,1093.75,1545140
2023-05-17,1055.6669921875,1086.625,1094.56494140625,1080.0,1089.02001953125,1335760
2023-05-18,1053.0972900390625,1083.97998046875,1097.5,1082.510009765625,1092.5,1023500
2023-05-19,1053.6097412109375,1084.5074462890625,1090.0,1075.3050537109375,1090.0,1464400
2023-05-22,1044.12060546875,1074.739990234375,1084.949951171875,1071.10498046875,1084.949951171875,1021900
2023-05-23,1039.6951904296875,1070.18505859375,1080.5,1068.10498046875,1072.5,1109180
2023-05-24,1038.5732421875,1069.030029296875,1074.9000244140625,1063.75,1070.18505859375,887280
2023-05-25,1043.15380859375,1073.7449951171875,1081.5999755859375,1065.54248046875,1075.0,1630040
2023-05-26,1048.3441162109375,1079.0875244140625,1081.449951171875,1068.5,1074.24755859375,1263180
2023-05-29,1055.5189208984375,1086.4725341796875,1092.5,1077.60498046875,1086.24755859375,1068740
2023-05-30,1047.9896240234375,1078.7225341796875,1086.4300537109375,1075.552490234375,1084.0,939620
2023-05-31,1052.7816162109375,1083.655029296875,1092.91748046875,1075.75,1079.0,8495880
2023-06-01,1062.554931640625,1093.7149658203125,1096.24755859375,1078.6400146484375,1089.300048828125,1197320
2023-06-02,1070.917236328125,1102.322509765625,1104.75,1091.0,1100.0,1164960
2023-06-05,1060.6046142578125,1091.70751953125,1106.4849853515625,1089.5,1099.9525146484375,1630180
2023-06-06,1054.3504638671875,1085.27001953125,1096.5775146484375,1080.87744140625,1093.70751953125,1570460
2023-06-07,1086.524658203125,1118.387451171875,1121.237548828125,1087.4949951171875,1087.4949951171875,3136240
2023-06-08,1075.8936767578125,1107.4449462890625,1128.87744140625,1104.37255859375,1123.0,1458580
2023-06-09,1072.2286376953125,1103.6724853515625,1114.0,1102.0450439453125,1105.0450439453125,1418300
2023-06-12,1082.71630859375,1114.467529296875,1117.449951171875,1101.45751953125,1102.5,1247040
2023-06-13,1092.589111328125,1124.6300048828125,1133.9000244140625,1114.6175537109375,1117.449951171875,1666940
2023-06-14,1104.060302734375,1136.4375,1137.550048828125,1125.0,1126.25,1447540
2023-06-15,1115.594482421875,1148.31005859375,1150.0,1131.625,1136.4375,1475140
2023-06-16,1115.7086181640625,1148.427490234375,1158.762451171875,1143.864990234375,1148.31005859375,1470820
2023-06-19,1107.2711181640625,1139.7425537109375,1157.5,1138.0625,1151.25,866620
2023-06-20,1115.0770263671875,1147.7774658203125,1149.99755859375,1136.0,1139.7425537109375,1377540
2023-06-21,1111.9705810546875,1144.5799560546875,1153.4849853515625,1138.25,1147.8050537109375,1292840
2023-06-22,1094.5467529296875,1126.64501953125,1144.5374755859375,1124.635009765625,1140.0,998060
2023-06-23,1094.73876953125,1126.842529296875,1130.99755859375,1122.6824951171875,1126.64501953125,870300
2023-06-26,1099.3023681640625,1131.5400390625,1135.0,1125.25,1126.00244140625,700300
2023-06-27,1099.6156005859375,1131.862548828125,1143.5,1125.2550048828125,1131.5675048828125,882660
2023-06-28,1104.805908203125,1137.2049560546875,1140.0,1129.0,1133.5,1112480
2023-06-30,1112.101806640625,1144.7149658203125,1147.3125,1131.25,1137.5,737240
2023-07-03,1099.3870849609375,1131.62744140625,1147.5,1129.1500244140625,1147.5,1105380
2023-07-04,1098.974609375,1131.2025146484375,1142.25,1126.2750244140625,1137.4000244140625,602980
2023-07-05,1112.3740234375,1144.9949951171875,1147.199951171875,1129.0,1129.300048828125,777760
2023-07-06,1122.0673828125,1154.9725341796875,1169.62255859375,1145.25,1146.75,1807340
2023-07-07,1112.6800537109375,1145.31005859375,1162.342529296875,1142.5,1157.75244140625,1129280
2023-07-10,1096.8468017578125,1129.012451171875,1152.1199951171875,1127.5,1143.449951171875,727760
2023-07-11,1110.061767578125,1142.614990234375,1147.9925537109375,1127.5150146484375,1130.5,1370520
2023-07-12,1120.1531982421875,1153.00244140625,1155.0,1140.8499755859375,1146.949951171875,961800
2023-07-13,1108.529296875,1141.0374755859375,1156.0775146484375,1138.842529296875,1153.00244140625,864320
2023-07-14,1123.942138671875,1156.9024658203125,1160.0,1140.0,1141.0374755859375,909140
2023-07-17,1120.6729736328125,1153.5374755859375,1169.7674560546875,1147.75,1160.0,835900
2023-07-18,1116.12646484375,1148.8575439453125,1159.5,1141.0250244140625,1159.5,651680
2023-07-19,1114.3680419921875,1147.0474853515625,1151.25,1140.074951171875,1147.5,557620
2023-07-20,1117.6224365234375,1150.3974609375,1154.2249755859375,1137.550048828125,1147.050048828125,755840
2023-07-21,1116.3885498046875,1149.12744140625,1161.5975341796875,1145.6400146484375,1150.74755859375,736860
2023-07-24,1108.497802734375,1141.0050048828125,1152.4300537109375,1135.387451171875,1149.0074462890625,841620
2023-07-25,1106.2049560546875,1138.64501953125,1157.0,1133.762451171875,1157.0,1251520
2023-07-26,1107.516357421875,1139.9949951171875,1145.0,1135.0999755859375,1139.5450439453125,689240
2023-07-27,1084.4625244140625,1116.2650146484375,1145.0,1103.802490234375,1142.9599609375,3587480
2023-07-28,1092.02099609375,1124.0450439453125,1131.592529296875,1109.364990234375,1116.2650146484375,1344220
2023-07-31,1095.5377197265625,1127.6650390625,1132.699951171875,1121.4849853515625,1132.5,972180
2023-08-01,1097.500244140625,1129.68505859375,1134.5,1121.25,1130.4150390625,1300380
2023-08-02,1111.51904296875,1144.114990234375,1146.907470703125,1125.530029296875,1134.5,2093220
2023-08-03,1091.773193359375,1123.7900390625,1144.3974609375,1120.0975341796875,1144.3974609375,899420
2023-08-04,1090.738525390625,1122.7249755859375,1134.9425048828125,1120.5999755859375,1124.7974853515625,820200
2023-08-07,1090.9715576171875,1122.9649658203125,1127.5799560546875,1107.5,1122.7249755859375,824920
2023-08-08,1079.796875,1111.4625244140625,1124.947509765625,1105.0,1123.5,1160640
2023-08-09,1079.2696533203125,1110.9200439453125,1117.8125,1108.1300048828125,1114.0,745700
2023-08-10,1068.1630859375,1099.487548828125,1112.2275390625,1094.75,1108.1500244140625,1411580
2023-08-11,1061.00537109375,1092.1199951171875,1100.5,1087.5,1099.487548828125,767260
2023-08-14,1063.7791748046875,1094.9749755859375,1102.0,1085.4625244140625,1092.2125244140625,815760
2023-08-16,1066.1300048828125,1097.39501953125,1106.5,1089.2674560546875,1106.5,578600
2023-08-17,1052.5072021484375,1083.37255859375,1101.4150390625,1080.1199951171875,1095.0,1399840
2023-08-18,1060.4029541015625,1091.5,1094.0,1072.5,1083.37255859375,1313340
2023-08-21,1070.3294677734375,1101.717529296875,1108.8050537109375,1086.7674560546875,1091.5,741920
2023-08-22,1069.9215087890625,1101.2974853515625,1104.62255859375,1095.302490234375,1101.717529296875,810440
2023-08-23,1077.557373046875,1109.157470703125,1113.489990234375,1097.5,1105.0,1227560
2023-08-24,1080.556884765625,1112.2449951171875,1114.5,1107.1650390625,1114.1500244140625,920400
2023-08-25,1077.8173828125,1109.425048828125,1114.0224609375,1105.5625,1109.5,839280
2023-08-28,1070.3343505859375,1101.7225341796875,1110.7275390625,1100.0,1109.574951171875,830140
2023-08-29,1071.7210693359375,1103.1500244140625,1108.989990234375,1097.5,1103.5224609375,1048560
2023-08-30,1078.30322265625,1109.925048828125,1114.0,1100.5074462890625,1103.1500244140625,1296640
2023-08-31,1068.0,1099.3199462890625,1114.449951171875,1083.50244140625,1112.5,4661300
2023-09-01,1064.5587158203125,1095.7774658203125,1105.4849853515625,1093.0,1102.5,716980
2023-09-04,1055.9437255859375,1086.9100341796875,1098.99755859375,1081.625,1098.760009765625,1481820
2023-09-05,1066.4482421875,1097.7225341796875,1099.9300537109375,1087.7275390625,1087.7275390625,1246260
2023-09-06,1068.85986328125,1100.2049560546875,1105.0,1088.72998046875,1097.7225341796875,1125840
2023-09-07,1063.6234130859375,1094.81494140625,1104.2550048828125,1091.1175537109375,1098.9150390625,823180
2023-09-08,1062.98974609375,1094.1624755859375,1098.967529296875,1091.5,1097.300048828125,609540
2023-09-11,1074.8323974609375,1106.3525390625,1109.99755859375,1093.6700439453125,1095.5,939540
2023-09-12,1084.0955810546875,1115.887451171875,1119.75,1100.85498046875,1106.7149658203125,987580
2023-09-13,1077.394775390625,1108.989990234375,1128.45751953125,1107.50244140625,1113.7774658203125,1016500
2023-09-14,1091.8653564453125,1123.885009765625,1125.5,1107.8499755859375,1111.5,1621120
2023-09-15,1098.8895263671875,1131.114990234375,1135.050048828125,1115.947509765625,1125.0,2322820
2023-09-18,1108.463623046875,1140.969970703125,1142.0,1122.6324462890625,1131.0,1150640
2023-09-20,1101.704345703125,1134.012451171875,1141.3275146484375,1127.802490234375,1127.802490234375,1149000
2023-09-21,1094.575927734375,1126.675048828125,1133.49755859375,1117.5,1132.99755859375,923660
2023-09-22,1094.52734375,1126.625,1131.99755859375,1119.0,1126.0,766020
2023-09-25,1099.6884765625,1131.9375,1135.43505859375,1122.550048828125,1128.5,688540
2023-09-26,1117.5059814453125,1150.2774658203125,1153.14501953125,1129.802490234375,1135.0,1320020
2023-09-27,1111.0672607421875,1143.6500244140625,1150.2774658203125,1137.072509765625,1150.25,833060
2023-09-28,1094.81640625,1126.9224853515625,1145.3974609375,1122.3900146484375,1145.0,1039620
2023-09-29,1093.2838134765625,1125.344970703125,1135.25,1121.5,1127.5474853515625,904580
2023-10-03,1083.9744873046875,1115.762451171875,1129.7349853515625,1112.7574462890625,1125.344970703125,1000260
2023-10-04,1116.566162109375,1149.31005859375,1167.93994140625,1127.550048828125,1140.25244140625,4269760
2023-10-05,1113.287353515625,1145.93505859375,1155.3599853515625,1138.75,1150.25,1360000
2023-10-06,1112.9739990234375,1145.612548828125,1153.3800048828125,1140.7449951171875,1149.49755859375,776240
2023-10-09,1111.4970703125,1144.092529296875,1149.0400390625,1140.0,1140.6025390625,475100
2023-10-10,1115.6842041015625,1148.4024658203125,1150.8499755859375,1141.2674560546875,1148.0,793260
2023-10-11,1127.05126953125,1160.1025390625,1163.6949462890625,1146.5,1148.4024658203125,1346760
2023-10-12,1120.886962890625,1153.7574462890625,1165.0,1148.1025390625,1161.1500244140625,1084440
2023-10-13,1144.1641845703125,1177.717529296875,1179.9925537109375,1147.77001953125,1153.75244140625,1815820
2023-10-16,1122.5091552734375,1155.427490234375,1177.5,1148.75244140625,1177.5,1732160
2023-10-17,1133.0380859375,1166.2650146484375,1168.1099853515625,1156.5,1156.5,763320
2023-10-18,1130.00927734375,1163.1474609375,1172.3575439453125,1160.0,1166.2650146484375,713420
2023-10-19,1172.240966796875,1206.6175537109375,1211.3499755859375,1155.0250244140625,1162.844970703125,5848240
2023-10-20,1179.3984375,1213.9849853515625,1237.25,1200.0899658203125,1204.99755859375,4158680
2023-10-23,1175.417724609375,1209.887451171875,1233.74755859375,1206.41748046875,1215.0,1584600
2023-10-25,1178.5726318359375,1213.135009765625,1226.4849853515625,1207.655029296875,1214.0,2227000
2023-10-26,1143.7391357421875,1177.280029296875,1213.030029296875,1171.050048828125,1213.0,2538800
2023-10-27,1168.5782470703125,1202.8475341796875,1211.4000244140625,1172.0174560546875,1177.5250244140625,2608740
2023-10-30,1174.1522216796875,1208.5849609375,1212.5,1193.25244140625,1205.0,1452280
2023-10-31,1177.21728515625,1211.739990234375,1216.5,1206.1025390625,1215.0,1032780
2023-11-01,1166.365966796875,1193.635009765625,1210.00244140625,1189.0,1210.0,1273800
2023-11-02,1178.0479736328125,1205.5899658203125,1207.489990234375,1188.655029296875,1199.510009765625,2141360
2023-11-03,1172.539306640625,1199.9525146484375,1210.0,1198.842529296875,1207.14501953125,954280
2023-11-06,1186.732421875,1214.4775390625,1219.5250244140625,1202.93505859375,1207.50244140625,1485520
2023-11-07,1190.6385498046875,1218.4749755859375,1224.0,1206.00244140625,1214.3499755859375,1059300
2023-11-08,1186.3416748046875,1214.0775146484375,1220.635009765625,1211.00244140625,1218.4525146484375,726100
2023-11-09,1183.6641845703125,1211.3375244140625,1220.75,1209.6175537109375,1217.5,844460
2023-11-10,1179.2890625,1206.8599853515625,1212.4749755859375,1202.782470703125,1211.3375244140625,566340
2023-11-13,1176.7801513671875,1204.29248046875,1214.9000244140625,1201.5999755859375,1214.9000244140625,570560
2023-11-15,1181.08935546875,1208.7025146484375,1212.449951171875,1200.4000244140625,1212.25,1533940
2023-11-16,1176.6361083984375,1204.14501953125,1213.625,1202.300048828125,1209.75244140625,1388360
2023-11-17,1190.81201171875,1218.6524658203125,1224.2449951171875,1203.22998046875,1205.0,1401020
2023-11-20,1187.3675537109375,1215.12744140625,1220.18994140625,1208.300048828125,1218.75244140625,1082300
2023-11-21,1190.8316650390625,1218.6724853515625,1220.9925537109375,1209.012451171875,1215.25,906580
2023-11-22,1189.727294921875,1217.54248046875,1226.0,1213.0,1218.50244140625,736420
2023-11-23,1191.8013916015625,1219.6650390625,1229.4949951171875,1217.5574951171875,1220.7025146484375,736280
2023-11-24,1179.37451171875,1206.947509765625,1223.6424560546875,1205.4024658203125,1222.5,808240
2023-11-28,1183.2659912109375,1210.9300537109375,1213.0,1194.157470703125,1206.9000244140625,1753940
2023-11-29,1175.883544921875,1203.375,1216.75,1200.552490234375,1211.050048828125,1254300
2023-11-30,1184.12353515625,1211.8074951171875,1217.010009765625,1198.2674560546875,1204.0,2944060
2023-12-01,1189.1290283203125,1216.9300537109375,1218.25,1207.8199462890625,1216.99755859375,1273000
2023-12-04,1192.265625,1220.1400146484375,1226.75,1206.9324951171875,1219.449951171875,1987840
2023-12-05,1202.335205078125,1230.4449462890625,1233.6925048828125,1220.1400146484375,1222.550048828125,1343740
2023-12-06,1219.904541015625,1248.425048828125,1254.844970703125,1235.0999755859375,1236.43994140625,1592160
2023-12-07,1220.2342529296875,1248.762451171875,1258.50244140625,1240.6650390625,1248.425048828125,1201700
2023-12-08,1211.163818359375,1239.47998046875,1258.7850341796875,1237.8175048828125,1249.75,1401520
2023-12-11,1223.5662841796875,1252.1724853515625,1256.0,1231.949951171875,1244.0,1078740
2023-12-12,1218.861328125,1247.3575439453125,1262.0374755859375,1240.112548828125,1252.1724853515625,1282460
2023-12-13,1223.612548828125,1252.219970703125,1254.0,1241.25,1247.9200439453125,891440
2023-12-14,1211.3443603515625,1239.6650390625,1257.199951171875,1237.5050048828125,1257.199951171875,2094520
2023-12-15,1190.4871826171875,1218.3199462890625,1247.6075439453125,1211.0,1242.50244140625,3190820
2023-12-18,1189.8934326171875,1217.7125244140625,1229.030029296875,1214.949951171875,1222.5,1326480
2023-12-19,1245.369140625,1274.4849853515625,1285.25,1225.5450439453125,1228.489990234375,7057320
2023-12-20,1226.21923828125,1254.887451171875,1288.9224853515625,1252.760009765625,1284.699951171875,2889760
2023-12-21,1227.103515625,1255.79248046875,1262.4000244140625,1245.385009765625,1254.887451171875,2212760
2023-12-22,1239.445068359375,1268.4224853515625,1270.49755859375,1255.0,1262.0,1776560
2023-12-26,1248.9039306640625,1278.1025390625,1280.0,1268.25,1274.300048828125,1235700
2023-12-27,1256.642822265625,1286.0224609375,1288.3974609375,1279.0250244140625,1280.0,1428320
2023-12-28,1282.5107421875,1312.4949951171875,1318.699951171875,1288.760009765625,1293.4925537109375,3155440
2023-12-29,1298.6533203125,1329.0150146484375,1332.5,1307.282470703125,1312.5,2068160
2024-01-01,1337.3533935546875,1368.6199951171875,1372.262451171875,1332.0,1332.5,2632200
2024-01-02,1330.0614013671875,1361.157470703125,1384.6500244140625,1351.2025146484375,1375.0,2831540
2024-01-03,1301.3355712890625,1331.760009765625,1370.864990234375,1328.6500244140625,1367.25,2026920
2024-01-04,1324.8458251953125,1355.8199462890625,1357.50244140625,1332.6025390625,1342.552490234375,2647800
2024-01-05,1302.742431640625,1333.199951171875,1377.0,1321.2249755859375,1377.0,5154128
2024-01-08,1279.730712890625,1309.6500244140625,1344.5,1305.5,1341.5,2064756
2024-01-09,1266.685791015625,1296.300048828125,1320.1500244140625,1293.4749755859375,1320.0,1626054
2024-01-10,1259.6014404296875,1289.050048828125,1311.199951171875,1285.2249755859375,1295.0,2052936
2024-01-11,1249.3900146484375,1278.5999755859375,1294.9749755859375,1275.050048828125,1290.0,1551334
2024-01-12,1245.677001953125,1274.800048828125,1279.9749755859375,1265.0,1278.5999755859375,2214110
2024-01-15,1244.6754150390625,1273.7750244140625,1288.074951171875,1265.324951171875,1282.0,1787668
2024-01-16,1241.988037109375,1271.0250244140625,1278.449951171875,1265.675048828125,1278.449951171875,1386740
2024-01-17,1242.5009765625,1271.550048828125,1278.574951171875,1262.699951171875,1271.0250244140625,1603238
2024-01-18,1222.4205322265625,1251.0,1275.0,1248.074951171875,1267.5,1269820
2024-01-19,1228.3568115234375,1257.074951171875,1260.949951171875,1249.8499755859375,1255.0,1882782
2024-01-23,1203.3170166015625,1231.449951171875,1249.0999755859375,1223.0,1240.0,1381076
2024-01-24,1228.259033203125,1256.9749755859375,1259.699951171875,1227.5,1238.949951171875,1318076
2024-01-25,1212.722412109375,1241.074951171875,1264.0,1233.8499755859375,1262.5250244140625,1571546
2024-01-29,1220.73486328125,1249.2750244140625,1252.5,1238.300048828125,1241.074951171875,1265438
2024-01-30,1217.559326171875,1246.0250244140625,1265.574951171875,1244.0,1256.0,1336068
2024-01-31,1224.3748779296875,1253.0,1255.875,1240.8499755859375,1254.5,1432188
2024-02-01,1205.711181640625,1233.9000244140625,1255.449951171875,1231.3499755859375,1255.0,1641132
2024-02-02,1212.3558349609375,1240.699951171875,1248.0,1231.5250244140625,1234.0,1508122
2024-02-05,1203.2196044921875,1231.3499755859375,1252.5,1228.3499755859375,1252.5,1065954
2024-02-06,1200.263671875,1228.324951171875,1238.9749755859375,1222.875,1231.175048828125,1540366
2024-02-07,1221.2479248046875,1249.800048828125,1255.7750244140625,1223.3499755859375,1235.0,3094808
2024-02-08,1183.847412109375,1211.5250244140625,1256.925048828125,1204.550048828125,1251.9749755859375,3308894
2024-02-09,1197.0634765625,1225.050048828125,1232.949951171875,1210.0250244140625,1221.425048828125,1677638
2024-02-12,1201.4361572265625,1229.5250244140625,1233.9749755859375,1219.6500244140625,1229.875,890538
2024-02-13,1200.605712890625,1228.675048828125,1238.300048828125,1222.4749755859375,1237.0,621970
2024-02-14,1215.0919189453125,1243.5,1248.675048828125,1217.5250244140625,1225.0,1018616
2024-02-15,1202.132568359375,1226.7750244140625,1247.5,1219.0,1247.5,1680952
2024-02-16,1218.8399658203125,1243.824951171875,1245.25,1224.300048828125,1228.5250244140625,1493232
2024-02-19,1231.3829345703125,1256.625,1262.75,1240.699951171875,1247.5,955040
2024-02-20,1244.1953125,1269.699951171875,1270.9000244140625,1248.550048828125,1259.5,1262888
2024-02-21,1246.2532958984375,1271.800048828125,1275.5,1259.074951171875,1269.699951171875,1786364
2024-02-22,1255.831787109375,1281.574951171875,1282.9749755859375,1262.5,1280.0,1504742
2024-02-23,1263.5975341796875,1289.5,1291.5,1275.9749755859375,1282.5,1211238
2024-02-26,1265.998291015625,1291.949951171875,1294.0,1283.375,1294.0,1323894
2024-02-27,1273.249755859375,1299.3499755859375,1300.7249755859375,1283.375,1292.5,1261744
2024-02-28,1259.6290283203125,1285.449951171875,1302.5,1280.125,1300.5,985574
2024-02-29,1272.0247802734375,1298.0999755859375,1303.0999755859375,1273.5250244140625,1285.7249755859375,2774576
2024-03-01,1274.5970458984375,1300.7249755859375,1308.2750244140625,1291.25,1298.0999755859375,1511456
2024-03-04,1268.5462646484375,1294.550048828125,1300.550048828125,1288.699951171875,1297.449951171875,1268620
2024-03-05,1243.827880859375,1269.324951171875,1297.5999755859375,1266.0,1295.0,678604
2024-03-06,1241.0841064453125,1266.5250244140625,1283.375,1254.125,1270.0,1983280
2024-03-07,1254.7540283203125,1280.4749755859375,1283.0,1259.5,1265.0,1297304
2024-03-11,1279.521240234375,1305.75,1315.5,1274.2750244140625,1280.4749755859375,2990598
2024-03-12,1269.060546875,1295.074951171875,1307.5250244140625,1283.1500244140625,1303.0250244140625,1726470
2024-03-13,1265.532958984375,1291.4749755859375,1326.824951171875,1276.425048828125,1297.4749755859375,3627604
2024-03-14,1280.1336669921875,1306.375,1309.9749755859375,1286.949951171875,1295.0,2245994
2024-03-15,1275.6749267578125,1301.824951171875,1314.949951171875,1292.5999755859375,1308.4749755859375,2533984
2024-03-18,1264.2591552734375,1290.175048828125,1305.4000244140625,1279.375,1301.824951171875,1285192
2024-03-19,1222.955810546875,1248.0250244140625,1292.375,1234.074951171875,1290.0,3497728
2024-03-20,1249.5113525390625,1275.125,1277.5,1249.0250244140625,1257.0,1399290
2024-03-21,1251.1771240234375,1276.824951171875,1281.0250244140625,1262.574951171875,1275.5,1807754
2024-03-22,1260.853759765625,1286.699951171875,1296.0,1268.5,1270.0999755859375,2027126
2024-03-26,1267.076416015625,1293.050048828125,1298.25,1266.074951171875,1284.0,1941704
2024-03-27,1257.448486328125,1283.2249755859375,1295.2750244140625,1275.875,1293.050048828125,1801192
2024-03-28,1284.83740234375,1311.175048828125,1319.3499755859375,1283.5250244140625,1283.5250244140625,4365832
2024-04-01,1266.831298828125,1292.800048828125,1321.300048828125,1291.25,1311.175048828125,1486064
2024-04-02,1285.302734375,1311.6500244140625,1315.0,1291.5,1298.5,1445766
2024-04-03,1251.32421875,1276.9749755859375,1311.9749755859375,1272.5,1311.6500244140625,3850278
2024-04-04,1249.1929931640625,1274.800048828125,1285.0,1257.050048828125,1284.9000244140625,2782752
2024-04-05,1243.3380126953125,1268.824951171875,1288.0,1267.0,1287.5,1532454
2024-04-08,1223.9356689453125,1249.0250244140625,1273.625,1246.425048828125,1265.5,2436980
2024-04-09,1226.262939453125,1251.4000244140625,1261.0999755859375,1248.5,1253.0,867882
2024-04-10,1238.413818359375,1263.800048828125,1266.5,1247.0250244140625,1257.0,989760
2024-04-12,1242.6273193359375,1268.0999755859375,1279.5,1258.0999755859375,1267.3499755859375,2479930
2024-04-15,1251.1771240234375,1276.824951171875,1288.5,1255.0,1255.0,2293646
2024-04-16,1247.4779052734375,1273.050048828125,1291.824951171875,1271.1500244140625,1275.074951171875,1537722
2024-04-18,1206.542236328125,1231.2750244140625,1271.324951171875,1205.300048828125,1270.050048828125,6077666
2024-04-19,1194.3668212890625,1218.8499755859375,1235.675048828125,1205.0,1215.0,3702024
2024-04-22,1204.6556396484375,1229.3499755859375,1241.0,1213.925048828125,1218.25,2504706
2024-04-23,1225.50341796875,1250.625,1255.0,1212.9749755859375,1224.5,2248818
2024-04-24,1224.9644775390625,1250.074951171875,1267.9000244140625,1244.125,1257.5250244140625,1447036
2024-04-25,1255.5869140625,1281.324951171875,1288.949951171875,1235.625,1259.9749755859375,6481728
2024-04-26,1216.439208984375,1241.375,1291.4000244140625,1235.5250244140625,1287.4749755859375,2643128
2024-04-29,1229.6925048828125,1254.9000244140625,1262.199951171875,1245.0,1251.0,1243124
2024-04-30,1228.5167236328125,1253.699951171875,1268.800048828125,1250.2750244140625,1258.8499755859375,1625278
2024-05-02,1230.91748046875,1256.1500244140625,1270.5,1252.5,1253.699951171875,2223826
2024-05-03,1203.3819580078125,1228.050048828125,1261.5250244140625,1218.125,1257.550048828125,2257460
2024-05-06,1204.018798828125,1228.699951171875,1239.9749755859375,1223.4749755859375,1237.199951171875,1431992
2024-05-07,1229.129150390625,1254.324951171875,1264.175048828125,1229.7750244140625,1234.5,2146918
2024-05-08,1243.9993896484375,1269.5,1274.0,1242.824951171875,1251.2249755859375,1398140
2024-05-09,1231.48095703125,1256.7249755859375,1274.949951171875,1251.0,1269.5,1404310
2024-05-10,1241.1575927734375,1266.5999755859375,1274.5,1251.7249755859375,1256.7249755859375,1394832
2024-05-13,1232.852783203125,1258.125,1270.949951171875,1253.0250244140625,1266.375,680762
2024-05-14,1218.6932373046875,1243.675048828125,1259.4749755859375,1241.0,1253.050048828125,1113494
2024-05-15,1207.7425537109375,1232.5,1249.5,1230.0,1244.0,868812
2024-05-16,1209.384033203125,1234.175048828125,1239.9749755859375,1210.1500244140625,1235.0,1944988
2024-05-17,1198.1883544921875,1222.75,1234.175048828125,1216.9000244140625,1234.175048828125,1442356
2024-05-21,1205.684814453125,1230.4000244140625,1244.800048828125,1216.0,1233.0,2574902
2024-05-22,1209.7757568359375,1234.574951171875,1243.75,1230.949951171875,1236.0,1574654
2024-05-23,1212.2257080078125,1237.074951171875,1243.75,1227.7750244140625,1240.5,1563326
2024-05-24,1209.0899658203125,1233.875,1242.5,1229.0250244140625,1238.4749755859375,907544
2024-05-27,1205.24365234375,1229.949951171875,1239.5,1227.5,1238.5,1071662
2024-05-28,1201.22607421875,1225.8499755859375,1233.824951171875,1223.0,1230.574951171875,1043344
2024-05-29,1213.22998046875,1238.0999755859375,1248.5,1222.5,1223.8499755859375,1739200
2024-05-30,1178.2471923828125,1202.4000244140625,1236.550048828125,1200.2750244140625,1232.5250244140625,2548428
2024-05-31,1153.79833984375,1177.449951171875,1212.800048828125,1172.5,1212.800048828125,5065946
2024-06-03,1153.8719482421875,1177.5250244140625,1194.4749755859375,1175.0,1187.4000244140625,2145030
2024-06-04,1189.4918212890625,1213.875,1219.0,1163.7249755859375,1181.9749755859375,3117062
2024-06-05,1229.71728515625,1254.925048828125,1287.0250244140625,1215.0,1215.0,4057558
2024-06-06,1210.8782958984375,1235.699951171875,1259.0,1226.324951171875,1259.0,1944280
2024-06-07,1226.09130859375,1251.2249755859375,1258.125,1233.5,1238.2249755859375,2022404
2024-06-10,1248.5069580078125,1274.0999755859375,1282.5,1253.5250244140625,1255.0,1590348
2024-06-11,1245.4447021484375,1270.9749755859375,1287.5,1267.0,1280.0,1138822
2024-06-12,1243.16650390625,1268.6500244140625,1277.375,1260.5,1272.0,960816
2024-06-13,1250.246337890625,1275.875,1307.2249755859375,1272.574951171875,1297.074951171875,2162544
2024-06-14,1245.7142333984375,1271.25,1282.300048828125,1267.050048828125,1282.300048828125,858944
2024-06-18,1249.560302734375,1275.175048828125,1277.5,1267.0,1274.5,519108
2024-06-19,1237.654541015625,1263.0250244140625,1279.800048828125,1258.925048828125,1275.0,1568614
2024-06-20,1244.3668212890625,1269.875,1275.574951171875,1250.0,1262.5,1314826
2024-06-21,1224.1070556640625,1249.199951171875,1274.0,1244.25,1266.300048828125,2543088
2024-06-24,1239.6142578125,1265.0250244140625,1266.0,1242.25,1249.199951171875,1448402
2024-06-25,1232.4610595703125,1257.7249755859375,1269.1500244140625,1252.5,1267.5,625460
2024-06-26,1241.672119140625,1267.125,1273.5,1253.7249755859375,1261.300048828125,958712
2024-06-27,1241.4271240234375,1266.875,1277.0,1254.0250244140625,1265.5999755859375,1732622
2024-06-28,1250.1971435546875,1275.824951171875,1286.8499755859375,1264.1500244140625,1266.875,2364066
2024-07-01,1258.257080078125,1284.050048828125,1295.550048828125,1278.5,1279.9000244140625,1849028
2024-07-02,1246.6695556640625,1272.2249755859375,1294.0,1266.574951171875,1292.699951171875,1162200
2024-07-03,1250.123779296875,1275.75,1284.7750244140625,1270.3499755859375,1275.050048828125,631912
2024-07-04,1247.0125732421875,1272.574951171875,1282.5,1271.0250244140625,1280.0,627352
2024-07-05,1261.2213134765625,1287.074951171875,1289.800048828125,1266.25,1275.300048828125,1583026
2024-07-08,1275.552490234375,1301.699951171875,1310.0,1280.7249755859375,1287.074951171875,1448552
2024-07-09,1290.104248046875,1316.550048828125,1320.050048828125,1296.800048828125,1313.6500244140625,1665146
2024-07-10,1281.946533203125,1308.2249755859375,1324.9749755859375,1299.0250244140625,1318.949951171875,1069980
2024-07-11,1270.554931640625,1296.5999755859375,1315.800048828125,1281.8499755859375,1310.0,2107598
2024-07-12,1278.2962646484375,1304.5,1309.925048828125,1292.925048828125,1302.5,1451786
2024-07-15,1276.385498046875,1302.550048828125,1309.75,1298.5,1304.5250244140625,695922
2024-07-16,1283.0040283203125,1303.6500244140625,1309.425048828125,1284.5250244140625,1302.300048828125,1514138
2024-07-18,1292.72265625,1313.5250244140625,1317.449951171875,1287.5,1287.5,1733594
2024-07-19,1278.3538818359375,1298.925048828125,1322.75,1293.2249755859375,1317.425048828125,1077872
2024-07-22,1273.162353515625,1293.6500244140625,1315.0,1282.6500244140625,1298.925048828125,1490342
2024-07-23,1270.3330078125,1290.7750244140625,1303.25,1275.0,1298.300048828125,1936998
2024-07-24,1250.57568359375,1270.699951171875,1290.5,1259.3499755859375,1290.5,2622088
2024-07-25,1220.681884765625,1240.324951171875,1278.324951171875,1229.7249755859375,1272.4000244140625,6938362
2024-07-26,1218.83642578125,1238.449951171875,1246.300048828125,1225.75,1246.300048828125,3239386
2024-07-29,1215.5888671875,1235.1500244140625,1243.4749755859375,1229.5,1241.800048828125,1605802
2024-07-30,1209.3638916015625,1228.824951171875,1240.199951171875,1225.5,1235.175048828125,3429516
2024-07-31,1208.7242431640625,1228.175048828125,1238.5,1226.0,1235.0,1644722
2024-08-01,1222.330322265625,1242.0,1246.1500244140625,1228.175048828125,1232.5,2653524
2024-08-02,1227.79248046875,1247.550048828125,1257.0,1232.5,1240.0,2310948
2024-08-05,1235.5672607421875,1255.449951171875,1264.449951171875,1237.5250244140625,1244.0,2651820
2024-08-06,1234.3863525390625,1254.25,1264.0,1250.5,1256.949951171875,1898862
2024-08-07,1241.423095703125,1261.4000244140625,1264.4749755859375,1255.125,1259.2750244140625,1299940
2024-08-08,1224.8399658203125,1244.550048828125,1262.5,1239.0,1259.2750244140625,2850012
2024-08-09,1232.5164794921875,1252.3499755859375,1255.949951171875,1245.0999755859375,1253.300048828125,540012
2024-08-12,1216.9666748046875,1236.550048828125,1254.9749755859375,1234.175048828125,1250.9000244140625,950040
2024-08-13,1222.6746826171875,1242.3499755859375,1246.0,1236.75,1237.0,623692
2024-08-14,1217.7047119140625,1237.300048828125,1245.9749755859375,1230.300048828125,1243.449951171875,1123752
2024-08-16,1242.7271728515625,1262.7249755859375,1266.7249755859375,1235.675048828125,1245.0,1719668
2024-08-19,1231.753662109375,1251.574951171875,1273.0,1250.2750244140625,1265.0,955402
2024-08-20,1239.30712890625,1259.25,1263.0,1249.5250244140625,1255.300048828125,969464
2024-08-21,1255.6689453125,1275.875,1277.5,1260.824951171875,1264.949951171875,1249546
2024-08-22,1255.2998046875,1275.5,1282.5250244140625,1272.5,1282.5,1269810
2024-08-23,1244.5723876953125,1264.5999755859375,1275.675048828125,1260.0,1275.4749755859375,1023074
2024-08-26,1239.823974609375,1259.7750244140625,1272.5,1253.9749755859375,1264.5999755859375,1266798
2024-08-27,1240.7587890625,1260.7249755859375,1266.4000244140625,1255.75,1264.324951171875,782130
2024-08-28,1226.5130615234375,1246.25,1259.5,1245.0,1259.5,1130322
2024-08-29,1232.442626953125,1252.2750244140625,1259.7249755859375,1245.324951171875,1249.449951171875,1799588
2024-08-30,1230.57275390625,1250.375,1258.6500244140625,1245.9000244140625,1252.2750244140625,3808974
2024-09-02,1235.0751953125,1254.949951171875,1258.0,1248.5250244140625,1250.0,1751182
2024-09-03,1245.335205078125,1265.375,1279.5,1251.0,1251.0,1975054
2024-09-04,1247.3035888671875,1267.375,1270.7249755859375,1256.8499755859375,1262.5250244140625,1005886
2024-09-05,1232.6148681640625,1252.449951171875,1267.5,1246.074951171875,1267.375,2238592
2024-09-06,1231.7783203125,1251.5999755859375,1259.625,1244.0250244140625,1254.300048828125,1673400
2024-09-09,1238.446044921875,1258.375,1260.0,1244.375,1247.574951171875,1167196
2024-09-10,1247.672607421875,1267.75,1273.949951171875,1257.0,1264.5,3044078
2024-09-11,1243.4161376953125,1263.425048828125,1280.800048828125,1259.7249755859375,1273.5,1959876
2024-09-12,1243.9080810546875,1263.925048828125,1270.0,1244.0,1264.949951171875,3109758
2024-09-13,1245.655029296875,1265.699951171875,1280.5,1264.125,1265.0,1465434
2024-09-16,1254.6109619140625,1274.800048828125,1277.800048828125,1250.0,1265.0,788794
2024-09-17,1253.2576904296875,1273.425048828125,1292.6500244140625,1269.3499755859375,1275.574951171875,1390374
2024-09-18,1278.00927734375,1298.574951171875,1300.550048828125,1273.0,1274.9749755859375,2354058
2024-09-19,1296.2410888671875,1317.0999755859375,1338.5,1298.574951171875,1301.5,5068578
2024-09-20,1328.3984375,1349.7750244140625,1352.125,1315.574951171875,1322.0,4645516
2024-09-23,1340.9957275390625,1362.574951171875,1364.925048828125,1345.0,1352.574951171875,2144494
2024-09-24,1326.848388671875,1348.199951171875,1383.4000244140625,1337.0,1362.5,3080066
2024-09-25,1327.3160400390625,1348.675048828125,1352.300048828125,1329.5250244140625,1342.625,1437914
2024-09-26,1355.9305419921875,1377.75,1381.2249755859375,1353.9749755859375,1353.9749755859375,2317212
2024-09-27,1351.108154296875,1372.8499755859375,1389.0,1365.5,1375.0,2194334
2024-09-30,1323.674560546875,1344.9749755859375,1370.0,1342.4000244140625,1360.0,1766384
2024-10-01,1332.089111328125,1353.5250244140625,1355.0,1336.449951171875,1345.0,1105518
2024-10-03,1316.244140625,1337.425048828125,1347.5,1325.175048828125,1342.5,1624730
2024-10-04,1278.5013427734375,1299.074951171875,1339.175048828125,1295.1500244140625,1331.5,2066068
2024-10-07,1266.5439453125,1286.925048828125,1310.0,1283.449951171875,1302.4749755859375,2205716
2024-10-08,1270.431396484375,1290.875,1297.0,1275.800048828125,1285.300048828125,2404340
2024-10-09,1238.076904296875,1258.0,1290.0,1234.4749755859375,1289.5,4733190
2024-10-10,1236.330078125,1256.2249755859375,1265.8499755859375,1253.0,1264.5,2060004
2024-10-11,1236.0103759765625,1255.9000244140625,1261.0,1248.050048828125,1260.0,1256928
2024-10-14,1231.2125244140625,1251.0250244140625,1259.8499755859375,1246.574951171875,1259.8499755859375,1340768
2024-10-15,1222.453369140625,1242.125,1251.0250244140625,1236.0,1251.0250244140625,1590308
2024-10-16,1211.6275634765625,1231.125,1246.5250244140625,1215.7249755859375,1245.0,2473286
2024-10-17,1170.51416015625,1189.3499755859375,1237.4749755859375,1182.5,1237.4749755859375,5255508
2024-10-18,1156.514404296875,1175.125,1191.824951171875,1163.050048828125,1190.0,3278370
2024-10-21,1158.6796875,1177.324951171875,1187.0,1166.5,1180.0,1497408
2024-10-22,1156.514404296875,1175.125,1192.5,1170.0250244140625,1177.25,1934262
2024-10-23,1145.147216796875,1163.574951171875,1187.449951171875,1160.050048828125,1175.0250244140625,1414522
2024-10-24,1111.439697265625,1129.324951171875,1170.0,1108.0,1169.5,5910994
2024-10-25,1112.448486328125,1130.3499755859375,1143.25,1128.5,1134.5,2683018
2024-10-28,1118.03369140625,1136.0250244140625,1159.5,1128.0250244140625,1135.4749755859375,1751130
2024-10-29,1115.7454833984375,1133.699951171875,1142.9000244140625,1130.375,1140.0,1859662
2024-10-30,1120.1251220703125,1138.1500244140625,1148.625,1130.0999755859375,1139.375,1787546
2024-10-31,1113.5557861328125,1131.4749755859375,1143.5,1130.0,1143.5,1319530
2024-11-01,1123.0775146484375,1141.1500244140625,1146.4749755859375,1134.175048828125,1146.449951171875,243228
2024-11-04,1105.3133544921875,1123.0999755859375,1143.5,1115.449951171875,1141.5,1926320
2024-11-05,1113.309814453125,1131.2249755859375,1133.949951171875,1118.1500244140625,1128.0,1451860
2024-11-06,1119.7806396484375,1137.800048828125,1139.8499755859375,1129.0250244140625,1134.0,1613946
2024-11-07,1113.506591796875,1131.425048828125,1142.425048828125,1120.8499755859375,1136.5,1783914
2024-11-08,1129.646728515625,1147.824951171875,1149.0,1129.4000244140625,1135.0,1669990
2024-11-11,1121.478271484375,1139.5250244140625,1147.425048828125,1127.0999755859375,1140.0,1547190
2024-11-12,1110.2342529296875,1128.0999755859375,1145.2249755859375,1120.5,1145.2249755859375,2210678
2024-11-13,1099.9251708984375,1117.625,1125.9749755859375,1111.0,1120.625,1526776
2024-11-14,1074.115478515625,1091.4000244140625,1122.4749755859375,1089.199951171875,1119.5250244140625,2318476
2024-11-18,1089.07470703125,1106.5999755859375,1109.4749755859375,1084.3499755859375,1095.3499755859375,1383330
2024-11-19,1089.542236328125,1107.074951171875,1121.824951171875,1101.949951171875,1112.5,1612040
2024-11-21,1088.0904541015625,1105.5999755859375,1125.0,1093.5,1102.7750244140625,1655768
2024-11-22,1105.854736328125,1123.6500244140625,1126.425048828125,1102.0999755859375,1107.0999755859375,1543916
2024-11-25,1110.6031494140625,1128.4749755859375,1141.824951171875,1123.125,1129.2750244140625,4059604
2024-11-26,1114.6876220703125,1132.625,1143.9749755859375,1125.25,1135.0,634244
2024-11-27,1118.9686279296875,1136.9749755859375,1138.4000244140625,1125.2249755859375,1138.300048828125,874722
2024-11-28,1100.417236328125,1118.125,1144.75,1114.0,1137.0250244140625,2492756
2024-11-29,1099.6297607421875,1117.324951171875,1131.5,1113.5,1113.5,2698320
2024-12-02,1108.0936279296875,1125.925048828125,1128.5,1111.550048828125,1121.4000244140625,936544
2024-12-03,1112.9405517578125,1130.8499755859375,1133.425048828125,1125.0,1131.0,1532464
2024-12-04,1111.0216064453125,1128.9000244140625,1137.5,1120.7249755859375,1130.5,1937738
2024-12-05,1114.810546875,1132.75,1138.5,1110.5,1128.9000244140625,2375568
2024-12-06,1115.9422607421875,1133.9000244140625,1145.9749755859375,1127.550048828125,1133.2249755859375,1291202
2024-12-09,1096.7757568359375,1114.425048828125,1138.300048828125,1106.824951171875,1135.0,1939702
2024-12-10,1089.6898193359375,1107.2249755859375,1120.0,1105.0,1114.5,1830596
2024-12-11,1102.779052734375,1120.5250244140625,1127.0,1111.5,1112.5,1469722
2024-12-12,1094.413818359375,1112.0250244140625,1127.0,1107.550048828125,1124.9749755859375,1931220
2024-12-13,1108.905517578125,1126.75,1128.925048828125,1104.125,1112.5,1109322
2024-12-16,1101.6473388671875,1119.375,1128.75,1114.2750244140625,1126.75,1331372
2024-12-17,1084.0308837890625,1101.4749755859375,1116.9749755859375,1100.0,1113.0,2997812
2024-12-18,1076.6988525390625,1094.0250244140625,1106.9749755859375,1090.25,1101.4749755859375,1932332
2024-12-19,1063.0927734375,1080.199951171875,1097.125,1073.699951171875,1092.5,3107980
2024-12-20,1064.6182861328125,1081.75,1087.5,1072.699951171875,1080.0,3303524
2024-12-23,1058.7625732421875,1075.800048828125,1090.0,1073.8499755859375,1085.0,877434
2024-12-24,1066.19287109375,1083.3499755859375,1087.5,1075.8499755859375,1075.8499755859375,645132
2024-12-26,1057.9259033203125,1074.949951171875,1088.0,1073.199951171875,1079.0999755859375,1047852
2024-12-27,1065.6517333984375,1082.800048828125,1084.5250244140625,1075.5,1079.5,925334
2024-12-30,1062.8466796875,1079.949951171875,1088.5,1074.5,1087.0,2470980
2024-12-31,1067.8414306640625,1085.0250244140625,1087.2750244140625,1073.875,1077.5,1271114
2025-01-01,1067.44775390625,1084.625,1089.625,1078.6500244140625,1085.0,908580
2025-01-02,1082.677490234375,1100.0999755859375,1103.875,1081.574951171875,1084.5,1258328
2025-01-03,1098.6702880859375,1116.3499755859375,1118.9749755859375,1099.0250244140625,1100.0999755859375,2022900
2025-01-06,1075.1978759765625,1092.5,1122.449951171875,1085.0,1121.75,2276932
2025-01-07,1088.8040771484375,1106.324951171875,1108.1500244140625,1089.949951171875,1095.0999755859375,1191638
2025-01-08,1092.3717041015625,1109.949951171875,1112.4749755859375,1097.2750244140625,1111.5,899000
2025-01-09,1110.160400390625,1128.0250244140625,1135.9000244140625,1102.0250244140625,1107.7249755859375,2294636
2025-01-10,1106.14990234375,1123.949951171875,1139.0,1120.625,1136.0250244140625,1619708
2025-01-13,1100.95849609375,1118.675048828125,1130.574951171875,1110.7750244140625,1122.5,1609062
2025-01-14,1091.953369140625,1109.5250244140625,1128.300048828125,1099.625,1125.5999755859375,1405098
2025-01-15,1082.4068603515625,1099.824951171875,1110.050048828125,1086.0999755859375,1109.5250244140625,1447250
2025-01-16,1067.4722900390625,1084.6500244140625,1109.125,1078.25,1102.550048828125,2651618
2025-01-17,1091.04296875,1108.5999755859375,1113.175048828125,1086.2750244140625,1090.324951171875,911802
2025-01-20,1089.46826171875,1107.0,1112.5,1101.175048828125,1109.5999755859375,802216
2025-01-21,1080.832275390625,1098.2249755859375,1120.0,1095.7750244140625,1112.5,1528828
2025-01-22,1086.41748046875,1103.9000244140625,1106.4749755859375,1097.074951171875,1098.2249755859375,896072
2025-01-23,1082.0626220703125,1099.4749755859375,1104.800048828125,1082.5,1097.074951171875,992014
2025-01-24,1086.466552734375,1103.949951171875,1111.375,1095.050048828125,1101.0,1327200
2025-01-27,1070.154052734375,1087.375,1115.949951171875,1084.300048828125,1091.0250244140625,1099972
2025-01-28,1061.0753173828125,1078.1500244140625,1090.925048828125,1071.300048828125,1087.375,1442066
2025-01-29,1073.08203125,1090.3499755859375,1092.449951171875,1065.625,1078.1500244140625,794290
2025-01-30,1091.1168212890625,1108.675048828125,1116.3499755859375,1090.3499755859375,1094.5,1149120
2025-01-31,1138.2828369140625,1156.5999755859375,1193.5,1104.75,1108.675048828125,6279774
2025-02-01,1145.171875,1163.5999755859375,1187.0,1128.625,1156.5,2493130
2025-02-03,1140.201904296875,1158.550048828125,1187.0,1155.8499755859375,1163.5999755859375,2281742
2025-02-04,1131.5166015625,1149.7249755859375,1161.4000244140625,1141.8499755859375,1161.199951171875,2487034
2025-02-05,1106.6666259765625,1124.4749755859375,1148.949951171875,1112.625,1141.9000244140625,2950590
2025-02-06,1101.9918212890625,1119.7249755859375,1134.5,1113.5,1134.5,1973914
2025-02-07,1101.9422607421875,1112.550048828125,1119.0,1103.7750244140625,1117.0,1585116
2025-02-10,1099.9366455078125,1110.5250244140625,1126.25,1103.0999755859375,1117.5,1520362
2025-02-11,1087.283447265625,1097.75,1116.050048828125,1088.9749755859375,1110.5250244140625,953674
2025-02-12,1086.416748046875,1096.875,1107.0,1085.8499755859375,1107.0,1006516
2025-02-13,1078.39404296875,1088.7750244140625,1105.0999755859375,1086.324951171875,1096.875,1022294
2025-02-14,1087.456787109375,1097.925048828125,1112.5,1085.0250244140625,1088.7750244140625,1921722
2025-02-17,1097.683349609375,1108.25,1110.0,1085.0,1097.925048828125,1603030
2025-02-18,1100.605224609375,1111.199951171875,1114.75,1099.9749755859375,1108.25,906118
2025-02-19,1091.96337890625,1102.4749755859375,1112.0,1098.7750244140625,1103.0,852958
2025-02-20,1092.854736328125,1103.375,1107.4749755859375,1093.4000244140625,1102.4749755859375,1316934
2025-02-21,1096.9156494140625,1107.4749755859375,1109.050048828125,1094.6500244140625,1108.4749755859375,1188490
2025-02-24,1099.6146240234375,1110.199951171875,1118.925048828125,1098.0250244140625,1099.5,968084
2025-02-25,1114.4715576171875,1125.199951171875,1128.199951171875,1106.925048828125,1111.2249755859375,1285668
2025-02-27,1128.2391357421875,1139.0999755859375,1140.9000244140625,1125.0,1130.0999755859375,1502006
2025-02-28,1084.38623046875,1094.824951171875,1135.0,1092.5,1130.5,3687132
2025-03-03,1082.35595703125,1092.7750244140625,1100.0,1075.4000244140625,1094.125,1043550
2025-03-04,1063.0169677734375,1073.25,1082.050048828125,1059.0,1080.0,2085044
2025-03-05,1088.0262451171875,1098.5,1104.675048828125,1055.0,1055.0,1693328
2025-03-06,1090.106201171875,1100.5999755859375,1108.199951171875,1085.1500244140625,1093.5,2514922
2025-03-07,1108.5535888671875,1119.2249755859375,1123.0,1095.625,1100.5,1051212
2025-03-10,1113.481201171875,1124.199951171875,1137.0,1077.550048828125,1119.5999755859375,1013160
2025-03-11,1114.966796875,1125.699951171875,1136.2249755859375,1116.875,1120.4000244140625,957110
2025-03-12,1087.283447265625,1097.75,1127.050048828125,1095.824951171875,1124.5,717178
2025-03-13,1085.525390625,1095.9749755859375,1105.875,1092.050048828125,1101.050048828125,584340
2025-03-17,1076.809326171875,1087.175048828125,1101.675048828125,1078.0,1087.7750244140625,820010
2025-03-18,1076.809326171875,1087.175048828125,1087.175048828125,1087.175048828125,1087.175048828125,0
2025-03-19,1081.5882568359375,1092.0,1106.699951171875,1090.074951171875,1103.25,845086
2025-03-20,1100.1842041015625,1110.7750244140625,1114.375,1090.574951171875,1102.0,953748
2025-03-21,1123.6087646484375,1134.425048828125,1137.5,1115.9749755859375,1120.449951171875,1585274
2025-03-24,1120.9840087890625,1131.7750244140625,1144.300048828125,1130.0250244140625,1136.550048828125,861902
2025-03-25,1116.675537109375,1127.425048828125,1140.0,1115.0999755859375,1130.0,1484284
2025-03-26,1111.02978515625,1121.7249755859375,1134.925048828125,1120.050048828125,1127.449951171875,1066938
2025-03-27,1110.3365478515625,1121.0250244140625,1134.0,1112.625,1120.0999755859375,1731172
2025-03-28,1114.64501953125,1125.375,1143.9749755859375,1121.5250244140625,1121.5250244140625,1432302
2025-04-01,1106.349853515625,1117.0,1143.925048828125,1109.050048828125,1130.949951171875,2040110
2025-04-02,1094.8109130859375,1105.3499755859375,1115.0,1074.0,1115.0,2601704
2025-04-03,1112.1192626953125,1122.824951171875,1124.5250244140625,1097.5,1099.0250244140625,635716
2025-04-04,1120.2906494140625,1131.074951171875,1141.4000244140625,1108.625,1117.0,1183470
2025-04-07,1113.7783203125,1124.5,1128.675048828125,1080.0,1080.0,1474570
2025-04-08,1126.8525390625,1137.699951171875,1141.4749755859375,1115.625,1127.5,1747016
2025-04-09,1161.2464599609375,1172.425048828125,1181.300048828125,1136.0999755859375,1141.5999755859375,3706748
2025-04-11,1169.4425048828125,1180.699951171875,1186.0,1161.0250244140625,1172.8499755859375,2236634
2025-04-15,1172.6614990234375,1183.949951171875,1190.699951171875,1172.800048828125,1190.699951171875,1561748
2025-04-16,1180.2880859375,1191.6500244140625,1195.050048828125,1173.5,1173.5,1354424
2025-04-17,1196.7794189453125,1208.300048828125,1211.5999755859375,1179.300048828125,1186.0,1815842
2025-04-21,1188.2613525390625,1199.699951171875,1210.5,1195.25,1200.5,953130
2025-04-22,1192.173828125,1203.6500244140625,1210.0,1195.0,1202.5,975908
2025-04-23,1205.0992431640625,1216.699951171875,1220.949951171875,1200.0,1209.6500244140625,1165112
2025-04-24,1205.0001220703125,1216.5999755859375,1257.5,1189.5,1217.5,4674476
2025-04-25,1195.244140625,1206.75,1217.5999755859375,1193.6500244140625,1213.449951171875,2256568
2025-04-28,1191.5299072265625,1203.0,1209.199951171875,1193.0,1200.0,1961052
2025-04-29,1182.3680419921875,1193.75,1203.0,1179.5999755859375,1203.0,1952120
2025-04-30,1182.7147216796875,1194.0999755859375,1203.199951171875,1182.1500244140625,1187.5,2040862
2025-05-02,1154.7835693359375,1165.9000244140625,1192.4000244140625,1163.5,1187.5,1265148
2025-05-05,1153.000732421875,1164.0999755859375,1176.0,1161.8499755859375,1174.449951171875,1827594
2025-05-06,1167.015869140625,1178.25,1187.0999755859375,1165.0,1168.5,1742026
2025-05-07,1158.0521240234375,1169.199951171875,1178.0,1163.6500244140625,1165.5,1353304
2025-05-08,1159.191162109375,1170.3499755859375,1175.050048828125,1157.550048828125,1164.0,2693092
2025-05-09,1151.614013671875,1162.699951171875,1174.5,1145.8499755859375,1151.0,1816458
2025-05-12,1180.5357666015625,1191.9000244140625,1194.5,1173.0,1179.9000244140625,801500
2025-05-13,1173.800537109375,1185.0999755859375,1194.9000244140625,1171.0,1190.0,2333552
2025-05-14,1173.8995361328125,1185.199951171875,1189.5999755859375,1176.6500244140625,1182.5,1203066
2025-05-15,1187.6175537109375,1199.050048828125,1207.449951171875,1170.75,1185.0,1928224
2025-05-16,1192.9166259765625,1204.4000244140625,1207.300048828125,1188.3499755859375,1207.300048828125,1369102
2025-05-19,1192.42138671875,1203.9000244140625,1211.050048828125,1198.0999755859375,1202.0,845862
2025-05-20,1168.00634765625,1179.25,1209.9000244140625,1177.1500244140625,1209.9000244140625,1555350
2025-05-21,1184.893798828125,1196.300048828125,1199.0,1179.25,1179.25,1350296
2025-05-22,1169.591064453125,1180.8499755859375,1192.5,1170.0,1192.5,2161612
2025-05-23,1195.6898193359375,1207.199951171875,1212.0,1176.050048828125,1178.0,1154460
2025-05-26,1215.3011474609375,1227.0,1232.449951171875,1202.699951171875,1207.199951171875,1248708
2025-05-27,1218.718017578125,1230.449951171875,1241.0,1216.0999755859375,1225.050048828125,1584098
2025-05-28,1197.9678955078125,1209.5,1228.3499755859375,1208.0,1226.050048828125,1447242
2025-05-29,1205.8917236328125,1217.5,1219.9000244140625,1203.25,1210.699951171875,1862596
2025-05-30,1186.6766357421875,1198.0999755859375,1228.5,1195.25,1217.5,2134920
2025-06-02,1191.678466796875,1203.1500244140625,1207.9000244140625,1195.5,1200.0,2052718
2025-06-03,1184.2994384765625,1195.699951171875,1213.199951171875,1191.0,1207.8499755859375,1468888
2025-06-04,1187.3204345703125,1198.75,1201.9000244140625,1192.449951171875,1194.199951171875,1174082
2025-06-05,1189.202392578125,1200.6500244140625,1204.5,1190.25,1202.5,1467916
2025-06-06,1197.0765380859375,1208.5999755859375,1211.449951171875,1195.0,1201.949951171875,1004606
2025-06-09,1196.135498046875,1207.6500244140625,1213.6500244140625,1200.5,1212.5,678874
2025-06-10,1204.1087646484375,1215.699951171875,1219.449951171875,1204.449951171875,1207.6500244140625,1351562
2025-06-11,1198.0670166015625,1209.5999755859375,1225.0,1204.0,1221.25,1751374
2025-06-12,1181.42724609375,1192.800048828125,1214.050048828125,1183.1500244140625,1213.5,2717158
2025-06-13,1177.0692138671875,1188.4000244140625,1190.0,1173.4000244140625,1181.0,829756
2025-06-16,1183.5072021484375,1194.9000244140625,1197.5,1182.550048828125,1185.050048828125,532308
2025-06-17,1169.73974609375,1181.0,1193.449951171875,1176.5,1190.050048828125,1531068
2025-06-18,1159.24072265625,1170.4000244140625,1182.050048828125,1162.699951171875,1181.949951171875,1308554
2025-06-19,1148.3951416015625,1159.449951171875,1170.4000244140625,1155.0,1170.4000244140625,1474774
2025-06-20,1168.947265625,1180.199951171875,1199.0,1159.449951171875,1169.050048828125,22941194
2025-06-23,1168.303466796875,1179.550048828125,1199.449951171875,1175.449951171875,1186.5,1297744
2025-06-24,1171.62158203125,1182.9000244140625,1191.800048828125,1178.8499755859375,1187.5,1100860
2025-06-25,1190.7374267578125,1202.199951171875,1214.449951171875,1186.0,1186.0,2300288
2025-06-26,1204.1087646484375,1215.699951171875,1221.800048828125,1201.5999755859375,1210.0,3115098
2025-06-27,1217.628662109375,1229.3499755859375,1231.8499755859375,1213.050048828125,1224.5,2375672
2025-06-30,1220.897216796875,1232.6500244140625,1237.800048828125,1221.5,1234.0,1658010
2025-07-01,1193.5604248046875,1205.050048828125,1235.699951171875,1202.5999755859375,1235.0,1077220
2025-07-02,1182.61572265625,1194.0,1206.949951171875,1190.0,1205.25,1475052
2025-07-03,1182.813720703125,1194.199951171875,1204.550048828125,1192.5,1199.949951171875,1263638
2025-07-04,1189.9752197265625,1196.4000244140625,1198.5,1183.550048828125,1192.449951171875,790114
2025-07-07,1204.5465087890625,1211.050048828125,1213.0,1194.0,1199.699951171875,868414
2025-07-08,1202.457763671875,1208.949951171875,1217.8499755859375,1203.5,1211.050048828125,711576
2025-07-09,1207.3812255859375,1213.9000244140625,1218.25,1207.25,1210.0,790360
2025-07-10,1194.2520751953125,1200.699951171875,1218.449951171875,1198.800048828125,1212.5,569850
2025-07-11,1195.29638671875,1201.75,1214.3499755859375,1198.550048828125,1202.0,741064
2025-07-14,1190.02490234375,1196.449951171875,1207.3499755859375,1188.5,1202.6500244140625,942914
2025-07-15,1201.662109375,1208.1500244140625,1210.0,1190.050048828125,1196.449951171875,1064608
2025-07-16,1223.394775390625,1230.0,1245.0,1203.699951171875,1208.0,2810630
2025-07-17,1217.9739990234375,1224.550048828125,1235.0,1223.050048828125,1229.0,546708
2025-07-18,1229.4619140625,1236.0999755859375,1238.449951171875,1215.5,1229.5,899652
2025-07-21,1229.660888671875,1236.300048828125,1239.199951171875,1222.5,1236.449951171875,957974
2025-07-22,1215.1890869140625,1221.75,1238.75,1219.0,1236.4000244140625,774548
2025-07-23,1219.6649169921875,1226.25,1234.5,1216.800048828125,1230.0,720228
2025-07-24,1154.8150634765625,1161.050048828125,1237.5,1155.0,1226.4000244140625,5372012
2025-07-25,1131.192626953125,1137.300048828125,1157.449951171875,1133.0,1157.449951171875,3178714
2025-07-28,1108.6641845703125,1114.6500244140625,1149.949951171875,1111.050048828125,1137.3499755859375,1879938
2025-07-29,1105.879150390625,1111.8499755859375,1129.050048828125,1109.949951171875,1115.0,1801922
2025-07-30,1109.75830078125,1115.75,1119.75,1110.8499755859375,1115.0,929698
2025-07-31,1117.814697265625,1123.8499755859375,1132.949951171875,1110.5,1112.5,1346218
2025-08-01,1132.137451171875,1138.25,1143.8499755859375,1121.550048828125,1123.8499755859375,1410024
2025-08-04,1132.5849609375,1138.699951171875,1143.300048828125,1129.0,1143.0,812794
2025-08-05,1127.5621337890625,1133.6500244140625,1141.199951171875,1125.050048828125,1139.8499755859375,1135934
2025-08-06,1110.6534423828125,1116.6500244140625,1136.199951171875,1113.050048828125,1135.0,1127544
2025-08-07,1111.300048828125,1117.300048828125,1123.199951171875,1107.5,1118.0,1014230
2025-08-08,1090.6116943359375,1096.5,1126.4000244140625,1093.4000244140625,1122.0,1242852
2025-08-11,1099.0660400390625,1105.0,1108.9000244140625,1087.0,1097.0,1038967
2025-08-12,1085.2406005859375,1091.0999755859375,1109.5999755859375,1089.0,1108.0,758197
2025-08-13,1091.009521484375,1096.9000244140625,1100.800048828125,1086.5999755859375,1091.0999755859375,813725
2025-08-14,1083.5498046875,1089.4000244140625,1103.0,1084.699951171875,1099.9000244140625,941698
2025-08-18,1137.9560546875,1144.0999755859375,1169.9000244140625,1120.5,1120.5,3478231
2025-08-19,1155.1630859375,1161.4000244140625,1168.0,1130.199951171875,1149.5999755859375,1851158
2025-08-20,1183.907958984375,1190.300048828125,1192.800048828125,1156.699951171875,1165.0,1652532
2025-08-21,1173.0665283203125,1179.4000244140625,1190.300048828125,1168.800048828125,1190.0,991563
2025-08-22,1156.655029296875,1162.9000244140625,1191.0,1158.0,1175.0,921658
2025-08-25,1146.8082275390625,1153.0,1166.800048828125,1148.800048828125,1162.9000244140625,931358
2025-08-26,1155.958740234375,1162.199951171875,1179.0,1149.0,1149.0,3619892
2025-08-28,1156.15771484375,1162.4000244140625,1168.199951171875,1155.0,1165.5999755859375,1065888
2025-08-29,1149.990966796875,1156.199951171875,1184.4000244140625,1150.0,1160.300048828125,1593255
2025-09-01,1168.0933837890625,1174.4000244140625,1176.0,1156.199951171875,1157.9000244140625,643866
2025-09-02,1194.4510498046875,1200.9000244140625,1202.5,1172.4000244140625,1174.4000244140625,1773623
2025-09-03,1188.3837890625,1194.800048828125,1206.5,1191.300048828125,1206.5,827824
2025-09-04,1206.088134765625,1212.5999755859375,1238.199951171875,1208.0,1230.0,3346196
2025-09-05,1202.0101318359375,1208.5,1216.4000244140625,1191.0,1212.0,1434458
2025-09-08,1181.32177734375,1187.699951171875,1211.0,1185.199951171875,1208.5,1112974
2025-09-09,1195.7440185546875,1202.199951171875,1204.0,1187.9000244140625,1195.199951171875,1295618
2025-09-10,1210.9619140625,1217.5,1219.199951171875,1201.699951171875,1208.199951171875,1015673
2025-09-11,1214.244140625,1220.800048828125,1224.9000244140625,1212.0999755859375,1212.0999755859375,783400
2025-09-12,1211.061279296875,1217.5999755859375,1223.0,1209.5,1220.199951171875,632659
2025-09-15,1205.9886474609375,1212.5,1220.0,1209.5999755859375,1212.199951171875,523120
2025-09-16,1197.7332763671875,1204.199951171875,1215.0,1201.199951171875,1212.0,1137133
2025-09-17,1197.832763671875,1204.300048828125,1212.5999755859375,1195.5999755859375,1207.0,1005661
2025-09-18,1202.60693359375,1209.0999755859375,1213.300048828125,1200.0,1205.0999755859375,1345158
2025-09-19,1188.0853271484375,1194.5,1212.0,1191.0,1212.0,2395784
2025-09-22,1181.918701171875,1188.300048828125,1201.199951171875,1184.0,1198.9000244140625,1107323
2025-09-23,1162.1256103515625,1168.4000244140625,1194.5,1165.0,1189.800048828125,2114020
2025-09-24,1172.270751953125,1178.5999755859375,1185.199951171875,1161.4000244140625,1167.9000244140625,1395188
2025-09-25,1167.1981201171875,1173.5,1192.4000244140625,1171.5999755859375,1184.5,1273981
2025-09-26,1156.356689453125,1162.5999755859375,1179.0,1160.199951171875,1170.0,1011036
2025-09-29,1146.3109130859375,1152.5,1162.0999755859375,1149.199951171875,1160.0,2130382
2025-09-30,1146.708740234375,1152.9000244140625,1159.5999755859375,1146.4000244140625,1155.5999755859375,1409305
2025-10-01,1160.1363525390625,1166.4000244140625,1169.199951171875,1145.0,1157.9000244140625,727804
2025-10-03,1163.6175537109375,1169.9000244140625,1171.300048828125,1154.4000244140625,1160.0,1159975
2025-10-06,1175.35400390625,1181.699951171875,1183.699951171875,1163.5,1163.5,639965
2025-10-07,1170.48046875,1176.800048828125,1192.199951171875,1175.0,1181.699951171875,922441
2025-10-08,1174.1605224609375,1180.5,1182.5,1158.5999755859375,1170.0,893579
2025-10-09,1181.42138671875,1187.800048828125,1189.0999755859375,1172.9000244140625,1175.0999755859375,922191
2025-10-10,1193.0584716796875,1199.5,1202.0,1184.4000244140625,1186.4000244140625,1110822
2025-10-13,1181.7197265625,1188.0999755859375,1200.800048828125,1181.9000244140625,1199.0,1062394
2025-10-14,1169.1873779296875,1175.5,1194.300048828125,1171.0,1190.0999755859375,1293553
2025-10-15,1214.8409423828125,1221.4000244140625,1225.0,1175.5,1175.5,2283392
2025-10-16,1269.7445068359375,1276.5999755859375,1286.5,1216.5,1221.4000244140625,6927367
2025-10-17,1282.5751953125,1289.5,1311.5999755859375,1261.300048828125,1263.9000244140625,3171952
2025-10-20,1278.4971923828125,1285.4000244140625,1305.5999755859375,1280.800048828125,1289.5,1246633
2025-10-21,1280.3870849609375,1287.300048828125,1292.0,1277.300048828125,1280.0,245138
2025-10-23,1265.9649658203125,1272.800048828125,1303.800048828125,1270.800048828125,1287.0,1751448
2025-10-24,1275.115478515625,1282.0,1284.5,1259.4000244140625,1274.4000244140625,1433533
2025-10-27,1276.110107421875,1283.0,1292.199951171875,1275.800048828125,1282.0,1107997
2025-10-28,1264.174560546875,1271.0,1288.9000244140625,1263.699951171875,1283.800048828125,1343829
2025-10-29,1266.163818359375,1273.0,1281.0,1266.5,1275.0,836932
2025-10-30,1273.0267333984375,1279.9000244140625,1281.4000244140625,1267.699951171875,1278.0,728703
2025-10-31,1264.7713623046875,1271.5999755859375,1284.0,1269.5999755859375,1279.9000244140625,943037
2025-11-03,1259.8975830078125,1266.699951171875,1269.9000244140625,1255.5,1269.5999755859375,847050
2025-11-04,1258.206787109375,1265.0,1269.0,1250.699951171875,1266.0,770668
2025-11-06,1259.30078125,1266.0999755859375,1278.9000244140625,1260.0999755859375,1265.0,1171263
2025-11-07,1255.9190673828125,1262.699951171875,1270.9000244140625,1256.4000244140625,1264.0,596683
2025-11-10,1256.1180419921875,1262.9000244140625,1273.199951171875,1260.199951171875,1263.0999755859375,737986
2025-11-11,1261.2901611328125,1268.0999755859375,1270.199951171875,1255.0,1268.0,729912
2025-11-12,1271.3358154296875,1278.199951171875,1286.9000244140625,1261.5999755859375,1270.0,824792
2025-11-13,1268.3519287109375,1275.199951171875,1289.300048828125,1270.300048828125,1280.0,691337
2025-11-14,1264.7713623046875,1271.5999755859375,1279.0,1262.4000244140625,1275.199951171875,675047
2025-11-17,1263.4783935546875,1270.300048828125,1278.0,1264.0999755859375,1272.0,774802
2025-11-18,1258.30615234375,1265.0999755859375,1269.9000244140625,1252.5999755859375,1262.0999755859375,810387
2025-11-19,1272.131591796875,1279.0,1280.0,1263.0,1267.9000244140625,726287
2025-11-20,1272.3304443359375,1279.199951171875,1288.5999755859375,1275.199951171875,1288.0,796864
2025-11-21,1273.8223876953125,1280.699951171875,1288.9000244140625,1273.0,1275.0,673231
2025-11-24,1262.3841552734375,1269.199951171875,1285.800048828125,1259.5,1285.0,2636542
2025-11-25,1256.4163818359375,1263.199951171875,1270.9000244140625,1250.800048828125,1267.4000244140625,1065974
2025-11-26,1269.9434814453125,1276.800048828125,1282.699951171875,1257.0999755859375,1257.0999755859375,810809
2025-11-27,1259.5992431640625,1266.4000244140625,1279.5,1260.5,1276.0,708607
2025-11-28,1254.32763671875,1261.0999755859375,1269.699951171875,1258.199951171875,1266.300048828125,626947
2025-12-01,1253.830322265625,1260.5999755859375,1264.0,1251.5999755859375,1260.5999755859375,644563
2025-12-02,1252.1395263671875,1258.9000244140625,1261.800048828125,1251.0,1251.0,911551
2025-12-03,1235.2308349609375,1241.9000244140625,1258.0,1236.0999755859375,1257.0,642993
2025-12-04,1235.7281494140625,1242.4000244140625,1245.0,1233.199951171875,1241.9000244140625,664641
2025-12-05,1240.2039794921875,1246.9000244140625,1249.0,1234.199951171875,1237.5,911699
2025-12-08,1208.2763671875,1214.800048828125,1248.0,1212.800048828125,1246.9000244140625,1534927
2025-12-09,1209.27099609375,1215.800048828125,1221.5,1207.300048828125,1214.9000244140625,810028
2025-12-10,1202.805908203125,1209.300048828125,1221.800048828125,1205.0,1215.800048828125,514862
2025-12-11,1208.4752197265625,1215.0,1220.4000244140625,1205.800048828125,1209.4000244140625,339626
2025-12-12,1231.650146484375,1238.300048828125,1240.0,1215.4000244140625,1219.0,841766
2025-12-15,1236.822265625,1243.5,1248.0,1225.5,1238.0,857798
2025-12-16,1233.937744140625,1240.5999755859375,1264.0,1234.4000244140625,1236.5,1086329
2025-12-17,1227.969970703125,1234.5999755859375,1241.4000244140625,1224.300048828125,1237.0,526222
2025-12-18,1226.8759765625,1233.5,1243.9000244140625,1227.5,1234.699951171875,707432
2025-12-19,1237.7174072265625,1244.4000244140625,1246.199951171875,1229.699951171875,1230.800048828125,754446
2025-12-22,1250.4486083984375,1257.199951171875,1259.9000244140625,1240.0,1246.0,880387
2025-12-23,1249.75244140625,1256.5,1261.5,1251.0999755859375,1260.0,663261
2025-12-24,1252.9351806640625,1259.699951171875,1264.0999755859375,1247.9000244140625,1251.0999755859375,598956
2025-12-26,1265.7659912109375,1272.5999755859375,1277.0,1251.4000244140625,1264.0,1433973
2025-12-29,1273.126220703125,1280.0,1286.5,1270.800048828125,1275.0,888206
2025-12-30,1267.2579345703125,1274.0999755859375,1289.0,1267.699951171875,1284.0,2043408
2025-12-31,1281.083251953125,1288.0,1294.300048828125,1270.4000244140625,1274.199951171875,738631
2026-01-01,1288.045654296875,1295.0,1299.0,1284.0,1293.0,932297
2026-01-02,1272.8277587890625,1279.699951171875,1299.0,1277.5999755859375,1292.0,736473
2026-01-05,1307.5404052734375,1314.5999755859375,1320.0,1278.5,1279.0,2397082
2026-01-06,1312.81201171875,1319.9000244140625,1323.5,1298.4000244140625,1319.0,866154
2026-01-07,1307.7393798828125,1314.800048828125,1332.699951171875,1304.199951171875,1312.5,676669
2026-01-08,1299.8818359375,1306.9000244140625,1315.0999755859375,1299.0,1309.0999755859375,555817
2026-01-09,1292.1236572265625,1299.0999755859375,1310.800048828125,1290.0999755859375,1306.9000244140625,1194489
2026-01-12,1305.352294921875,1312.4000244140625,1318.0,1291.5999755859375,1293.0,1032516
2026-01-13,1311.618408203125,1318.699951171875,1321.9000244140625,1309.0,1312.4000244140625,1316337
2026-01-14,1300.0806884765625,1307.0999755859375,1328.199951171875,1302.199951171875,1321.0,904110
2026-01-15,1300.0806884765625,1307.0999755859375,1307.0999755859375,1307.0999755859375,1307.0999755859375,0
2026-01-16,1308.83349609375,1315.9000244140625,1320.9000244140625,1305.300048828125,1318.199951171875,1491989
2026-01-19,1308.5350341796875,1315.5999755859375,1320.300048828125,1305.5,1306.0,867546
2026-01-20,1288.7418212890625,1295.699951171875,1317.0999755859375,1291.5999755859375,1315.0,1173676
2026-01-21,1276.3089599609375,1283.199951171875,1311.699951171875,1271.300048828125,1298.9000244140625,1046054
2026-01-22,1298.986572265625,1306.0,1312.0,1272.300048828125,1285.9000244140625,994359
2026-01-23,1286.8521728515625,1293.800048828125,1311.9000244140625,1290.300048828125,1310.0,744221
2026-01-27,1296.3011474609375,1303.300048828125,1314.0,1290.300048828125,1300.0,1159495
2026-01-28,1285.4595947265625,1292.4000244140625,1306.0,1273.0,1297.199951171875,940426
2026-01-29,1280.9837646484375,1287.9000244140625,1294.4000244140625,1262.300048828125,1286.5,1151521
2026-01-30,1325.244873046875,1332.4000244140625,1339.5999755859375,1283.0,1286.0,5292100
2026-02-02,1301.2742919921875,1308.300048828125,1311.0,1273.9000244140625,1297.5,1254558
2026-02-03,1300.975830078125,1308.0,1340.4000244140625,1291.0999755859375,1330.0,1232271
2026-02-04,1296.2015380859375,1303.199951171875,1328.0,1295.0999755859375,1313.5999755859375,875783
2026-02-05,1296.5,1303.5,1310.5999755859375,1287.0,1304.800048828125,854891
2026-02-06,1303.300048828125,1303.300048828125,1305.199951171875,1278.699951171875,1291.0999755859375,835646
2026-02-09,1295.5999755859375,1295.5999755859375,1307.0,1290.300048828125,1301.0,746303
2026-02-10,1308.5999755859375,1308.5999755859375,1310.300048828125,1296.5,1296.9000244140625,936331
2026-02-11,1305.300048828125,1305.300048828125,1324.9000244140625,1296.699951171875,1315.0,911500
2026-02-12,1305.5,1305.5,1312.0999755859375,1295.0999755859375,1312.0999755859375,534672
2026-02-13,1282.5999755859375,1282.5999755859375,1310.4000244140625,1278.0,1305.0,522586
2026-02-16,1289.800048828125,1289.800048828125,1295.5,1274.199951171875,1276.699951171875,456222
2026-02-17,1285.300048828125,1285.300048828125,1289.5999755859375,1278.0,1281.0,396198
2026-02-18,1300.9000244140625,1300.9000244140625,1303.4000244140625,1278.0,1286.5999755859375,446022
2026-02-19,1278.5,1278.5,1300.0,1271.9000244140625,1299.800048828125,659360
2026-02-20,1293.800048828125,1293.800048828125,1301.0,1276.4000244140625,1278.5,754146
2026-02-23,1315.0999755859375,1315.0999755859375,1318.5,1295.5,1299.0,933582
2026-02-24,1320.0,1320.0,1323.9000244140625,1305.5999755859375,1305.5999755859375,1120203
2026-02-25,1323.4000244140625,1323.4000244140625,1334.800048828125,1315.0,1328.0,991399
2026-02-26,1318.0,1318.0,1329.199951171875,1310.5999755859375,1329.199951171875,438946
2026-02-27,1291.699951171875,1291.699951171875,1322.9000244140625,1286.0,1311.0999755859375,1640870
2026-03-02,1279.699951171875,1279.699951171875,1288.0,1261.300048828125,1261.9000244140625,1161869
2026-03-04,1245.300048828125,1245.300048828125,1270.0,1240.0,1259.699951171875,1112032
2026-03-05,1250.9000244140625,1250.9000244140625,1254.4000244140625,1222.699951171875,1249.5,935711
2026-03-06,1252.4000244140625,1252.4000244140625,1264.0999755859375,1234.199951171875,1250.0,830769
2026-03-09,1235.800048828125,1235.800048828125,1242.5999755859375,1217.4000244140625,1227.0,1467475
2026-03-10,1241.199951171875,1241.199951171875,1249.5,1233.5,1236.9000244140625,1301806
2026-03-11,1233.699951171875,1233.699951171875,1245.9000244140625,1226.0999755859375,1237.0999755859375,1472136
2026-03-12,1220.800048828125,1220.800048828125,1229.9000244140625,1209.300048828125,1225.0,1358564
2026-03-13,1202.199951171875,1202.199951171875,1238.5999755859375,1200.5999755859375,1219.0,1681371
2026-03-16,1213.4000244140625,1213.4000244140625,1219.300048828125,1196.5,1200.0,1100151
2026-03-17,1206.9000244140625,1206.9000244140625,1225.0,1199.0999755859375,1213.4000244140625,1673011
2026-03-18,1204.800048828125,1204.800048828125,1213.300048828125,1199.9000244140625,1206.0,1144239
2026-03-19,1186.300048828125,1186.300048828125,1203.0,1177.699951171875,1193.0,826831
2026-03-20,1193.5999755859375,1193.5999755859375,1204.0,1177.5999755859375,1204.0,1395157
2026-03-23,1166.800048828125,1166.800048828125,1189.0,1164.800048828125,1189.0,944890
2026-03-24,1183.199951171875,1183.199951171875,1195.0999755859375,1163.199951171875,1180.0,1001494
2026-03-25,1204.0999755859375,1204.0999755859375,1217.800048828125,1180.0,1183.199951171875,1003662
2026-03-27,1193.199951171875,1193.199951171875,1215.699951171875,1188.300048828125,1204.0999755859375,2005121
2026-03-30,1174.800048828125,1174.800048828125,1194.4000244140625,1169.5999755859375,1185.0,1814954
2026-04-01,1180.800048828125,1180.800048828125,1191.5999755859375,1167.0999755859375,1174.800048828125,1836376
2026-04-02,1191.300048828125,1191.300048828125,1200.0,1159.4000244140625,1173.300048828125,1357820
2026-04-06,1216.0,1216.0,1218.800048828125,1179.0,1190.0,1460974
2026-04-07,1222.800048828125,1222.800048828125,1225.4000244140625,1194.199951171875,1204.4000244140625,1434686
2026-04-08,1213.699951171875,1213.699951171875,1250.5999755859375,1209.300048828125,1238.0,1638620
2026-04-09,1228.699951171875,1228.699951171875,1230.0999755859375,1206.4000244140625,1209.5,1258634
2026-04-10,1249.300048828125,1249.300048828125,1252.300048828125,1229.0999755859375,1230.800048828125,1358310
2026-04-13,1226.0999755859375,1226.0999755859375,1246.800048828125,1222.0999755859375,1239.300048828125,1346881
2026-04-15,1256.5999755859375,1256.5999755859375,1259.9000244140625,1232.300048828125,1235.0,1236533
2026-04-16,1257.4000244140625,1257.4000244140625,1261.9000244140625,1246.5,1255.0999755859375,1126023
2026-04-17,1285.5999755859375,1285.5999755859375,1292.0,1252.800048828125,1258.0999755859375,1994195
2026-04-20,1286.4000244140625,1286.4000244140625,1294.300048828125,1274.5999755859375,1294.0,1156327
2026-04-21,1379.9000244140625,1379.9000244140625,1396.0,1286.800048828125,1298.0999755859375,9586515
2026-04-22,1395.800048828125,1395.800048828125,1425.199951171875,1386.0,1391.0,7723484
2026-04-23,1410.5,1410.5,1415.0,1382.0999755859375,1388.9000244140625,2963135
2026-04-24,1421.300048828125,1421.300048828125,1430.9000244140625,1409.0999755859375,1420.0,3419416
2026-04-27,1417.300048828125,1417.300048828125,1437.9000244140625,1410.0,1429.0,1719329
2026-04-28,1440.0,1440.0,1445.0999755859375,1401.0,1417.9000244140625,4008095
2026-04-29,1465.5999755859375,1465.5999755859375,1470.0,1436.0999755859375,1445.0,2753356
2026-04-30,1458.5999755859375,1458.5999755859375,1466.0,1436.0999755859375,1466.0,2305703
2026-05-01,1458.5999755859375,1458.5999755859375,1458.5999755859375,1458.5999755859375,1458.5999755859375,0
2026-05-04,1457.0999755859375,1457.0999755859375,1472.9000244140625,1446.300048828125,1460.0,1744112
2026-05-05,1477.800048828125,1477.800048828125,1480.4000244140625,1447.5999755859375,1456.0,2490700
2026-05-06,1486.0999755859375,1486.0999755859375,1490.0,1468.199951171875,1485.0,2133310
2026-05-07,1476.0,1476.0,1493.0,1468.300048828125,1488.0,2247161
2026-05-08,1482.4000244140625,1482.4000244140625,1496.300048828125,1470.0,1476.5999755859375,1471411
2026-05-11,1481.9000244140625,1481.9000244140625,1498.0999755859375,1470.5,1475.300048828125,1358397
2026-05-12,1468.5999755859375,1468.5999755859375,1491.0,1466.0999755859375,1470.0,1017058
2026-05-13,1468.9000244140625,1468.9000244140625,1486.0,1463.5,1468.5999755859375,2205792
2026-05-14,1459.5999755859375,1459.5999755859375,1479.4000244140625,1453.0,1468.9000244140625,1251986
2026-05-15,1430.5,1430.5,1467.5,1427.5,1459.5999755859375,3292954
2026-05-18,1431.699951171875,1431.699951171875,1444.699951171875,1418.0999755859375,1430.5,2030857
2026-05-19,1431.4000244140625,1431.4000244140625,1454.5,1422.0,1428.0,1803745
2026-05-20,1420.0999755859375,1420.0999755859375,1426.9000244140625,1398.5,1400.0,1425216
2026-05-21,1406.5,1406.5,1430.9000244140625,1403.5,1425.0,2049251
2026-05-22,1423.0999755859375,1423.0999755859375,1434.5999755859375,1401.199951171875,1410.5,1306017
2026-05-25,1413.5999755859375,1413.5999755859375,1438.9000244140625,1410.0,1430.0,812160
2026-05-26,1428.5999755859375,1428.5999755859375,1431.699951171875,1413.199951171875,1417.5999755859375,1472818
2026-05-27,1427.5,1427.5,1443.699951171875,1423.0999755859375,1432.0,1114165
2026-05-28,1427.5,1427.5,1427.5,1427.5,1427.5,0
2026-05-29,1421.5,1421.5,1444.0999755859375,1408.5,1431.4000244140625,13063475
2026-06-01,1391.800048828125,1391.800048828125,1434.9000244140625,1388.5,1424.5,843583
2026-06-02,1398.699951171875,1398.699951171875,1403.5,1368.0999755859375,1385.0,1860526
2026-06-03,1391.5,1391.5,1417.199951171875,1385.300048828125,1405.0,1725869
2026-06-04,1382.9000244140625,1382.9000244140625,1399.9000244140625,1378.5,1395.0,1793823
2026-06-05,1386.199951171875,1386.199951171875,1393.199951171875,1372.300048828125,1383.0,1342143
2026-06-08,1398.9000244140625,1398.9000244140625,1412.5,1373.0,1375.0,1107621
2026-06-09,1410.4000244140625,1410.4000244140625,1414.5999755859375,1399.4000244140625,1399.9000244140625,1298664
2026-06-10,1438.300048828125,1438.300048828125,1454.9000244140625,1409.300048828125,1414.800048828125,2288648
2026-06-11,1422.5,1422.5,1445.0,1419.9000244140625,1437.800048828125,1538190
