Date,Adj Close,Close,High,Low,Open,Volume
,NTPC.NS,NTPC.NS,NTPC.NS,NTPC.NS,NTPC.NS,NTPC.NS
2021-01-01,80.07532501220703,99.05000305175781,100.19999694824219,98.80000305175781,99.94999694824219,13493039
2021-01-04,80.07532501220703,99.05000305175781,100.0,98.5,99.75,22325584
2021-01-05,78.90308380126953,97.5999984741211,98.4000015258789,97.0,98.4000015258789,23510160
2021-01-06,79.10518646240234,97.8499984741211,99.0,97.25,98.0,21952878
2021-01-07,78.41803741455078,97.0,98.5,96.8499984741211,98.0999984741211,24999580
2021-01-08,80.96459197998047,100.1500015258789,100.5,97.3499984741211,97.5999984741211,43240591
2021-01-11,80.0348892211914,99.0,101.25,98.69999694824219,100.75,22036573
2021-01-12,80.96459197998047,100.1500015258789,101.0,98.30000305175781,99.0,24262426
2021-01-13,82.90483856201172,102.55000305175781,104.3499984741211,100.1500015258789,100.25,49236964
2021-01-14,82.62188720703125,102.19999694824219,103.8499984741211,101.69999694824219,103.69999694824219,29301114
2021-01-15,81.20712280273438,100.44999694824219,103.5999984741211,99.9000015258789,102.5,24067229
2021-01-18,78.8626708984375,97.55000305175781,100.9000015258789,96.80000305175781,100.44999694824219,23613664
2021-01-19,80.56037902832031,99.6500015258789,100.8499984741211,97.55000305175781,98.0,22934496
2021-01-20,79.46900939941406,98.30000305175781,99.69999694824219,98.0,99.5999984741211,25599184
2021-01-21,77.6904525756836,96.0999984741211,99.1500015258789,95.5999984741211,98.69999694824219,22667011
2021-01-22,76.03316497802734,94.05000305175781,96.5,92.9000015258789,96.30000305175781,26029669
2021-01-25,75.34597778320312,93.19999694824219,95.30000305175781,92.69999694824219,95.05000305175781,18599824
2021-01-27,73.80995178222656,91.30000305175781,93.0999984741211,90.80000305175781,93.0,22812859
2021-01-28,74.05249786376953,91.5999984741211,92.6500015258789,90.3499984741211,90.80000305175781,32227832
2021-01-29,71.91014099121094,88.94999694824219,92.5999984741211,88.1500015258789,92.0,36962884
2021-02-01,74.37586212158203,92.0,92.4000015258789,88.4000015258789,89.3499984741211,29033297
2021-02-02,76.11399841308594,94.1500015258789,95.3499984741211,92.9000015258789,92.9000015258789,29279584
2021-02-03,78.37760925292969,96.94999694824219,98.0999984741211,94.30000305175781,95.0999984741211,31420256
2021-02-04,80.07532501220703,99.05000305175781,100.19999694824219,97.0,97.30000305175781,39264443
2021-02-05,80.4391098022461,99.5,102.0,98.1500015258789,100.4000015258789,54911202
2021-02-08,81.08586120605469,100.30000305175781,100.94999694824219,96.0999984741211,96.19999694824219,53737961
2021-02-09,80.80289459228516,99.94999694824219,101.19999694824219,99.5,100.4000015258789,28074809
2021-02-10,80.7220687866211,99.8499984741211,100.5,98.6500015258789,100.0,19070866
2021-02-11,81.09712219238281,97.30000305175781,97.9000015258789,96.25,97.9000015258789,18452535
2021-02-12,79.971923828125,95.94999694824219,97.9000015258789,94.80000305175781,97.80000305175781,21660998
2021-02-15,79.34683990478516,95.19999694824219,96.69999694824219,95.0,96.44999694824219,12574055
2021-02-16,81.6805648803711,98.0,99.1500015258789,95.5,95.8499984741211,32865663
2021-02-17,82.80574798583984,99.3499984741211,100.1500015258789,97.0,97.8499984741211,28774857
2021-02-18,86.18134307861328,103.4000015258789,104.25,99.55000305175781,99.69999694824219,50705280
2021-02-19,86.84809875488281,104.19999694824219,106.75,101.4000015258789,103.6500015258789,61069583
2021-02-22,85.05614471435547,102.05000305175781,106.30000305175781,101.4000015258789,104.30000305175781,30636415
2021-02-23,86.18134307861328,103.4000015258789,104.1500015258789,100.55000305175781,102.1500015258789,31233104
2021-02-24,86.0146255493164,103.19999694824219,104.69999694824219,102.0999984741211,104.5,16153025
2021-02-25,90.01531219482422,108.0,110.19999694824219,103.0,103.5999984741211,68361756
2021-02-26,89.431884765625,107.30000305175781,110.94999694824219,104.80000305175781,107.0999984741211,67331805
2021-03-01,90.39037322998047,108.44999694824219,109.80000305175781,107.1500015258789,109.5,27205189
2021-03-02,93.8076400756836,112.55000305175781,113.69999694824219,107.9000015258789,108.44999694824219,53649872
2021-03-03,93.9326400756836,112.69999694824219,114.69999694824219,112.0,114.44999694824219,31702057
2021-03-04,92.34905242919922,110.80000305175781,113.0,110.5,111.5,28057179
2021-03-05,90.5987548828125,108.69999694824219,112.3499984741211,108.4000015258789,111.0,24778407
2021-03-08,92.14068603515625,110.55000305175781,113.30000305175781,109.5,110.6500015258789,28163362
2021-03-09,91.2655258178711,109.5,111.8499984741211,107.44999694824219,111.4000015258789,20611697
2021-03-10,91.39054107666016,109.6500015258789,110.5999984741211,108.94999694824219,110.3499984741211,13207045
2021-03-12,90.93214416503906,109.0999984741211,112.0999984741211,108.5999984741211,111.0,21763020
2021-03-15,92.09900665283203,110.5,111.0,107.69999694824219,109.94999694824219,20350674
2021-03-16,91.30720520019531,109.55000305175781,111.44999694824219,109.30000305175781,110.55000305175781,15360040
2021-03-17,88.80677795410156,106.55000305175781,109.9000015258789,106.1500015258789,109.69999694824219,18850429
2021-03-18,86.51470947265625,103.80000305175781,108.25,103.19999694824219,107.4000015258789,20023557
2021-03-19,90.43204498291016,108.5,109.55000305175781,102.0,102.3499984741211,72249183
2021-03-22,91.55724334716797,109.8499984741211,110.55000305175781,106.8499984741211,108.80000305175781,31980425
2021-03-23,90.55706787109375,108.6500015258789,110.19999694824219,108.0999984741211,110.0,14060206
2021-03-24,88.34837341308594,106.0,109.4000015258789,105.5999984741211,108.0,15196366
2021-03-25,85.84794616699219,103.0,106.5,102.6500015258789,106.0,22543755
2021-03-26,86.84809875488281,104.19999694824219,105.75,103.69999694824219,105.75,17402475
2021-03-30,89.76527404785156,107.69999694824219,108.69999694824219,104.5999984741211,105.8499984741211,36129962
2021-03-31,88.80677795410156,106.55000305175781,109.0,106.0999984741211,107.69999694824219,23063667
2021-04-01,89.93196868896484,107.9000015258789,108.75,106.94999694824219,107.5,13753303
2021-04-05,88.598388671875,106.30000305175781,107.80000305175781,103.75,107.4000015258789,15666099
2021-04-06,88.39005279541016,106.05000305175781,108.0999984741211,105.80000305175781,107.75,17393454
2021-04-07,87.88995361328125,105.44999694824219,107.3499984741211,105.25,106.9000015258789,15692013
2021-04-08,87.51487731933594,105.0,106.44999694824219,104.69999694824219,106.0,11394998
2021-04-09,85.68124389648438,102.80000305175781,105.94999694824219,102.4000015258789,105.94999694824219,19751417
2021-04-12,82.55571746826172,99.05000305175781,101.5,98.05000305175781,101.5,20221362
2021-04-13,83.84759521484375,100.5999984741211,101.1500015258789,99.25,99.5999984741211,19192856
2021-04-15,84.47268676757812,101.3499984741211,103.0,99.30000305175781,101.19999694824219,13865351
2021-04-16,85.38951873779297,102.44999694824219,102.9000015258789,100.5,101.9000015258789,14654851
2021-04-19,82.55571746826172,99.05000305175781,100.4000015258789,98.6500015258789,100.0,11652043
2021-04-20,82.55571746826172,99.05000305175781,100.9000015258789,98.1500015258789,99.19999694824219,16528675
2021-04-22,82.47237396240234,98.94999694824219,99.75,97.05000305175781,98.05000305175781,18614270
2021-04-23,85.47288513183594,102.55000305175781,103.0,98.0,98.0,29484794
2021-04-26,85.34785461425781,102.4000015258789,103.94999694824219,100.8499984741211,103.94999694824219,24369413
2021-04-27,85.05614471435547,102.05000305175781,103.55000305175781,101.69999694824219,102.05000305175781,17763436
2021-04-28,86.34801483154297,103.5999984741211,103.94999694824219,102.1500015258789,102.8499984741211,15160578
2021-04-29,85.8896255493164,103.05000305175781,105.0,102.6500015258789,104.5999984741211,11588556
2021-04-30,85.38951873779297,102.44999694824219,105.6500015258789,102.05000305175781,102.25,15321193
2021-05-03,86.88977813720703,104.25,104.5999984741211,101.05000305175781,101.4000015258789,12186212
2021-05-04,86.47303771972656,103.75,106.05000305175781,103.5,104.30000305175781,12992684
2021-05-05,86.59806823730469,103.9000015258789,105.6500015258789,102.80000305175781,104.75,14956169
2021-05-06,85.8896255493164,103.05000305175781,105.0999984741211,102.6500015258789,105.0,13547274
2021-05-07,87.55656433105469,105.05000305175781,105.5,103.3499984741211,104.0,13229291
2021-05-10,89.76527404785156,107.69999694824219,108.0,105.5999984741211,106.0,23980945
2021-05-11,93.9326400756836,112.69999694824219,113.4000015258789,106.69999694824219,108.0,45613487
2021-05-12,94.4327392578125,113.30000305175781,116.75,111.75,114.19999694824219,62158914
2021-05-14,92.84912109375,111.4000015258789,113.94999694824219,110.1500015258789,113.94999694824219,16227312
2021-05-17,92.97415161132812,111.55000305175781,112.25,109.94999694824219,111.19999694824219,12832920
2021-05-18,93.43254852294922,112.0999984741211,114.19999694824219,111.75,112.5999984741211,14892142
2021-05-19,93.30754089355469,111.94999694824219,113.1500015258789,110.94999694824219,113.1500015258789,12610425
2021-05-20,93.1408462524414,111.75,112.75,110.9000015258789,112.0,10303689
2021-05-21,94.05767059326172,112.8499984741211,113.1500015258789,111.25,112.30000305175781,12171685
2021-05-24,94.09935760498047,112.9000015258789,113.94999694824219,112.05000305175781,112.3499984741211,11341268
2021-05-25,94.4327392578125,113.30000305175781,114.8499984741211,113.05000305175781,113.9000015258789,15289982
2021-05-26,92.59909057617188,111.0999984741211,114.0,110.9000015258789,114.0,17466748
2021-05-27,91.93231201171875,110.30000305175781,111.6500015258789,109.30000305175781,111.5999984741211,34169451
2021-05-28,90.80712127685547,108.94999694824219,111.0,108.3499984741211,110.30000305175781,13383166
2021-05-31,92.09900665283203,110.5,111.3499984741211,107.80000305175781,108.94999694824219,14754293
2021-06-01,91.84895324707031,110.19999694824219,111.44999694824219,109.5,110.94999694824219,10271211
2021-06-02,92.6407699584961,111.1500015258789,111.3499984741211,110.05000305175781,110.0999984741211,6492771
2021-06-03,93.18251037597656,111.80000305175781,112.19999694824219,110.44999694824219,111.5999984741211,12140851
2021-06-04,93.1408462524414,111.75,113.0,111.05000305175781,111.5,8930671
2021-06-07,97.01651763916016,116.4000015258789,116.75,112.0,112.1500015258789,28407410
2021-06-08,96.84980773925781,116.19999694824219,118.5,116.0,117.5,43191813
2021-06-09,98.43340301513672,118.0999984741211,121.0,115.80000305175781,116.5,49807823
2021-06-10,98.76681518554688,118.5,119.9000015258789,117.30000305175781,119.3499984741211,22144392
2021-06-11,99.01685333251953,118.80000305175781,119.55000305175781,117.55000305175781,118.9000015258789,13871562
2021-06-14,98.51676940917969,118.19999694824219,118.9000015258789,116.25,118.80000305175781,14179055
2021-06-15,98.18336486816406,117.80000305175781,118.94999694824219,117.5999984741211,118.19999694824219,8148417
2021-06-16,99.8503189086914,119.80000305175781,120.5999984741211,116.8499984741211,117.80000305175781,21585917
2021-06-17,97.84999084472656,117.4000015258789,120.5999984741211,116.94999694824219,118.19999694824219,14466025
2021-06-18,94.64109802246094,113.55000305175781,118.1500015258789,112.9000015258789,117.4000015258789,43927941
2021-06-21,98.35005950927734,118.0,118.44999694824219,113.05000305175781,113.25,34597018
2021-06-22,98.60011291503906,118.30000305175781,118.9000015258789,116.94999694824219,118.5,16712010
2021-06-23,97.7249755859375,117.25,118.8499984741211,116.94999694824219,118.8499984741211,12590251
2021-06-24,98.35005950927734,118.0,118.5,115.69999694824219,117.19999694824219,14046692
2021-06-25,96.72479248046875,116.05000305175781,119.0999984741211,115.69999694824219,119.0999984741211,12768348
2021-06-28,96.80813598632812,116.1500015258789,117.8499984741211,116.0,116.9000015258789,10709748
2021-06-29,98.01667785644531,117.5999984741211,118.55000305175781,115.4000015258789,116.25,33488455
2021-06-30,97.01651763916016,116.4000015258789,118.44999694824219,116.1500015258789,117.8499984741211,16739618
2021-07-01,97.80830383300781,117.3499984741211,117.80000305175781,115.69999694824219,116.80000305175781,12479506
2021-07-02,97.93331909179688,117.5,119.05000305175781,117.0,117.55000305175781,17215972
2021-07-05,98.85014343261719,118.5999984741211,119.0999984741211,117.25,117.9000015258789,16409169
2021-07-06,98.05835723876953,117.6500015258789,118.94999694824219,117.05000305175781,118.0999984741211,14979094
2021-07-07,97.89165496826172,117.44999694824219,118.19999694824219,116.8499984741211,117.05000305175781,14545289
2021-07-08,97.89165496826172,117.44999694824219,118.69999694824219,117.19999694824219,117.3499984741211,12037089
2021-07-09,98.18336486816406,117.80000305175781,118.4000015258789,116.25,117.0,9585144
2021-07-12,98.22503662109375,117.8499984741211,118.75,117.1500015258789,118.0,7651672
2021-07-13,99.93366241455078,119.9000015258789,122.0,118.0999984741211,118.1500015258789,30663035
2021-07-14,100.64212799072266,120.75,120.94999694824219,119.80000305175781,119.94999694824219,9539611
2021-07-15,100.26705932617188,120.30000305175781,121.19999694824219,119.19999694824219,120.75,11278872
2021-07-16,99.26689147949219,119.0999984741211,120.80000305175781,118.30000305175781,120.1500015258789,17198632
2021-07-19,101.18389129638672,121.4000015258789,121.8499984741211,118.5,119.0999984741211,14364285
2021-07-20,98.72513580322266,118.44999694824219,122.0,118.19999694824219,122.0,11360716
2021-07-22,99.35022735595703,119.19999694824219,119.69999694824219,118.55000305175781,118.75,9520328
2021-07-23,98.76681518554688,118.5,120.0999984741211,118.30000305175781,119.4000015258789,10442400
2021-07-26,99.47526550292969,119.3499984741211,120.0,118.05000305175781,118.19999694824219,5370055
2021-07-27,99.05852508544922,118.8499984741211,119.5999984741211,118.19999694824219,119.30000305175781,5280342
2021-07-28,97.34989166259766,116.80000305175781,119.55000305175781,115.80000305175781,119.55000305175781,11010096
2021-07-29,97.30821990966797,116.75,118.25,115.25,117.69999694824219,11897018
2021-07-30,98.51676940917969,118.19999694824219,119.94999694824219,116.25,116.94999694824219,14546264
2021-08-02,98.14169311523438,117.75,118.75,117.0,118.5999984741211,11742555
2021-08-03,98.05835723876953,117.6500015258789,118.5,116.5,118.5,21122697
2021-08-04,98.22503662109375,117.8499984741211,118.8499984741211,116.55000305175781,118.05000305175781,9432176
2021-08-05,97.099853515625,116.5,117.80000305175781,115.94999694824219,117.05000305175781,11045322
2021-08-06,98.05835723876953,117.6500015258789,118.69999694824219,116.44999694824219,116.5,8434733
2021-08-09,97.26654815673828,116.69999694824219,119.0999984741211,116.55000305175781,118.5,7816050
2021-08-10,95.30789184570312,114.3499984741211,117.19999694824219,113.6500015258789,116.9000015258789,9774255
2021-08-11,97.47490692138672,116.94999694824219,117.30000305175781,114.55000305175781,114.69999694824219,8056886
2021-08-12,99.30856323242188,119.1500015258789,119.4000015258789,116.5,116.94999694824219,8640167
2021-08-13,98.55843353271484,118.25,119.44999694824219,117.19999694824219,119.44999694824219,9744939
2021-08-16,99.05852508544922,118.8499984741211,119.4000015258789,118.0999984741211,118.25,8768804
2021-08-17,97.84999084472656,117.4000015258789,119.5,116.19999694824219,119.3499984741211,8758578
2021-08-18,97.14152526855469,116.55000305175781,118.9000015258789,116.0999984741211,117.4000015258789,9357721
2021-08-20,95.14118957519531,114.1500015258789,117.0,113.44999694824219,116.30000305175781,11684504
2021-08-23,94.51608276367188,113.4000015258789,115.75,112.19999694824219,115.5,6271685
2021-08-24,94.9744873046875,113.94999694824219,116.30000305175781,113.6500015258789,114.19999694824219,11791078
2021-08-25,95.01615142822266,114.0,115.25,113.80000305175781,114.69999694824219,9491958
2021-08-26,93.97431945800781,112.75,114.5,111.94999694824219,114.0999984741211,11668986
2021-08-27,94.51608276367188,113.4000015258789,114.0999984741211,112.0999984741211,112.69999694824219,8095717
2021-08-30,95.80797576904297,114.94999694824219,115.5,113.25,113.25,9915170
2021-08-31,96.64144134521484,115.94999694824219,116.3499984741211,114.69999694824219,115.25,11386659
2021-09-01,96.18304443359375,115.4000015258789,116.69999694824219,114.75,116.0,7508413
2021-09-02,97.099853515625,116.5,116.69999694824219,115.0,115.0999984741211,5700524
2021-09-03,97.51659393310547,117.0,117.9000015258789,116.5,117.0,9364904
2021-09-06,97.05816650390625,116.44999694824219,117.6500015258789,115.9000015258789,117.6500015258789,7005043
2021-09-07,96.55809020996094,115.8499984741211,116.9000015258789,115.25,116.69999694824219,7723357
2021-09-08,97.71472930908203,114.05000305175781,114.5999984741211,112.4000015258789,113.8499984741211,10508654
2021-09-09,98.14313507080078,114.55000305175781,114.75,113.5,113.94999694824219,5757417
2021-09-13,98.52867126464844,115.0,115.5,114.1500015258789,114.6500015258789,6322443
2021-09-14,99.29977416992188,115.9000015258789,116.1500015258789,114.80000305175781,115.25,7369292
2021-09-15,106.41095733642578,124.19999694824219,124.8499984741211,116.0,116.0,48721413
2021-09-16,106.23960876464844,124.0,125.69999694824219,123.0,124.5,17684303
2021-09-17,106.0254135131836,123.75,124.69999694824219,121.55000305175781,124.1500015258789,15763396
2021-09-20,105.12580108642578,122.69999694824219,123.94999694824219,121.80000305175781,122.5,7431359
2021-09-21,106.32527160644531,124.0999984741211,125.4000015258789,122.0999984741211,122.30000305175781,8629222
2021-09-22,106.58232116699219,124.4000015258789,127.0,124.0,124.5999984741211,11698183
2021-09-23,108.12449645996094,126.19999694824219,127.0,124.6500015258789,124.80000305175781,11053966
2021-09-24,106.45381164550781,124.25,126.69999694824219,123.94999694824219,126.5,8598140
2021-09-27,108.681396484375,126.8499984741211,127.80000305175781,124.5,125.30000305175781,8490460
2021-09-28,113.05094146728516,131.9499969482422,133.64999389648438,127.3499984741211,127.5,35900138
2021-09-29,120.50482940673828,140.64999389648438,144.25,130.60000610351562,131.39999389648438,75859390
2021-09-30,121.53296661376953,141.85000610351562,143.1999969482422,139.10000610351562,141.75,34614825
2021-10-01,119.86225891113281,139.89999389648438,144.35000610351562,137.6999969482422,140.9499969482422,22452069
2021-10-04,124.70304107666016,145.5500030517578,149.35000610351562,140.5,143.4499969482422,58612212
2021-10-05,124.57450866699219,145.39999389648438,147.85000610351562,144.1999969482422,145.5500030517578,24390676
2021-10-06,122.77530670166016,143.3000030517578,147.3000030517578,142.8000030517578,146.4499969482422,14421296
2021-10-07,122.3469009399414,142.8000030517578,145.64999389648438,142.25,144.1999969482422,10035682
2021-10-08,120.89042663574219,141.10000610351562,143.89999389648438,140.3000030517578,143.5500030517578,10686586
2021-10-11,124.06045532226562,144.8000030517578,146.75,141.4499969482422,142.0,17449923
2021-10-12,123.84625244140625,144.5500030517578,146.25,143.8000030517578,146.0,16030831
2021-10-13,125.38844299316406,146.35000610351562,147.25,144.6999969482422,145.5,19100941
2021-10-14,128.00160217285156,149.39999389648438,150.60000610351562,146.85000610351562,147.5,29263867
2021-10-18,128.1300811767578,149.5500030517578,151.6999969482422,148.6999969482422,151.25,25346029
2021-10-19,128.2157745361328,149.64999389648438,152.10000610351562,148.10000610351562,150.9499969482422,20234486
2021-10-20,125.30277252197266,146.25,150.64999389648438,145.3000030517578,150.64999389648438,16129487
2021-10-21,126.71643829345703,147.89999389648438,148.5500030517578,145.89999389648438,147.6999969482422,20818539
2021-10-22,124.14611053466797,144.89999389648438,148.10000610351562,144.0,147.85000610351562,11379569
2021-10-25,123.28936004638672,143.89999389648438,146.25,143.14999389648438,144.6999969482422,14079380
2021-10-26,122.68961334228516,143.1999969482422,145.64999389648438,142.4499969482422,145.3000030517578,16224116
2021-10-27,121.0617446899414,141.3000030517578,144.5500030517578,140.85000610351562,144.0,15072448
2021-10-28,117.6775131225586,137.35000610351562,141.85000610351562,136.3000030517578,141.3000030517578,19999659
2021-10-29,113.65066528320312,132.64999389648438,136.89999389648438,128.5500030517578,131.0,29217522
2021-11-01,115.0643539428711,134.3000030517578,135.3000030517578,130.89999389648438,133.1999969482422,10043407
2021-11-02,117.0777587890625,136.64999389648438,140.8000030517578,135.0,135.0,21525811
2021-11-03,117.16342163085938,136.75,138.9499969482422,135.5500030517578,137.9499969482422,9808728
2021-11-04,117.50615692138672,137.14999389648438,138.3000030517578,136.9499969482422,138.3000030517578,1026849
2021-11-08,120.20499420166016,140.3000030517578,140.60000610351562,136.5500030517578,138.6999969482422,12765483
2021-11-09,118.66278839111328,138.5,141.39999389648438,138.0500030517578,140.75,9556650
2021-11-10,117.72032165527344,137.39999389648438,138.25,136.75,138.1999969482422,5479056
2021-11-11,117.0777587890625,136.64999389648438,137.75,134.35000610351562,137.5,11418813
2021-11-12,116.90640258789062,136.4499969482422,138.1999969482422,134.64999389648438,138.1999969482422,9306659
2021-11-15,117.50615692138672,137.14999389648438,137.64999389648438,136.0,137.3000030517578,3991733
2021-11-16,115.0643539428711,134.3000030517578,137.8000030517578,134.0,137.6999969482422,5762128
2021-11-17,116.90640258789062,136.4499969482422,138.0,134.0,134.0,15264066
2021-11-18,115.92112731933594,135.3000030517578,137.60000610351562,134.75,136.60000610351562,9942974
2021-11-22,111.50875091552734,130.14999389648438,136.89999389648438,129.6999969482422,135.0,15990636
2021-11-23,114.3789291381836,133.5,133.75,128.14999389648438,130.0500030517578,11510010
2021-11-24,115.96395874023438,135.35000610351562,137.3000030517578,133.5500030517578,134.5,7570759
2021-11-25,115.83544158935547,135.1999969482422,136.6999969482422,132.3000030517578,135.5,13919886
2021-11-26,110.39495086669922,128.85000610351562,134.0500030517578,128.0,133.1999969482422,13323593
2021-11-29,108.38153839111328,126.5,129.35000610351562,125.05000305175781,127.80000305175781,16077669
2021-11-30,109.02412414550781,127.25,129.4499969482422,124.69999694824219,127.80000305175781,22883512
2021-12-01,109.40965270996094,127.69999694824219,132.9499969482422,125.8499984741211,130.0,17010938
2021-12-02,110.26643371582031,128.6999969482422,130.3000030517578,126.5999984741211,127.69999694824219,12916313
2021-12-03,108.80992889404297,127.0,130.25,126.4000015258789,128.6999969482422,12827354
2021-12-06,106.53946685791016,124.3499984741211,127.5999984741211,124.0,127.0,8158812
2021-12-07,107.39623260498047,125.3499984741211,126.4000015258789,124.0,125.0999984741211,8701301
2021-12-08,109.02412414550781,127.25,127.6500015258789,124.8499984741211,124.8499984741211,12093435
2021-12-09,107.99598693847656,126.05000305175781,127.6500015258789,125.6500015258789,127.25,11518172
2021-12-10,108.08167266845703,126.1500015258789,126.69999694824219,124.4000015258789,126.0999984741211,8389566
2021-12-13,107.78179931640625,125.80000305175781,128.60000610351562,125.5,127.5999984741211,13223189
2021-12-14,108.25301361083984,126.3499984741211,127.44999694824219,125.0,125.0,11649242
2021-12-15,108.5528793334961,126.69999694824219,128.4499969482422,125.9000015258789,126.1500015258789,11916145
2021-12-16,109.15262603759766,127.4000015258789,128.1999969482422,126.25,127.55000305175781,10758513
2021-12-17,107.5676040649414,125.55000305175781,127.69999694824219,124.0999984741211,127.4000015258789,13041775
2021-12-20,104.31187438964844,121.75,125.44999694824219,119.0999984741211,124.5,14185935
2021-12-21,104.6974105834961,122.19999694824219,124.69999694824219,120.8499984741211,123.55000305175781,10168470
2021-12-22,104.99728393554688,122.55000305175781,123.9000015258789,121.6500015258789,123.05000305175781,7885198
2021-12-23,106.7108383178711,124.55000305175781,125.4000015258789,122.80000305175781,123.0999984741211,9836979
2021-12-24,103.88349151611328,121.25,125.0,120.9000015258789,124.80000305175781,8509575
2021-12-27,104.39755249023438,121.8499984741211,122.1500015258789,120.5999984741211,121.25,5097217
2021-12-28,106.32527160644531,124.0999984741211,124.5999984741211,121.94999694824219,122.0,6511374
2021-12-29,105.5113525390625,123.1500015258789,124.75,122.19999694824219,124.5999984741211,8960770
2021-12-30,108.7242431640625,126.9000015258789,127.8499984741211,122.25,123.25,32394253
2021-12-31,106.58232116699219,124.4000015258789,126.80000305175781,124.0,126.80000305175781,9155163
2022-01-03,107.95315551757812,126.0,126.55000305175781,124.69999694824219,125.4000015258789,9034081
2022-01-04,113.86485290527344,132.89999389648438,133.3000030517578,126.75,127.0,33986738
2022-01-05,113.09378051757812,132.0,132.85000610351562,130.6999969482422,132.60000610351562,16122852
2022-01-06,112.15132141113281,130.89999389648438,132.35000610351562,129.3000030517578,132.35000610351562,8037648
2022-01-07,112.53688049316406,131.35000610351562,132.1999969482422,129.4499969482422,131.3000030517578,8820039
2022-01-10,112.96526336669922,131.85000610351562,132.3000030517578,130.75,131.9499969482422,7324926
2022-01-11,113.35081481933594,132.3000030517578,134.0,131.0,132.14999389648438,11971883
2022-01-12,114.6788101196289,133.85000610351562,134.1999969482422,132.35000610351562,133.35000610351562,10439580
2022-01-13,115.62124633789062,134.9499969482422,136.64999389648438,133.5,134.39999389648438,15114699
2022-01-14,115.96395874023438,135.35000610351562,136.14999389648438,133.3000030517578,134.39999389648438,9344382
2022-01-17,117.0349349975586,136.60000610351562,137.35000610351562,134.4499969482422,134.64999389648438,9803141
2022-01-18,115.6640853881836,135.0,137.75,134.39999389648438,136.60000610351562,6473378
2022-01-19,115.49272918701172,134.8000030517578,135.3000030517578,132.9499969482422,134.10000610351562,21136414
2022-01-20,115.57842254638672,134.89999389648438,136.35000610351562,134.14999389648438,134.5,8466412
2022-01-21,114.89302062988281,134.10000610351562,136.10000610351562,132.5500030517578,134.0500030517578,12437749
2022-01-24,113.60785675048828,132.60000610351562,135.25,131.0,133.0,14284658
2022-01-25,115.92112731933594,135.3000030517578,135.64999389648438,131.0500030517578,131.1999969482422,10007486
2022-01-27,115.6640853881836,135.0,136.0,133.14999389648438,134.1999969482422,18760325
2022-01-28,120.07645416259766,140.14999389648438,144.0,138.0,140.0,34009553
2022-01-31,121.70430755615234,142.0500030517578,143.39999389648438,138.5500030517578,142.0,27928927
2022-02-01,120.93321228027344,141.14999389648438,144.14999389648438,140.4499969482422,144.0,17413984
2022-02-02,120.93321228027344,141.14999389648438,142.75,140.75,142.0,10783943
2022-02-03,120.49234008789062,136.64999389648438,138.60000610351562,136.3000030517578,137.5,9571728
2022-02-04,118.3320541381836,134.1999969482422,137.4499969482422,133.89999389648438,137.0,7213085
2022-02-07,119.16972351074219,135.14999389648438,136.35000610351562,134.1999969482422,134.1999969482422,10562489
2022-02-08,119.03746032714844,135.0,135.64999389648438,132.8000030517578,135.4499969482422,8721631
2022-02-09,119.08154296875,135.0500030517578,135.60000610351562,133.85000610351562,135.3000030517578,5144026
2022-02-10,120.31599426269531,136.4499969482422,136.85000610351562,134.3000030517578,135.14999389648438,6081460
2022-02-11,120.9332275390625,137.14999389648438,137.6999969482422,134.4499969482422,134.4499969482422,8426925
2022-02-14,116.83306884765625,132.5,136.4499969482422,131.8000030517578,134.6999969482422,7705072
2022-02-15,119.3460693359375,135.35000610351562,135.8000030517578,130.64999389648438,132.10000610351562,12674466
2022-02-16,117.45028686523438,133.1999969482422,136.6999969482422,132.85000610351562,134.89999389648438,12946623
2022-02-17,117.05349731445312,132.75,134.89999389648438,132.4499969482422,134.5,5811964
2022-02-18,116.7008056640625,132.35000610351562,134.10000610351562,131.89999389648438,132.75,6760078
2022-02-21,116.34808349609375,131.9499969482422,134.14999389648438,131.14999389648438,132.39999389648438,12212740
2022-02-22,116.48035430908203,132.10000610351562,132.5,127.9000015258789,131.0500030517578,13578566
2022-02-23,114.80500030517578,130.1999969482422,133.4499969482422,129.85000610351562,132.0,9263264
2022-02-24,109.69080352783203,124.4000015258789,129.0,123.6500015258789,127.0,18045779
2022-02-25,114.9372787475586,130.35000610351562,131.0,125.0,125.0,10424521
2022-02-28,117.71481323242188,133.5,133.9499969482422,128.8000030517578,128.9499969482422,13262687
2022-03-02,115.46631622314453,130.9499969482422,135.0,130.4499969482422,132.8000030517578,12587947
2022-03-03,116.48035430908203,132.10000610351562,133.4499969482422,130.25,132.10000610351562,15628119
2022-03-04,114.80500030517578,130.1999969482422,133.35000610351562,129.75,132.0,15883138
2022-03-07,114.67274475097656,130.0500030517578,130.5,126.9000015258789,129.0,14985637
2022-03-08,117.93525695800781,133.75,135.8000030517578,130.5,130.5,28572640
2022-03-09,115.95130920410156,131.5,133.9499969482422,131.10000610351562,133.9499969482422,14286413
2022-03-10,117.22985076904297,132.9499969482422,135.0,131.9499969482422,132.89999389648438,13101323
2022-03-11,116.34808349609375,131.9499969482422,133.39999389648438,131.5,132.89999389648438,8669803
2022-03-14,116.52442932128906,132.14999389648438,132.89999389648438,130.75,131.9499969482422,5670284
2022-03-15,115.55449676513672,131.0500030517578,132.9499969482422,130.64999389648438,131.3000030517578,6895190
2022-03-16,117.05349731445312,132.75,133.0,131.5500030517578,132.39999389648438,5561866
2022-03-17,117.18576049804688,132.89999389648438,134.3000030517578,131.89999389648438,133.5,13995384
2022-03-21,117.18576049804688,132.89999389648438,133.39999389648438,131.6999969482422,132.89999389648438,9172207
2022-03-22,117.14167785644531,132.85000610351562,134.14999389648438,131.75,133.3000030517578,10343712
2022-03-23,117.67071533203125,133.4499969482422,133.75,132.1999969482422,132.89999389648438,11892811
2022-03-24,119.39014434814453,135.39999389648438,135.6999969482422,133.35000610351562,133.5,11276181
2022-03-25,118.81700897216797,134.75,136.14999389648438,134.1999969482422,136.0,7266868
2022-03-28,118.8611068725586,134.8000030517578,135.5,133.8000030517578,135.5,7778682
2022-03-29,118.46431732177734,134.35000610351562,135.3000030517578,133.89999389648438,135.0,5116935
2022-03-30,119.3019790649414,135.3000030517578,135.9499969482422,133.4499969482422,135.0,24047012
2022-03-31,119.03746032714844,135.0,135.60000610351562,134.3000030517578,134.3000030517578,11615450
2022-04-01,126.04743957519531,142.9499969482422,143.4499969482422,136.8000030517578,138.0,32589741
2022-04-04,127.23780822753906,144.3000030517578,146.0,141.5,141.85000610351562,15437496
2022-04-05,131.4702606201172,149.10000610351562,150.60000610351562,144.75,145.39999389648438,23958626
2022-04-06,134.90911865234375,153.0,155.3000030517578,148.3000030517578,150.35000610351562,52737388
2022-04-07,135.34996032714844,153.5,158.0,152.1999969482422,152.9499969482422,37738903
2022-04-08,134.07142639160156,152.0500030517578,154.89999389648438,151.1999969482422,154.89999389648438,17585569
2022-04-11,134.99728393554688,153.10000610351562,154.60000610351562,151.85000610351562,152.4499969482422,15583159
2022-04-12,134.556396484375,152.60000610351562,153.60000610351562,150.85000610351562,152.6999969482422,11306524
2022-04-13,135.74676513671875,153.9499969482422,156.1999969482422,152.75,153.0500030517578,19454061
2022-04-18,143.903076171875,163.1999969482422,163.75,154.5,154.89999389648438,82098517
2022-04-19,141.65455627441406,160.64999389648438,166.35000610351562,159.5,164.89999389648438,38522118
2022-04-20,141.52230834960938,160.5,163.1999969482422,159.0,162.14999389648438,20047692
2022-04-21,143.462158203125,162.6999969482422,163.39999389648438,160.35000610351562,161.60000610351562,21966151
2022-04-22,141.47821044921875,160.4499969482422,163.0,159.85000610351562,161.25,9922564
2022-04-25,137.64256286621094,156.10000610351562,160.89999389648438,155.39999389648438,158.60000610351562,12008027
2022-04-26,138.43614196777344,157.0,158.4499969482422,156.0,157.60000610351562,11735823
2022-04-27,137.2457733154297,155.64999389648438,159.60000610351562,155.1999969482422,156.8000030517578,17873048
2022-04-28,140.81690979003906,159.6999969482422,160.10000610351562,155.25,158.0,29123808
2022-04-29,137.73074340820312,156.1999969482422,161.0,155.6999969482422,160.39999389648438,28941216
2022-05-02,138.87704467773438,157.5,158.35000610351562,153.0,154.60000610351562,13368198
2022-05-04,139.8910369873047,158.64999389648438,161.89999389648438,157.3000030517578,158.0,24511385
2022-05-05,139.6706085205078,158.39999389648438,160.75,157.0,159.60000610351562,33396072
2022-05-06,140.19967651367188,159.0,160.35000610351562,156.0500030517578,156.4499969482422,22604305
2022-05-09,140.19967651367188,159.0,159.8000030517578,155.9499969482422,158.9499969482422,22958742
2022-05-10,137.0694122314453,155.4499969482422,161.25,154.5,158.9499969482422,20322427
2022-05-11,134.5123291015625,152.5500030517578,156.9499969482422,150.0500030517578,154.0500030517578,13794764
2022-05-12,130.98532104492188,148.5500030517578,153.0,148.0,151.10000610351562,11818556
2022-05-13,127.10552978515625,144.14999389648438,150.0,143.5,150.0,22913410
2022-05-16,130.72076416015625,148.25,148.89999389648438,141.64999389648438,143.39999389648438,16286682
2022-05-17,132.7047119140625,150.5,150.75,146.3000030517578,147.5,13925542
2022-05-18,130.94119262695312,148.5,150.89999389648438,147.1999969482422,150.5,17611218
2022-05-19,130.5003204345703,148.0,148.5500030517578,145.75,147.5,11701170
2022-05-20,131.91111755371094,149.60000610351562,150.9499969482422,147.64999389648438,150.9499969482422,17841739
2022-05-23,132.3961181640625,150.14999389648438,155.35000610351562,148.39999389648438,154.39999389648438,26055890
2022-05-24,129.5303955078125,146.89999389648438,151.85000610351562,146.3000030517578,150.14999389648438,16581141
2022-05-25,134.6004638671875,152.64999389648438,153.14999389648438,147.39999389648438,148.39999389648438,19926619
2022-05-26,135.92311096191406,154.14999389648438,155.10000610351562,150.60000610351562,153.14999389648438,22698086
2022-05-27,132.6605987548828,150.4499969482422,155.0,149.5,155.0,10245727
2022-05-30,133.05740356445312,150.89999389648438,152.5,148.8000030517578,150.0500030517578,12513990
2022-05-31,137.55438232421875,156.0,158.0,150.35000610351562,151.10000610351562,124665699
2022-06-01,138.25978088378906,156.8000030517578,160.1999969482422,156.25,156.4499969482422,16084988
2022-06-02,140.24374389648438,159.0500030517578,159.3000030517578,154.25,155.5,17646975
2022-06-03,136.67262268066406,155.0,159.4499969482422,154.6999969482422,159.0,14063328
2022-06-06,136.84896850585938,155.1999969482422,158.64999389648438,154.60000610351562,155.8000030517578,18485464
2022-06-07,138.65658569335938,157.25,157.6999969482422,153.5,155.1999969482422,14911957
2022-06-08,138.4802703857422,157.0500030517578,159.75,156.10000610351562,156.10000610351562,16416591
2022-06-09,136.8048858642578,155.14999389648438,158.0,154.6999969482422,155.3000030517578,13821409
2022-06-10,136.89306640625,155.25,156.60000610351562,154.0,154.10000610351562,7908849
2022-06-13,131.2938995361328,148.89999389648438,154.89999389648438,147.75,154.0,19208167
2022-06-14,133.498291015625,151.39999389648438,152.4499969482422,148.89999389648438,148.89999389648438,17034328
2022-06-15,130.632568359375,148.14999389648438,153.6999969482422,147.5500030517578,152.5500030517578,15172295
2022-06-16,126.04743957519531,142.9499969482422,150.14999389648438,142.0,150.10000610351562,18494040
2022-06-17,123.8430404663086,140.4499969482422,144.4499969482422,139.5500030517578,141.10000610351562,21387729
2022-06-20,121.02143096923828,137.25,141.39999389648438,135.0,140.4499969482422,16578770
2022-06-21,123.40214538574219,139.9499969482422,141.25,137.75,138.1999969482422,51398446
2022-06-22,121.37409973144531,137.64999389648438,139.9499969482422,136.5500030517578,139.9499969482422,8317317
2022-06-23,120.36009216308594,136.5,139.14999389648438,135.64999389648438,137.89999389648438,11257409
2022-06-24,120.44827270507812,136.60000610351562,137.89999389648438,134.9499969482422,137.89999389648438,21879039
2022-06-27,122.12361145019531,138.5,139.0500030517578,136.75,137.25,12872030
2022-06-28,122.21178436279297,138.60000610351562,139.3000030517578,137.14999389648438,138.5,14272044
2022-06-29,124.98933410644531,141.75,143.10000610351562,136.8000030517578,137.8000030517578,53487394
2022-06-30,126.00333404541016,142.89999389648438,143.9499969482422,141.14999389648438,142.3000030517578,19270932
2022-07-01,124.01939392089844,140.64999389648438,143.1999969482422,139.75,142.0,9592229
2022-07-04,124.6806869506836,141.39999389648438,142.1999969482422,139.35000610351562,139.35000610351562,17526429
2022-07-05,124.19574737548828,140.85000610351562,144.25,140.1999969482422,141.39999389648438,11370649
2022-07-06,122.52039337158203,138.9499969482422,142.0,136.10000610351562,141.5,15929985
2022-07-07,123.8430404663086,140.4499969482422,142.75,139.5,140.0,18144208
2022-07-08,126.7087631225586,143.6999969482422,144.1999969482422,141.0,141.0,15375888
2022-07-11,127.67871856689453,144.8000030517578,147.0,143.60000610351562,144.0,16779135
2022-07-12,129.7067413330078,147.10000610351562,148.10000610351562,144.0500030517578,144.0500030517578,19138561
2022-07-13,131.0293731689453,148.60000610351562,149.35000610351562,147.5,147.75,13644449
2022-07-14,130.7648468017578,148.3000030517578,149.3000030517578,147.0,149.0,9775869
2022-07-15,132.04339599609375,149.75,150.14999389648438,148.14999389648438,148.4499969482422,11518139
2022-07-18,132.08749389648438,149.8000030517578,151.5500030517578,149.3000030517578,151.39999389648438,8286352
2022-07-19,132.92518615722656,150.75,151.1999969482422,149.25,149.8000030517578,6798359
2022-07-20,132.74879455566406,150.5500030517578,152.25,150.14999389648438,152.10000610351562,7271345
2022-07-21,133.01333618164062,150.85000610351562,151.25,150.0,151.0,7521568
2022-07-22,131.3380126953125,148.9499969482422,151.39999389648438,148.14999389648438,151.0,6800124
2022-07-25,132.3520050048828,150.10000610351562,150.4499969482422,147.35000610351562,149.1999969482422,7996687
2022-07-26,132.26382446289062,150.0,150.9499969482422,149.14999389648438,150.0,5774871
2022-07-27,131.99932861328125,149.6999969482422,150.5500030517578,149.0500030517578,149.5500030517578,5403197
2022-07-28,132.5724639892578,150.35000610351562,150.9499969482422,149.0500030517578,150.0500030517578,6030744
2022-07-29,134.86505126953125,152.9499969482422,154.4499969482422,150.4499969482422,150.9499969482422,11771461
2022-08-01,137.99525451660156,156.5,157.6999969482422,151.0,152.89999389648438,14221965
2022-08-02,140.68463134765625,159.5500030517578,160.10000610351562,156.5500030517578,157.10000610351562,18278835
2022-08-03,140.7728271484375,159.64999389648438,160.9499969482422,157.1999969482422,160.0500030517578,10147608
2022-08-04,136.40809631347656,154.6999969482422,160.5,153.0500030517578,159.6999969482422,15754128
2022-08-05,137.20167541503906,155.60000610351562,157.14999389648438,153.0,154.39999389648438,33864055
2022-08-08,140.55235290527344,159.39999389648438,160.0,154.9499969482422,155.5,16964235
2022-08-10,139.9682159423828,155.75,157.14999389648438,155.0,156.89999389648438,14055597
2022-08-11,138.08102416992188,153.64999389648438,156.85000610351562,152.85000610351562,156.1999969482422,15810624
2022-08-12,142.4395751953125,158.5,159.0,152.60000610351562,153.6999969482422,17998843
2022-08-16,142.6642608642578,158.75,159.8000030517578,156.9499969482422,159.0,8309725
2022-08-17,145.09066772460938,161.4499969482422,163.64999389648438,159.0,159.0,19674110
2022-08-18,144.50653076171875,160.8000030517578,162.64999389648438,159.89999389648438,161.4499969482422,9585888
2022-08-19,141.76556396484375,157.75,161.64999389648438,157.14999389648438,161.0500030517578,9599472
2022-08-22,140.6422119140625,156.5,158.9499969482422,156.0,157.3000030517578,11400211
2022-08-23,142.5743865966797,158.64999389648438,159.1999969482422,155.64999389648438,156.4499969482422,14362373
2022-08-24,144.50653076171875,160.8000030517578,163.0,158.0,158.89999389648438,20602844
2022-08-25,142.79905700683594,158.89999389648438,161.9499969482422,158.4499969482422,161.35000610351562,12889454
2022-08-26,146.84304809570312,163.39999389648438,164.6999969482422,158.89999389648438,159.0,30724938
2022-08-29,144.64129638671875,160.9499969482422,163.39999389648438,160.6999969482422,161.8000030517578,10928330
2022-08-30,147.3822784423828,164.0,165.4499969482422,161.5500030517578,161.8000030517578,24663153
2022-09-01,144.41665649414062,160.6999969482422,164.25,160.3000030517578,161.5,14554158
2022-09-02,145.40521240234375,161.8000030517578,166.39999389648438,161.25,163.0,25106698
2022-09-05,147.83160400390625,164.5,165.10000610351562,162.1999969482422,162.60000610351562,15226001
2022-09-06,151.38137817382812,168.4499969482422,168.85000610351562,164.8000030517578,165.8000030517578,27866331
2022-09-07,150.347900390625,167.3000030517578,170.14999389648438,166.64999389648438,168.5,19415892
2022-09-08,149.89857482910156,166.8000030517578,169.1999969482422,165.9499969482422,168.0,11595205
2022-09-09,149.71884155273438,166.60000610351562,169.35000610351562,165.9499969482422,167.64999389648438,16415150
2022-09-12,149.53907775878906,166.39999389648438,168.10000610351562,165.5,167.4499969482422,15469466
2022-09-13,150.43777465820312,167.39999389648438,168.9499969482422,165.64999389648438,166.9499969482422,15644741
2022-09-14,154.88621520996094,172.35000610351562,173.0500030517578,165.0,165.0,38751148
2022-09-15,157.3575439453125,175.10000610351562,176.14999389648438,172.64999389648438,174.39999389648438,29483891
2022-09-16,155.29061889648438,172.8000030517578,174.6999969482422,171.3000030517578,173.9499969482422,26126152
2022-09-19,153.67300415039062,171.0,174.10000610351562,170.5500030517578,173.5,13304030
2022-09-20,154.48178100585938,171.89999389648438,173.14999389648438,170.89999389648438,171.89999389648438,15395199
2022-09-21,151.51617431640625,168.60000610351562,172.0500030517578,168.14999389648438,171.0,7370283
2022-09-22,151.56109619140625,168.64999389648438,169.64999389648438,166.85000610351562,167.0,7447846
2022-09-23,147.33734130859375,163.9499969482422,168.5,162.64999389648438,167.14999389648438,12264388
2022-09-26,142.52944946289062,158.60000610351562,163.85000610351562,156.60000610351562,162.4499969482422,21951865
2022-09-27,142.88893127441406,159.0,161.64999389648438,157.5,159.39999389648438,8367800
2022-09-28,141.94534301757812,157.9499969482422,159.4499969482422,155.0,157.8000030517578,14261815
2022-09-29,143.3831787109375,159.5500030517578,161.6999969482422,158.0,158.75,17623352
2022-09-30,143.47305297851562,159.64999389648438,161.5500030517578,157.39999389648438,160.0,12015533
2022-10-03,144.10214233398438,160.35000610351562,164.10000610351562,158.9499969482422,159.85000610351562,10528629
2022-10-04,146.07919311523438,162.5500030517578,164.0,161.35000610351562,161.9499969482422,9013773
2022-10-06,146.3937225341797,162.89999389648438,165.10000610351562,162.39999389648438,164.25,6456408
2022-10-07,147.6519012451172,164.3000030517578,164.85000610351562,161.35000610351562,163.10000610351562,8825983
2022-10-10,147.33734130859375,163.9499969482422,165.60000610351562,161.85000610351562,162.6999969482422,10484521
2022-10-11,144.73121643066406,161.0500030517578,164.39999389648438,160.3000030517578,164.39999389648438,13805741
2022-10-12,148.28094482421875,165.0,165.3000030517578,161.14999389648438,161.89999389648438,12496248
2022-10-13,148.05628967285156,164.75,166.8000030517578,164.25,164.85000610351562,9447511
2022-10-14,148.37083435058594,165.10000610351562,167.5,164.85000610351562,166.25,9588164
2022-10-17,151.38137817382812,168.4499969482422,169.0500030517578,164.0,165.10000610351562,13426449
2022-10-18,150.03334045410156,166.9499969482422,169.4499969482422,166.39999389648438,168.9499969482422,20635735
2022-10-19,147.42721557617188,164.0500030517578,168.10000610351562,163.85000610351562,166.5,6947654
2022-10-20,150.03334045410156,166.9499969482422,167.89999389648438,161.5,164.0,12020720
2022-10-21,148.3258819580078,165.0500030517578,168.4499969482422,164.5,167.5,7414335
2022-10-24,150.03334045410156,166.9499969482422,167.9499969482422,166.25,166.9499969482422,685185
2022-10-25,152.190185546875,169.35000610351562,169.6999969482422,165.4499969482422,167.4499969482422,8131380
2022-10-27,153.35842895507812,170.64999389648438,171.5,167.5500030517578,169.89999389648438,16225577
2022-10-28,156.4139404296875,174.0500030517578,174.6999969482422,169.89999389648438,170.64999389648438,16185760
2022-10-31,155.56021118164062,173.10000610351562,174.0,169.0500030517578,169.89999389648438,24233760
2022-11-01,163.37864685058594,181.8000030517578,182.9499969482422,173.5,174.0,41101936
2022-11-02,162.61477661132812,180.9499969482422,182.6999969482422,180.0,181.89999389648438,22146420
2022-11-03,160.09848022460938,178.14999389648438,181.85000610351562,177.25,179.35000610351562,16719953
2022-11-04,159.02008056640625,176.9499969482422,179.5,176.35000610351562,179.0500030517578,14881752
2022-11-07,158.0315399169922,175.85000610351562,179.5,174.85000610351562,177.85000610351562,12799401
2022-11-09,155.82980346679688,173.39999389648438,177.75,172.25,177.75,14929008
2022-11-10,154.66152954101562,172.10000610351562,174.1999969482422,170.5500030517578,173.5,10668583
2022-11-11,154.07740783691406,171.4499969482422,173.60000610351562,169.64999389648438,173.0,16963169
2022-11-14,154.07740783691406,171.4499969482422,173.39999389648438,171.10000610351562,172.35000610351562,10224241
2022-11-15,154.66152954101562,172.10000610351562,174.14999389648438,171.39999389648438,172.3000030517578,13899999
2022-11-16,152.72938537597656,169.9499969482422,172.9499969482422,169.14999389648438,172.10000610351562,9781274
2022-11-17,151.24659729003906,168.3000030517578,170.8000030517578,167.5,169.9499969482422,12778124
2022-11-18,149.0447998046875,165.85000610351562,169.0500030517578,165.10000610351562,168.5500030517578,11134908
2022-11-21,147.7417449951172,164.39999389648438,166.1999969482422,164.14999389648438,165.0,12788632
2022-11-22,150.12326049804688,167.0500030517578,167.5,164.85000610351562,165.25,15198091
2022-11-23,151.0218963623047,168.0500030517578,168.25,166.25,167.85000610351562,12004998
2022-11-24,152.3249969482422,169.5,170.0,167.60000610351562,168.6999969482422,10986350
2022-11-25,152.54965209960938,169.75,171.25,168.60000610351562,170.25,12358833
2022-11-28,153.13380432128906,170.39999389648438,171.89999389648438,169.39999389648438,170.0,5471921
2022-11-29,152.9091033935547,170.14999389648438,171.60000610351562,169.0500030517578,171.0,7693168
2022-11-30,154.75137329101562,172.1999969482422,172.85000610351562,169.75,170.10000610351562,9133076
2022-12-01,154.75137329101562,172.1999969482422,173.64999389648438,170.85000610351562,173.5,9214914
2022-12-02,154.7064666748047,172.14999389648438,172.85000610351562,171.14999389648438,172.39999389648438,6376672
2022-12-05,157.4024658203125,175.14999389648438,175.64999389648438,171.39999389648438,173.0500030517578,9861212
2022-12-06,157.4474334716797,175.1999969482422,176.0,173.85000610351562,175.60000610351562,7008295
2022-12-07,154.4368438720703,171.85000610351562,175.0,171.3000030517578,174.10000610351562,7718718
2022-12-08,153.08883666992188,170.35000610351562,172.4499969482422,170.0,171.85000610351562,4225180
2022-12-09,152.3249969482422,169.5,171.75,168.0,171.1999969482422,6174919
2022-12-12,151.7857666015625,168.89999389648438,170.0,167.5500030517578,170.0,7153044
2022-12-13,152.05538940429688,169.1999969482422,170.0,168.0500030517578,169.75,5166993
2022-12-14,154.21218872070312,171.60000610351562,173.6999969482422,169.4499969482422,169.9499969482422,8562333
2022-12-15,154.66152954101562,172.10000610351562,174.0500030517578,171.6999969482422,172.0,10644546
2022-12-16,152.5945587158203,169.8000030517578,173.10000610351562,169.0500030517578,171.89999389648438,9433166
2022-12-19,154.39195251464844,171.8000030517578,172.25,169.5,169.8000030517578,7706855
2022-12-20,152.54965209960938,169.75,171.4499969482422,168.5500030517578,171.14999389648438,7387632
2022-12-21,150.93203735351562,167.9499969482422,171.0500030517578,166.60000610351562,170.0,8454254
2022-12-22,149.08973693847656,165.89999389648438,168.64999389648438,164.5500030517578,168.5,6979001
2022-12-23,146.4835968017578,163.0,166.35000610351562,162.35000610351562,164.3000030517578,5313321
2022-12-26,148.86509704589844,165.64999389648438,167.75,161.89999389648438,162.0,8321609
2022-12-27,148.46066284179688,165.1999969482422,168.1999969482422,164.5500030517578,167.0,9244387
2022-12-28,149.0447998046875,165.85000610351562,167.60000610351562,164.8000030517578,165.0,9652984
2022-12-29,149.85362243652344,166.75,167.39999389648438,164.0,165.0,19571340
2022-12-30,149.5840301513672,166.4499969482422,167.8000030517578,166.0,166.75,8626291
2023-01-02,150.97695922851562,168.0,168.5500030517578,166.39999389648438,167.0500030517578,7322962
2023-01-03,150.6175079345703,167.60000610351562,169.1999969482422,166.8000030517578,168.0,9629995
2023-01-04,149.71884155273438,166.60000610351562,168.5,164.6999969482422,167.85000610351562,11995082
2023-01-05,152.68443298339844,169.89999389648438,170.35000610351562,167.14999389648438,168.0,18887530
2023-01-06,151.87564086914062,169.0,172.14999389648438,168.5500030517578,170.4499969482422,13216749
2023-01-09,153.13380432128906,170.39999389648438,171.0,169.4499969482422,170.25,6012344
2023-01-10,150.93203735351562,167.9499969482422,170.6999969482422,167.14999389648438,170.39999389648438,7557693
2023-01-11,149.22454833984375,166.0500030517578,168.8000030517578,165.5,168.4499969482422,8463293
2023-01-12,149.1346893310547,165.9499969482422,167.1999969482422,165.5500030517578,166.89999389648438,7628932
2023-01-13,150.7972412109375,167.8000030517578,168.14999389648438,165.5,166.1999969482422,5090393
2023-01-16,149.1346893310547,165.9499969482422,168.64999389648438,164.64999389648438,168.64999389648438,10321015
2023-01-17,150.70733642578125,167.6999969482422,168.1999969482422,165.8000030517578,166.60000610351562,13015434
2023-01-18,152.280029296875,169.4499969482422,169.6999969482422,167.10000610351562,167.5,5536057
2023-01-19,151.6060333251953,168.6999969482422,170.39999389648438,167.3000030517578,170.39999389648438,6812613
2023-01-20,151.6060333251953,168.6999969482422,169.89999389648438,167.64999389648438,169.89999389648438,8545359
2023-01-23,149.9434814453125,166.85000610351562,169.5,166.0,169.39999389648438,7787735
2023-01-24,149.22454833984375,166.0500030517578,167.5500030517578,165.39999389648438,167.1999969482422,7033092
2023-01-25,149.08973693847656,165.89999389648438,166.60000610351562,164.39999389648438,166.0,9257370
2023-01-27,149.44923400878906,166.3000030517578,167.0500030517578,164.0,166.25,13756671
2023-01-30,151.74085998535156,168.85000610351562,172.25,167.10000610351562,167.60000610351562,30768122
2023-01-31,153.80775451660156,171.14999389648438,172.64999389648438,167.35000610351562,169.85000610351562,24990701
2023-02-01,152.77432250976562,170.0,173.8000030517578,167.1999969482422,172.25,13878016
2023-02-02,149.98841857910156,166.89999389648438,170.85000610351562,165.5,170.0,19898080
2023-02-03,152.66265869140625,165.5500030517578,166.4499969482422,162.5500030517578,164.5,11730514
2023-02-06,153.123779296875,166.0500030517578,166.85000610351562,164.0500030517578,164.5,7588936
2023-02-07,152.38604736328125,165.25,167.6999969482422,164.3000030517578,166.5,8699758
2023-02-08,152.6165771484375,165.5,165.75,164.10000610351562,165.60000610351562,8839686
2023-02-09,153.07765197753906,166.0,166.64999389648438,164.64999389648438,165.9499969482422,5507650
2023-02-10,152.15550231933594,165.0,165.8000030517578,164.10000610351562,165.10000610351562,9468345
2023-02-13,154.78363037109375,167.85000610351562,168.1999969482422,164.8000030517578,165.10000610351562,9829152
2023-02-14,153.123779296875,166.0500030517578,168.5,164.85000610351562,168.5,12916373
2023-02-15,152.89321899414062,165.8000030517578,166.5,164.1999969482422,166.0,11855678
2023-02-16,154.36863708496094,167.39999389648438,167.6999969482422,165.60000610351562,166.0,7923121
2023-02-17,154.96807861328125,168.0500030517578,169.64999389648438,166.4499969482422,167.0,10182025
2023-02-20,154.8297119140625,167.89999389648438,170.0,167.25,167.6999969482422,6679716
2023-02-21,159.7632598876953,173.25,174.25,169.0500030517578,169.0500030517578,26883881
2023-02-22,157.22735595703125,170.5,173.1999969482422,168.5,172.9499969482422,12225021
2023-02-23,156.3974151611328,169.60000610351562,171.64999389648438,169.0,170.9499969482422,11184381
2023-02-24,157.6884307861328,171.0,171.1999969482422,169.39999389648438,170.25,8338893
2023-02-27,158.9794158935547,172.39999389648438,173.5,170.5,171.14999389648438,17669762
2023-02-28,157.22735595703125,170.5,173.0,169.85000610351562,172.8000030517578,19044910
2023-03-01,158.8411102294922,172.25,173.0500030517578,169.9499969482422,170.9499969482422,9318790
2023-03-02,157.5039825439453,170.8000030517578,172.1999969482422,170.25,172.1999969482422,7725981
2023-03-03,159.1638641357422,172.60000610351562,175.0,171.5,172.0,12962719
2023-03-06,163.03689575195312,176.8000030517578,177.5,172.6999969482422,172.89999389648438,12402804
2023-03-08,164.92735290527344,178.85000610351562,179.14999389648438,175.4499969482422,175.6999969482422,22099710
2023-03-09,165.48062133789062,179.4499969482422,182.1999969482422,178.0,178.39999389648438,18874546
2023-03-10,166.67942810058594,180.75,181.0,177.8000030517578,178.0,12399692
2023-03-13,165.7111358642578,179.6999969482422,181.5500030517578,179.4499969482422,181.3000030517578,13669178
2023-03-14,164.05128479003906,177.89999389648438,181.0,177.1999969482422,178.64999389648438,9217542
2023-03-15,164.32794189453125,178.1999969482422,179.5500030517578,177.75,179.4499969482422,8548173
2023-03-16,165.61895751953125,179.60000610351562,180.0,176.9499969482422,178.1999969482422,9405016
2023-03-17,163.1752471923828,176.9499969482422,181.6999969482422,175.89999389648438,181.6999969482422,47276890
2023-03-20,162.29917907714844,176.0,177.5500030517578,174.9499969482422,177.5500030517578,5627841
2023-03-21,163.3135528564453,177.10000610351562,177.5500030517578,175.3000030517578,176.85000610351562,12894327
2023-03-22,160.7776336669922,174.35000610351562,177.8000030517578,173.8000030517578,177.8000030517578,7893205
2023-03-23,161.00816345214844,174.60000610351562,175.85000610351562,173.6999969482422,174.0500030517578,5759884
2023-03-24,159.25607299804688,172.6999969482422,175.1999969482422,172.35000610351562,175.1999969482422,4977283
2023-03-27,157.9189453125,171.25,173.9499969482422,170.6999969482422,172.64999389648438,12077986
2023-03-28,158.61058044433594,172.0,173.0,170.5,171.35000610351562,8750986
2023-03-29,160.4548797607422,174.0,175.39999389648438,171.6999969482422,172.64999389648438,20272070
2023-03-31,161.46923828125,175.10000610351562,177.25,174.60000610351562,174.8000030517578,8125121
2023-04-03,163.95907592773438,177.8000030517578,178.10000610351562,175.4499969482422,175.60000610351562,9098662
2023-04-05,162.20697021484375,175.89999389648438,178.3000030517578,175.14999389648438,178.3000030517578,10829323
2023-04-06,161.5614471435547,175.1999969482422,176.60000610351562,174.85000610351562,176.39999389648438,7159274
2023-04-10,163.77464294433594,177.60000610351562,178.0,175.1999969482422,175.85000610351562,10968456
2023-04-11,164.23573303222656,178.10000610351562,179.75,176.5500030517578,178.10000610351562,9208605
2023-04-12,162.11474609375,175.8000030517578,178.3000030517578,175.3000030517578,178.0,7591360
2023-04-13,159.578857421875,173.0500030517578,176.10000610351562,172.3000030517578,176.0,9944382
2023-04-17,156.3974151611328,169.60000610351562,173.9499969482422,169.25,172.35000610351562,17401126
2023-04-18,156.8584747314453,170.10000610351562,170.75,169.0,170.0,16199789
2023-04-19,154.09202575683594,167.10000610351562,169.9499969482422,166.8000030517578,168.75,16314641
2023-04-20,156.48960876464844,169.6999969482422,170.1999969482422,166.8000030517578,167.10000610351562,15498083
2023-04-21,156.48960876464844,169.6999969482422,169.9499969482422,168.39999389648438,169.64999389648438,6672391
2023-04-24,157.64231872558594,170.9499969482422,171.25,168.1999969482422,168.5,8088991
2023-04-25,157.78065490722656,171.10000610351562,172.4499969482422,170.35000610351562,171.3000030517578,9175412
2023-04-26,156.62794494628906,169.85000610351562,171.6999969482422,169.5,171.10000610351562,9032416
2023-04-27,157.64231872558594,170.9499969482422,171.35000610351562,168.8000030517578,170.0,9054900
2023-04-28,158.61058044433594,172.0,172.5,169.60000610351562,171.89999389648438,21552892
2023-05-02,161.9303436279297,175.60000610351562,176.0,172.5500030517578,172.64999389648438,8893428
2023-05-03,162.62196350097656,176.35000610351562,178.64999389648438,175.10000610351562,175.60000610351562,11194149
2023-05-04,162.62196350097656,176.35000610351562,177.4499969482422,174.8000030517578,176.4499969482422,4671155
2023-05-05,160.68540954589844,174.25,176.39999389648438,173.0,176.35000610351562,5958697
2023-05-08,163.26744079589844,177.0500030517578,177.5500030517578,174.5,174.8000030517578,6287186
2023-05-09,162.29917907714844,176.0,178.64999389648438,175.1999969482422,177.1999969482422,7918748
2023-05-10,163.26744079589844,177.0500030517578,177.35000610351562,174.9499969482422,176.0,6231734
2023-05-11,165.57286071777344,179.5500030517578,180.0,176.9499969482422,177.60000610351562,12125975
2023-05-12,161.33091735839844,174.9499969482422,179.25,174.5,179.10000610351562,8920297
2023-05-15,162.25308227539062,175.9499969482422,176.75,173.85000610351562,174.0,7980565
2023-05-16,163.6363067626953,177.4499969482422,178.0,175.5,176.89999389648438,7874923
2023-05-17,162.29917907714844,176.0,177.85000610351562,175.0500030517578,177.4499969482422,6639494
2023-05-18,161.46923828125,175.10000610351562,177.6999969482422,174.64999389648438,177.0,6921939
2023-05-19,159.80935668945312,173.3000030517578,175.35000610351562,172.9499969482422,175.0,6657753
2023-05-22,160.54710388183594,174.10000610351562,177.0500030517578,173.14999389648438,173.3000030517578,13339834
2023-05-23,160.59317016601562,174.14999389648438,175.64999389648438,172.8000030517578,174.9499969482422,8359389
2023-05-24,161.33091735839844,174.9499969482422,175.3000030517578,173.4499969482422,174.0,8507023
2023-05-25,160.91595458984375,174.5,175.5500030517578,173.39999389648438,174.9499969482422,7986243
2023-05-26,160.91595458984375,174.5,177.25,174.10000610351562,175.0,6926193
2023-05-29,162.5758514404297,176.3000030517578,177.8000030517578,174.8000030517578,174.9499969482422,9943211
2023-05-30,163.03689575195312,176.8000030517578,178.0,175.60000610351562,177.0,9727639
2023-05-31,160.3165740966797,173.85000610351562,177.0,171.9499969482422,177.0,41785992
2023-06-01,160.82376098632812,174.39999389648438,174.6999969482422,171.85000610351562,173.60000610351562,11602551
2023-06-02,160.9620819091797,174.5500030517578,175.89999389648438,173.39999389648438,175.89999389648438,7262018
2023-06-05,160.54710388183594,174.10000610351562,176.1999969482422,173.5500030517578,175.8000030517578,12239684
2023-06-06,161.74591064453125,175.39999389648438,175.75,173.5500030517578,174.5,4889564
2023-06-07,163.54409790039062,177.35000610351562,178.0,175.39999389648438,175.9499969482422,6270083
2023-06-08,167.8782196044922,182.0500030517578,184.35000610351562,178.10000610351562,178.75,27382635
2023-06-09,168.56985473632812,182.8000030517578,184.25,180.5500030517578,184.0,10235269
2023-06-12,171.2440948486328,185.6999969482422,186.4499969482422,182.64999389648438,182.8000030517578,17450400
2023-06-13,170.92135620117188,185.35000610351562,186.64999389648438,185.0,186.0,8332566
2023-06-14,172.6273193359375,187.1999969482422,188.39999389648438,185.35000610351562,185.35000610351562,15061573
2023-06-15,172.16624450683594,186.6999969482422,187.3000030517578,185.35000610351562,187.0,9840499
2023-06-16,173.54946899414062,188.1999969482422,188.6999969482422,186.0500030517578,186.89999389648438,8562558
2023-06-19,171.38243103027344,185.85000610351562,188.1999969482422,185.1999969482422,188.1999969482422,5363723
2023-06-20,172.9039764404297,187.5,188.0,184.5500030517578,186.0,6035600
2023-06-21,172.9039764404297,187.5,188.6999969482422,186.5,187.5,5906854
2023-06-22,170.1374969482422,184.5,187.9499969482422,183.35000610351562,187.5,6683123
2023-06-23,172.16624450683594,186.6999969482422,187.5,183.75,184.5500030517578,15255365
2023-06-26,170.50637817382812,184.89999389648438,187.39999389648438,184.4499969482422,187.39999389648438,7231775
2023-06-27,171.56686401367188,186.0500030517578,186.9499969482422,184.8000030517578,184.89999389648438,6787438
2023-06-28,174.37942504882812,189.10000610351562,190.60000610351562,185.3000030517578,186.0500030517578,32476741
2023-06-30,174.42550659179688,189.14999389648438,191.64999389648438,188.0,188.10000610351562,9579059
2023-07-03,176.36204528808594,191.25,192.60000610351562,188.6999969482422,190.0,7352149
2023-07-04,178.94407653808594,194.0500030517578,194.8000030517578,189.0,191.10000610351562,13258826
2023-07-05,178.34471130371094,193.39999389648438,194.75,192.35000610351562,194.0,6558910
2023-07-06,181.43389892578125,196.75,197.14999389648438,192.75,193.5,16276609
2023-07-07,177.60699462890625,192.60000610351562,197.75,192.14999389648438,196.75,12652336
2023-07-10,176.63870239257812,191.5500030517578,193.35000610351562,189.8000030517578,192.64999389648438,10238356
2023-07-11,177.42251586914062,192.39999389648438,192.9499969482422,190.8000030517578,192.64999389648438,11236383
2023-07-12,175.9470977783203,190.8000030517578,194.75,190.25,193.75,9191559
2023-07-13,173.27284240722656,187.89999389648438,191.8000030517578,186.9499969482422,191.8000030517578,10612659
2023-07-14,172.85787963867188,187.4499969482422,188.35000610351562,184.75,187.9499969482422,12369394
2023-07-17,171.9818115234375,186.5,188.9499969482422,185.8000030517578,188.4499969482422,9058800
2023-07-18,172.76568603515625,187.35000610351562,189.14999389648438,186.3000030517578,187.0,7177677
2023-07-19,177.5608673095703,192.5500030517578,196.60000610351562,190.1999969482422,191.0,31761232
2023-07-20,177.8835906982422,192.89999389648438,194.25,191.85000610351562,192.6999969482422,8936996
2023-07-21,179.912353515625,195.10000610351562,196.35000610351562,192.10000610351562,192.8000030517578,11031250
2023-07-24,180.6500701904297,195.89999389648438,197.0,192.9499969482422,195.5,9981788
2023-07-25,185.03028869628906,200.64999389648438,201.35000610351562,195.89999389648438,196.5,18028061
2023-07-26,185.90635681152344,201.60000610351562,202.14999389648438,200.0,201.5,13857423
2023-07-27,186.2290802001953,201.9499969482422,203.0,200.60000610351562,201.75,16013422
2023-07-28,193.65243530273438,210.0,210.4499969482422,199.5,201.85000610351562,39630520
2023-07-31,201.35244750976562,218.35000610351562,218.9499969482422,209.64999389648438,212.1999969482422,43494779
2023-08-01,207.62307739257812,225.14999389648438,226.64999389648438,218.85000610351562,219.5500030517578,63510580
2023-08-02,202.0440673828125,219.10000610351562,225.14999389648438,216.85000610351562,225.0500030517578,22647784
2023-08-03,202.96621704101562,220.10000610351562,223.60000610351562,217.9499969482422,219.10000610351562,29868065
2023-08-04,200.98355102539062,217.9499969482422,222.1999969482422,217.60000610351562,221.6999969482422,12879897
2023-08-07,200.98355102539062,217.9499969482422,221.35000610351562,217.64999389648438,219.6999969482422,12929354
2023-08-08,200.61471557617188,217.5500030517578,220.39999389648438,214.0,220.3000030517578,15314866
2023-08-09,201.67518615722656,218.6999969482422,219.6999969482422,216.4499969482422,218.4499969482422,12554174
2023-08-10,200.47637939453125,217.39999389648438,220.85000610351562,216.5,219.1999969482422,10970619
2023-08-11,199.16729736328125,213.0,216.5,212.64999389648438,214.89999389648438,7970536
2023-08-14,199.16729736328125,213.0,214.0,211.8000030517578,213.3000030517578,9283695
2023-08-16,203.32830810546875,217.4499969482422,217.9499969482422,212.0500030517578,212.9499969482422,9687712
2023-08-17,201.7387237548828,215.75,219.8000030517578,215.14999389648438,219.4499969482422,11865239
2023-08-18,201.1776580810547,215.14999389648438,216.64999389648438,213.3000030517578,215.8000030517578,14101163
2023-08-21,204.59066772460938,218.8000030517578,219.5500030517578,215.6999969482422,217.1999969482422,13336739
2023-08-22,207.3023223876953,221.6999969482422,222.3000030517578,218.85000610351562,219.25,16930149
2023-08-23,207.3023223876953,221.6999969482422,222.89999389648438,221.0500030517578,222.89999389648438,13507905
2023-08-24,206.5075225830078,220.85000610351562,222.39999389648438,219.64999389648438,222.0,11182959
2023-08-25,203.7490692138672,217.89999389648438,221.85000610351562,217.1999969482422,221.85000610351562,7413549
2023-08-28,204.4971466064453,218.6999969482422,219.3000030517578,217.1999969482422,217.89999389648438,4851793
2023-08-29,206.74127197265625,221.10000610351562,221.75,218.25,219.1999969482422,8799235
2023-08-30,206.08673095703125,220.39999389648438,222.0,219.75,222.0,5490930
2023-08-31,205.9932098388672,220.3000030517578,221.64999389648438,218.75,221.64999389648438,18532999
2023-09-01,215.7178192138672,230.6999969482422,231.64999389648438,216.14999389648438,217.85000610351562,29859815
2023-09-04,220.4866180419922,235.8000030517578,236.5,230.5,233.6999969482422,21895573
2023-09-05,219.3645782470703,234.60000610351562,236.89999389648438,231.6999969482422,236.89999389648438,13952922
2023-09-06,216.8398895263672,231.89999389648438,235.85000610351562,228.39999389648438,235.5,14623019
2023-09-07,218.89700317382812,234.10000610351562,238.0,229.35000610351562,233.0,30334731
2023-09-08,224.64764404296875,240.25,243.60000610351562,235.0,236.0,28856420
2023-09-11,227.31256103515625,243.10000610351562,243.89999389648438,238.14999389648438,243.60000610351562,22493483
2023-09-12,219.83209228515625,235.10000610351562,244.9499969482422,234.10000610351562,244.1999969482422,21174310
2023-09-13,221.74896240234375,237.14999389648438,238.4499969482422,233.14999389648438,236.10000610351562,9151928
2023-09-14,222.49697875976562,237.9499969482422,239.1999969482422,235.9499969482422,237.9499969482422,7568464
2023-09-15,220.86062622070312,236.1999969482422,239.3000030517578,235.60000610351562,235.60000610351562,14098284
2023-09-18,225.5359344482422,241.1999969482422,242.14999389648438,236.0500030517578,237.0,11163399
2023-09-20,226.05023193359375,241.75,246.0,240.35000610351562,241.5,18936709
2023-09-21,223.43206787109375,238.9499969482422,242.89999389648438,237.10000610351562,240.0500030517578,10134737
2023-09-22,222.49697875976562,237.9499969482422,239.3000030517578,236.0,238.60000610351562,7209300
2023-09-25,224.08660888671875,239.64999389648438,240.25,237.14999389648438,239.14999389648438,8027642
2023-09-26,224.60086059570312,240.1999969482422,243.1999969482422,239.0500030517578,239.75,10681642
2023-09-27,223.75933837890625,239.3000030517578,240.5,237.85000610351562,239.89999389648438,9679279
2023-09-28,221.6554412841797,237.0500030517578,241.1999969482422,235.64999389648438,239.60000610351562,32887087
2023-09-29,229.60345458984375,245.5500030517578,251.5,239.5,239.5500030517578,35038887
2023-10-03,225.5359344482422,241.1999969482422,246.6999969482422,240.5500030517578,244.35000610351562,14885044
2023-10-04,219.8788299560547,235.14999389648438,241.0,231.5,241.0,25424437
2023-10-05,218.66326904296875,233.85000610351562,237.39999389648438,232.0500030517578,237.25,22472389
2023-10-06,220.2528533935547,235.5500030517578,237.5,233.64999389648438,234.25,8825123
2023-10-09,219.45806884765625,234.6999969482422,236.3000030517578,230.5,233.85000610351562,10659145
2023-10-10,220.58013916015625,235.89999389648438,236.85000610351562,233.75,234.89999389648438,11665907
2023-10-11,223.19825744628906,238.6999969482422,239.6999969482422,236.0,236.25,14313043
2023-10-12,225.9099578857422,241.60000610351562,242.75,238.60000610351562,238.9499969482422,13170027
2023-10-13,226.3307342529297,242.0500030517578,243.8000030517578,239.60000610351562,240.5500030517578,11880728
2023-10-16,227.6398162841797,243.4499969482422,245.0,241.0,242.85000610351562,6936948
2023-10-17,229.9774627685547,245.9499969482422,247.1999969482422,243.3000030517578,244.85000610351562,10084205
2023-10-18,226.28399658203125,242.0,246.8000030517578,241.60000610351562,245.89999389648438,6987265
2023-10-19,223.9463348388672,239.5,241.8000030517578,238.5,240.1999969482422,11485237
2023-10-20,225.34893798828125,241.0,242.14999389648438,237.5500030517578,238.9499969482422,9040953
2023-10-23,221.1879119873047,236.5500030517578,240.89999389648438,235.0,240.8000030517578,7058625
2023-10-25,216.9801483154297,232.0500030517578,236.3000030517578,228.35000610351562,236.0,23949207
2023-10-26,216.6061248779297,231.64999389648438,233.3000030517578,227.75,230.85000610351562,17410264
2023-10-27,221.23468017578125,236.60000610351562,238.4499969482422,232.0,232.0,10519462
2023-10-30,219.3645782470703,234.60000610351562,238.39999389648438,230.64999389648438,237.4499969482422,8812268
2023-10-31,220.4866180419922,235.8000030517578,237.1999969482422,233.5500030517578,234.5,6583581
2023-11-01,217.4944610595703,232.60000610351562,236.6999969482422,232.10000610351562,236.6999969482422,6718059
2023-11-02,219.97235107421875,235.25,235.6999969482422,233.75,234.1999969482422,6057787
2023-11-03,221.24685668945312,234.35000610351562,235.25,233.3000030517578,233.3000030517578,6825146
2023-11-06,222.66299438476562,235.85000610351562,237.1999969482422,234.5500030517578,235.35000610351562,5338605
2023-11-07,225.77845764160156,239.14999389648438,239.5500030517578,235.1999969482422,236.3000030517578,7002346
2023-11-08,223.4654541015625,236.6999969482422,240.89999389648438,235.9499969482422,239.85000610351562,9777991
2023-11-09,224.6455841064453,237.9499969482422,239.6999969482422,236.0,237.1999969482422,13987058
2023-11-10,229.17718505859375,242.75,243.25,235.8000030517578,237.85000610351562,9589671
2023-11-13,231.96224975585938,245.6999969482422,250.60000610351562,243.3000030517578,244.9499969482422,18792969
2023-11-15,233.47279357910156,247.3000030517578,248.9499969482422,245.9499969482422,248.9499969482422,10965645
2023-11-16,238.2404327392578,252.35000610351562,254.25,247.64999389648438,248.8000030517578,22145147
2023-11-17,237.5323944091797,251.60000610351562,253.10000610351562,251.0,253.0,5618928
2023-11-20,237.01312255859375,251.0500030517578,255.39999389648438,250.3000030517578,251.0,6283832
2023-11-21,236.0218048095703,250.0,252.8000030517578,247.3000030517578,252.60000610351562,6851869
2023-11-22,239.46774291992188,253.64999389648438,254.0,249.35000610351562,250.8000030517578,5275418
2023-11-23,238.61805725097656,252.75,255.6999969482422,251.6999969482422,254.0,8200025
2023-11-24,239.70375061035156,253.89999389648438,256.8500061035156,253.0,253.3000030517578,7149443
2023-11-28,243.14967346191406,257.54998779296875,258.29998779296875,253.64999389648438,254.85000610351562,6151585
2023-11-29,243.95213317871094,258.3999938964844,259.54998779296875,256.1000061035156,259.54998779296875,8637363
2023-11-30,246.6900177001953,261.29998779296875,261.6499938964844,256.0,257.95001220703125,21687673
2023-12-01,253.91232299804688,268.95001220703125,275.45001220703125,261.75,262.3500061035156,29121320
2023-12-04,259.4351806640625,274.79998779296875,279.0,273.25,276.0,20464526
2023-12-05,269.48974609375,285.45001220703125,286.54998779296875,272.79998779296875,275.20001220703125,18883076
2023-12-06,265.3829650878906,281.1000061035156,288.25,278.95001220703125,288.0,13415314
2023-12-07,267.93194580078125,283.79998779296875,288.25,281.29998779296875,281.8500061035156,25133786
2023-12-08,269.1120910644531,285.04998779296875,291.8999938964844,281.0,286.45001220703125,20815064
2023-12-11,271.2362365722656,287.29998779296875,288.5,284.3999938964844,286.04998779296875,8071675
2023-12-12,267.5543212890625,283.3999938964844,288.6000061035156,280.8500061035156,287.45001220703125,8640883
2023-12-13,277.60882568359375,294.04998779296875,294.8999938964844,284.5,284.75,23629670
2023-12-14,278.88336181640625,295.3999938964844,298.5,293.6000061035156,297.75,24900443
2023-12-15,288.0410461425781,305.1000061035156,307.0,295.0,298.0,28843558
2023-12-18,286.2472839355469,303.20001220703125,306.54998779296875,301.75,306.0,13307504
2023-12-19,292.3366394042969,309.6499938964844,312.5,302.5,305.0,15650536
2023-12-20,281.0075378417969,297.6499938964844,313.3500061035156,295.1499938964844,312.5,23497233
2023-12-21,285.0671691894531,301.95001220703125,303.1499938964844,293.20001220703125,295.79998779296875,17868637
2023-12-22,285.8695983886719,302.79998779296875,308.95001220703125,299.6000061035156,304.0,15207726
2023-12-26,292.28948974609375,309.6000061035156,310.70001220703125,304.6000061035156,306.45001220703125,9917180
2023-12-27,288.9378662109375,306.04998779296875,312.25,303.54998779296875,311.6000061035156,12630732
2023-12-28,296.3489990234375,313.8999938964844,315.5,307.75,309.1000061035156,37591916
2023-12-29,293.75274658203125,311.1499938964844,314.3500061035156,308.1499938964844,314.3500061035156,12682889
2024-01-01,292.4310302734375,309.75,313.29998779296875,307.79998779296875,312.0,8024960
2024-01-02,288.8907470703125,306.0,310.79998779296875,302.04998779296875,310.79998779296875,13506040
2024-01-03,289.07952880859375,306.20001220703125,308.0,303.29998779296875,307.20001220703125,14259987
2024-01-04,299.3700866699219,317.1000061035156,321.75,308.6000061035156,310.8999938964844,40057506
2024-01-05,297.3403015136719,314.95001220703125,325.6499938964844,312.70001220703125,322.8999938964844,27456415
2024-01-08,298.75640869140625,316.45001220703125,318.3500061035156,312.6000061035156,316.45001220703125,10136462
2024-01-09,301.8719177246094,319.75,321.45001220703125,316.04998779296875,317.8500061035156,12229517
2024-01-10,295.82977294921875,313.3500061035156,319.75,308.0,319.6499938964844,14455000
2024-01-11,295.4049072265625,312.8999938964844,317.29998779296875,312.3500061035156,314.95001220703125,10316319
2024-01-12,295.16888427734375,312.6499938964844,315.29998779296875,309.70001220703125,315.20001220703125,12341629
2024-01-15,299.55889892578125,317.29998779296875,318.0,309.6000061035156,314.8999938964844,9706124
2024-01-16,294.0831604003906,311.5,317.25,310.1499938964844,317.25,10162832
2024-01-17,292.0061950683594,309.29998779296875,314.1000061035156,307.1000061035156,309.75,13502940
2024-01-18,282.5653381347656,299.29998779296875,311.29998779296875,296.54998779296875,308.95001220703125,32481018
2024-01-19,291.2037353515625,308.45001220703125,309.45001220703125,301.70001220703125,303.79998779296875,28651237
2024-01-23,285.6807861328125,302.6000061035156,315.29998779296875,300.29998779296875,313.45001220703125,21652362
2024-01-24,291.5813293457031,308.8500061035156,310.70001220703125,298.25,302.95001220703125,23922028
2024-01-25,297.1515197753906,314.75,317.20001220703125,309.20001220703125,310.0,32525422
2024-01-29,306.40350341796875,324.54998779296875,325.75,316.1499938964844,317.79998779296875,24694773
2024-01-30,297.81231689453125,315.45001220703125,323.95001220703125,314.5,321.8500061035156,20918448
2024-01-31,299.7477111816406,317.5,320.0,312.6000061035156,318.54998779296875,20931224
2024-02-01,303.9961242675781,322.0,326.95001220703125,317.1000061035156,320.04998779296875,24020951
2024-02-02,313.9090270996094,332.5,333.70001220703125,323.1000061035156,324.0,32346639
2024-02-05,317.3077697753906,336.1000061035156,341.04998779296875,333.04998779296875,338.0,19651482
2024-02-06,318.5946960449219,334.20001220703125,336.0,329.0,336.0,12024661
2024-02-07,315.2581481933594,330.70001220703125,337.8999938964844,329.6499938964844,337.8999938964844,8080437
2024-02-08,315.4488220214844,330.8999938964844,335.25,328.0,333.95001220703125,17754869
2024-02-09,309.72894287109375,324.8999938964844,335.0,319.6000061035156,332.95001220703125,18304439
2024-02-12,301.38751220703125,316.1499938964844,326.70001220703125,314.5,326.1499938964844,11714289
2024-02-13,306.535400390625,321.54998779296875,323.95001220703125,315.8999938964844,318.54998779296875,15426888
2024-02-14,312.6842346191406,328.0,329.3500061035156,318.3500061035156,320.8999938964844,14085723
2024-02-15,323.40887451171875,339.25,340.8999938964844,330.1499938964844,331.0,21973316
2024-02-16,321.9789123535156,337.75,342.95001220703125,336.79998779296875,341.8999938964844,20307449
2024-02-19,322.9322509765625,338.75,341.8999938964844,337.5,340.3999938964844,8496898
2024-02-20,329.5577087402344,345.70001220703125,346.5,337.79998779296875,340.6000061035156,19340526
2024-02-21,320.406005859375,336.1000061035156,348.04998779296875,334.70001220703125,347.0,17751633
2024-02-22,323.69488525390625,339.54998779296875,340.25,330.6000061035156,339.0,16083122
2024-02-23,321.9789123535156,337.75,340.0,334.8500061035156,340.0,9665454
2024-02-26,321.8359375,337.6000061035156,338.5,334.54998779296875,338.0,7711995
2024-02-27,320.406005859375,336.1000061035156,338.0,334.1000061035156,336.1000061035156,8882923
2024-02-28,317.7366943359375,333.29998779296875,336.5,331.79998779296875,335.70001220703125,12977628
2024-02-29,319.9292907714844,335.6000061035156,336.0,330.6000061035156,333.29998779296875,13149469
2024-03-01,327.4604187011719,343.5,344.3500061035156,335.0,335.6000061035156,13027254
2024-03-04,337.3271484375,353.8500061035156,358.29998779296875,345.75,348.0,38075510
2024-03-05,341.5216979980469,358.25,359.95001220703125,353.54998779296875,354.8999938964844,15918221
2024-03-06,335.5158996582031,351.95001220703125,359.45001220703125,345.0,359.45001220703125,13120921
2024-03-07,335.7542419433594,352.20001220703125,353.8999938964844,349.70001220703125,352.0,9172926
2024-03-11,331.7026672363281,347.95001220703125,353.1499938964844,346.70001220703125,352.25,10664917
2024-03-12,328.652099609375,344.75,349.45001220703125,342.54998779296875,348.0,9637912
2024-03-13,307.4410400390625,322.5,344.5,319.5,343.8500061035156,23722232
2024-03-14,306.8213806152344,321.8500061035156,326.95001220703125,316.5,321.04998779296875,20859127
2024-03-15,301.5304870605469,316.29998779296875,326.04998779296875,305.75,322.6499938964844,43285007
2024-03-18,302.3408203125,317.1499938964844,322.8999938964844,314.95001220703125,317.1000061035156,13690352
2024-03-19,298.8135986328125,313.45001220703125,317.8999938964844,310.1000061035156,314.29998779296875,13388060
2024-03-20,299.0042724609375,313.6499938964844,317.45001220703125,308.29998779296875,316.0,10026655
2024-03-21,309.82427978515625,325.0,326.3500061035156,317.0,317.25,23370426
2024-03-22,309.5859375,324.75,327.25,321.1499938964844,324.5,14709219
2024-03-26,313.73284912109375,329.1000061035156,330.29998779296875,320.1000061035156,320.1000061035156,11208959
2024-03-27,316.1160583496094,331.6000061035156,334.1000061035156,326.29998779296875,332.0,45209520
2024-03-28,320.1199951171875,335.79998779296875,340.0,330.29998779296875,331.8999938964844,19868037
2024-04-01,326.3641357421875,342.3500061035156,344.3999938964844,336.1499938964844,339.0,8580656
2024-04-02,328.6997375488281,344.79998779296875,345.6000061035156,340.75,343.0,9745257
2024-04-03,334.84857177734375,351.25,354.1000061035156,342.0,344.3500061035156,21679943
2024-04-04,338.08978271484375,354.6499938964844,362.70001220703125,352.6499938964844,355.0,28962927
2024-04-05,337.99444580078125,354.54998779296875,358.20001220703125,351.54998779296875,356.3999938964844,11208130
2024-04-08,346.52655029296875,363.5,366.0,353.25,355.6000061035156,11447140
2024-04-09,345.95458984375,362.8999938964844,366.8999938964844,360.3500061035156,365.0,10010148
2024-04-10,345.5732421875,362.5,368.3500061035156,361.3500061035156,364.1000061035156,12886638
2024-04-12,344.8582458496094,361.75,374.5,361.0,362.5,30924494
2024-04-15,344.2862854003906,361.1499938964844,366.0,352.79998779296875,355.5,18126999
2024-04-16,342.4749755859375,359.25,361.95001220703125,354.6000061035156,361.0,15328939
2024-04-18,334.75323486328125,351.1499938964844,361.25,349.20001220703125,359.54998779296875,22966560
2024-04-19,334.1812438964844,350.54998779296875,352.3999938964844,343.0,343.1000061035156,12867942
2024-04-22,326.8884582519531,342.8999938964844,355.0,341.8999938964844,355.0,37382916
2024-04-23,330.94000244140625,347.1499938964844,348.6499938964844,344.0,346.0,14651106
2024-04-24,335.2298889160156,351.6499938964844,353.1499938964844,347.29998779296875,349.79998779296875,11132307
2024-04-25,342.4273681640625,359.20001220703125,360.6000061035156,349.1000061035156,351.0,19865014
2024-04-26,339.37677001953125,356.0,361.3999938964844,355.0,360.70001220703125,10986589
2024-04-29,346.04986572265625,363.0,363.6499938964844,356.95001220703125,359.70001220703125,13652173
2024-04-30,346.2405700683594,363.20001220703125,365.45001220703125,359.29998779296875,364.95001220703125,14566548
2024-05-02,351.8173522949219,369.04998779296875,372.6000061035156,363.20001220703125,363.20001220703125,27892188
2024-05-03,347.9088439941406,364.95001220703125,380.3999938964844,360.3500061035156,372.29998779296875,26844664
2024-05-06,340.139404296875,356.79998779296875,368.8500061035156,354.3999938964844,367.79998779296875,15319437
2024-05-07,332.8465881347656,349.1499938964844,358.45001220703125,346.8500061035156,358.25,10028071
2024-05-08,338.85247802734375,355.45001220703125,358.5,345.20001220703125,345.20001220703125,9595776
2024-05-09,329.891357421875,346.04998779296875,358.0,344.8500061035156,356.5,9043486
2024-05-10,338.90008544921875,355.5,356.3500061035156,347.54998779296875,347.6499938964844,11699095
2024-05-13,334.5148620605469,350.8999938964844,356.0,346.5,355.5,10691781
2024-05-14,339.1860656738281,355.79998779296875,357.25,350.29998779296875,350.54998779296875,10891985
2024-05-15,344.4769287109375,361.3500061035156,363.5,356.6499938964844,357.5,8538183
2024-05-16,344.5722961425781,361.45001220703125,363.8500061035156,353.04998779296875,363.8500061035156,13114162
2024-05-17,348.385498046875,365.45001220703125,366.5,360.3500061035156,362.45001220703125,8509179
2024-05-21,354.629638671875,372.0,374.1000061035156,365.3500061035156,367.0,10939593
2024-05-22,356.3932800292969,373.8500061035156,377.3500061035156,370.6000061035156,375.0,14001806
2024-05-23,354.9156494140625,372.29998779296875,375.6000061035156,369.5,375.04998779296875,15370357
2024-05-24,357.44189453125,374.95001220703125,378.1499938964844,368.70001220703125,373.0,13317821
2024-05-27,352.3893737792969,369.6499938964844,380.5,368.0,379.95001220703125,21891930
2024-05-28,348.3377990722656,365.3999938964844,373.25,364.1000061035156,372.6000061035156,10200096
2024-05-29,347.5751953125,364.6000061035156,366.3500061035156,360.0,361.5,18146672
2024-05-30,342.9040222167969,359.70001220703125,364.79998779296875,357.1499938964844,364.0,14425073
2024-05-31,342.2366638183594,359.0,366.6499938964844,355.5,363.45001220703125,30515612
2024-06-03,373.50506591796875,391.79998779296875,393.20001220703125,373.45001220703125,385.0,39261174
2024-06-04,315.7824401855469,331.25,391.8999938964844,313.95001220703125,391.8999938964844,84042244
2024-06-05,325.0771789550781,341.0,342.25,315.29998779296875,340.0,46418629
2024-06-06,333.4185791015625,349.75,359.75,345.0,347.79998779296875,33171039
2024-06-07,343.7619323730469,360.6000061035156,362.0,347.70001220703125,352.0,23930193
2024-06-10,347.86114501953125,364.8999938964844,370.1000061035156,361.79998779296875,365.0,16072588
2024-06-11,350.24444580078125,367.3999938964844,371.95001220703125,364.8999938964844,368.75,11235777
2024-06-12,353.96234130859375,371.29998779296875,374.0,365.3999938964844,369.54998779296875,12134524
2024-06-13,352.67535400390625,369.95001220703125,376.3999938964844,367.95001220703125,376.3999938964844,11243702
2024-06-14,351.24542236328125,368.45001220703125,370.8500061035156,366.1000061035156,370.0,10298434
2024-06-18,352.3893737792969,369.6499938964844,372.25,368.70001220703125,371.79998779296875,10228382
2024-06-19,345.5732421875,362.5,370.8999938964844,361.54998779296875,369.79998779296875,8337334
2024-06-20,340.94970703125,357.6499938964844,364.8999938964844,357.04998779296875,362.5,14338604
2024-06-21,342.9992980957031,359.79998779296875,362.95001220703125,356.75,359.95001220703125,17931844
2024-06-24,345.8115234375,362.75,364.6499938964844,355.54998779296875,357.6000061035156,9335598
2024-06-25,344.0002746582031,360.8500061035156,364.70001220703125,357.75,364.25,14983828
2024-06-26,348.0041809082031,365.04998779296875,366.8999938964844,359.6499938964844,363.0,15918394
2024-06-27,359.5391540527344,377.1499938964844,381.1000061035156,364.1000061035156,365.04998779296875,55378829
2024-06-28,360.68316650390625,378.3500061035156,389.5,376.70001220703125,377.95001220703125,25141039
2024-07-01,352.48468017578125,369.75,382.0,367.79998779296875,381.75,23389211
2024-07-02,353.1043395996094,370.3999938964844,372.6000061035156,365.1499938964844,372.6000061035156,13702830
2024-07-03,355.249267578125,372.6499938964844,374.25,368.6499938964844,370.54998779296875,9207317
2024-07-04,355.5352783203125,372.95001220703125,380.8500061035156,371.75,373.8999938964844,14916930
2024-07-05,362.0653991699219,379.79998779296875,381.25,371.0,374.3500061035156,15946104
2024-07-08,359.8251647949219,377.45001220703125,381.25,376.1499938964844,380.8500061035156,8898299
2024-07-09,359.44384765625,377.04998779296875,380.25,375.04998779296875,379.20001220703125,8355819
2024-07-10,363.5906982421875,381.3999938964844,383.79998779296875,370.0,378.79998779296875,17715196
2024-07-11,359.491455078125,377.1000061035156,383.29998779296875,374.6000061035156,382.3999938964844,19873143
2024-07-12,359.5391540527344,377.1499938964844,379.3999938964844,372.0,378.95001220703125,16151583
2024-07-15,367.64227294921875,385.6499938964844,388.95001220703125,376.8999938964844,378.6000061035156,22951140
2024-07-16,362.6850891113281,380.45001220703125,388.75,380.0,386.6499938964844,11893034
2024-07-18,360.1111145019531,377.75,382.8999938964844,374.20001220703125,382.8999938964844,15709153
2024-07-19,347.62286376953125,364.6499938964844,378.0,362.8999938964844,377.75,13330099
2024-07-22,356.0596008300781,373.5,377.25,362.3500061035156,364.75,18715538
2024-07-23,364.5916748046875,382.45001220703125,385.6499938964844,361.54998779296875,376.70001220703125,49882257
2024-07-24,374.26776123046875,392.6000061035156,395.0,381.70001220703125,384.1000061035156,36868466
2024-07-25,373.8387145996094,392.1499938964844,396.29998779296875,386.25,390.95001220703125,25973101
2024-07-26,377.794921875,396.29998779296875,399.5,389.70001220703125,394.95001220703125,20381410
2024-07-29,375.50701904296875,393.8999938964844,408.29998779296875,392.6499938964844,404.0,27751449
2024-07-30,387.94769287109375,406.95001220703125,412.70001220703125,397.0,397.0,34447139
2024-07-31,396.5750732421875,416.0,417.3999938964844,408.54998779296875,409.5,29727771
2024-08-01,403.67724609375,423.45001220703125,424.3500061035156,415.6000061035156,419.8999938964844,28803487
2024-08-02,400.10235595703125,419.70001220703125,426.29998779296875,413.3500061035156,416.25,24233263
2024-08-05,393.9535217285156,413.25,415.6499938964844,404.6499938964844,407.6499938964844,42489503
2024-08-06,395.6217956542969,415.0,424.95001220703125,413.25,413.25,18230579
2024-08-07,399.9935302734375,416.29998779296875,421.0,415.0,421.0,15556736
2024-08-08,391.73040771484375,407.70001220703125,417.0,405.79998779296875,416.3500061035156,16447385
2024-08-09,394.56488037109375,410.6499938964844,416.3500061035156,408.20001220703125,413.79998779296875,10954753
2024-08-12,385.14874267578125,400.8500061035156,410.0,400.1000061035156,410.0,26254763
2024-08-13,380.6808776855469,396.20001220703125,404.5,395.0,403.0,11355664
2024-08-14,380.82501220703125,396.3500061035156,400.0,393.6499938964844,398.8999938964844,9424614
2024-08-16,382.4584045410156,398.04998779296875,400.95001220703125,393.29998779296875,398.04998779296875,13844122
2024-08-19,387.31060791015625,403.1000061035156,407.5,401.45001220703125,402.29998779296875,10677045
2024-08-20,390.3371887207031,406.25,408.20001220703125,403.1000061035156,404.54998779296875,10126083
2024-08-21,392.93145751953125,408.95001220703125,409.70001220703125,405.20001220703125,407.5,9726854
2024-08-22,387.55084228515625,403.3500061035156,410.04998779296875,402.25,409.79998779296875,10445288
2024-08-23,386.2056579589844,401.95001220703125,405.8999938964844,399.54998779296875,403.3500061035156,11513586
2024-08-26,398.600341796875,414.8500061035156,415.95001220703125,401.95001220703125,402.45001220703125,13772637
2024-08-27,393.6040344238281,409.6499938964844,416.20001220703125,409.1000061035156,415.5,8441188
2024-08-28,393.027587890625,409.04998779296875,414.3999938964844,407.3500061035156,410.04998779296875,15884745
2024-08-29,393.8442687988281,409.8999938964844,412.6000061035156,403.75,409.04998779296875,19014705
2024-08-30,399.8974914550781,416.20001220703125,419.20001220703125,411.5,412.70001220703125,22633988
2024-09-02,393.9403076171875,410.0,419.1000061035156,407.70001220703125,417.79998779296875,11107165
2024-09-03,390.4813537597656,406.3999938964844,411.54998779296875,405.6000061035156,410.5,7538160
2024-09-04,389.23223876953125,405.1000061035156,408.25,399.8999938964844,400.0,11052003
2024-09-05,387.4547119140625,403.25,408.3999938964844,401.8500061035156,405.3500061035156,14246871
2024-09-06,379.3357238769531,394.79998779296875,404.6499938964844,392.70001220703125,403.25,17956121
2024-09-09,374.5796203613281,389.8500061035156,392.75,385.29998779296875,391.20001220703125,12293356
2024-09-10,380.7769775390625,396.29998779296875,399.3999938964844,389.75,390.1000061035156,15852309
2024-09-11,374.38739013671875,389.6499938964844,399.29998779296875,387.5,399.0,11492592
2024-09-12,388.9920349121094,404.8500061035156,406.25,390.6499938964844,391.0,24028069
2024-09-13,385.6771545410156,401.3999938964844,407.29998779296875,399.3500061035156,404.8500061035156,12017217
2024-09-16,394.9972229003906,411.1000061035156,412.0,402.0,402.45001220703125,11479712
2024-09-17,399.9935302734375,416.29998779296875,417.6499938964844,410.1000061035156,411.8500061035156,14432501
2024-09-18,397.9277648925781,414.1499938964844,419.75,413.0,418.5,10303840
2024-09-19,407.3439025878906,423.95001220703125,431.8500061035156,420.54998779296875,424.0,59601773
2024-09-20,407.3439025878906,423.95001220703125,429.8500061035156,416.54998779296875,428.04998779296875,36084164
2024-09-23,411.57159423828125,428.3500061035156,430.5,425.0,427.5,14139629
2024-09-24,411.3313903808594,428.1000061035156,431.45001220703125,427.0,431.45001220703125,12539885
2024-09-25,419.01800537109375,436.1000061035156,437.0,425.6499938964844,428.1000061035156,19443168
2024-09-26,417.5767517089844,434.6000061035156,437.95001220703125,430.54998779296875,437.95001220703125,20041825
2024-09-27,419.78668212890625,436.8999938964844,442.5,433.5,436.0,53885913
2024-09-30,425.83990478515625,443.20001220703125,448.45001220703125,433.6000061035156,436.8999938964844,20903229
2024-10-01,422.8613586425781,440.1000061035156,447.75,438.79998779296875,446.0,15984996
2024-10-03,418.29736328125,435.3500061035156,442.5,432.0,432.0,13563784
2024-10-04,413.5893249511719,430.45001220703125,439.3500061035156,426.29998779296875,432.8999938964844,18347292
2024-10-07,399.1768493652344,415.45001220703125,433.0,409.04998779296875,430.6000061035156,23431004
2024-10-08,404.46142578125,420.95001220703125,427.70001220703125,411.29998779296875,414.0,18706355
2024-10-09,402.059326171875,418.45001220703125,424.75,417.0,424.45001220703125,13916492
2024-10-10,406.14288330078125,422.70001220703125,429.8999938964844,420.5,420.70001220703125,15866037
2024-10-11,405.9507141113281,422.5,426.6499938964844,419.6000061035156,423.95001220703125,8639087
2024-10-14,407.8723449707031,424.5,426.0,420.0,424.6000061035156,8483177
2024-10-15,409.89013671875,426.6000061035156,427.20001220703125,423.54998779296875,426.6499938964844,9365964
2024-10-16,407.6321716308594,424.25,429.3999938964844,421.25,425.29998779296875,6219440
2024-10-17,401.3867492675781,417.75,425.6000061035156,416.6000061035156,423.6499938964844,11968387
2024-10-18,408.30474853515625,424.95001220703125,425.95001220703125,414.45001220703125,417.70001220703125,8828971
2024-10-21,408.352783203125,425.0,428.75,419.1000061035156,426.04998779296875,9139781
2024-10-22,399.4650573730469,415.75,426.29998779296875,413.45001220703125,422.8500061035156,14242323
2024-10-23,392.3069152832031,408.29998779296875,414.75,401.70001220703125,414.0,22522821
2024-10-24,395.7658996582031,411.8999938964844,415.25,406.79998779296875,409.25,9400171
2024-10-25,383.275146484375,398.8999938964844,407.5,391.6000061035156,402.5,19642277
2024-10-28,388.0792236328125,403.8999938964844,406.5,397.79998779296875,398.8999938964844,11716022
2024-10-29,396.0061340332031,412.1499938964844,414.29998779296875,404.45001220703125,409.0,20284308
2024-10-30,392.49908447265625,408.5,414.79998779296875,405.79998779296875,414.1499938964844,12264297
2024-10-31,394.57757568359375,408.1499938964844,410.6499938964844,403.5,409.0,12204072
2024-11-01,397.67120361328125,411.3500061035156,415.45001220703125,410.3500061035156,412.0,2145479
2024-11-04,387.6170654296875,400.95001220703125,414.29998779296875,393.70001220703125,413.8500061035156,13866505
2024-11-05,389.6955261230469,403.1000061035156,404.1000061035156,397.1499938964844,400.0,6665326
2024-11-06,395.3026428222656,408.8999938964844,410.79998779296875,403.1499938964844,406.70001220703125,9700643
2024-11-07,390.37225341796875,403.79998779296875,410.8999938964844,402.0,410.8999938964844,7589295
2024-11-08,384.4267272949219,397.6499938964844,404.20001220703125,395.54998779296875,403.1499938964844,7536509
2024-11-11,379.496337890625,392.54998779296875,400.8999938964844,391.79998779296875,398.1499938964844,12243693
2024-11-12,367.6536865234375,380.29998779296875,394.79998779296875,379.04998779296875,393.1499938964844,10549517
2024-11-13,368.6687927246094,381.3500061035156,387.6000061035156,379.3500061035156,384.0,20602407
2024-11-14,360.1130676269531,372.5,385.20001220703125,371.3500061035156,380.04998779296875,15086601
2024-11-18,354.5059509277344,366.70001220703125,380.0,362.6499938964844,380.0,16383636
2024-11-19,354.5059509277344,366.70001220703125,378.5,365.04998779296875,368.0,17055094
2024-11-21,344.3067626953125,356.1499938964844,364.3500061035156,354.79998779296875,363.70001220703125,21276150
2024-11-22,353.2975158691406,365.45001220703125,367.1000061035156,355.70001220703125,357.04998779296875,15949254
2024-11-25,356.1494445800781,368.3999938964844,377.20001220703125,367.5,374.0,18388844
2024-11-26,349.6238708496094,361.6499938964844,370.3999938964844,360.25,370.0,11222231
2024-11-27,357.01947021484375,369.29998779296875,371.6000061035156,361.3500061035156,363.79998779296875,14225274
2024-11-28,350.01055908203125,362.04998779296875,371.8500061035156,359.6000061035156,369.70001220703125,16837860
2024-11-29,351.557373046875,363.6499938964844,365.3999938964844,360.20001220703125,363.25,14280017
2024-12-02,346.2886047363281,358.20001220703125,363.8999938964844,357.0,363.6499938964844,12510350
2024-12-03,355.23101806640625,367.45001220703125,370.0,358.20001220703125,359.0,14205760
2024-12-04,360.35479736328125,372.75,375.1499938964844,368.0,368.95001220703125,22035954
2024-12-05,356.8744812011719,369.1499938964844,373.95001220703125,364.3999938964844,372.75,18758283
2024-12-06,357.2128601074219,369.5,371.20001220703125,368.04998779296875,369.45001220703125,9736086
2024-12-09,357.5512390136719,369.8500061035156,373.29998779296875,367.75,370.8999938964844,10878679
2024-12-10,356.8744812011719,369.1499938964844,371.20001220703125,366.3999938964844,369.0,7913822
2024-12-11,353.34588623046875,365.5,370.75,364.70001220703125,369.25,9998662
2024-12-12,343.77508544921875,355.6000061035156,367.0,353.0,366.0,22538216
2024-12-13,345.2735290527344,357.1499938964844,358.29998779296875,348.04998779296875,355.75,14269143
2024-12-16,341.1648254394531,352.8999938964844,358.8999938964844,351.70001220703125,357.1499938964844,12168143
2024-12-17,337.44287109375,349.04998779296875,353.8500061035156,347.25,352.0,15646176
2024-12-18,330.3856201171875,341.75,351.0,340.0,349.54998779296875,14672392
2024-12-19,326.1802673339844,337.3999938964844,340.6000061035156,335.04998779296875,337.0,14513129
2024-12-20,322.1683044433594,333.25,343.8999938964844,331.0,337.79998779296875,20375797
2024-12-23,322.5549621582031,333.6499938964844,338.25,330.5,335.8999938964844,8884187
2024-12-24,324.1501159667969,335.29998779296875,336.8500061035156,331.75,335.1000061035156,7755462
2024-12-26,323.521728515625,334.6499938964844,337.3999938964844,332.25,335.29998779296875,9030212
2024-12-27,323.8600769042969,335.0,340.0,334.20001220703125,336.6499938964844,9090597
2024-12-30,320.3797912597656,331.3999938964844,336.79998779296875,327.3999938964844,335.0,36657549
2024-12-31,322.2649841308594,333.3500061035156,334.6000061035156,326.20001220703125,330.1000061035156,8580998
2025-01-01,322.5549621582031,333.6499938964844,334.6499938964844,328.79998779296875,333.0,7843971
2025-01-02,326.76031494140625,338.0,338.6000061035156,330.0,333.6499938964844,16543382
2025-01-03,328.548828125,339.8500061035156,344.5,337.04998779296875,338.04998779296875,8689629
2025-01-06,316.6094970703125,327.5,341.70001220703125,326.45001220703125,341.70001220703125,10538077
2025-01-07,317.67291259765625,328.6000061035156,330.3500061035156,325.1000061035156,327.0,13891401
2025-01-08,314.5793151855469,325.3999938964844,330.5,321.8500061035156,330.5,8993608
2025-01-09,309.697265625,320.3500061035156,325.95001220703125,319.79998779296875,324.04998779296875,12403467
2025-01-10,297.9996032714844,308.25,321.0,307.6000061035156,320.3500061035156,15941143
2025-01-13,288.2837829589844,298.20001220703125,309.95001220703125,296.8500061035156,301.1000061035156,29630336
2025-01-14,300.078125,310.3999938964844,312.70001220703125,300.20001220703125,300.45001220703125,22732888
2025-01-15,310.66400146484375,321.3500061035156,324.29998779296875,312.54998779296875,312.54998779296875,21894626
2025-01-16,314.6759948730469,325.5,327.29998779296875,321.6499938964844,324.70001220703125,14865186
2025-01-17,315.30438232421875,326.1499938964844,329.0,323.3500061035156,325.29998779296875,7129232
2025-01-20,324.87518310546875,336.04998779296875,337.0,324.54998779296875,326.20001220703125,17991880
2025-01-21,313.5158996582031,324.29998779296875,338.25,323.79998779296875,337.79998779296875,12774630
2025-01-22,311.6790466308594,322.3999938964844,327.0,317.3500061035156,327.0,11068145
2025-01-23,312.88751220703125,323.6499938964844,325.1000061035156,319.54998779296875,321.0,6477347
2025-01-24,312.88751220703125,323.6499938964844,329.8999938964844,322.1000061035156,324.79998779296875,7492600
2025-01-27,311.4857482910156,322.20001220703125,325.04998779296875,315.0,323.6499938964844,13803855
2025-01-28,307.6670837402344,318.25,323.8500061035156,308.1499938964844,322.5,22008929
2025-01-29,310.56732177734375,321.25,322.8999938964844,313.29998779296875,320.0,16056888
2025-01-30,312.2591247558594,323.0,326.79998779296875,321.1499938964844,322.25,10375720
2025-01-31,315.6691589355469,324.0,326.25,317.54998779296875,322.45001220703125,13195557
2025-02-01,309.5311584472656,317.70001220703125,330.79998779296875,316.75,326.04998779296875,10097627
2025-02-03,303.2469787597656,311.25,314.04998779296875,304.0,310.1000061035156,15881217
2025-02-04,310.8951416015625,319.1000061035156,320.45001220703125,310.29998779296875,314.8500061035156,12141064
2025-02-05,311.3822937011719,319.6000061035156,323.04998779296875,318.3999938964844,321.0,12226722
2025-02-06,304.75714111328125,312.79998779296875,322.70001220703125,311.3999938964844,322.6000061035156,13384442
2025-02-07,308.8004150390625,316.95001220703125,319.25,312.1000061035156,313.5,8937447
2025-02-10,302.5162658691406,310.5,316.8500061035156,309.0,316.5,6806132
2025-02-11,297.7422790527344,305.6000061035156,312.3500061035156,304.1499938964844,312.3500061035156,13241830
2025-02-12,298.37554931640625,306.25,307.5,300.0,306.20001220703125,7616083
2025-02-13,298.8139953613281,306.70001220703125,308.6000061035156,303.1000061035156,306.1499938964844,9086906
2025-02-14,292.62725830078125,300.3500061035156,308.25,298.3500061035156,306.8500061035156,7446248
2025-02-17,294.5758361816406,302.3500061035156,303.20001220703125,292.79998779296875,297.5,6464173
2025-02-18,303.1982727050781,311.20001220703125,312.3999938964844,297.5,301.1499938964844,15793327
2025-02-19,306.7056884765625,314.79998779296875,316.3500061035156,310.6000061035156,311.20001220703125,13079903
2025-02-20,316.7895812988281,325.1499938964844,327.1499938964844,311.5,312.54998779296875,22888146
2025-02-21,317.86126708984375,326.25,329.75,321.54998779296875,323.29998779296875,10809296
2025-02-24,311.8694152832031,320.1000061035156,325.3999938964844,319.45001220703125,322.1000061035156,6034113
2025-02-25,310.50543212890625,318.70001220703125,321.5,315.75,320.1000061035156,10686112
2025-02-27,307.58258056640625,315.70001220703125,319.29998779296875,314.5,315.3500061035156,7302366
2025-02-28,303.44183349609375,311.45001220703125,315.6499938964844,306.54998779296875,314.0,21127180
2025-03-03,306.3159484863281,314.3999938964844,317.79998779296875,307.70001220703125,311.29998779296875,9779703
2025-03-04,305.6827087402344,313.75,314.8999938964844,308.0,311.29998779296875,8734999
2025-03-05,317.8125915527344,326.20001220703125,327.29998779296875,313.5,313.54998779296875,10493615
2025-03-06,329.2117004394531,337.8999938964844,338.79998779296875,323.20001220703125,329.0,26294903
2025-03-07,321.076416015625,329.54998779296875,338.75,328.70001220703125,335.8500061035156,8992315
2025-03-10,320.9302673339844,329.3999938964844,334.95001220703125,326.29998779296875,329.45001220703125,11383132
2025-03-11,321.80712890625,330.29998779296875,333.25,323.70001220703125,327.0,10299324
2025-03-12,321.6609802246094,330.1499938964844,334.79998779296875,326.3999938964844,331.0,6984859
2025-03-13,323.3659973144531,331.8999938964844,334.54998779296875,328.45001220703125,332.0,8965150
2025-03-17,323.1224365234375,331.6499938964844,334.5,330.5,332.95001220703125,4353561
2025-03-18,323.1224365234375,331.6499938964844,331.6499938964844,331.6499938964844,331.6499938964844,0
2025-03-19,332.5243225097656,341.29998779296875,343.8999938964844,336.3500061035156,339.0,30582397
2025-03-20,332.9627380371094,341.75,344.70001220703125,340.29998779296875,344.70001220703125,15002119
2025-03-21,342.2671813964844,351.29998779296875,353.8500061035156,341.75,342.0,36406837
2025-03-24,357.51483154296875,366.95001220703125,368.0,353.6499938964844,357.0,24588471
2025-03-25,357.51483154296875,366.95001220703125,371.45001220703125,364.1499938964844,369.0,23189083
2025-03-26,345.5310363769531,354.6499938964844,369.0,353.29998779296875,366.95001220703125,18668095
2025-03-27,351.3768005371094,360.6499938964844,364.45001220703125,351.0,353.8999938964844,37930538
2025-03-28,348.40521240234375,357.6000061035156,364.29998779296875,356.45001220703125,362.0,11327077
2025-04-01,343.0953063964844,352.1499938964844,362.8999938964844,350.8500061035156,352.3500061035156,18736320
2025-04-02,342.70562744140625,351.75,353.45001220703125,347.04998779296875,352.1499938964844,13593404
2025-04-03,349.6717834472656,358.8999938964844,361.3500061035156,351.75,351.75,10317410
2025-04-04,341.39031982421875,350.3999938964844,358.8500061035156,348.54998779296875,358.8500061035156,10872963
2025-04-07,340.8057556152344,349.79998779296875,351.3999938964844,324.0,328.0,18025165
2025-04-08,343.8747863769531,352.95001220703125,358.25,350.0,356.8500061035156,17506712
2025-04-09,340.3673400878906,349.3500061035156,354.79998779296875,348.20001220703125,354.0,7462119
2025-04-11,350.8409118652344,360.1000061035156,361.5,351.0,351.0,11246077
2025-04-15,353.17919921875,362.5,368.45001220703125,361.54998779296875,367.0,17497327
2025-04-16,350.06146240234375,359.29998779296875,363.0,357.8999938964844,362.5,11541484
2025-04-17,354.640625,364.0,365.45001220703125,357.25,359.25,12288196
2025-04-21,355.1764831542969,364.54998779296875,368.20001220703125,361.79998779296875,365.79998779296875,7375594
2025-04-22,350.987060546875,360.25,367.04998779296875,359.70001220703125,367.04998779296875,12077119
2025-04-23,354.44580078125,363.79998779296875,364.25,357.8999938964844,362.95001220703125,9719205
2025-04-24,353.8612365722656,363.20001220703125,366.45001220703125,361.6000061035156,363.75,7491123
2025-04-25,347.2847595214844,356.45001220703125,365.79998779296875,351.1000061035156,363.20001220703125,9785640
2025-04-28,352.2049255371094,361.5,362.8999938964844,353.70001220703125,353.70001220703125,5315840
2025-04-29,347.77191162109375,356.95001220703125,364.3500061035156,354.1000061035156,364.0,9472828
2025-04-30,345.4336242675781,354.54998779296875,361.0,352.0,357.0,16739088
2025-05-02,339.7340393066406,348.70001220703125,358.0,347.6000061035156,354.54998779296875,8221620
2025-05-05,339.6366271972656,348.6000061035156,352.0,345.54998779296875,351.0,9492646
2025-05-06,333.0114440917969,341.79998779296875,349.5,340.0,349.0,8904223
2025-05-07,333.2550354003906,342.04998779296875,343.70001220703125,337.0,338.0,8465490
2025-05-08,331.2577209472656,340.0,343.1000061035156,338.3999938964844,341.04998779296875,14286109
2025-05-09,326.1427001953125,334.75,338.75,330.6000061035156,334.20001220703125,11322011
2025-05-12,339.587890625,348.54998779296875,349.20001220703125,338.1000061035156,340.3999938964844,7978210
2025-05-13,332.7191467285156,341.5,349.79998779296875,340.5,348.6000061035156,14738980
2025-05-14,329.8450012207031,338.54998779296875,343.8500061035156,337.75,342.45001220703125,22485535
2025-05-15,333.1575927734375,341.95001220703125,343.75,332.6499938964844,339.5,43307763
2025-05-16,334.27801513671875,343.1000061035156,347.6000061035156,342.0,343.0,6920351
2025-05-19,336.2752990722656,345.1499938964844,347.70001220703125,342.3999938964844,343.1000061035156,6218209
2025-05-20,333.7908935546875,342.6000061035156,349.70001220703125,341.54998779296875,346.8999938964844,9986143
2025-05-21,337.2496337890625,346.1499938964844,347.3999938964844,339.8500061035156,342.54998779296875,5930972
2025-05-22,332.6217346191406,341.3999938964844,347.0,338.25,346.1499938964844,8717514
2025-05-23,335.73944091796875,344.6000061035156,344.95001220703125,340.1499938964844,342.0,4045937
2025-05-26,334.6677551269531,343.5,351.20001220703125,342.54998779296875,351.0,16655082
2025-05-27,329.8450012207031,338.54998779296875,344.5,336.79998779296875,344.0,24937330
2025-05-28,331.3064270019531,340.04998779296875,340.70001220703125,337.1000061035156,338.6000061035156,10985957
2025-05-29,330.6244201660156,339.3500061035156,342.25,338.04998779296875,341.0,15884093
2025-05-30,325.3145751953125,333.8999938964844,340.75,332.8500061035156,337.5,19143010
2025-06-02,323.999267578125,332.54998779296875,334.79998779296875,330.29998779296875,333.8999938964844,29479727
2025-06-03,319.80987548828125,328.25,334.75,327.0,333.0,14081719
2025-06-04,320.7841796875,329.25,329.95001220703125,324.8500061035156,329.0,15654279
2025-06-05,320.1995849609375,328.6499938964844,331.6000061035156,327.6000061035156,329.20001220703125,16270360
2025-06-06,324.2915954589844,332.8500061035156,333.5,329.04998779296875,329.6499938964844,11402511
2025-06-09,328.43231201171875,337.1000061035156,337.54998779296875,332.75,333.8999938964844,19416373
2025-06-10,330.47833251953125,339.20001220703125,340.8999938964844,336.79998779296875,338.79998779296875,12061248
2025-06-11,329.4065856933594,338.1000061035156,342.6000061035156,337.45001220703125,341.0,10807496
2025-06-12,325.1197204589844,333.70001220703125,341.6499938964844,332.6499938964844,338.1499938964844,11881618
2025-06-13,323.41473388671875,331.95001220703125,332.8999938964844,326.6000061035156,326.79998779296875,11711773
2025-06-16,325.1197204589844,333.70001220703125,334.6499938964844,330.6000061035156,332.0,8065112
2025-06-17,326.5811767578125,335.20001220703125,336.8999938964844,333.1000061035156,334.0,6796992
2025-06-18,323.8531799316406,332.3999938964844,335.8999938964844,330.75,335.20001220703125,17835507
2025-06-19,321.5635681152344,330.04998779296875,333.1499938964844,328.54998779296875,332.3999938964844,11610604
2025-06-20,326.5811767578125,335.20001220703125,336.0,329.70001220703125,330.0,16592862
2025-06-23,324.04803466796875,332.6000061035156,335.70001220703125,330.3500061035156,333.70001220703125,8277787
2025-06-24,321.4661865234375,329.95001220703125,331.70001220703125,321.3500061035156,331.0,100814893
2025-06-25,322.343017578125,330.8500061035156,333.70001220703125,329.3999938964844,331.5,17963666
2025-06-26,328.4809875488281,337.1499938964844,337.79998779296875,331.29998779296875,332.3999938964844,13754087
2025-06-27,329.6014404296875,338.29998779296875,341.29998779296875,334.45001220703125,338.95001220703125,50845169
2025-06-30,326.28887939453125,334.8999938964844,337.25,333.6499938964844,335.75,11858890
2025-07-01,324.04803466796875,332.6000061035156,335.25,332.1499938964844,335.25,8903292
2025-07-02,325.1684265136719,333.75,335.6499938964844,331.29998779296875,332.6499938964844,11326880
2025-07-03,325.9966125488281,334.6000061035156,336.3500061035156,331.0,334.6000061035156,15786429
2025-07-04,326.87347412109375,335.5,336.0,332.25,335.70001220703125,5899185
2025-07-07,328.7733154296875,337.45001220703125,339.0,333.75,335.5,9454556
2025-07-08,334.3754577636719,343.20001220703125,343.8999938964844,337.0,338.20001220703125,12092302
2025-07-09,335.1548767089844,344.0,345.6000061035156,342.79998779296875,343.25,9079872
2025-07-10,332.67047119140625,341.45001220703125,345.0,341.20001220703125,344.0,6426072
2025-07-11,333.8883361816406,342.70001220703125,344.0,339.5,340.5,17234194
2025-07-14,333.30377197265625,342.1000061035156,345.0,339.95001220703125,343.04998779296875,11516965
2025-07-15,333.206298828125,342.0,344.1000061035156,340.95001220703125,343.1499938964844,8450777
2025-07-16,333.6447448730469,342.45001220703125,343.79998779296875,340.79998779296875,342.0,6001484
2025-07-17,333.839599609375,342.6499938964844,344.5,342.0,344.20001220703125,7562006
2025-07-18,333.30377197265625,342.1000061035156,343.8999938964844,340.6499938964844,343.0,6370338
2025-07-21,332.76788330078125,341.54998779296875,342.79998779296875,339.29998779296875,342.1000061035156,4463318
2025-07-22,332.0859069824219,340.8500061035156,342.6000061035156,340.04998779296875,341.54998779296875,4728372
2025-07-23,334.22930908203125,343.04998779296875,344.0,340.95001220703125,341.79998779296875,5058422
2025-07-24,330.18603515625,338.8999938964844,343.6000061035156,336.5,343.6000061035156,9098453
2025-07-25,324.6325988769531,333.20001220703125,339.8999938964844,332.54998779296875,338.8999938964844,7790739
2025-07-28,324.3890380859375,332.95001220703125,336.6000061035156,330.3500061035156,333.45001220703125,4605823
2025-07-29,325.9966125488281,334.6000061035156,335.5,328.5,332.0,7551356
2025-07-30,330.08856201171875,338.79998779296875,342.29998779296875,332.5,335.0,12537358
2025-07-31,325.65557861328125,334.25,340.1000061035156,333.0,336.04998779296875,8935384
2025-08-01,322.3917236328125,330.8999938964844,334.75,330.20001220703125,333.0,7107542
2025-08-04,323.46343994140625,332.0,333.29998779296875,327.20001220703125,330.8999938964844,8193399
2025-08-05,325.0223083496094,333.6000061035156,334.3500061035156,331.29998779296875,332.45001220703125,9855535
2025-08-06,323.5609130859375,332.1000061035156,335.3999938964844,331.6000061035156,333.6000061035156,13872826
2025-08-07,321.27130126953125,329.75,332.45001220703125,328.6499938964844,332.1000061035156,8731389
2025-08-08,326.1427001953125,334.75,337.5,329.6499938964844,330.0,11247218
2025-08-11,327.5067443847656,336.1499938964844,339.1000061035156,333.95001220703125,335.0,11993280
2025-08-12,331.3551940917969,340.1000061035156,341.8500061035156,335.75,336.25,7221182
2025-08-13,331.2090148925781,339.95001220703125,343.0,339.1499938964844,340.29998779296875,5417151
2025-08-14,330.6244201660156,339.3500061035156,340.45001220703125,336.29998779296875,339.95001220703125,5689423
2025-08-18,327.4093017578125,336.04998779296875,341.79998779296875,335.45001220703125,341.45001220703125,6511340
2025-08-19,326.43499755859375,335.04998779296875,340.6499938964844,334.1499938964844,338.8999938964844,10316115
2025-08-20,333.206298828125,342.0,343.3999938964844,336.5,337.79998779296875,10824544
2025-08-21,330.08856201171875,338.79998779296875,344.3500061035156,336.8999938964844,342.3500061035156,11135121
2025-08-22,328.33489990234375,337.0,338.8999938964844,335.5,338.5,8534844
2025-08-25,329.16302490234375,337.8500061035156,341.3999938964844,337.04998779296875,337.04998779296875,7142387
2025-08-26,324.6325988769531,333.20001220703125,337.3999938964844,331.75,336.1499938964844,13113388
2025-08-28,322.2942810058594,330.79998779296875,332.8999938964844,328.70001220703125,331.25,10486948
2025-08-29,319.1278381347656,327.54998779296875,331.5,327.0,331.0,11813425
2025-09-01,322.1968688964844,330.70001220703125,331.6000061035156,328.0,328.0,6897558
2025-09-02,327.6528625488281,336.29998779296875,338.25,331.1000061035156,331.1000061035156,9224639
2025-09-03,325.65557861328125,334.25,338.0,333.5,336.5,10778333
2025-09-04,324.8190612792969,330.04998779296875,334.8999938964844,329.29998779296875,333.5,7934237
2025-09-05,323.4904479980469,328.70001220703125,331.79998779296875,325.95001220703125,330.04998779296875,5678244
2025-09-08,321.52215576171875,326.70001220703125,330.95001220703125,326.3500061035156,328.75,5239184
2025-09-09,318.9633483886719,324.1000061035156,328.1499938964844,323.6499938964844,327.6000061035156,9735495
2025-09-10,320.4888000488281,325.6499938964844,328.04998779296875,325.1499938964844,325.5,6509477
2025-09-11,325.8031921386719,331.04998779296875,333.5,326.0,326.45001220703125,10309925
2025-09-12,326.44293212890625,331.70001220703125,333.5,328.3999938964844,332.0,5257048
2025-09-15,325.8524169921875,331.1000061035156,333.79998779296875,330.6499938964844,331.0,6566824
2025-09-16,329.73980712890625,335.04998779296875,335.79998779296875,331.20001220703125,331.20001220703125,8784889
2025-09-17,331.06842041015625,336.3999938964844,337.45001220703125,334.54998779296875,335.5,7936518
2025-09-18,331.6097412109375,336.95001220703125,337.6000061035156,334.1000061035156,337.0,6497322
2025-09-19,333.28277587890625,338.6499938964844,339.5,336.45001220703125,336.95001220703125,10646331
2025-09-22,333.8240661621094,339.20001220703125,340.3500061035156,336.8500061035156,339.1499938964844,6966213
2025-09-23,337.5638427734375,343.0,344.1000061035156,338.1000061035156,339.45001220703125,10738268
2025-09-24,342.0909423828125,347.6000061035156,350.3999938964844,342.25,343.29998779296875,14653575
2025-09-25,335.1034240722656,340.5,350.79998779296875,340.0,349.29998779296875,13228081
2025-09-26,332.54461669921875,337.8999938964844,340.75,336.45001220703125,340.5,6337702
2025-09-29,335.54632568359375,340.95001220703125,343.75,338.0,339.1000061035156,16922231
2025-09-30,335.05426025390625,340.45001220703125,343.04998779296875,339.1499938964844,341.1000061035156,8308029
2025-10-01,334.8573913574219,340.25,343.04998779296875,338.04998779296875,340.29998779296875,6022078
2025-10-03,336.57965087890625,342.0,343.5,338.75,340.25,8506827
2025-10-06,333.7256164550781,339.1000061035156,341.79998779296875,335.6499938964844,340.6000061035156,8436245
2025-10-07,332.64306640625,338.0,341.3999938964844,336.8500061035156,339.1000061035156,16130172
2025-10-08,328.5096435546875,333.79998779296875,339.25,332.29998779296875,339.25,13223442
2025-10-09,330.52716064453125,335.8500061035156,336.3999938964844,331.20001220703125,333.79998779296875,6824759
2025-10-10,334.3161315917969,339.70001220703125,341.95001220703125,335.95001220703125,336.0,8970962
2025-10-13,336.284423828125,341.70001220703125,342.1000061035156,336.20001220703125,337.95001220703125,6663149
2025-10-14,331.314453125,336.6499938964844,343.0,335.20001220703125,342.0,7545848
2025-10-15,333.8732604980469,339.25,341.75,336.75,336.95001220703125,8121744
2025-10-16,336.08758544921875,341.5,342.6000061035156,339.6499938964844,340.20001220703125,6788416
2025-10-17,335.59552001953125,341.0,344.20001220703125,340.1499938964844,341.5,7032129
2025-10-20,336.53045654296875,341.95001220703125,344.45001220703125,340.29998779296875,341.3999938964844,6896835
2025-10-21,336.57965087890625,342.0,343.5,341.04998779296875,342.95001220703125,346988
2025-10-23,337.2193603515625,342.6499938964844,345.20001220703125,341.04998779296875,343.79998779296875,8710859
2025-10-24,334.2177429199219,339.6000061035156,343.25,338.1499938964844,342.45001220703125,7584711
2025-10-27,336.3336181640625,341.75,342.8999938964844,340.45001220703125,340.70001220703125,6752390
2025-10-28,333.77484130859375,339.1499938964844,342.8999938964844,337.29998779296875,342.3999938964844,13186584
2025-10-29,341.99249267578125,347.5,350.0,339.1499938964844,339.25,15423201
2025-10-30,339.6797180175781,345.1499938964844,349.0,343.45001220703125,349.0,6721032
2025-10-31,331.6097412109375,336.95001220703125,345.0,335.6000061035156,345.0,18651312
2025-11-03,329.887451171875,335.20001220703125,337.5,333.3999938964844,336.8500061035156,10242245
2025-11-04,325.3603515625,330.6000061035156,336.0,329.70001220703125,335.3999938964844,11887651
2025-11-06,321.47296142578125,326.6499938964844,332.95001220703125,324.6000061035156,332.04998779296875,11587302
2025-11-07,323.6564636230469,326.1000061035156,327.1000061035156,320.8500061035156,324.3999938964844,8578167
2025-11-10,323.0113525390625,325.45001220703125,328.25,324.0,326.1000061035156,5246998
2025-11-11,324.20233154296875,326.6499938964844,327.45001220703125,322.8500061035156,325.95001220703125,6103758
2025-11-12,324.6986083984375,327.1499938964844,328.25,325.54998779296875,327.5,6850550
2025-11-13,324.5001220703125,326.95001220703125,329.95001220703125,325.54998779296875,327.1499938964844,7276001
2025-11-14,325.9888610839844,328.45001220703125,329.8999938964844,326.20001220703125,327.0,9169855
2025-11-17,327.72576904296875,330.20001220703125,331.45001220703125,328.54998779296875,329.0,6283156
2025-11-18,325.9888610839844,328.45001220703125,329.75,327.1499938964844,329.04998779296875,6776200
2025-11-19,324.1527404785156,326.6000061035156,328.95001220703125,325.04998779296875,328.95001220703125,6935056
2025-11-20,324.1527404785156,326.6000061035156,330.0,326.20001220703125,328.0,5155775
2025-11-21,324.20233154296875,326.6499938964844,328.3999938964844,325.0,326.8500061035156,6142545
2025-11-24,321.0263366699219,323.45001220703125,327.1000061035156,322.04998779296875,326.70001220703125,13719726
2025-11-25,321.27447509765625,323.70001220703125,325.6000061035156,322.5,323.45001220703125,8074651
2025-11-26,323.6564636230469,326.1000061035156,327.79998779296875,324.0,324.29998779296875,7101095
2025-11-27,324.8970947265625,327.3500061035156,328.75,325.0,327.1499938964844,6755179
2025-11-28,324.00384521484375,326.45001220703125,328.1499938964844,324.25,328.0,8930988
2025-12-01,324.64898681640625,327.1000061035156,328.25,325.45001220703125,327.1000061035156,6936186
2025-12-02,326.13775634765625,328.6000061035156,329.95001220703125,326.75,327.45001220703125,5806943
2025-12-03,320.53009033203125,322.95001220703125,329.0,321.29998779296875,329.0,8546132
2025-12-04,320.53009033203125,322.95001220703125,324.29998779296875,321.1000061035156,322.8999938964844,5965357
2025-12-05,320.87744140625,323.29998779296875,324.1499938964844,320.95001220703125,322.25,6574010
2025-12-08,317.1059265136719,319.5,323.20001220703125,317.8500061035156,323.20001220703125,7906928
2025-12-09,317.45330810546875,319.8500061035156,321.3999938964844,315.54998779296875,317.45001220703125,7152584
2025-12-10,319.190185546875,321.6000061035156,323.70001220703125,319.5,319.8500061035156,5484712
2025-12-11,320.1827087402344,322.6000061035156,323.45001220703125,319.1499938964844,321.6499938964844,6317942
2025-12-12,322.61431884765625,325.04998779296875,325.95001220703125,322.8999938964844,322.8999938964844,4261023
2025-12-15,321.5225830078125,323.95001220703125,325.29998779296875,321.54998779296875,323.04998779296875,10219819
2025-12-16,318.5946960449219,321.0,323.79998779296875,319.04998779296875,322.04998779296875,5241263
2025-12-17,318.8428039550781,321.25,322.3999938964844,319.54998779296875,320.0,5043027
2025-12-18,316.1134033203125,318.5,322.1499938964844,317.0,322.0,5554193
2025-12-19,317.5029296875,319.8999938964844,320.6000061035156,317.5,318.95001220703125,10833662
2025-12-22,318.29693603515625,320.70001220703125,323.6499938964844,319.5,319.95001220703125,8925871
2025-12-23,320.82781982421875,323.25,324.75,320.25,321.04998779296875,6024641
2025-12-24,320.133056640625,322.54998779296875,326.6499938964844,322.25,323.8999938964844,5678004
2025-12-26,321.67144775390625,324.1000061035156,325.75,322.29998779296875,322.54998779296875,4174183
2025-12-29,323.06097412109375,325.5,325.79998779296875,323.04998779296875,324.1000061035156,14043845
2025-12-30,322.4654541015625,324.8999938964844,325.54998779296875,323.3500061035156,325.0,8035909
2025-12-31,327.0805969238281,329.54998779296875,330.6499938964844,324.70001220703125,324.75,8497983
2026-01-01,333.780029296875,336.29998779296875,336.8999938964844,329.6000061035156,329.79998779296875,10357315
2026-01-02,349.4616394042969,352.1000061035156,353.0,335.95001220703125,336.79998779296875,23128940
2026-01-05,347.972900390625,350.6000061035156,354.79998779296875,348.3999938964844,350.3500061035156,18248271
2026-01-06,348.17138671875,350.79998779296875,354.1000061035156,346.1499938964844,349.8999938964844,8641743
2026-01-07,346.2359924316406,348.8500061035156,351.3500061035156,346.29998779296875,349.54998779296875,7165806
2026-01-08,341.8193359375,344.3999938964844,349.79998779296875,342.20001220703125,346.75,8805975
2026-01-09,333.4822998046875,336.0,344.3999938964844,334.3999938964844,344.3999938964844,10161744
2026-01-12,334.9214172363281,337.45001220703125,340.6499938964844,333.70001220703125,336.75,9406174
2026-01-13,335.3680419921875,337.8999938964844,339.25,335.04998779296875,337.45001220703125,5583379
2026-01-14,346.484130859375,349.1000061035156,350.5,337.45001220703125,338.8999938964844,20389924
2026-01-15,346.484130859375,349.1000061035156,349.1000061035156,349.1000061035156,349.1000061035156,0
2026-01-16,343.7547302246094,346.3500061035156,354.04998779296875,345.3999938964844,352.6499938964844,14275582
2026-01-19,340.7772216796875,343.3500061035156,347.95001220703125,342.04998779296875,343.5,9974363
2026-01-20,336.211669921875,338.75,348.29998779296875,337.70001220703125,343.0,7718407
2026-01-21,336.1620788574219,338.70001220703125,341.6000061035156,336.79998779296875,338.79998779296875,6948955
2026-01-22,339.88397216796875,342.45001220703125,343.20001220703125,337.1000061035156,338.70001220703125,5885972
2026-01-23,334.17706298828125,336.70001220703125,345.45001220703125,336.1000061035156,343.95001220703125,10084314
2026-01-27,342.1170959472656,344.70001220703125,346.5,337.04998779296875,340.5,12203590
2026-01-28,345.4419860839844,348.04998779296875,353.25,344.70001220703125,344.70001220703125,13566973
2026-01-29,355.46630859375,358.1499938964844,360.5,347.29998779296875,350.0,20624409
2026-01-30,353.3324279785156,356.0,359.3500061035156,351.1000061035156,359.0,22641103
2026-02-02,347.7247619628906,350.3500061035156,352.75,337.75,344.95001220703125,12622760
2026-02-03,355.8633117675781,358.54998779296875,365.95001220703125,353.79998779296875,365.95001220703125,11559806
2026-02-04,364.49810791015625,367.25,368.54998779296875,357.6000061035156,359.45001220703125,15515053
2026-02-05,364.25,367.0,370.70001220703125,365.0,369.75,18789794
2026-02-06,365.04998779296875,365.04998779296875,365.95001220703125,361.0,361.79998779296875,7328789
2026-02-09,361.8999938964844,361.8999938964844,368.6000061035156,361.0,366.54998779296875,7983235
2026-02-10,366.8999938964844,366.8999938964844,368.1499938964844,361.25,361.8999938964844,8319282
2026-02-11,368.45001220703125,368.45001220703125,369.0,366.0,369.0,5782448
2026-02-12,368.25,368.25,372.0,366.8500061035156,370.0,6763353
2026-02-13,363.0,363.0,368.0,362.3999938964844,367.54998779296875,7111972
2026-02-16,369.1000061035156,369.1000061035156,369.6499938964844,362.5,362.6000061035156,6292850
2026-02-17,368.3999938964844,368.3999938964844,369.5,366.04998779296875,368.75,4442793
2026-02-18,368.3999938964844,368.3999938964844,370.70001220703125,367.3999938964844,368.45001220703125,4871319
2026-02-19,363.20001220703125,363.20001220703125,370.8999938964844,362.20001220703125,367.0,5375352
2026-02-20,372.95001220703125,372.95001220703125,373.6499938964844,362.70001220703125,362.79998779296875,16736731
2026-02-23,375.45001220703125,375.45001220703125,376.5,372.1499938964844,374.0,16135451
2026-02-24,382.75,382.75,385.0,373.54998779296875,374.95001220703125,20774629
2026-02-25,384.8999938964844,384.8999938964844,388.54998779296875,382.70001220703125,382.75,12750016
2026-02-26,381.8999938964844,381.8999938964844,385.8500061035156,378.3999938964844,385.0,10721570
2026-02-27,381.8999938964844,381.8999938964844,385.20001220703125,380.1499938964844,381.0,11548959
2026-03-02,377.54998779296875,377.54998779296875,378.95001220703125,365.0,365.0,14732253
2026-03-04,365.79998779296875,365.79998779296875,373.8500061035156,364.1000061035156,370.75,11433169
2026-03-05,378.04998779296875,378.04998779296875,379.8999938964844,366.6000061035156,366.95001220703125,16158714
2026-03-06,380.6000061035156,380.6000061035156,385.54998779296875,374.6499938964844,377.0,14940896
2026-03-09,376.25,376.25,379.0,371.3999938964844,373.0,11286578
2026-03-10,377.29998779296875,377.29998779296875,385.45001220703125,374.8500061035156,385.0,10875834
2026-03-11,379.8999938964844,379.8999938964844,383.8999938964844,376.45001220703125,377.5,9963701
2026-03-12,390.54998779296875,390.54998779296875,392.3999938964844,375.6499938964844,379.0,23847146
2026-03-13,384.45001220703125,384.45001220703125,394.5,383.20001220703125,391.8500061035156,27107369
2026-03-16,382.3999938964844,382.3999938964844,388.25,375.45001220703125,384.5,16793109
2026-03-17,383.3500061035156,383.3500061035156,385.8999938964844,378.29998779296875,382.8999938964844,9720902
2026-03-18,378.5,378.5,386.3500061035156,377.6000061035156,385.0,10681498
2026-03-19,374.04998779296875,374.04998779296875,380.75,373.1000061035156,373.5,10568326
2026-03-20,380.95001220703125,380.95001220703125,383.29998779296875,375.5,375.8500061035156,20930288
2026-03-23,372.3999938964844,372.3999938964844,379.5,369.29998779296875,377.1000061035156,13148432
2026-03-24,375.54998779296875,375.54998779296875,378.1499938964844,371.0,378.0,9339144
2026-03-25,378.3999938964844,378.3999938964844,380.95001220703125,375.6000061035156,376.0,9266292
2026-03-27,375.6499938964844,375.6499938964844,379.8999938964844,374.6499938964844,379.8999938964844,20263654
2026-03-30,370.6499938964844,370.6499938964844,377.95001220703125,369.6499938964844,374.0,17974103
2026-04-01,364.6499938964844,364.6499938964844,381.8999938964844,361.45001220703125,381.29998779296875,15449629
2026-04-02,359.6499938964844,359.6499938964844,361.29998779296875,352.0,359.95001220703125,16551512
2026-04-06,366.1000061035156,366.1000061035156,366.75,355.70001220703125,358.79998779296875,11534034
2026-04-07,368.8500061035156,368.8500061035156,369.79998779296875,362.25,364.8500061035156,12603971
2026-04-08,374.1499938964844,374.1499938964844,375.54998779296875,368.25,373.5,19491331
2026-04-09,378.6499938964844,378.6499938964844,384.20001220703125,376.5,376.95001220703125,18503665
2026-04-10,380.1499938964844,380.1499938964844,384.45001220703125,372.04998779296875,381.20001220703125,14953758
2026-04-13,386.25,386.25,388.0,374.3500061035156,374.3500061035156,15240045
2026-04-15,392.6000061035156,392.6000061035156,393.95001220703125,387.1000061035156,390.25,7722460
2026-04-16,390.79998779296875,390.79998779296875,397.25,387.79998779296875,397.0,9896906
2026-04-17,393.6000061035156,393.6000061035156,396.25,388.45001220703125,393.0,15320653
2026-04-20,398.0,398.0,400.8500061035156,390.6499938964844,393.0,9895187
2026-04-21,396.20001220703125,396.20001220703125,402.70001220703125,395.70001220703125,398.6000061035156,9493644
2026-04-22,405.3999938964844,405.3999938964844,407.25,393.20001220703125,398.0,16411131
2026-04-23,402.25,402.25,405.8999938964844,400.3999938964844,404.0,9144699
2026-04-24,401.8500061035156,401.8500061035156,405.25,399.20001220703125,404.75,6266676
2026-04-27,410.20001220703125,410.20001220703125,414.3999938964844,402.6000061035156,403.8999938964844,13001752
2026-04-28,406.8500061035156,406.8500061035156,414.20001220703125,405.95001220703125,414.0,7726655
2026-04-29,401.29998779296875,401.29998779296875,410.0,399.6499938964844,409.5,11920835
2026-04-30,399.1499938964844,399.1499938964844,400.29998779296875,393.1499938964844,400.0,7706357
2026-05-01,399.1499938964844,399.1499938964844,399.1499938964844,399.1499938964844,399.1499938964844,0
2026-05-04,400.04998779296875,400.04998779296875,404.79998779296875,397.25,400.0,6333200
2026-05-05,398.6499938964844,398.6499938964844,400.5,394.54998779296875,398.29998779296875,6791514
2026-05-06,394.8500061035156,394.8500061035156,403.0,391.6499938964844,400.0,11120409
2026-05-07,400.3500061035156,400.3500061035156,403.5,393.1499938964844,396.75,9700378
2026-05-08,402.1499938964844,402.1499938964844,405.1000061035156,397.1499938964844,398.0,4740939
2026-05-11,392.95001220703125,392.95001220703125,405.0,391.0,401.8999938964844,10088836
2026-05-12,392.70001220703125,392.70001220703125,399.8500061035156,391.25,392.20001220703125,10247516
2026-05-13,390.45001220703125,390.45001220703125,394.04998779296875,385.79998779296875,392.0,12322076
2026-05-14,396.29998779296875,396.29998779296875,398.54998779296875,391.20001220703125,393.70001220703125,7363948
2026-05-15,395.25,395.25,398.0,392.5,396.0,7107857
2026-05-18,388.29998779296875,388.29998779296875,393.8500061035156,384.8999938964844,393.0,7632596
2026-05-19,389.3999938964844,389.3999938964844,392.75,386.04998779296875,386.70001220703125,6693518
2026-05-20,392.45001220703125,392.45001220703125,393.3500061035156,384.0,386.1000061035156,5386249
2026-05-21,388.79998779296875,388.79998779296875,395.54998779296875,387.8500061035156,393.5,10596954
2026-05-22,388.6499938964844,388.6499938964844,391.5,387.45001220703125,389.95001220703125,11755213
2026-05-25,390.04998779296875,390.04998779296875,392.79998779296875,386.45001220703125,391.95001220703125,10489850
2026-05-26,389.70001220703125,389.70001220703125,392.25,389.0,390.75,9062218
2026-05-27,398.1499938964844,398.1499938964844,403.1000061035156,390.3500061035156,390.3500061035156,14418621
2026-05-28,398.1499938964844,398.1499938964844,398.1499938964844,398.1499938964844,398.1499938964844,0
2026-05-29,386.8999938964844,386.8999938964844,401.6499938964844,385.1000061035156,400.0,17003143
2026-06-01,378.70001220703125,378.70001220703125,389.0,376.5,386.8999938964844,18408900
2026-06-02,367.3999938964844,367.3999938964844,377.5,363.04998779296875,375.95001220703125,17496468
2026-06-03,366.79998779296875,366.79998779296875,371.5,363.70001220703125,368.04998779296875,10825715
2026-06-04,366.3999938964844,366.3999938964844,368.79998779296875,364.3500061035156,366.79998779296875,14363519
2026-06-05,361.6499938964844,361.6499938964844,368.5,358.6499938964844,365.95001220703125,10277061
2026-06-08,362.3999938964844,362.3999938964844,365.3500061035156,355.1499938964844,358.95001220703125,14933986
2026-06-09,355.6499938964844,355.6499938964844,363.70001220703125,355.0,362.79998779296875,14246656
2026-06-10,351.6499938964844,351.6499938964844,359.0,351.1000061035156,359.0,14939921
2026-06-11,351.8500061035156,351.8500061035156,353.3500061035156,348.79998779296875,352.0,15079402
