Date,Adj Close,Close,High,Low,Open,Volume
,ONGC.NS,ONGC.NS,ONGC.NS,ONGC.NS,ONGC.NS,ONGC.NS
2021-01-01,67.06397247314453,93.19999694824219,94.44999694824219,93.0,93.75,15130377
2021-01-04,69.76237487792969,96.94999694824219,97.30000305175781,93.69999694824219,94.05000305175781,39545073
2021-01-05,68.32323455810547,94.94999694824219,96.5,94.3499984741211,96.5,26998014
2021-01-06,69.76237487792969,96.94999694824219,99.30000305175781,96.25,98.9000015258789,50306161
2021-01-07,70.44596862792969,97.9000015258789,99.05000305175781,97.0999984741211,98.0,25285200
2021-01-08,72.4247817993164,100.6500015258789,101.30000305175781,98.55000305175781,98.94999694824219,36022114
2021-01-11,73.79196166992188,102.55000305175781,102.9000015258789,98.05000305175781,101.5,36301647
2021-01-12,74.43959045410156,103.44999694824219,104.5,100.75,102.0,28353142
2021-01-13,75.73480987548828,105.25,107.9000015258789,104.0999984741211,104.94999694824219,42401579
2021-01-14,75.59088897705078,105.05000305175781,107.44999694824219,104.19999694824219,107.0,24455634
2021-01-15,72.96446990966797,101.4000015258789,106.0999984741211,100.6500015258789,105.25,28185982
2021-01-18,69.54649353027344,96.6500015258789,101.8499984741211,96.05000305175781,101.4000015258789,33623461
2021-01-19,70.5898666381836,98.0999984741211,99.0,97.5,97.75,26085121
2021-01-20,71.12954711914062,98.8499984741211,99.80000305175781,97.8499984741211,99.0,18486566
2021-01-21,68.1433334350586,94.69999694824219,100.19999694824219,93.9000015258789,99.05000305175781,26939349
2021-01-22,66.74016571044922,92.75,95.44999694824219,92.5,94.5999984741211,27311961
2021-01-25,65.73278045654297,91.3499984741211,93.75,90.0,93.05000305175781,28522112
2021-01-27,64.54549407958984,89.69999694824219,91.75,88.9000015258789,91.4000015258789,34022621
2021-01-28,65.22907257080078,90.6500015258789,91.4000015258789,88.80000305175781,89.0,26810222
2021-01-29,63.5380859375,88.30000305175781,92.94999694824219,87.75,90.75,33858273
2021-02-01,65.37299346923828,90.8499984741211,91.19999694824219,88.44999694824219,89.0,24228098
2021-02-02,66.81212615966797,92.8499984741211,93.94999694824219,91.19999694824219,92.5,22141489
2021-02-03,67.17192077636719,93.3499984741211,95.30000305175781,93.0,94.5999984741211,25912911
2021-02-04,70.26606750488281,97.6500015258789,98.5999984741211,94.0,94.25,49670027
2021-02-05,70.26606750488281,97.6500015258789,99.94999694824219,96.80000305175781,98.94999694824219,30514219
2021-02-08,71.70521545410156,99.6500015258789,100.80000305175781,99.0999984741211,99.5,29096831
2021-02-09,72.67662811279297,101.0,103.3499984741211,99.80000305175781,99.80000305175781,39638657
2021-02-10,71.95706176757812,100.0,102.5,98.5999984741211,102.0,21467230
2021-02-11,71.56129455566406,99.44999694824219,100.3499984741211,98.9000015258789,100.0,11287104
2021-02-12,69.79834747314453,97.0,99.4000015258789,96.55000305175781,98.9000015258789,18187705
2021-02-15,70.84172058105469,98.44999694824219,99.25,95.5999984741211,97.0,26118576
2021-02-16,74.65544128417969,103.75,104.8499984741211,99.25,99.25,76236798
2021-02-17,74.83843994140625,102.25,103.5,100.80000305175781,102.0,21014091
2021-02-18,81.02310943603516,110.69999694824219,115.5,103.3499984741211,103.69999694824219,110000964
2021-02-19,76.92438507080078,105.0999984741211,112.19999694824219,103.8499984741211,110.69999694824219,48225988
2021-02-22,77.80268859863281,106.30000305175781,108.55000305175781,105.30000305175781,105.9000015258789,36592043
2021-02-23,82.1209945678711,112.19999694824219,114.4000015258789,109.44999694824219,109.75,90860972
2021-02-24,83.14568328857422,113.5999984741211,115.3499984741211,111.0,114.0,26071364
2021-02-25,87.13463592529297,119.05000305175781,120.5,115.3499984741211,116.0,62038881
2021-02-26,81.24269104003906,111.0,118.4000015258789,110.05000305175781,115.5,55154985
2021-03-01,85.67080688476562,117.05000305175781,117.6500015258789,113.5,114.30000305175781,41672980
2021-03-02,83.0724868774414,113.5,116.6500015258789,112.75,115.9000015258789,36303917
2021-03-03,83.43843841552734,114.0,115.80000305175781,113.19999694824219,114.05000305175781,19434630
2021-03-04,82.48693084716797,112.69999694824219,117.0,112.30000305175781,113.94999694824219,38272786
2021-03-05,84.13375854492188,114.94999694824219,118.25,113.5,116.25,57756103
2021-03-08,86.54907989501953,118.25,122.3499984741211,117.19999694824219,118.94999694824219,63866178
2021-03-09,85.45121002197266,116.75,119.55000305175781,114.19999694824219,119.4000015258789,26817643
2021-03-10,83.73121643066406,114.4000015258789,117.0,113.5999984741211,116.9000015258789,23841269
2021-03-12,84.20696258544922,115.05000305175781,117.4000015258789,114.0,116.75,20691698
2021-03-15,83.69461059570312,114.3499984741211,116.8499984741211,112.80000305175781,116.0,19679802
2021-03-16,84.2435531616211,115.0999984741211,116.30000305175781,113.44999694824219,113.80000305175781,20680669
2021-03-17,80.03502655029297,109.3499984741211,114.8499984741211,108.75,114.80000305175781,31017863
2021-03-18,80.65717315673828,110.19999694824219,112.19999694824219,107.5,110.0,26710696
2021-03-19,80.87673950195312,110.5,113.25,104.44999694824219,106.25,50386785
2021-03-22,80.21800994873047,109.5999984741211,111.25,108.55000305175781,110.5,15825065
2021-03-23,78.42481994628906,107.1500015258789,110.30000305175781,106.5999984741211,109.5999984741211,15815643
2021-03-24,76.70481872558594,104.80000305175781,106.0,102.8499984741211,105.0,31083656
2021-03-25,74.65544128417969,102.0,107.69999694824219,101.30000305175781,106.0,37295495
2021-03-26,74.9482192993164,102.4000015258789,104.0,100.25,103.0,26637085
2021-03-30,75.75331115722656,103.5,106.30000305175781,102.5999984741211,104.05000305175781,31843017
2021-03-31,74.7652359008789,102.1500015258789,104.19999694824219,101.9000015258789,102.80000305175781,19587582
2021-04-01,76.37545013427734,104.3499984741211,105.25,101.1500015258789,103.0,22299747
2021-04-05,75.71672821044922,103.44999694824219,104.5,99.4000015258789,102.1500015258789,24878516
2021-04-06,76.08267211914062,103.94999694824219,104.4000015258789,101.30000305175781,102.6500015258789,15156974
2021-04-07,76.59502410888672,104.6500015258789,105.3499984741211,103.44999694824219,103.9000015258789,10330347
2021-04-08,75.82650756835938,103.5999984741211,105.69999694824219,103.30000305175781,103.80000305175781,26105970
2021-04-09,75.97291564941406,103.80000305175781,104.9000015258789,103.0,103.0,17645822
2021-04-12,71.7643814086914,98.05000305175781,102.25,97.44999694824219,100.8499984741211,27005598
2021-04-13,74.69205474853516,102.05000305175781,102.5,98.05000305175781,98.05000305175781,25505623
2021-04-15,76.92438507080078,105.0999984741211,106.75,103.80000305175781,104.25,28659714
2021-04-16,78.53461456298828,107.30000305175781,107.8499984741211,104.19999694824219,104.5999984741211,21627285
2021-04-19,75.42396545410156,103.05000305175781,105.94999694824219,101.9000015258789,103.94999694824219,19166492
2021-04-20,75.27757263183594,102.8499984741211,105.0,102.19999694824219,103.30000305175781,23082015
2021-04-22,75.46055603027344,103.0999984741211,104.44999694824219,101.6500015258789,102.4000015258789,14844968
2021-04-23,74.9482192993164,102.4000015258789,103.6500015258789,101.5999984741211,102.0,12790334
2021-04-26,75.24098205566406,102.80000305175781,105.69999694824219,102.5,105.25,11797791
2021-04-27,75.53375244140625,103.19999694824219,104.0,102.80000305175781,102.80000305175781,8886250
2021-04-28,76.04608917236328,103.9000015258789,104.4000015258789,103.30000305175781,103.75,6887787
2021-04-29,76.15586853027344,104.05000305175781,105.9000015258789,103.55000305175781,104.9000015258789,14990087
2021-04-30,79.15673828125,108.1500015258789,112.69999694824219,103.30000305175781,104.1500015258789,81358264
2021-05-03,78.8273696899414,107.69999694824219,110.69999694824219,106.0,108.1500015258789,33975507
2021-05-04,80.25462341308594,109.6500015258789,110.30000305175781,107.69999694824219,108.0,30811922
2021-05-05,81.3158950805664,111.0999984741211,114.0,110.5,112.4000015258789,47588366
2021-05-06,80.69375610351562,110.25,112.8499984741211,109.44999694824219,112.30000305175781,26083818
2021-05-07,81.57205200195312,111.44999694824219,112.3499984741211,109.6500015258789,110.8499984741211,28016564
2021-05-10,83.3652572631836,113.9000015258789,114.94999694824219,112.5,113.8499984741211,33477142
2021-05-11,86.43930053710938,118.0999984741211,118.69999694824219,110.75,112.55000305175781,48355326
2021-05-12,84.2435531616211,115.0999984741211,121.1500015258789,113.69999694824219,118.69999694824219,49718697
2021-05-14,82.66992950439453,112.94999694824219,116.0,111.55000305175781,116.0,23626454
2021-05-17,83.62142181396484,114.25,115.4000015258789,112.25,113.94999694824219,19960145
2021-05-18,84.9754638671875,116.0999984741211,117.5,114.30000305175781,115.0,29395737
2021-05-19,84.09716796875,114.9000015258789,115.80000305175781,113.4000015258789,114.5,25295575
2021-05-20,81.8282241821289,111.80000305175781,114.69999694824219,111.19999694824219,113.44999694824219,21131045
2021-05-21,82.5235595703125,112.75,114.05000305175781,111.05000305175781,111.05000305175781,20562816
2021-05-24,82.74312591552734,113.05000305175781,113.94999694824219,110.8499984741211,113.25,24785960
2021-05-25,83.87759399414062,114.5999984741211,117.0999984741211,113.69999694824219,114.4000015258789,25820379
2021-05-26,82.96269226074219,113.3499984741211,115.4000015258789,113.0,115.4000015258789,12045621
2021-05-27,81.86482238769531,111.8499984741211,113.6500015258789,111.30000305175781,113.0,22821449
2021-05-28,82.23078155517578,112.3499984741211,115.55000305175781,111.8499984741211,113.19999694824219,19331994
2021-05-31,83.1822738647461,113.6500015258789,114.3499984741211,111.4000015258789,112.5,16430926
2021-06-01,86.07333374023438,117.5999984741211,118.44999694824219,114.19999694824219,114.3499984741211,51620011
2021-06-02,86.1831283569336,117.75,119.4000015258789,116.0,118.0,27162991
2021-06-03,89.65972137451172,122.5,123.80000305175781,118.44999694824219,118.80000305175781,64241347
2021-06-04,91.8188705444336,125.44999694824219,126.69999694824219,123.3499984741211,124.5999984741211,72354379
2021-06-07,91.59931182861328,125.1500015258789,127.5,124.9000015258789,126.94999694824219,28709907
2021-06-08,91.3431396484375,124.80000305175781,125.9000015258789,122.6500015258789,125.75,15261479
2021-06-09,90.7942123413086,124.05000305175781,128.0,123.05000305175781,127.0,29718157
2021-06-10,90.72101593017578,123.94999694824219,124.80000305175781,122.44999694824219,123.75,12245640
2021-06-11,90.4282455444336,123.55000305175781,126.5999984741211,122.5,123.94999694824219,18360366
2021-06-14,91.3431396484375,124.80000305175781,125.80000305175781,121.25,124.4000015258789,19547491
2021-06-15,91.74568939208984,125.3499984741211,128.5,124.8499984741211,125.5999984741211,32779493
2021-06-16,92.73377990722656,126.69999694824219,128.25,126.0999984741211,127.0,31654780
2021-06-17,91.56271362304688,125.0999984741211,127.0,123.5,125.5999984741211,18124616
2021-06-18,88.01293182373047,120.25,124.55000305175781,118.9000015258789,124.55000305175781,87912730
2021-06-21,88.52527618408203,120.94999694824219,122.0,118.94999694824219,119.4000015258789,15669821
2021-06-22,89.33037567138672,122.05000305175781,124.19999694824219,121.5,122.69999694824219,23629008
2021-06-23,90.2818603515625,123.3499984741211,124.4000015258789,121.75,123.5,21978870
2021-06-24,89.29376220703125,122.0,124.44999694824219,121.3499984741211,124.44999694824219,24358397
2021-06-25,88.4886703491211,120.9000015258789,124.94999694824219,120.3499984741211,122.94999694824219,34557609
2021-06-28,89.54994201660156,122.3499984741211,124.5,121.80000305175781,122.55000305175781,23728169
2021-06-29,87.39080047607422,119.4000015258789,122.44999694824219,119.0999984741211,121.80000305175781,20857415
2021-06-30,86.14653015136719,117.69999694824219,120.94999694824219,117.05000305175781,120.3499984741211,19094044
2021-07-01,86.98823547363281,118.8499984741211,119.75,117.30000305175781,117.75,16012542
2021-07-02,86.69547271728516,118.44999694824219,120.8499984741211,118.0,120.0,20014124
2021-07-05,88.52527618408203,120.94999694824219,121.44999694824219,118.9000015258789,119.1500015258789,12050022
2021-07-06,88.92781066894531,121.5,125.0,121.05000305175781,123.0,30193164
2021-07-07,87.75674438476562,119.9000015258789,120.4000015258789,117.80000305175781,119.9000015258789,18479814
2021-07-08,85.67080688476562,117.05000305175781,119.4000015258789,116.8499984741211,119.4000015258789,17151883
2021-07-09,86.29291534423828,117.9000015258789,118.6500015258789,116.5999984741211,117.0999984741211,11240925
2021-07-12,86.76866912841797,118.55000305175781,119.3499984741211,118.0,119.0,8420962
2021-07-13,88.12271118164062,120.4000015258789,120.80000305175781,118.5999984741211,119.0,8580799
2021-07-14,88.41548156738281,120.80000305175781,121.75,120.0999984741211,120.30000305175781,12709481
2021-07-15,85.56099700927734,116.9000015258789,119.4000015258789,116.19999694824219,119.19999694824219,28589465
2021-07-16,85.4878158569336,116.80000305175781,117.4000015258789,115.75,117.19999694824219,19691248
2021-07-19,83.87759399414062,114.5999984741211,116.55000305175781,114.19999694824219,114.80000305175781,14395883
2021-07-20,82.41374969482422,112.5999984741211,113.25,111.5999984741211,112.05000305175781,18634406
2021-07-22,84.53632354736328,115.5,115.80000305175781,113.94999694824219,114.4000015258789,11710140
2021-07-23,84.38993072509766,115.30000305175781,116.75,114.75,115.5,7841690
2021-07-26,83.84099578857422,114.55000305175781,115.5999984741211,114.0999984741211,114.8499984741211,8149770
2021-07-27,83.9142074584961,114.6500015258789,115.9000015258789,114.0,115.3499984741211,9704729
2021-07-28,83.69461059570312,114.3499984741211,115.19999694824219,113.44999694824219,114.9000015258789,11020097
2021-07-29,83.98738098144531,114.75,115.80000305175781,113.30000305175781,114.30000305175781,14142749
2021-07-30,84.38993072509766,115.30000305175781,116.75,113.80000305175781,114.30000305175781,12236156
2021-08-02,85.70738220214844,117.0999984741211,117.5,114.80000305175781,114.94999694824219,10895726
2021-08-03,86.29291534423828,117.9000015258789,118.19999694824219,115.1500015258789,116.1500015258789,15163353
2021-08-04,85.8903579711914,117.3499984741211,118.5,116.5999984741211,117.69999694824219,14304543
2021-08-05,85.52439880371094,116.8499984741211,117.25,114.69999694824219,116.19999694824219,11033147
2021-08-06,85.3780288696289,116.6500015258789,118.19999694824219,116.1500015258789,116.1500015258789,6606584
2021-08-09,84.17036437988281,115.0,117.0,114.30000305175781,116.0,8294214
2021-08-10,84.0605697631836,114.8499984741211,115.69999694824219,113.9000015258789,115.0999984741211,14300982
2021-08-11,85.63420104980469,117.0,117.30000305175781,114.8499984741211,115.5,11308648
2021-08-12,85.08525848388672,116.25,117.9000015258789,115.30000305175781,116.0999984741211,13519139
2021-08-13,84.9754638671875,116.0999984741211,116.94999694824219,115.3499984741211,116.80000305175781,10342014
2021-08-16,84.53632354736328,115.5,118.3499984741211,114.69999694824219,116.9000015258789,14771886
2021-08-17,83.32866668701172,113.8499984741211,116.0,112.69999694824219,116.0,16025745
2021-08-18,82.85291290283203,113.19999694824219,115.25,112.9000015258789,113.9000015258789,10074307
2021-08-20,80.65717315673828,110.19999694824219,111.75,108.5,110.6500015258789,23878081
2021-08-23,81.7916259765625,111.75,112.0,108.5,110.3499984741211,16886027
2021-08-24,82.85291290283203,113.19999694824219,115.19999694824219,112.0999984741211,113.1500015258789,17368602
2021-08-25,84.6460952758789,115.6500015258789,117.19999694824219,113.30000305175781,113.5,18637317
2021-08-26,84.57292938232422,115.55000305175781,116.25,114.4000015258789,115.5999984741211,8779246
2021-08-27,85.3780288696289,116.6500015258789,117.0,114.94999694824219,115.5,9706825
2021-08-30,87.93974304199219,120.1500015258789,120.4000015258789,116.75,116.75,15933414
2021-08-31,88.23249053955078,120.55000305175781,121.0,119.05000305175781,120.0,13376290
2021-09-01,87.61035919189453,119.69999694824219,122.25,119.4000015258789,121.80000305175781,10964080
2021-09-02,86.84185791015625,118.6500015258789,120.1500015258789,118.0,118.9000015258789,13031666
2021-09-03,90.09886932373047,123.0999984741211,123.5,118.80000305175781,119.94999694824219,21326802
2021-09-06,89.03761291503906,121.6500015258789,124.3499984741211,121.1500015258789,123.80000305175781,12505630
2021-09-07,87.79334259033203,119.94999694824219,122.75,119.55000305175781,122.5,8530847
2021-09-08,88.42523193359375,118.94999694824219,119.5,117.5,119.0,7801721
2021-09-09,90.80403900146484,122.1500015258789,123.80000305175781,118.19999694824219,119.0999984741211,27242637
2021-09-13,91.47310638427734,123.05000305175781,123.4000015258789,121.0999984741211,122.19999694824219,9921031
2021-09-14,92.14212036132812,123.94999694824219,125.4000015258789,122.80000305175781,123.30000305175781,16593684
2021-09-15,95.48733520507812,128.4499969482422,130.6999969482422,124.25,124.25,42437332
2021-09-16,95.6731948852539,128.6999969482422,131.25,127.4000015258789,129.64999389648438,22431820
2021-09-17,94.96696472167969,127.75,129.6999969482422,124.75,128.6999969482422,25968166
2021-09-20,95.5245132446289,128.5,129.39999389648438,125.05000305175781,125.05000305175781,29857432
2021-09-21,100.50516510009766,135.1999969482422,136.0,129.10000610351562,129.60000610351562,51537119
2021-09-22,99.35292053222656,133.64999389648438,135.25,132.4499969482422,134.5,16424387
2021-09-23,102.40079498291016,137.75,138.35000610351562,134.39999389648438,134.8000030517578,18688982
2021-09-24,101.1742172241211,136.10000610351562,139.89999389648438,134.5,138.89999389648438,33667173
2021-09-27,104.07341003417969,140.0,140.75,137.5,138.0500030517578,34196564
2021-09-28,105.70883178710938,142.1999969482422,143.60000610351562,141.0,141.8000030517578,46109879
2021-09-29,107.60447692871094,144.75,148.8000030517578,139.35000610351562,140.85000610351562,68003697
2021-09-30,107.41860961914062,144.5,146.0500030517578,141.35000610351562,144.75,26714630
2021-10-01,108.71953582763672,146.25,149.64999389648438,144.10000610351562,145.1999969482422,42893182
2021-10-04,109.7231216430664,147.60000610351562,148.5,147.0,147.8000030517578,16099471
2021-10-05,121.65438079833984,163.64999389648438,164.60000610351562,149.0,150.0,131238378
2021-10-06,124.96245574951172,168.10000610351562,172.75,165.8000030517578,166.0,101221817
2021-10-07,119.2383804321289,160.39999389648438,170.14999389648438,159.5,170.14999389648438,59769140
2021-10-08,119.64725494384766,160.9499969482422,166.60000610351562,160.5,163.89999389648438,30561341
2021-10-11,122.65792846679688,165.0,166.1999969482422,162.6999969482422,163.75,18143592
2021-10-12,121.58000946044922,163.5500030517578,165.85000610351562,162.75,165.10000610351562,11619888
2021-10-13,118.94104766845703,160.0,163.8000030517578,159.6999969482422,163.64999389648438,16690451
2021-10-14,118.23483276367188,159.0500030517578,161.75,158.64999389648438,161.0,14821875
2021-10-18,120.50214385986328,162.10000610351562,165.5,161.1999969482422,163.75,22899876
2021-10-19,117.9002914428711,158.60000610351562,163.5,158.0,163.5,10331930
2021-10-20,115.1497802734375,154.89999389648438,159.35000610351562,153.64999389648438,159.25,17118996
2021-10-21,115.22412109375,155.0,160.3000030517578,154.5500030517578,157.60000610351562,31555789
2021-10-22,116.74806213378906,157.0500030517578,158.35000610351562,154.5,157.0,27317028
2021-10-25,119.98174285888672,161.39999389648438,162.9499969482422,158.89999389648438,159.0,34568006
2021-10-26,121.24553680419922,163.10000610351562,163.9499969482422,160.3000030517578,163.5500030517578,33022684
2021-10-27,117.37992095947266,157.89999389648438,163.60000610351562,157.0,163.10000610351562,21652522
2021-10-28,111.6559066772461,150.1999969482422,156.85000610351562,148.6999969482422,150.0,24815027
2021-10-29,110.8010025024414,149.0500030517578,151.85000610351562,146.0,149.89999389648438,18736450
2021-11-01,113.84886169433594,153.14999389648438,153.60000610351562,148.39999389648438,150.0,11444653
2021-11-02,113.70020294189453,152.9499969482422,154.8000030517578,151.35000610351562,153.9499969482422,20609479
2021-11-03,112.99396514892578,152.0,154.1999969482422,149.8000030517578,151.1999969482422,11591857
2021-11-04,113.03117370605469,152.0500030517578,152.85000610351562,151.25,152.0,1114216
2021-11-08,115.1497802734375,154.89999389648438,155.5500030517578,151.6999969482422,152.9499969482422,16568525
2021-11-09,116.45069885253906,156.64999389648438,158.14999389648438,155.0,156.5,13601954
2021-11-10,117.23126220703125,157.6999969482422,158.6999969482422,156.4499969482422,156.6999969482422,13900618
2021-11-11,114.1090316772461,153.5,156.85000610351562,153.0500030517578,156.60000610351562,14158749
2021-11-12,114.96393585205078,154.64999389648438,155.60000610351562,153.3000030517578,154.0,10552485
2021-11-15,117.30558776855469,157.8000030517578,162.25,156.0,156.4499969482422,45750584
2021-11-16,116.82238006591797,157.14999389648438,159.6999969482422,156.8000030517578,159.39999389648438,12956283
2021-11-17,117.00823974609375,157.39999389648438,159.25,156.60000610351562,157.0,11420415
2021-11-18,114.70372772216797,154.3000030517578,157.0,153.6999969482422,157.0,18351511
2021-11-22,112.96932220458984,146.5500030517578,153.6999969482422,146.0,151.25,21558590
2021-11-23,113.08493041992188,146.6999969482422,147.6999969482422,143.39999389648438,145.8000030517578,21216047
2021-11-24,118.28824615478516,153.4499969482422,155.85000610351562,149.0,149.0,36294271
2021-11-25,119.5601577758789,155.10000610351562,156.0,152.5500030517578,154.0,11554142
2021-11-26,113.39330291748047,147.10000610351562,152.25,146.25,152.25,23135841
2021-11-29,111.0807113647461,144.10000610351562,146.0500030517578,141.89999389648438,145.0,18736522
2021-11-30,109.53901672363281,142.10000610351562,147.75,141.10000610351562,143.35000610351562,22980651
2021-12-01,109.65463256835938,142.25,143.64999389648438,139.64999389648438,142.39999389648438,14278744
2021-12-02,111.00362396240234,144.0,144.64999389648438,140.39999389648438,140.5,8561767
2021-12-03,112.46824645996094,145.89999389648438,146.85000610351562,143.14999389648438,144.0,10690334
2021-12-06,110.5025863647461,143.35000610351562,145.85000610351562,142.75,145.8000030517578,7749262
2021-12-07,112.46824645996094,145.89999389648438,146.25,144.5,145.0,10253663
2021-12-08,114.39541625976562,148.39999389648438,150.35000610351562,146.8000030517578,147.0,12266948
2021-12-09,113.58601379394531,147.35000610351562,149.89999389648438,146.35000610351562,149.5,7989291
2021-12-10,113.74018096923828,147.5500030517578,148.0,145.5500030517578,146.25,10324085
2021-12-13,112.50679779052734,145.9499969482422,150.5,145.35000610351562,148.9499969482422,13595587
2021-12-14,113.2391128540039,146.89999389648438,147.4499969482422,143.9499969482422,144.25,12331999
2021-12-15,110.96507263183594,143.9499969482422,147.6999969482422,143.60000610351562,146.3000030517578,10361033
2021-12-16,112.04429626464844,145.35000610351562,146.25,144.5500030517578,145.3000030517578,12156709
2021-12-17,107.45768737792969,139.39999389648438,145.10000610351562,138.5,144.1999969482422,17667617
2021-12-20,103.29503631591797,134.0,137.64999389648438,131.64999389648438,137.5,17238729
2021-12-21,104.87530517578125,136.0500030517578,136.85000610351562,133.8000030517578,135.0500030517578,8615570
2021-12-22,105.45344543457031,136.8000030517578,137.9499969482422,135.3000030517578,137.39999389648438,4968143
2021-12-23,108.30561828613281,140.5,141.0,137.14999389648438,138.5,6324169
2021-12-24,106.76390838623047,138.5,141.60000610351562,137.1999969482422,141.5500030517578,5657495
2021-12-27,105.87744140625,137.35000610351562,138.0500030517578,136.0,136.5500030517578,4404298
2021-12-28,107.53477478027344,139.5,140.5,138.5,139.14999389648438,8738089
2021-12-29,107.07225036621094,138.89999389648438,140.85000610351562,137.4499969482422,140.1999969482422,6571286
2021-12-30,108.30561828613281,140.5,141.1999969482422,138.5,138.75,11556524
2021-12-31,109.770263671875,142.39999389648438,142.9499969482422,139.4499969482422,140.4499969482422,6393760
2022-01-03,110.27131652832031,143.0500030517578,143.4499969482422,141.1999969482422,142.35000610351562,3765911
2022-01-04,113.93290710449219,147.8000030517578,148.60000610351562,143.10000610351562,143.10000610351562,16351836
2022-01-05,115.89859771728516,150.35000610351562,151.10000610351562,147.39999389648438,148.5,12977680
2022-01-06,116.24545288085938,150.8000030517578,151.39999389648438,148.35000610351562,150.60000610351562,9012777
2022-01-07,121.06334686279297,157.0500030517578,157.5,151.35000610351562,151.5,30889365
2022-01-10,122.06547546386719,158.35000610351562,159.39999389648438,156.39999389648438,158.25,16418985
2022-01-11,124.06969451904297,160.9499969482422,161.64999389648438,157.60000610351562,158.8000030517578,14457548
2022-01-12,127.15311431884766,164.9499969482422,165.6999969482422,161.39999389648438,162.6999969482422,21220614
2022-01-13,126.38227081298828,163.9499969482422,165.5,163.0500030517578,164.9499969482422,7445346
2022-01-14,124.14675903320312,161.0500030517578,163.3000030517578,160.1999969482422,162.9499969482422,11646259
2022-01-17,127.84689331054688,165.85000610351562,168.1999969482422,162.3000030517578,162.5,32577835
2022-01-18,126.30518341064453,163.85000610351562,168.39999389648438,163.39999389648438,168.3000030517578,11175409
2022-01-19,131.23866271972656,170.25,171.0,164.89999389648438,165.3000030517578,36648534
2022-01-20,128.61776733398438,166.85000610351562,170.89999389648438,166.5,170.89999389648438,14474454
2022-01-21,126.15101623535156,163.64999389648438,166.39999389648438,162.3000030517578,165.3000030517578,8625926
2022-01-24,127.73126220703125,165.6999969482422,168.3000030517578,163.75,165.1999969482422,28783449
2022-01-25,127.30728912353516,165.14999389648438,166.6999969482422,163.0,163.0,14249846
2022-01-27,127.73126220703125,165.6999969482422,168.75,164.5,165.10000610351562,25936832
2022-01-28,130.1209259033203,168.8000030517578,174.6999969482422,166.25,167.5500030517578,32790065
2022-01-31,133.05020141601562,172.60000610351562,174.85000610351562,169.5500030517578,171.60000610351562,24031034
2022-02-01,131.77825927734375,170.9499969482422,174.89999389648438,168.5,174.0,14220953
2022-02-02,132.04808044433594,171.3000030517578,174.0500030517578,170.5,170.5500030517578,12478192
2022-02-03,129.1188201904297,167.5,171.25,166.0,170.0,12529302
2022-02-04,130.7375946044922,169.60000610351562,172.6999969482422,169.0500030517578,170.0,17434362
2022-02-07,132.66477966308594,172.10000610351562,173.3000030517578,169.1999969482422,170.6999969482422,11723574
2022-02-08,128.69483947753906,166.9499969482422,173.0,166.5,172.0,13231599
2022-02-09,126.38227081298828,163.9499969482422,169.60000610351562,163.10000610351562,167.89999389648438,17938632
2022-02-10,130.3521728515625,169.10000610351562,170.39999389648438,165.14999389648438,165.85000610351562,26763203
2022-02-11,129.61985778808594,168.14999389648438,170.5,167.10000610351562,167.9499969482422,12884995
2022-02-14,128.11669921875,166.1999969482422,176.35000610351562,165.1999969482422,168.89999389648438,44604164
2022-02-15,126.53643798828125,164.14999389648438,170.0,156.39999389648438,170.0,31146458
2022-02-16,129.92822265625,168.5500030517578,168.89999389648438,164.5,164.5,15960268
2022-02-17,132.3949432373047,171.75,172.39999389648438,168.5,168.5500030517578,24640791
2022-02-18,129.42715454101562,167.89999389648438,171.75,166.6999969482422,171.1999969482422,11829998
2022-02-21,127.28498840332031,163.39999389648438,167.5500030517578,163.0500030517578,167.39999389648438,14222260
2022-02-22,128.4923858642578,164.9499969482422,166.5,163.25,166.5,29399172
2022-02-23,125.2206802368164,160.75,166.39999389648438,159.64999389648438,166.25,21301826
2022-02-24,122.02687072753906,156.64999389648438,162.39999389648438,156.0,160.75,28766189
2022-02-25,124.24695587158203,159.5,160.39999389648438,156.8000030517578,159.39999389648438,20225258
2022-02-28,125.14278411865234,160.64999389648438,161.85000610351562,155.8000030517578,160.5,20210070
2022-03-02,126.93441772460938,162.9499969482422,168.35000610351562,161.89999389648438,165.64999389648438,41103406
2022-03-03,132.659912109375,170.3000030517578,171.8000030517578,162.89999389648438,168.3000030517578,42345653
2022-03-04,128.72608947753906,165.25,171.0,163.85000610351562,170.10000610351562,32658756
2022-03-07,145.62991333007812,186.9499969482422,189.8000030517578,167.10000610351562,167.10000610351562,132538155
2022-03-08,139.51492309570312,179.10000610351562,194.9499969482422,177.8000030517578,190.0,73127816
2022-03-09,136.63267517089844,175.39999389648438,183.8000030517578,173.85000610351562,183.0,51977091
2022-03-10,135.81478881835938,174.35000610351562,176.89999389648438,165.0,168.25,62112814
2022-03-11,136.8664093017578,175.6999969482422,176.39999389648438,171.6999969482422,172.5,26187452
2022-03-14,133.82838439941406,171.8000030517578,175.5,170.60000610351562,174.0,20214021
2022-03-15,127.5575942993164,163.75,169.5,161.64999389648438,168.3000030517578,42333127
2022-03-16,130.32301330566406,167.3000030517578,167.85000610351562,161.85000610351562,166.0,25545119
2022-03-17,132.659912109375,170.3000030517578,171.5,164.60000610351562,166.60000610351562,66314748
2022-03-21,134.4126434326172,172.5500030517578,175.0,170.3000030517578,171.6999969482422,20614652
2022-03-22,136.671630859375,175.4499969482422,181.25,173.8000030517578,176.1999969482422,39742745
2022-03-23,136.78851318359375,175.60000610351562,177.6999969482422,174.85000610351562,176.5,10994784
2022-03-24,138.22958374023438,177.4499969482422,180.39999389648438,176.5,178.89999389648438,20332589
2022-03-25,136.94430541992188,175.8000030517578,179.25,175.10000610351562,178.5,13608989
2022-03-28,137.3727569580078,176.35000610351562,177.89999389648438,174.64999389648438,175.5,15253027
2022-03-29,133.20516967773438,171.0,175.1999969482422,170.5500030517578,174.9499969482422,14210783
2022-03-30,126.19439697265625,162.0,164.85000610351562,161.14999389648438,163.0,95239532
2022-03-31,127.67446899414062,163.89999389648438,165.25,161.14999389648438,161.85000610351562,33523683
2022-04-01,130.8292999267578,167.9499969482422,168.25,163.5500030517578,163.89999389648438,28335224
2022-04-04,130.90721130371094,168.0500030517578,169.0500030517578,165.35000610351562,166.9499969482422,17745513
2022-04-05,133.86734008789062,171.85000610351562,172.75,169.3000030517578,170.25,20054934
2022-04-06,134.6073455810547,172.8000030517578,173.5,170.3000030517578,170.60000610351562,12969222
2022-04-07,131.53041076660156,168.85000610351562,173.8000030517578,168.1999969482422,170.60000610351562,24550313
2022-04-08,133.12730407714844,170.89999389648438,171.3000030517578,168.6999969482422,169.0,9529874
2022-04-11,133.36102294921875,171.1999969482422,172.75,169.5500030517578,171.0,9724979
2022-04-12,131.56932067871094,168.89999389648438,172.1999969482422,168.1999969482422,171.0,13184429
2022-04-13,135.73687744140625,174.25,174.85000610351562,170.6999969482422,171.39999389648438,23458303
2022-04-18,136.94430541992188,175.8000030517578,179.0,175.10000610351562,176.0,23916912
2022-04-19,137.99588012695312,177.14999389648438,179.8000030517578,176.0,177.3000030517578,17880666
2022-04-20,136.71058654785156,175.5,177.35000610351562,174.8000030517578,176.89999389648438,10076403
2022-04-21,135.65896606445312,174.14999389648438,176.6999969482422,173.89999389648438,175.6999969482422,12246720
2022-04-22,135.54212951660156,174.0,176.3000030517578,173.6999969482422,174.14999389648438,10267952
2022-04-25,132.15359497070312,169.64999389648438,173.0,168.3000030517578,171.0,12583497
2022-04-26,130.0503387451172,166.9499969482422,171.6999969482422,165.6999969482422,171.10000610351562,20086229
2022-04-27,128.41445922851562,164.85000610351562,168.89999389648438,163.35000610351562,167.9499969482422,13981957
2022-04-28,128.37554931640625,164.8000030517578,166.0,162.4499969482422,166.0,13030499
2022-04-29,124.98698425292969,160.4499969482422,167.4499969482422,159.5,166.5,15964743
2022-05-02,121.79316711425781,156.35000610351562,159.25,155.89999389648438,158.14999389648438,23405519
2022-05-04,126.38914489746094,162.25,162.8000030517578,157.9499969482422,159.0,23661920
2022-05-05,128.41445922851562,164.85000610351562,168.39999389648438,163.39999389648438,164.1999969482422,26878516
2022-05-06,130.0503387451172,166.9499969482422,167.39999389648438,161.10000610351562,163.89999389648438,16768573
2022-05-09,128.3365936279297,164.75,167.3000030517578,162.75,165.25,9952775
2022-05-10,120.31309509277344,154.4499969482422,161.64999389648438,152.89999389648438,160.4499969482422,22602956
2022-05-11,123.54586791992188,158.60000610351562,160.0,153.75,154.0,15084514
2022-05-12,121.91002655029297,156.5,161.0,154.0,159.0,21459069
2022-05-13,119.61203002929688,153.5500030517578,160.3000030517578,152.9499969482422,160.0,12934346
2022-05-16,119.57308959960938,153.5,156.25,151.8000030517578,154.1999969482422,13205775
2022-05-17,127.09021759033203,163.14999389648438,163.6999969482422,155.5500030517578,156.0,17843200
2022-05-18,127.12918853759766,163.1999969482422,164.5,160.1999969482422,162.0,12616832
2022-05-19,124.6364517211914,160.0,162.0500030517578,157.8000030517578,158.5500030517578,8932407
2022-05-20,126.11650848388672,161.89999389648438,163.8000030517578,160.10000610351562,161.64999389648438,7235654
2022-05-23,120.81946563720703,155.10000610351562,164.1999969482422,154.64999389648438,161.75,18029557
2022-05-24,117.35298919677734,150.64999389648438,157.75,150.14999389648438,157.39999389648438,19141394
2022-05-25,118.87201690673828,152.60000610351562,153.25,147.60000610351562,152.89999389648438,19366472
2022-05-26,118.32669830322266,151.89999389648438,153.3000030517578,148.10000610351562,152.8000030517578,12824105
2022-05-27,112.01701354980469,143.8000030517578,155.5,141.10000610351562,155.0,52469252
2022-05-30,112.21173858642578,144.0500030517578,147.3000030517578,141.14999389648438,145.64999389648438,40261336
2022-05-31,117.82038879394531,151.25,153.0,145.39999389648438,145.39999389648438,57675204
2022-06-01,116.65193176269531,149.75,152.89999389648438,148.75,151.1999969482422,22780094
2022-06-02,118.75515747070312,152.4499969482422,152.89999389648438,146.0,147.8000030517578,25429955
2022-06-03,118.09303283691406,151.60000610351562,154.1999969482422,151.14999389648438,153.9499969482422,16747177
2022-06-06,119.92362976074219,153.9499969482422,156.0,152.8000030517578,153.10000610351562,30327268
2022-06-07,126.07754516601562,161.85000610351562,162.9499969482422,154.1999969482422,154.8000030517578,61411715
2022-06-08,127.28498840332031,163.39999389648438,166.39999389648438,162.10000610351562,163.5,45994327
2022-06-09,128.9597625732422,165.5500030517578,167.35000610351562,164.5,166.0,31122996
2022-06-10,128.25869750976562,164.64999389648438,166.64999389648438,163.35000610351562,164.0,17812698
2022-06-13,124.28590393066406,159.5500030517578,163.9499969482422,158.4499969482422,162.0,12237777
2022-06-14,121.48158264160156,155.9499969482422,160.5500030517578,155.3000030517578,159.5500030517578,12844437
2022-06-15,117.93724822998047,151.39999389648438,157.25,150.8000030517578,156.9499969482422,16223385
2022-06-16,111.82225799560547,143.5500030517578,151.5500030517578,142.60000610351562,149.14999389648438,25130676
2022-06-17,110.18640899658203,141.4499969482422,145.14999389648438,140.64999389648438,142.4499969482422,22922034
2022-06-20,104.69461059570312,134.39999389648438,138.89999389648438,130.0,138.60000610351562,28656582
2022-06-21,108.3558349609375,139.10000610351562,140.1999969482422,135.0,136.10000610351562,20581784
2022-06-22,105.04517364501953,134.85000610351562,136.9499969482422,131.0,136.9499969482422,31824106
2022-06-23,105.00619506835938,134.8000030517578,136.39999389648438,132.1999969482422,134.0,26829020
2022-06-24,106.99260711669922,137.35000610351562,141.0,135.1999969482422,137.0,25461812
2022-06-27,110.225341796875,141.5,142.60000610351562,137.25,140.0,24188349
2022-06-28,116.34031677246094,149.35000610351562,151.75,142.14999389648438,142.8000030517578,54387675
2022-06-29,120.07942199707031,154.14999389648438,157.39999389648438,146.1999969482422,149.35000610351562,165860322
2022-06-30,118.0541000366211,151.5500030517578,154.4499969482422,149.25,153.0,38725546
2022-07-01,102.08502960205078,131.0500030517578,151.14999389648438,130.0,148.9499969482422,125788305
2022-07-04,98.15120697021484,126.0,129.9499969482422,124.0999984741211,129.9499969482422,85993413
2022-07-05,99.24177551269531,127.4000015258789,128.60000610351562,126.0,127.0,44595740
2022-07-06,94.21736145019531,120.94999694824219,123.5,119.8499984741211,123.0,59092334
2022-07-07,96.2037582397461,123.5,124.1500015258789,121.25,121.25,36229792
2022-07-08,94.64580535888672,121.5,126.3499984741211,121.0,126.3499984741211,42778692
2022-07-11,97.76170349121094,125.5,125.9000015258789,121.05000305175781,121.5,31521678
2022-07-12,96.671142578125,124.0999984741211,126.75,123.5,124.9000015258789,25216226
2022-07-13,96.94377899169922,124.44999694824219,124.9000015258789,121.4000015258789,122.44999694824219,27166975
2022-07-14,99.0470199584961,127.1500015258789,132.60000610351562,123.80000305175781,124.4000015258789,38464081
2022-07-15,98.57962799072266,126.55000305175781,128.39999389648438,124.5999984741211,127.5999984741211,18088858
2022-07-18,101.189208984375,129.89999389648438,130.6999969482422,126.94999694824219,127.05000305175781,21010247
2022-07-19,99.63126373291016,127.9000015258789,133.1999969482422,124.44999694824219,130.5,33778758
2022-07-20,103.25350189208984,132.5500030517578,136.60000610351562,132.1999969482422,135.0,60317150
2022-07-21,103.68194580078125,133.10000610351562,133.5,131.8000030517578,133.0,20853780
2022-07-22,103.17559814453125,132.4499969482422,133.8000030517578,131.5500030517578,133.8000030517578,11630255
2022-07-25,101.11129760742188,129.8000030517578,132.4499969482422,128.39999389648438,132.0,21705935
2022-07-26,99.86495971679688,128.1999969482422,131.60000610351562,127.75,130.85000610351562,22172845
2022-07-27,100.17655181884766,128.60000610351562,130.1999969482422,127.80000305175781,129.10000610351562,20187969
2022-07-28,101.46186828613281,130.25,130.5,128.25,130.39999389648438,25736737
2022-07-29,104.49986267089844,134.14999389648438,134.5,129.89999389648438,130.4499969482422,19738642
2022-08-01,107.81053161621094,138.39999389648438,139.0,133.1999969482422,134.10000610351562,20592826
2022-08-02,106.48625946044922,136.6999969482422,137.0500030517578,134.60000610351562,136.6999969482422,15037928
2022-08-03,105.6683349609375,135.64999389648438,138.4499969482422,133.8000030517578,136.0,15853543
2022-08-04,106.1357192993164,136.25,137.14999389648438,134.0,134.35000610351562,14311959
2022-08-05,106.33045196533203,136.5,138.5,133.60000610351562,135.10000610351562,66480753
2022-08-08,106.33045196533203,136.5,137.5,135.0500030517578,136.3000030517578,12451233
2022-08-10,104.22724151611328,133.8000030517578,136.75,133.4499969482422,136.39999389648438,15829467
2022-08-11,103.44824981689453,132.8000030517578,136.0,132.0500030517578,134.5,19479706
2022-08-12,108.4336929321289,139.1999969482422,139.6999969482422,133.5,133.89999389648438,40876891
2022-08-16,109.0179214477539,139.9499969482422,141.89999389648438,136.10000610351562,139.5,31230003
2022-08-17,108.78423309326172,139.64999389648438,140.8000030517578,138.6999969482422,139.9499969482422,15694770
2022-08-18,108.10633850097656,135.5500030517578,138.3000030517578,134.6999969482422,138.25,42597708
2022-08-19,107.34867858886719,134.60000610351562,138.5,134.0500030517578,137.5,35382493
2022-08-22,105.1953125,131.89999389648438,134.5,129.8000030517578,134.5,31231393
2022-08-23,106.67076110839844,133.75,134.1999969482422,130.10000610351562,131.89999389648438,24268146
2022-08-24,108.46522521972656,136.0,137.39999389648438,134.5,134.6999969482422,22730039
2022-08-25,108.90387725830078,136.5500030517578,138.14999389648438,136.14999389648438,137.0,14620592
2022-08-26,108.98362731933594,136.64999389648438,138.25,136.10000610351562,136.5,12105053
2022-08-29,108.38548278808594,135.89999389648438,136.60000610351562,133.75,134.1999969482422,9198908
2022-08-30,110.53883361816406,138.60000610351562,139.85000610351562,137.5500030517578,137.89999389648438,21720398
2022-09-01,107.42842102050781,134.6999969482422,136.25,134.14999389648438,135.0,20349294
2022-09-02,105.87323760986328,132.75,135.75,132.3000030517578,134.6999969482422,17495310
2022-09-05,106.39163970947266,133.39999389648438,133.89999389648438,132.64999389648438,132.89999389648438,14865879
2022-09-06,105.3548355102539,132.10000610351562,134.14999389648438,131.6999969482422,134.10000610351562,10870488
2022-09-07,105.6738510131836,132.5,132.9499969482422,130.0500030517578,131.0,12042788
2022-09-08,105.15544128417969,131.85000610351562,134.14999389648438,131.5,131.64999389648438,14629497
2022-09-09,106.87014770507812,134.0,134.1999969482422,131.9499969482422,132.5,12327341
2022-09-12,106.87014770507812,134.0,135.39999389648438,133.60000610351562,135.0,13500202
2022-09-13,106.7904052734375,133.89999389648438,135.14999389648438,133.5,134.1999969482422,10846178
2022-09-14,106.23211669921875,133.1999969482422,134.10000610351562,132.0,132.4499969482422,8597956
2022-09-15,105.75361633300781,132.60000610351562,134.39999389648438,132.0,133.60000610351562,10810473
2022-09-16,104.67691802978516,131.25,132.0,130.0,131.10000610351562,20909579
2022-09-19,104.11863708496094,130.5500030517578,134.35000610351562,129.6999969482422,132.10000610351562,19411428
2022-09-20,106.23211669921875,133.1999969482422,133.60000610351562,131.3000030517578,131.39999389648438,13080582
2022-09-21,104.39777374267578,130.89999389648438,133.1999969482422,130.0500030517578,132.1999969482422,11156865
2022-09-22,102.60330963134766,128.64999389648438,130.85000610351562,128.10000610351562,130.39999389648438,11366882
2022-09-23,102.5634536743164,128.60000610351562,129.10000610351562,127.5,128.25,10407849
2022-09-26,98.45613098144531,123.44999694824219,128.8000030517578,122.6500015258789,127.30000305175781,12848954
2022-09-27,99.25365447998047,124.44999694824219,127.9000015258789,123.8499984741211,124.3499984741211,14465123
2022-09-28,97.73834228515625,122.55000305175781,123.94999694824219,121.5,123.94999694824219,15267018
2022-09-29,101.00824737548828,126.6500015258789,128.1999969482422,123.5,123.5,20597761
2022-09-30,101.12786865234375,126.80000305175781,132.39999389648438,125.5,125.5,33530494
2022-10-03,105.5940933227539,132.39999389648438,135.0,130.60000610351562,131.6999969482422,50966493
2022-10-04,106.7904052734375,133.89999389648438,135.0,131.8000030517578,134.89999389648438,14137567
2022-10-06,105.79346466064453,132.64999389648438,136.5500030517578,132.39999389648438,136.5,14570735
2022-10-07,106.91002655029297,134.0500030517578,134.25,131.1999969482422,132.0500030517578,13532236
2022-10-10,106.27198791503906,133.25,134.0,132.1999969482422,133.0,10183057
2022-10-11,104.55730438232422,131.10000610351562,133.5,130.25,133.25,13176461
2022-10-12,104.75668334960938,131.35000610351562,132.0,129.10000610351562,131.10000610351562,9401804
2022-10-13,103.56037902832031,129.85000610351562,131.85000610351562,127.6500015258789,131.1999969482422,13320136
2022-10-14,101.76589965820312,127.5999984741211,132.8000030517578,127.05000305175781,132.0,13205955
2022-10-17,101.92540740966797,127.80000305175781,128.1999969482422,126.0,127.0,9320940
2022-10-18,102.6431884765625,128.6999969482422,129.10000610351562,127.5999984741211,128.4499969482422,6490293
2022-10-19,101.92540740966797,127.80000305175781,128.6999969482422,127.4000015258789,128.6999969482422,7381712
2022-10-20,103.3609848022461,129.60000610351562,131.0,125.80000305175781,127.0,18748363
2022-10-21,104.91619110107422,131.5500030517578,133.39999389648438,128.75,129.35000610351562,11945173
2022-10-24,105.9131088256836,132.8000030517578,134.0,132.39999389648438,133.0,2154912
2022-10-25,104.27814483642578,130.75,132.89999389648438,129.85000610351562,132.4499969482422,10232002
2022-10-27,105.11557006835938,131.8000030517578,132.1999969482422,130.3000030517578,130.75,13865026
2022-10-28,106.63089752197266,133.6999969482422,135.60000610351562,131.8000030517578,132.10000610351562,22918037
2022-10-31,106.91002655029297,134.0500030517578,135.1999969482422,132.8000030517578,134.39999389648438,8753855
2022-11-01,107.78731536865234,135.14999389648438,135.6999969482422,134.10000610351562,134.10000610351562,11630848
2022-11-02,108.82410430908203,136.4499969482422,139.1999969482422,135.35000610351562,135.85000610351562,21117499
2022-11-03,108.78424072265625,136.39999389648438,136.6999969482422,135.25,136.39999389648438,7561534
2022-11-04,109.94068145751953,137.85000610351562,138.39999389648438,136.0500030517578,136.39999389648438,7498344
2022-11-07,110.49894714355469,138.5500030517578,139.0,136.75,138.5500030517578,9987481
2022-11-09,110.57870483398438,138.64999389648438,139.0,137.0,138.9499969482422,12033732
2022-11-10,111.53573608398438,139.85000610351562,140.85000610351562,137.39999389648438,137.5,15908521
2022-11-11,112.0142593383789,140.4499969482422,141.3000030517578,139.1999969482422,140.60000610351562,18492513
2022-11-14,111.05723571777344,139.25,141.0,138.60000610351562,140.60000610351562,12743505
2022-11-15,113.52959442138672,142.35000610351562,143.35000610351562,140.0,140.0,24636519
2022-11-16,113.9682388305664,142.89999389648438,143.3000030517578,141.1999969482422,142.8000030517578,11460200
2022-11-17,114.20748901367188,143.1999969482422,143.8000030517578,141.6999969482422,141.9499969482422,13368536
2022-11-18,113.05107116699219,141.75,143.25,140.1999969482422,143.14999389648438,19958908
2022-11-21,113.42790985107422,135.4499969482422,136.35000610351562,134.39999389648438,136.0,16348881
2022-11-22,113.21854400634766,135.1999969482422,135.89999389648438,132.89999389648438,134.9499969482422,11198874
2022-11-23,114.30720520019531,136.5,136.64999389648438,134.5500030517578,135.5500030517578,9010911
2022-11-24,116.77755737304688,139.4499969482422,140.0,135.5,136.5,11803087
2022-11-25,117.69874572753906,140.5500030517578,141.3000030517578,137.75,139.0,9789098
2022-11-28,116.90320587158203,139.60000610351562,141.1999969482422,139.0500030517578,139.5,8925344
2022-11-29,117.44749450683594,140.25,141.10000610351562,139.5,140.0500030517578,13558920
2022-11-30,118.15929412841797,141.10000610351562,141.8000030517578,139.60000610351562,139.60000610351562,17720938
2022-12-01,117.28002166748047,140.0500030517578,142.0,139.8000030517578,141.4499969482422,27727625
2022-12-02,117.99180603027344,140.89999389648438,144.8000030517578,140.5500030517578,141.85000610351562,24518337
2022-12-05,120.37847137451172,143.75,143.9499969482422,140.60000610351562,141.5,18440387
2022-12-06,119.2898178100586,142.4499969482422,143.14999389648438,141.14999389648438,142.85000610351562,10977472
2022-12-07,117.78248596191406,140.64999389648438,141.75,140.10000610351562,140.8000030517578,9731670
2022-12-08,119.45730590820312,142.64999389648438,143.0,140.35000610351562,141.25,10150945
2022-12-09,117.82435607910156,140.6999969482422,142.9499969482422,140.3000030517578,142.5,9438307
2022-12-12,119.20606994628906,142.35000610351562,142.5,139.1999969482422,140.0,8946335
2022-12-13,120.88090515136719,144.35000610351562,144.64999389648438,142.5500030517578,143.0500030517578,12593054
2022-12-14,123.60250854492188,147.60000610351562,148.60000610351562,144.10000610351562,144.35000610351562,17692988
2022-12-15,123.47689819335938,147.4499969482422,148.85000610351562,146.64999389648438,147.64999389648438,11426194
2022-12-16,123.26754760742188,147.1999969482422,150.5,147.0,148.35000610351562,20540447
2022-12-19,122.09515380859375,145.8000030517578,147.5500030517578,145.0,147.0500030517578,10635055
2022-12-20,122.13702392578125,145.85000610351562,146.1999969482422,143.10000610351562,145.5,6714207
2022-12-21,120.1690902709961,143.5,146.8000030517578,142.6999969482422,146.5,10011408
2022-12-22,119.1223373413086,142.25,145.14999389648438,141.5500030517578,145.0,9123323
2022-12-23,117.07066345214844,139.8000030517578,143.5,139.3000030517578,140.60000610351562,8007752
2022-12-26,118.3267822265625,141.3000030517578,142.85000610351562,139.5,140.5,7150680
2022-12-27,121.25775146484375,144.8000030517578,145.39999389648438,142.10000610351562,142.10000610351562,8765357
2022-12-28,120.50405883789062,143.89999389648438,144.64999389648438,142.6999969482422,143.4499969482422,9534858
2022-12-29,121.13213348388672,144.64999389648438,146.0,142.5,142.75,36752195
2022-12-30,122.89070892333984,146.75,148.75,144.5500030517578,145.4499969482422,9644998
2023-01-02,125.98915100097656,150.4499969482422,150.8000030517578,147.25,147.3000030517578,9631496
2023-01-03,125.23548126220703,149.5500030517578,150.60000610351562,148.0,149.6999969482422,14991139
2023-01-04,122.47198486328125,146.25,148.85000610351562,145.0,148.8000030517578,13535874
2023-01-05,122.68134307861328,146.5,147.0,144.14999389648438,145.85000610351562,16320559
2023-01-06,123.39315032958984,147.35000610351562,148.10000610351562,146.3000030517578,146.6999969482422,16804116
2023-01-09,124.0630874633789,148.14999389648438,150.1999969482422,147.8000030517578,149.3000030517578,18660445
2023-01-10,125.0679931640625,149.35000610351562,150.3000030517578,148.60000610351562,148.60000610351562,18490715
2023-01-11,122.93257141113281,146.8000030517578,150.0,146.25,149.5,12538238
2023-01-12,122.38824462890625,146.14999389648438,148.25,145.75,147.6999969482422,13270422
2023-01-13,123.05818176269531,146.9499969482422,147.5,145.89999389648438,146.39999389648438,8854484
2023-01-16,123.60250854492188,147.60000610351562,147.8000030517578,146.0,147.6999969482422,9696320
2023-01-17,123.81185913085938,147.85000610351562,149.0,146.64999389648438,148.3000030517578,18484595
2023-01-18,124.9842300415039,149.25,149.75,148.1999969482422,148.25,12139643
2023-01-19,127.0777816772461,151.75,152.10000610351562,148.0500030517578,148.0500030517578,18437610
2023-01-20,126.95216369628906,151.60000610351562,152.5,150.5500030517578,152.0,17512691
2023-01-23,127.58023834228516,152.35000610351562,153.10000610351562,151.35000610351562,152.5500030517578,16742252
2023-01-24,127.4127426147461,152.14999389648438,153.1999969482422,151.60000610351562,152.35000610351562,8276792
2023-01-25,127.66397857666016,152.4499969482422,153.39999389648438,151.14999389648438,151.25,9827342
2023-01-27,123.64437103271484,147.64999389648438,154.14999389648438,146.60000610351562,152.4499969482422,13052535
2023-01-30,121.34147644042969,144.89999389648438,148.85000610351562,143.25,147.5,12688399
2023-01-31,121.34147644042969,144.89999389648438,147.89999389648438,144.25,145.14999389648438,19050398
2023-02-01,120.79715728759766,144.25,146.0,142.35000610351562,145.8000030517578,11526089
2023-02-02,120.1272201538086,143.4499969482422,145.0,140.64999389648438,143.0,11886667
2023-02-03,120.83905029296875,144.3000030517578,145.35000610351562,140.10000610351562,143.5,9250428
2023-02-06,120.1690902709961,143.5,144.1999969482422,141.60000610351562,141.6999969482422,6436143
2023-02-07,121.13213348388672,144.64999389648438,144.9499969482422,142.1999969482422,143.89999389648438,8681511
2023-02-08,120.50405883789062,143.89999389648438,145.89999389648438,143.14999389648438,145.39999389648438,10325869
2023-02-09,122.43012237548828,146.1999969482422,146.39999389648438,143.1999969482422,144.64999389648438,8078404
2023-02-10,122.84882354736328,146.6999969482422,147.0,144.8000030517578,146.14999389648438,6396208
2023-02-13,124.0630874633789,148.14999389648438,148.8000030517578,146.60000610351562,147.4499969482422,6563018
2023-02-14,124.31428527832031,148.4499969482422,149.1999969482422,147.0,148.64999389648438,6991500
2023-02-15,123.5187759399414,147.5,149.39999389648438,145.5,149.0,12631259
2023-02-16,130.55303955078125,155.89999389648438,156.4499969482422,148.39999389648438,150.0,30949761
2023-02-17,131.13925170898438,156.60000610351562,158.8000030517578,154.39999389648438,155.5,19874561
2023-02-20,129.67379760742188,154.85000610351562,157.8000030517578,154.39999389648438,157.1999969482422,8348393
2023-02-21,129.0457000732422,154.10000610351562,155.89999389648438,153.4499969482422,154.89999389648438,7599927
2023-02-22,128.62698364257812,153.60000610351562,154.5,151.6999969482422,154.25,9599697
2023-02-23,129.5063018798828,154.64999389648438,156.1999969482422,153.25,153.6999969482422,18675946
2023-02-24,133.2457733154297,155.0,155.35000610351562,149.75,151.75,14648507
2023-02-27,133.4606475830078,155.25,156.0500030517578,153.0,154.0,11904749
2023-02-28,130.7097930908203,152.0500030517578,155.4499969482422,151.1999969482422,154.14999389648438,17607584
2023-03-01,133.07382202148438,154.8000030517578,155.10000610351562,151.85000610351562,152.0,7707977
2023-03-02,132.42909240722656,154.0500030517578,155.0500030517578,152.64999389648438,154.5,8219892
2023-03-03,132.6010284423828,154.25,155.6999969482422,153.4499969482422,154.0,8260104
2023-03-06,135.99664306640625,158.1999969482422,159.6999969482422,153.5500030517578,154.6999969482422,14491522
2023-03-08,136.03964233398438,158.25,158.85000610351562,156.39999389648438,156.5500030517578,7339476
2023-03-09,134.36329650878906,156.3000030517578,159.14999389648438,156.0500030517578,159.0500030517578,5314022
2023-03-10,133.9335174560547,155.8000030517578,156.6999969482422,154.1999969482422,155.60000610351562,4689681
2023-03-13,133.9335174560547,155.8000030517578,158.0,155.1999969482422,156.1999969482422,8785721
2023-03-14,131.78436279296875,153.3000030517578,156.85000610351562,153.0500030517578,155.8000030517578,7177342
2023-03-15,131.13963317871094,152.5500030517578,154.4499969482422,151.8000030517578,154.0,9832270
2023-03-16,130.8387451171875,152.1999969482422,153.39999389648438,148.0,151.1999969482422,18551936
2023-03-17,131.6553955078125,153.14999389648438,154.89999389648438,151.9499969482422,153.5,16593429
2023-03-20,130.92471313476562,152.3000030517578,154.14999389648438,151.60000610351562,153.0,8749355
2023-03-21,130.27996826171875,151.5500030517578,153.75,150.9499969482422,153.14999389648438,6148489
2023-03-22,130.27996826171875,151.5500030517578,152.8000030517578,150.85000610351562,152.39999389648438,4329409
2023-03-23,131.35452270507812,152.8000030517578,153.14999389648438,150.3000030517578,151.10000610351562,4484564
2023-03-24,128.43174743652344,149.39999389648438,153.1999969482422,148.8000030517578,152.6999969482422,8301726
2023-03-27,129.1624298095703,150.25,152.4499969482422,149.25,149.5500030517578,7437261
2023-03-28,126.54048156738281,147.1999969482422,150.25,146.64999389648438,150.25,8964539
2023-03-29,128.3887481689453,149.35000610351562,150.85000610351562,146.5,147.25,24012834
2023-03-31,129.8501434326172,151.0500030517578,153.0,150.0500030517578,150.10000610351562,7998472
2023-04-03,132.08522033691406,153.64999389648438,157.85000610351562,153.10000610351562,154.5,20016785
2023-04-05,131.44046020507812,152.89999389648438,157.35000610351562,152.5500030517578,156.75,15880397
2023-04-06,129.46328735351562,150.60000610351562,153.4499969482422,150.39999389648438,153.1999969482422,10670936
2023-04-10,135.09400939941406,157.14999389648438,157.5,150.0,150.6999969482422,17431401
2023-04-11,136.7273712158203,159.0500030517578,159.3000030517578,156.39999389648438,157.10000610351562,13305621
2023-04-12,135.52381896972656,157.64999389648438,159.0500030517578,156.60000610351562,159.0,7333339
2023-04-13,136.46945190429688,158.75,160.5,158.0,158.14999389648438,11610851
2023-04-17,137.6729736328125,160.14999389648438,160.4499969482422,158.0,159.10000610351562,9358885
2023-04-18,137.62997436523438,160.10000610351562,160.5500030517578,159.39999389648438,160.14999389648438,8008560
2023-04-19,137.62997436523438,160.10000610351562,160.4499969482422,158.0500030517578,158.3000030517578,11374283
2023-04-20,136.81329345703125,159.14999389648438,160.10000610351562,158.5,159.60000610351562,5733670
2023-04-21,137.2001495361328,159.60000610351562,159.85000610351562,158.6999969482422,158.89999389648438,3512214
2023-04-24,137.75892639160156,160.25,160.75,159.3000030517578,159.60000610351562,7028440
2023-04-25,138.10281372070312,160.64999389648438,161.8000030517578,160.0,160.1999969482422,10169778
2023-04-26,138.53260803222656,161.14999389648438,161.60000610351562,159.75,160.0,9177783
2023-04-27,137.58700561523438,160.0500030517578,160.89999389648438,159.60000610351562,160.1999969482422,6456825
2023-04-28,136.64137268066406,158.9499969482422,159.8000030517578,154.85000610351562,159.8000030517578,12656744
2023-05-02,141.19752502441406,164.25,164.8000030517578,159.35000610351562,159.5,16612560
2023-05-03,138.53260803222656,161.14999389648438,163.35000610351562,160.85000610351562,162.89999389648438,8029435
2023-05-04,138.40367126464844,161.0,161.1999969482422,159.1999969482422,160.8000030517578,9929482
2023-05-05,137.80191040039062,160.3000030517578,161.9499969482422,159.6999969482422,161.0500030517578,5488707
2023-05-08,141.84225463867188,165.0,165.35000610351562,160.0,160.3000030517578,9699470
2023-05-09,142.05715942382812,165.25,166.5,164.39999389648438,165.0,7600834
2023-05-10,143.51856994628906,166.9499969482422,167.64999389648438,165.0,165.25,10901429
2023-05-11,143.60455322265625,167.0500030517578,168.64999389648438,166.10000610351562,166.10000610351562,7877677
2023-05-12,142.2720947265625,165.5,169.0,165.0,168.14999389648438,16373574
2023-05-15,142.3580322265625,165.60000610351562,166.60000610351562,164.39999389648438,165.5,8559162
2023-05-16,144.42120361328125,168.0,168.5,166.75,168.3000030517578,12249266
2023-05-17,143.77645874023438,167.25,168.0,166.10000610351562,168.0,7360259
2023-05-18,143.00279235839844,166.35000610351562,168.4499969482422,166.0,167.5,7433090
2023-05-19,141.7562713623047,164.89999389648438,166.75,164.0,166.1999969482422,5969632
2023-05-22,142.3580322265625,165.60000610351562,166.39999389648438,164.10000610351562,164.10000610351562,7331865
2023-05-23,141.84225463867188,165.0,167.0500030517578,164.4499969482422,165.60000610351562,10119254
2023-05-24,142.9168243408203,166.25,166.4499969482422,164.64999389648438,165.0,6107980
2023-05-25,142.701904296875,166.0,167.39999389648438,165.25,166.25,8077606
2023-05-26,140.7677001953125,163.75,167.39999389648438,162.3000030517578,166.0500030517578,14873707
2023-05-29,136.6843719482422,159.0,160.25,156.5,160.0,43253971
2023-05-30,136.55540466308594,158.85000610351562,161.6999969482422,157.25,159.6999969482422,16117505
2023-05-31,133.1597900390625,154.89999389648438,159.39999389648438,150.0500030517578,159.0,83741017
2023-06-01,132.08522033691406,153.64999389648438,156.0,153.1999969482422,154.6999969482422,13982606
2023-06-02,132.9878692626953,154.6999969482422,155.0,153.39999389648438,155.0,9851058
2023-06-05,133.58961486816406,155.39999389648438,156.0,154.4499969482422,155.5,11850547
2023-06-06,132.08522033691406,153.64999389648438,155.89999389648438,153.1999969482422,155.5,8118800
2023-06-07,132.25718688964844,153.85000610351562,154.5,152.5500030517578,153.60000610351562,12180164
2023-06-08,134.19137573242188,156.10000610351562,156.64999389648438,154.1999969482422,154.5,13850599
2023-06-09,132.6010284423828,154.25,156.89999389648438,153.8000030517578,156.6999969482422,11764248
2023-06-12,133.28875732421875,155.0500030517578,155.25,152.60000610351562,154.85000610351562,11017643
2023-06-13,133.80453491210938,155.64999389648438,156.1999969482422,154.25,155.1999969482422,10073644
2023-06-14,135.69577026367188,157.85000610351562,158.39999389648438,155.85000610351562,156.10000610351562,9695952
2023-06-15,135.52381896972656,157.64999389648438,157.89999389648438,156.1999969482422,157.5,7426254
2023-06-16,134.96505737304688,157.0,158.64999389648438,156.35000610351562,158.25,11466647
2023-06-19,135.65280151367188,157.8000030517578,158.4499969482422,156.5,157.89999389648438,4718221
2023-06-20,135.1799774169922,157.25,157.8000030517578,156.5500030517578,157.5500030517578,6059738
2023-06-21,137.7159423828125,160.1999969482422,160.5500030517578,156.60000610351562,157.0,8284206
2023-06-22,136.64137268066406,158.9499969482422,160.9499969482422,157.5,160.1999969482422,10629027
2023-06-23,134.8791046142578,156.89999389648438,159.0,155.39999389648438,159.0,8722650
2023-06-26,134.8791046142578,156.89999389648438,158.25,155.85000610351562,157.0,4273205
2023-06-27,135.69577026367188,157.85000610351562,158.85000610351562,157.35000610351562,158.85000610351562,9730174
2023-06-28,136.29751586914062,158.5500030517578,160.14999389648438,156.5500030517578,157.85000610351562,40243993
2023-06-30,137.80191040039062,160.3000030517578,161.0,158.9499969482422,161.0,7840112
2023-07-03,140.0369873046875,162.89999389648438,163.25,160.0,160.3000030517578,9548822
2023-07-04,138.57557678222656,161.1999969482422,162.89999389648438,160.0,162.5,5394282
2023-07-05,139.95101928710938,162.8000030517578,164.39999389648438,161.35000610351562,162.0,8795342
2023-07-06,142.1861114501953,165.39999389648438,165.8000030517578,162.5500030517578,162.8000030517578,9845699
2023-07-07,140.55279541015625,163.5,166.0,162.8000030517578,165.5,7597171
2023-07-10,139.90805053710938,162.75,165.39999389648438,162.5,163.89999389648438,5437687
2023-07-11,141.4984130859375,164.60000610351562,165.10000610351562,162.89999389648438,163.25,6343183
2023-07-12,144.12033081054688,167.64999389648438,169.0,165.25,165.9499969482422,15614026
2023-07-13,144.24928283691406,167.8000030517578,169.3000030517578,167.1999969482422,168.64999389648438,11350009
2023-07-14,145.4957733154297,169.25,169.75,168.1999969482422,169.0,9448062
2023-07-17,143.0457305908203,166.39999389648438,168.39999389648438,166.14999389648438,167.8000030517578,4968847
2023-07-18,143.47560119628906,166.89999389648438,168.14999389648438,166.0500030517578,166.39999389648438,4322257
2023-07-19,143.34664916992188,166.75,167.9499969482422,166.10000610351562,167.1999969482422,5968174
2023-07-20,143.73348999023438,167.1999969482422,168.10000610351562,166.0,167.0,5217131
2023-07-21,146.61331176757812,170.5500030517578,171.0,166.5,167.35000610351562,7842863
2023-07-24,147.0001678466797,171.0,172.25,170.25,171.64999389648438,8451631
2023-07-25,148.71946716308594,173.0,173.35000610351562,171.3000030517578,172.0,10480578
2023-07-26,148.67648315429688,172.9499969482422,174.3000030517578,172.0,173.85000610351562,9103949
2023-07-27,147.0001678466797,171.0,173.64999389648438,170.6999969482422,173.4499969482422,7731146
2023-07-28,147.68789672851562,171.8000030517578,174.9499969482422,168.89999389648438,170.6999969482422,9004252
2023-07-31,152.2010498046875,177.0500030517578,177.5,171.39999389648438,172.8000030517578,9277749
2023-08-01,151.90017700195312,176.6999969482422,177.0,174.3000030517578,175.3000030517578,5584773
2023-08-02,151.2554473876953,175.9499969482422,178.64999389648438,174.0,177.0,8975495
2023-08-03,147.94577026367188,172.10000610351562,175.8000030517578,171.5,175.25,6152393
2023-08-04,149.02037048339844,173.35000610351562,174.4499969482422,172.10000610351562,173.35000610351562,4605271
2023-08-07,148.67648315429688,172.9499969482422,174.5,172.10000610351562,174.3000030517578,2240015
2023-08-08,149.02037048339844,173.35000610351562,173.8000030517578,172.60000610351562,172.89999389648438,3631238
2023-08-09,152.07208251953125,176.89999389648438,177.25,173.3000030517578,173.35000610351562,4852294
2023-08-10,153.5764923095703,178.64999389648438,179.75,176.89999389648438,178.10000610351562,10430692
2023-08-11,152.32998657226562,177.1999969482422,179.6999969482422,176.6999969482422,178.89999389648438,4112277
2023-08-14,153.0177001953125,178.0,180.4499969482422,177.35000610351562,180.0,12876956
2023-08-16,153.92034912109375,179.0500030517578,179.4499969482422,175.8000030517578,176.3000030517578,8371665
2023-08-17,152.80279541015625,177.75,179.10000610351562,177.10000610351562,178.6999969482422,5199363
2023-08-18,151.12176513671875,175.3000030517578,177.64999389648438,174.14999389648438,177.64999389648438,6734650
2023-08-21,151.768310546875,176.0500030517578,176.3000030517578,174.3000030517578,175.3000030517578,3599820
2023-08-22,151.85450744628906,176.14999389648438,177.89999389648438,175.60000610351562,176.0500030517578,5348036
2023-08-23,151.294189453125,175.5,177.1999969482422,175.0,177.0,6379611
2023-08-24,149.22520446777344,173.10000610351562,176.6999969482422,172.8000030517578,175.5,7976333
2023-08-25,150.60450744628906,174.6999969482422,175.25,172.85000610351562,173.10000610351562,4757915
2023-08-28,151.03553771972656,175.1999969482422,175.8000030517578,174.5500030517578,175.10000610351562,4354221
2023-08-29,151.46658325195312,175.6999969482422,176.10000610351562,174.9499969482422,175.60000610351562,4596468
2023-08-30,151.5096893310547,175.75,176.89999389648438,175.0,175.6999969482422,5937955
2023-08-31,150.13037109375,174.14999389648438,176.0,173.0500030517578,175.8000030517578,15823452
2023-09-01,156.68214416503906,181.75,184.75,174.39999389648438,174.39999389648438,22460960
2023-09-04,157.7165985107422,182.9499969482422,184.4499969482422,181.8000030517578,183.85000610351562,10998180
2023-09-05,157.84593200683594,183.10000610351562,186.0,182.39999389648438,183.5,13506519
2023-09-06,157.80284118652344,183.0500030517578,186.75,182.35000610351562,184.89999389648438,11954407
2023-09-07,156.68214416503906,181.75,185.1999969482422,181.0,185.0,11137801
2023-09-08,159.0097198486328,184.4499969482422,184.9499969482422,182.0,182.5,9737214
2023-09-11,158.1045379638672,183.39999389648438,185.9499969482422,182.3000030517578,185.4499969482422,10845871
2023-09-12,155.94937133789062,180.89999389648438,184.89999389648438,180.1999969482422,184.85000610351562,15524470
2023-09-13,158.5355987548828,183.89999389648438,184.6999969482422,180.89999389648438,181.89999389648438,10578786
2023-09-14,161.98388671875,187.89999389648438,188.89999389648438,184.1999969482422,184.75,17746404
2023-09-15,160.90631103515625,186.64999389648438,191.6999969482422,185.60000610351562,191.6999969482422,19924829
2023-09-18,160.9925079345703,186.75,187.5,185.10000610351562,185.8000030517578,5022956
2023-09-20,162.2425079345703,188.1999969482422,189.5,186.1999969482422,186.4499969482422,12687099
2023-09-21,160.94940185546875,186.6999969482422,188.4499969482422,186.0500030517578,188.39999389648438,7814108
2023-09-22,159.57009887695312,185.10000610351562,187.6999969482422,185.0,186.60000610351562,7814821
2023-09-25,159.91493225097656,185.5,186.6999969482422,185.25,186.0,5540062
2023-09-26,161.85459899902344,187.75,188.14999389648438,185.25,186.0,12446655
2023-09-27,161.42355346679688,187.25,189.3000030517578,186.3000030517578,189.3000030517578,5630907
2023-09-28,161.595947265625,187.4499969482422,189.5,186.5,188.89999389648438,14890642
2023-09-29,165.38909912109375,191.85000610351562,192.25,188.14999389648438,188.5,10085766
2023-10-03,159.13906860351562,184.60000610351562,189.3000030517578,183.64999389648438,189.3000030517578,22118500
2023-10-04,157.54421997070312,182.75,184.60000610351562,182.10000610351562,184.4499969482422,9360058
2023-10-05,157.070068359375,182.1999969482422,184.0,181.0,181.25,11128340
2023-10-06,156.42352294921875,181.4499969482422,183.5,180.60000610351562,183.5,5759904
2023-10-09,156.63902282714844,181.6999969482422,184.6999969482422,181.25,182.89999389648438,14622727
2023-10-10,158.19078063964844,183.5,184.5,182.0500030517578,182.3000030517578,11819690
2023-10-11,157.97525024414062,183.25,184.6999969482422,182.75,184.39999389648438,8499601
2023-10-12,159.0097198486328,184.4499969482422,184.85000610351562,183.0,183.1999969482422,8677885
2023-10-13,159.39767456054688,184.89999389648438,186.25,184.0500030517578,184.5,7435899
2023-10-16,160.82009887695312,186.5500030517578,188.1999969482422,186.25,187.9499969482422,12376549
2023-10-17,160.56149291992188,186.25,187.0500030517578,185.5500030517578,187.0,4381065
2023-10-18,161.16493225097656,186.9499969482422,188.0500030517578,186.0500030517578,188.0,10181113
2023-10-19,160.6045684814453,186.3000030517578,186.64999389648438,185.0500030517578,186.0,9148124
2023-10-20,160.5183563232422,186.1999969482422,187.3000030517578,185.14999389648438,187.0,7912216
2023-10-23,159.35455322265625,184.85000610351562,185.9499969482422,184.1999969482422,185.9499969482422,4723090
2023-10-25,158.92355346679688,184.35000610351562,185.85000610351562,183.0,184.85000610351562,6812004
2023-10-26,155.94937133789062,180.89999389648438,184.14999389648438,179.89999389648438,183.5,8474867
2023-10-27,159.26837158203125,184.75,185.8000030517578,180.3000030517578,181.0,6422123
2023-10-30,162.75978088378906,188.8000030517578,189.1999969482422,184.60000610351562,185.0,7352638
2023-10-31,160.4752655029297,186.14999389648438,189.8000030517578,184.1999969482422,189.1999969482422,9404675
2023-11-01,160.94940185546875,186.6999969482422,188.8000030517578,185.0500030517578,186.14999389648438,9167869
2023-11-02,160.5183563232422,186.1999969482422,187.64999389648438,185.75,187.0,11471209
2023-11-03,163.7942657470703,190.0,190.64999389648438,185.8000030517578,186.64999389648438,7464912
2023-11-06,166.63909912109375,193.3000030517578,194.1999969482422,189.5500030517578,190.1999969482422,8962124
2023-11-07,166.5529022216797,193.1999969482422,198.0,192.35000610351562,193.39999389648438,13921916
2023-11-08,168.40635681152344,195.35000610351562,196.5500030517578,192.3000030517578,193.6999969482422,10186886
2023-11-09,166.12184143066406,192.6999969482422,196.6999969482422,192.1999969482422,196.5,5303833
2023-11-10,168.8804931640625,195.89999389648438,196.5,192.6999969482422,192.6999969482422,6025889
2023-11-13,168.79429626464844,195.8000030517578,197.3000030517578,194.10000610351562,195.89999389648438,11181086
2023-11-15,171.9839630126953,199.5,203.0,197.64999389648438,198.5,19769385
2023-11-16,173.9667510986328,201.8000030517578,203.39999389648438,201.0,202.5,18629240
2023-11-17,169.26844787597656,196.35000610351562,201.25,195.5500030517578,200.85000610351562,13199928
2023-11-20,170.56155395507812,197.85000610351562,198.5,197.0,198.0,6423265
2023-11-21,169.76243591308594,191.1999969482422,193.9499969482422,191.0,193.0,10720353
2023-11-22,169.58486938476562,191.0,191.85000610351562,189.75,191.1999969482422,7538825
2023-11-23,169.27410888671875,190.64999389648438,191.75,189.60000610351562,191.0,6541617
2023-11-24,167.6759490966797,188.85000610351562,191.85000610351562,188.14999389648438,190.85000610351562,5751331
2023-11-28,172.2041015625,193.9499969482422,194.4499969482422,188.39999389648438,188.85000610351562,9277764
2023-11-29,170.47274780273438,192.0,195.5,191.6999969482422,195.5,8791333
2023-11-30,173.09197998046875,194.9499969482422,195.64999389648438,192.0500030517578,192.64999389648438,14965403
2023-12-01,172.73684692382812,194.5500030517578,198.25,194.25,195.25,9935740
2023-12-04,179.39596557617188,202.0500030517578,205.89999389648438,196.0500030517578,196.5,28615290
2023-12-05,179.39596557617188,202.0500030517578,203.9499969482422,199.14999389648438,202.1999969482422,14557746
2023-12-06,179.30714416503906,201.9499969482422,203.75,199.10000610351562,203.75,12662213
2023-12-07,176.59910583496094,198.89999389648438,200.89999389648438,196.0500030517578,200.89999389648438,16425880
2023-12-08,173.9798583984375,195.9499969482422,200.3000030517578,194.10000610351562,199.85000610351562,10414387
2023-12-11,175.62245178222656,197.8000030517578,200.85000610351562,194.25,197.0500030517578,10108266
2023-12-12,173.4915313720703,195.39999389648438,197.8000030517578,194.5500030517578,196.9499969482422,10719911
2023-12-13,171.4938201904297,193.14999389648438,195.39999389648438,192.0500030517578,195.39999389648438,10892122
2023-12-14,173.9798583984375,195.9499969482422,196.3000030517578,193.25,195.89999389648438,15257294
2023-12-15,178.508056640625,201.0500030517578,201.9499969482422,196.85000610351562,197.25,22863981
2023-12-18,176.6879119873047,199.0,201.64999389648438,197.35000610351562,201.0500030517578,8061011
2023-12-19,177.84214782714844,200.3000030517578,203.5500030517578,199.3000030517578,202.0,16739742
2023-12-20,180.4169921875,203.1999969482422,212.0,200.9499969482422,201.75,57762576
2023-12-21,179.9286651611328,202.64999389648438,206.75,201.1999969482422,203.9499969482422,22823936
2023-12-22,181.0828857421875,203.9499969482422,204.5,201.8000030517578,204.0,9910694
2023-12-26,184.10166931152344,207.35000610351562,208.5,203.64999389648438,204.5,17052969
2023-12-27,182.50350952148438,205.5500030517578,209.89999389648438,204.5,209.5,20361303
2023-12-28,184.94517517089844,208.3000030517578,208.89999389648438,205.35000610351562,206.5,22010872
2023-12-29,182.05958557128906,205.0500030517578,208.0,204.25,208.0,12171663
2024-01-01,182.32594299316406,205.35000610351562,207.10000610351562,204.75,206.0,4820168
2024-01-02,183.8353271484375,207.0500030517578,210.75,203.64999389648438,205.35000610351562,21141219
2024-01-03,184.90078735351562,208.25,210.4499969482422,204.5,205.5,11650902
2024-01-04,190.58319091796875,214.64999389648438,215.39999389648438,209.3000030517578,210.5,31054419
2024-01-05,192.181396484375,216.4499969482422,217.5,213.0500030517578,215.4499969482422,20743811
2024-01-08,193.51319885253906,217.9499969482422,220.8000030517578,217.10000610351562,218.0,19310595
2024-01-09,192.3589630126953,216.64999389648438,221.4499969482422,215.9499969482422,221.0,11951525
2024-01-10,188.31912231445312,212.10000610351562,215.0,209.6999969482422,215.0,16500666
2024-01-11,188.09715270996094,211.85000610351562,214.0,210.85000610351562,214.0,12586419
2024-01-12,198.35214233398438,223.39999389648438,224.75,212.35000610351562,213.8000030517578,39228118
2024-01-15,207.31971740722656,233.5,235.4499969482422,224.64999389648438,228.5,57884916
2024-01-16,208.74034118652344,235.10000610351562,238.9499969482422,231.10000610351562,234.9499969482422,34505065
2024-01-17,206.0323028564453,232.0500030517578,237.25,230.6999969482422,232.1999969482422,26010955
2024-01-18,207.3641357421875,233.5500030517578,234.5,224.64999389648438,230.0500030517578,19232183
2024-01-19,214.91110229492188,242.0500030517578,242.5500030517578,235.0,236.0,26391844
2024-01-23,204.1233367919922,229.89999389648438,245.64999389648438,228.0,245.0,20282617
2024-01-24,208.0744171142578,234.35000610351562,235.0,228.10000610351562,231.0,14458601
2024-01-25,207.8080596923828,234.0500030517578,237.5,232.8000030517578,235.0,18291957
2024-01-29,224.18942260742188,252.5,254.9499969482422,239.10000610351562,241.0,54127939
2024-01-30,221.2593994140625,249.1999969482422,263.29998779296875,248.64999389648438,256.5,51491099
2024-01-31,223.9674530029297,252.25,254.35000610351562,246.3000030517578,250.4499969482422,33293192
2024-02-01,219.88320922851562,247.64999389648438,254.64999389648438,245.4499969482422,254.64999389648438,29758133
2024-02-02,228.40684509277344,257.25,260.0,249.0,250.0,30482663
2024-02-05,233.4677734375,262.95001220703125,268.04998779296875,255.10000610351562,260.04998779296875,34001868
2024-02-06,241.7694091796875,272.29998779296875,273.3999938964844,260.20001220703125,265.3500061035156,36708949
2024-02-07,241.41424560546875,271.8999938964844,275.6499938964844,267.54998779296875,275.0,23756939
2024-02-08,242.5240936279297,273.1499938964844,275.6499938964844,269.1000061035156,273.04998779296875,25252940
2024-02-09,237.55198669433594,267.54998779296875,275.6499938964844,259.1499938964844,275.0,26743792
2024-02-12,228.9839630126953,257.8999938964844,266.6000061035156,256.79998779296875,261.95001220703125,30906374
2024-02-13,230.4045867919922,259.5,262.3999938964844,254.6999969482422,258.0,20711842
2024-02-14,238.70626831054688,268.8500061035156,269.6499938964844,256.0,258.0,36168962
2024-02-15,246.20883178710938,277.29998779296875,279.8500061035156,269.0,271.6499938964844,32831246
2024-02-16,247.47007751464844,274.70001220703125,278.0,270.3500061035156,275.1499938964844,27044984
2024-02-19,247.4250030517578,274.6499938964844,279.04998779296875,272.3999938964844,274.70001220703125,15322964
2024-02-20,249.1816864013672,276.6000061035156,281.1499938964844,274.04998779296875,274.79998779296875,18968785
2024-02-21,245.8934783935547,272.95001220703125,281.1000061035156,271.6000061035156,276.0,16340579
2024-02-22,247.47007751464844,274.70001220703125,276.0,268.5,273.8500061035156,16791453
2024-02-23,245.21788024902344,272.20001220703125,276.0,271.1000061035156,274.8999938964844,9464646
2024-02-26,243.10079956054688,269.8500061035156,271.8999938964844,267.79998779296875,271.8999938964844,8661999
2024-02-27,242.65036010742188,269.3500061035156,270.20001220703125,264.95001220703125,268.04998779296875,19582774
2024-02-28,239.40721130371094,265.75,270.29998779296875,264.6000061035156,270.0,9118196
2024-02-29,238.3712158203125,264.6000061035156,266.3500061035156,261.5,265.0,17179832
2024-03-01,243.7313995361328,270.54998779296875,272.95001220703125,266.5,266.5,12930057
2024-03-04,251.5240020751953,279.20001220703125,280.54998779296875,272.5,272.75,22280353
2024-03-05,255.62295532226562,283.75,284.95001220703125,276.6499938964844,280.0,18544484
2024-03-06,252.46987915039062,280.25,284.29998779296875,273.54998779296875,284.29998779296875,16807149
2024-03-07,250.5330352783203,278.1000061035156,284.3500061035156,277.25,280.25,11386963
2024-03-11,246.83946228027344,274.0,280.5,273.20001220703125,278.1000061035156,10684598
2024-03-12,243.59628295898438,270.3999938964844,275.6000061035156,269.04998779296875,274.0,13780189
2024-03-13,230.03814697265625,255.35000610351562,271.0,252.75,270.79998779296875,20079496
2024-03-14,237.15504455566406,263.25,264.3500061035156,251.1999969482422,252.5,21404057
2024-03-15,233.10108947753906,258.75,266.3999938964844,248.89999389648438,263.95001220703125,34961065
2024-03-18,235.66859436035156,261.6000061035156,263.04998779296875,257.54998779296875,258.95001220703125,9246173
2024-03-19,233.5515594482422,259.25,263.95001220703125,256.6499938964844,262.0,8758348
2024-03-20,237.69558715820312,263.8500061035156,264.6000061035156,257.20001220703125,259.45001220703125,10484778
2024-03-21,236.88479614257812,262.95001220703125,266.95001220703125,262.3500061035156,264.70001220703125,12163200
2024-03-22,237.15504455566406,263.25,265.25,258.45001220703125,262.95001220703125,13025089
2024-03-26,239.1820068359375,265.5,267.8999938964844,259.29998779296875,261.6499938964844,10830926
2024-03-27,235.8037109375,261.75,268.20001220703125,259.6499938964844,265.0,28563001
2024-03-28,241.47923278808594,268.04998779296875,271.0,261.95001220703125,262.45001220703125,18888942
2024-04-01,243.14585876464844,269.8999938964844,271.5,267.79998779296875,268.04998779296875,6440401
2024-04-02,245.48812866210938,272.5,274.04998779296875,269.45001220703125,270.1000061035156,14439120
2024-04-03,248.05560302734375,275.3500061035156,279.0,273.8500061035156,275.04998779296875,22600929
2024-04-04,242.3350372314453,269.0,278.6499938964844,265.3500061035156,278.6499938964844,24624383
2024-04-05,241.38914489746094,267.95001220703125,271.8999938964844,266.5,267.8500061035156,13029904
2024-04-08,243.59628295898438,270.3999938964844,272.0,266.6000061035156,267.54998779296875,13011300
2024-04-09,242.29002380371094,268.95001220703125,272.6499938964844,268.0,270.0,13173933
2024-04-10,245.03768920898438,272.0,273.20001220703125,269.1499938964844,269.95001220703125,11137195
2024-04-12,239.36219787597656,265.70001220703125,272.5,265.0,271.8999938964844,21894584
2024-04-15,252.10955810546875,279.8500061035156,282.95001220703125,267.1000061035156,269.1000061035156,75063828
2024-04-16,255.08241271972656,283.1499938964844,292.54998779296875,275.25,277.0,79082544
2024-04-18,246.97454833984375,274.1499938964844,287.70001220703125,273.3500061035156,286.0,34136482
2024-04-19,247.9655303955078,275.25,280.79998779296875,274.1000061035156,276.75,32658724
2024-04-22,249.3618621826172,276.79998779296875,278.0,273.75,277.29998779296875,14184019
2024-04-23,249.3618621826172,276.79998779296875,278.75,275.54998779296875,276.8500061035156,8799147
2024-04-24,251.6591339111328,279.3500061035156,280.3999938964844,276.29998779296875,277.6000061035156,9253985
2024-04-25,254.0013885498047,281.95001220703125,282.6000061035156,278.0,279.3500061035156,17050557
2024-04-26,254.8572235107422,282.8999938964844,286.1499938964844,282.20001220703125,283.0,11070290
2024-04-29,255.12747192382812,283.20001220703125,285.25,282.1499938964844,283.95001220703125,8952420
2024-04-30,254.81216430664062,282.8500061035156,286.3500061035156,281.45001220703125,284.5,10658906
2024-05-02,254.76708984375,282.79998779296875,284.6000061035156,279.04998779296875,281.0,15677336
2024-05-03,257.739990234375,286.1000061035156,292.95001220703125,284.0,284.0,28913016
2024-05-06,254.18153381347656,282.1499938964844,288.75,275.25,288.70001220703125,15491865
2024-05-07,246.47909545898438,273.6000061035156,285.0,272.0,283.8999938964844,13179001
2024-05-08,249.4069061279297,276.8500061035156,280.25,272.3500061035156,273.5,12797721
2024-05-09,238.956787109375,265.25,278.54998779296875,263.20001220703125,277.25,14869187
2024-05-10,243.46116638183594,270.25,271.20001220703125,264.45001220703125,267.0,9530738
2024-05-13,240.4431915283203,266.8999938964844,271.8999938964844,262.04998779296875,271.8999938964844,7163239
2024-05-14,245.8484649658203,272.8999938964844,274.6499938964844,266.45001220703125,267.95001220703125,9123849
2024-05-15,246.34397888183594,273.45001220703125,276.0,272.5,274.5,6368662
2024-05-16,250.1276092529297,277.6499938964844,279.3500061035156,273.79998779296875,276.0,23757779
2024-05-17,249.9474334716797,277.45001220703125,283.3999938964844,276.6000061035156,278.79998779296875,11529157
2024-05-21,252.3347625732422,280.1000061035156,284.0,278.3500061035156,281.1000061035156,17559555
2024-05-22,250.44293212890625,278.0,284.0,276.8999938964844,284.0,17935064
2024-05-23,255.35264587402344,283.45001220703125,284.54998779296875,279.1000061035156,279.95001220703125,17719819
2024-05-24,255.1725311279297,283.25,285.95001220703125,281.8500061035156,284.0,11041667
2024-05-27,250.1276092529297,277.6499938964844,284.20001220703125,275.70001220703125,284.0,13719808
2024-05-28,247.10968017578125,274.29998779296875,279.29998779296875,273.04998779296875,279.29998779296875,6927361
2024-05-29,244.90257263183594,271.8500061035156,273.79998779296875,270.25,273.79998779296875,8327205
2024-05-30,240.26304626464844,266.70001220703125,275.1000061035156,265.0,273.0,15390964
2024-05-31,238.14599609375,264.3500061035156,268.45001220703125,263.0,268.45001220703125,24167379
2024-06-03,255.93826293945312,284.1000061035156,286.54998779296875,273.20001220703125,277.95001220703125,30195397
2024-06-04,212.87648010253906,236.3000030517578,285.0,223.0,285.0,72779900
2024-06-05,222.9662628173828,247.5,249.75,230.4499969482422,247.0,37078551
2024-06-06,227.29046630859375,252.3000030517578,259.5,249.25,254.0,30881233
2024-06-07,234.58755493164062,260.3999938964844,260.79998779296875,251.8000030517578,253.5,22010688
2024-06-10,233.46145629882812,259.1499938964844,264.0,258.04998779296875,264.0,14138524
2024-06-11,246.43405151367188,273.54998779296875,275.0,265.25,266.8500061035156,47270206
2024-06-12,248.19078063964844,275.5,279.1000061035156,274.6000061035156,278.0,20560662
2024-06-13,249.1366729736328,276.54998779296875,278.0,272.5,278.0,16013386
2024-06-14,248.10064697265625,275.3999938964844,278.20001220703125,274.6000061035156,277.0,10642648
2024-06-18,248.46095275878906,275.79998779296875,279.0,274.0,278.95001220703125,17044769
2024-06-19,244.6322479248047,271.54998779296875,276.6000061035156,271.1000061035156,275.8999938964844,13361607
2024-06-20,244.90257263183594,271.8500061035156,274.0,269.1000061035156,271.79998779296875,12826509
2024-06-21,242.92063903808594,269.6499938964844,274.75,268.8999938964844,271.45001220703125,17406416
2024-06-24,243.14585876464844,269.8999938964844,271.25,266.6000061035156,269.6499938964844,7282347
2024-06-25,240.53330993652344,267.0,270.79998779296875,265.0,270.1000061035156,14425434
2024-06-26,241.20895385742188,267.75,269.1499938964844,264.1000061035156,266.8999938964844,10650910
2024-06-27,240.98374938964844,267.5,268.1000061035156,263.5,267.3999938964844,22830930
2024-06-28,247.0196075439453,274.20001220703125,275.45001220703125,268.3500061035156,269.0,19532912
2024-07-01,245.8934783935547,272.95001220703125,275.79998779296875,271.6000061035156,275.0,11750972
2024-07-02,247.60519409179688,274.8500061035156,279.79998779296875,271.5,273.20001220703125,24470518
2024-07-03,247.47007751464844,274.70001220703125,277.70001220703125,274.0,276.0,9125400
2024-07-04,249.58706665039062,277.04998779296875,278.8999938964844,273.04998779296875,275.0,13444669
2024-07-05,259.6318664550781,288.20001220703125,289.29998779296875,276.5,277.25,39781962
2024-07-08,269.4964294433594,299.1499938964844,303.0,287.3500061035156,290.0,53136198
2024-07-09,267.96490478515625,297.45001220703125,301.8500061035156,293.3500061035156,300.79998779296875,18686252
2024-07-10,268.59552001953125,298.1499938964844,299.79998779296875,288.8500061035156,299.70001220703125,19278800
2024-07-11,274.5412902832031,304.75,307.20001220703125,295.1499938964844,300.0,36020507
2024-07-12,276.6583557128906,307.1000061035156,311.75,304.20001220703125,306.79998779296875,31788101
2024-07-15,290.53179931640625,322.5,323.6499938964844,308.6499938964844,311.79998779296875,51435537
2024-07-16,290.6669616699219,322.6499938964844,327.6000061035156,319.75,323.6000061035156,37468292
2024-07-18,298.8198547363281,331.70001220703125,333.29998779296875,321.6499938964844,325.1000061035156,48189915
2024-07-19,287.9642639160156,319.6499938964844,333.20001220703125,318.04998779296875,333.0,26579496
2024-07-22,289.00030517578125,320.79998779296875,323.3500061035156,314.5,320.0,22234557
2024-07-23,283.0095520019531,314.1499938964844,321.3999938964844,297.3999938964844,320.04998779296875,37871058
2024-07-24,287.87420654296875,319.54998779296875,325.75,312.1000061035156,313.04998779296875,28259305
2024-07-25,302.513427734375,335.79998779296875,337.54998779296875,316.1000061035156,318.04998779296875,42054664
2024-07-26,298.7297668457031,331.6000061035156,338.5,330.1000061035156,336.5,25703985
2024-07-29,299.90087890625,332.8999938964844,339.54998779296875,330.75,333.79998779296875,26721790
2024-07-30,299.0000305175781,331.8999938964844,338.25,331.0,332.0,19792253
2024-07-31,301.0720520019531,334.20001220703125,337.45001220703125,329.75,332.04998779296875,21393361
2024-08-01,307.8736572265625,341.75,344.70001220703125,337.1499938964844,337.79998779296875,36044960
2024-08-02,297.3784484863281,330.1000061035156,338.0,328.6499938964844,338.0,22939377
2024-08-05,279.49615478515625,310.25,323.29998779296875,306.0,320.3500061035156,37986023
2024-08-06,275.7574768066406,306.1000061035156,322.45001220703125,305.1499938964844,314.79998779296875,28386636
2024-08-07,296.4775695800781,329.1000061035156,330.95001220703125,312.0,312.3999938964844,66110716
2024-08-08,290.7120056152344,322.70001220703125,329.0,321.70001220703125,329.0,23478224
2024-08-09,299.5855712890625,332.54998779296875,335.8500061035156,328.20001220703125,333.95001220703125,29814474
2024-08-12,307.4682312011719,341.29998779296875,344.70001220703125,329.8999938964844,332.75,34754596
2024-08-13,302.603515625,335.8999938964844,345.0,332.95001220703125,344.1000061035156,28943385
2024-08-14,295.6217346191406,328.1499938964844,336.5,326.79998779296875,335.8500061035156,17812763
2024-08-16,296.9280090332031,329.6000061035156,335.75,328.6499938964844,332.54998779296875,16584396
2024-08-19,302.06298828125,335.29998779296875,338.75,333.54998779296875,335.0,19636518
2024-08-20,297.3784484863281,330.1000061035156,336.0,328.04998779296875,335.8500061035156,14972714
2024-08-21,295.2163391113281,327.70001220703125,331.5,326.5,330.6499938964844,11835143
2024-08-22,292.1983947753906,324.3500061035156,330.5,323.6000061035156,328.54998779296875,13387819
2024-08-23,289.5201721191406,318.8999938964844,324.79998779296875,317.54998779296875,324.3999938964844,13229612
2024-08-26,297.6456298828125,327.8500061035156,329.1000061035156,322.79998779296875,323.5,21346682
2024-08-27,298.55352783203125,328.8500061035156,332.54998779296875,326.0,329.3999938964844,20165503
2024-08-28,297.6002502441406,327.79998779296875,330.29998779296875,324.6499938964844,328.6499938964844,12446738
2024-08-29,299.23443603515625,329.6000061035156,330.1499938964844,324.95001220703125,326.1000061035156,13799961
2024-08-30,300.27850341796875,330.75,334.3999938964844,329.54998779296875,330.45001220703125,19666466
2024-09-02,296.1476745605469,326.20001220703125,331.95001220703125,325.79998779296875,330.0,8975511
2024-09-03,292.51617431640625,322.20001220703125,328.0,321.6499938964844,327.0,10321111
2024-09-04,285.43475341796875,314.3999938964844,316.20001220703125,308.3999938964844,315.0,25397204
2024-09-05,282.711181640625,311.3999938964844,316.95001220703125,310.1499938964844,316.95001220703125,15571640
2024-09-06,280.3506774902344,308.79998779296875,313.1499938964844,303.70001220703125,311.5,27946491
2024-09-09,271.36273193359375,298.8999938964844,308.70001220703125,294.6499938964844,308.70001220703125,30369085
2024-09-10,268.3668212890625,295.6000061035156,301.5,295.0,300.1000061035156,15618589
2024-09-11,259.0157470703125,285.29998779296875,292.3999938964844,283.25,292.3999938964844,44826300
2024-09-12,266.95953369140625,294.04998779296875,294.75,286.5,288.0,21964895
2024-09-13,264.5991516113281,291.45001220703125,297.25,291.04998779296875,295.70001220703125,13672371
2024-09-16,265.5523986816406,292.5,295.3999938964844,291.3500061035156,294.79998779296875,10971110
2024-09-17,267.50433349609375,294.6499938964844,296.6000061035156,292.1499938964844,293.70001220703125,11873436
2024-09-18,263.6458740234375,290.3999938964844,297.79998779296875,287.8999938964844,297.6000061035156,13421760
2024-09-19,258.9703369140625,285.25,289.20001220703125,282.5,287.3999938964844,17067311
2024-09-20,259.87823486328125,286.25,289.04998779296875,285.20001220703125,287.0,16585530
2024-09-23,268.23065185546875,295.45001220703125,296.3999938964844,287.54998779296875,288.3999938964844,14621229
2024-09-24,271.86212158203125,299.45001220703125,302.0,294.70001220703125,296.29998779296875,16986759
2024-09-25,271.18121337890625,298.70001220703125,301.20001220703125,296.70001220703125,299.45001220703125,10609614
2024-09-26,268.0036315917969,295.20001220703125,298.70001220703125,291.5,297.04998779296875,27812412
2024-09-27,269.81939697265625,297.20001220703125,298.45001220703125,289.70001220703125,292.70001220703125,35706130
2024-09-30,270.1825256347656,297.6000061035156,301.79998779296875,293.75,297.0,16294341
2024-10-01,265.0530700683594,291.95001220703125,299.1499938964844,290.70001220703125,297.0,10919818
2024-10-03,265.14385986328125,292.04998779296875,298.0,290.54998779296875,295.0,28124665
2024-10-04,268.0490417480469,295.25,299.70001220703125,293.20001220703125,297.0,23104209
2024-10-07,262.783447265625,289.45001220703125,296.29998779296875,281.5,296.0,20917962
2024-10-08,266.4148864746094,293.45001220703125,293.8999938964844,280.54998779296875,288.1499938964844,10572360
2024-10-09,261.9209289550781,288.5,291.8999938964844,286.8500061035156,291.25,13147475
2024-10-10,262.14788818359375,288.75,292.1499938964844,287.54998779296875,288.70001220703125,7237212
2024-10-11,265.5977783203125,292.54998779296875,293.6499938964844,289.5,291.29998779296875,7011704
2024-10-14,260.1051940917969,286.5,292.8999938964844,285.1499938964844,292.70001220703125,12690951
2024-10-15,257.56317138671875,283.70001220703125,286.3999938964844,280.8500061035156,286.3999938964844,15087155
2024-10-16,259.10650634765625,285.3999938964844,287.25,280.6499938964844,283.0,18188885
2024-10-17,255.6566162109375,281.6000061035156,287.6000061035156,280.95001220703125,285.0,13343303
2024-10-18,257.199951171875,283.29998779296875,284.5,279.20001220703125,282.0,14028398
2024-10-21,251.11724853515625,276.6000061035156,284.0,274.54998779296875,281.1499938964844,10299773
2024-10-22,245.85159301757812,270.79998779296875,278.1499938964844,270.0,278.0,10028511
2024-10-23,245.89698791503906,270.8500061035156,274.3999938964844,265.04998779296875,270.0,18823321
2024-10-24,244.3082275390625,269.1000061035156,272.45001220703125,268.3500061035156,271.8999938964844,7488521
2024-10-25,239.72344970703125,264.04998779296875,270.29998779296875,261.6000061035156,270.0,12961181
2024-10-28,239.08795166015625,263.3500061035156,265.04998779296875,255.3000030517578,260.6499938964844,13835091
2024-10-29,240.58595275878906,265.0,265.54998779296875,259.3999938964844,263.3500061035156,9122757
2024-10-30,237.5445556640625,261.6499938964844,266.20001220703125,261.04998779296875,265.0,11166643
2024-10-31,241.62997436523438,266.1499938964844,268.29998779296875,261.1499938964844,263.3999938964844,16173656
2024-11-01,246.71408081054688,271.75,274.0,268.6499938964844,269.79998779296875,2955757
2024-11-04,240.85829162597656,265.29998779296875,274.3500061035156,260.1499938964844,274.0,14355959
2024-11-05,242.76480102539062,267.3999938964844,268.6000061035156,263.6000061035156,265.20001220703125,11676017
2024-11-06,244.26283264160156,269.04998779296875,270.6000061035156,264.3999938964844,267.70001220703125,19244545
2024-11-07,240.7675018310547,265.20001220703125,270.5,264.79998779296875,270.5,6766663
2024-11-08,238.36163330078125,262.54998779296875,266.5,259.6499938964844,265.95001220703125,7836093
2024-11-11,233.23216247558594,256.8999938964844,262.3500061035156,256.0,262.3500061035156,8450657
2024-11-12,232.55126953125,256.1499938964844,263.20001220703125,255.39999389648438,260.8500061035156,22445400
2024-11-13,229.28294372558594,252.5500030517578,256.95001220703125,249.0,256.1499938964844,17483332
2024-11-14,227.6941680908203,250.8000030517578,254.3000030517578,249.0,252.5500030517578,12454540
2024-11-18,227.5579833984375,250.64999389648438,252.10000610351562,247.10000610351562,251.10000610351562,14636541
2024-11-19,230.67393493652344,248.0,255.39999389648438,247.10000610351562,250.0,17397559
2024-11-21,225.23263549804688,242.14999389648438,248.0,240.8000030517578,248.0,16189440
2024-11-22,228.4416046142578,245.60000610351562,246.9499969482422,243.5,244.8000030517578,9637581
2024-11-25,239.8822784423828,257.8999938964844,260.5,247.9499969482422,248.5,31973671
2024-11-26,236.48728942871094,254.25,258.25,252.5500030517578,256.95001220703125,9242451
2024-11-27,236.5338134765625,254.3000030517578,255.5,250.5500030517578,255.0,11689970
2024-11-28,234.58050537109375,252.1999969482422,257.3999938964844,251.1999969482422,255.0,14202863
2024-11-29,238.76614379882812,256.70001220703125,258.6499938964844,252.25,253.8000030517578,11476347
2024-12-02,239.55673217773438,257.54998779296875,258.29998779296875,252.6999969482422,255.5,13677959
2024-12-03,244.0214080810547,262.3500061035156,264.70001220703125,258.8500061035156,260.3999938964844,15345326
2024-12-04,242.48666381835938,260.70001220703125,264.29998779296875,260.0,263.8500061035156,10713838
2024-12-05,243.04473876953125,261.29998779296875,263.25,256.8999938964844,260.70001220703125,12896743
2024-12-06,241.88209533691406,260.04998779296875,263.0,259.54998779296875,260.79998779296875,8783386
2024-12-09,240.8124237060547,258.8999938964844,261.3500061035156,257.70001220703125,260.04998779296875,6800856
2024-12-10,238.95216369628906,256.8999938964844,258.75,254.5,257.6499938964844,11318782
2024-12-11,238.67311096191406,256.6000061035156,258.70001220703125,255.64999389648438,257.5,5353032
2024-12-12,236.30126953125,254.0500030517578,258.6000061035156,253.60000610351562,258.0,7123877
2024-12-13,236.48728942871094,254.25,256.79998779296875,249.5,253.0,11143128
2024-12-16,234.2084503173828,251.8000030517578,256.29998779296875,251.1999969482422,254.0,7283872
2024-12-17,230.1158447265625,247.39999389648438,252.4499969482422,246.5,251.75,10066884
2024-12-18,227.09291076660156,244.14999389648438,247.5,243.39999389648438,247.39999389648438,8430930
2024-12-19,224.95359802246094,241.85000610351562,243.9499969482422,238.5500030517578,240.0,9518542
2024-12-20,220.53546142578125,237.10000610351562,244.14999389648438,235.3000030517578,241.5,15556528
2024-12-23,224.02346801757812,240.85000610351562,242.3000030517578,236.85000610351562,238.25,7722901
2024-12-24,222.25619506835938,238.9499969482422,243.25,238.60000610351562,241.0,3577400
2024-12-26,223.4653778076172,240.25,242.0,239.0,240.0,6330006
2024-12-27,220.34942626953125,236.89999389648438,241.0,236.3000030517578,240.0,6487888
2024-12-30,216.39633178710938,232.64999389648438,237.0,231.14999389648438,236.0500030517578,19401112
2024-12-31,222.53524780273438,239.25,239.89999389648438,232.35000610351562,232.64999389648438,12004845
2025-01-01,220.39593505859375,236.9499969482422,239.24000549316406,236.35000610351562,237.80999755859375,9418453
2025-01-02,228.8787841796875,246.07000732421875,246.77999877929688,237.0,237.0500030517578,19745810
2025-01-03,240.8031463623047,258.8900146484375,262.75,247.99000549316406,248.4499969482422,49760410
2025-01-06,236.58961486816406,254.36000061035156,259.5,251.4499969482422,259.1099853515625,19265884
2025-01-07,245.0817413330078,263.489990234375,267.3999938964844,258.04998779296875,259.1499938964844,52956766
2025-01-08,252.37399291992188,271.3299865722656,273.5,265.75,266.45001220703125,42237794
2025-01-09,244.79339599609375,263.17999267578125,272.5899963378906,261.7099914550781,272.0299987792969,14706472
2025-01-10,244.64459228515625,263.0199890136719,266.5,258.4700012207031,264.0,13053552
2025-01-13,237.8638916015625,255.72999572753906,268.6000061035156,254.61000061035156,266.0299987792969,20416370
2025-01-14,242.1797332763672,260.3699951171875,262.0,256.82000732421875,257.5199890136719,8470150
2025-01-15,240.14273071289062,258.17999267578125,264.4700012207031,257.69000244140625,260.8999938964844,9344731
2025-01-16,244.79339599609375,263.17999267578125,265.6300048828125,260.0,260.0,14195450
2025-01-17,247.9465789794922,266.57000732421875,267.0,261.29998779296875,262.0,12148143
2025-01-20,250.54165649414062,269.3599853515625,270.4700012207031,265.010009765625,268.1000061035156,9676264
2025-01-21,247.23036193847656,265.79998779296875,269.3500061035156,264.80999755859375,268.04998779296875,8989218
2025-01-22,245.60260009765625,264.04998779296875,266.3900146484375,261.7099914550781,266.0,7919682
2025-01-23,244.6724853515625,263.04998779296875,263.8299865722656,261.1700134277344,263.0,5026675
2025-01-24,238.5894012451172,256.510009765625,265.6400146484375,255.75,262.989990234375,6306281
2025-01-27,233.2597198486328,250.77999877929688,256.44000244140625,249.50999450683594,255.0,6944911
2025-01-28,231.30642700195312,248.67999267578125,252.39999389648438,246.7100067138672,250.0,8029472
2025-01-29,233.8363800048828,251.39999389648438,252.0,247.0,248.89999389648438,5651586
2025-01-30,238.7847137451172,256.7200012207031,259.3999938964844,250.94000244140625,252.0,12588155
2025-01-31,244.2632293701172,262.6099853515625,263.489990234375,255.2100067138672,257.010009765625,8850307
2025-02-01,239.55673217773438,257.54998779296875,262.5,253.75,259.54998779296875,10921673
2025-02-03,231.6040802001953,249.0,256.3500061035156,244.85000610351562,255.60000610351562,25719512
2025-02-04,236.34776306152344,254.10000610351562,257.5,252.0,252.39999389648438,8402532
2025-02-05,243.3702850341797,261.6499938964844,263.0,257.75,259.0,11590755
2025-02-06,238.25454711914062,256.1499938964844,262.95001220703125,254.3000030517578,262.6499938964844,12327998
2025-02-07,236.1200714111328,248.89999389648438,253.85000610351562,247.5,252.9499969482422,10098454
2025-02-10,230.00125122070312,242.4499969482422,249.60000610351562,241.8000030517578,248.9499969482422,7582536
2025-02-11,226.6809539794922,238.9499969482422,242.4499969482422,236.8000030517578,242.4499969482422,6711630
2025-02-12,225.21054077148438,237.39999389648438,241.25,234.14999389648438,239.0,5985956
2025-02-13,222.88633728027344,234.9499969482422,239.4499969482422,234.1999969482422,238.5,10079210
2025-02-14,218.6648406982422,230.5,237.9499969482422,226.75,235.0,8065352
2025-02-17,221.653076171875,233.64999389648438,234.3000030517578,225.0500030517578,230.1999969482422,6692422
2025-02-18,224.45162963867188,236.60000610351562,237.14999389648438,229.5500030517578,232.1999969482422,6170974
2025-02-19,226.0643310546875,238.3000030517578,238.8000030517578,234.5,236.0,6168581
2025-02-20,229.47950744628906,241.89999389648438,242.64999389648438,236.5,236.8000030517578,8929816
2025-02-21,227.58218383789062,239.89999389648438,243.0500030517578,238.10000610351562,241.89999389648438,5697387
2025-02-24,222.31716918945312,234.35000610351562,237.9499969482422,234.0,236.3000030517578,6883143
2025-02-25,221.03646850585938,233.0,236.6999969482422,232.5500030517578,235.0,5519036
2025-02-27,219.13917541503906,231.0,233.85000610351562,228.5,233.5,9664032
2025-02-28,213.6844024658203,225.25,230.5,223.14999389648438,230.0,17237276
2025-03-03,213.57057189941406,225.1300048828125,226.0,218.36000061035156,224.75,11928529
2025-03-04,215.11685180664062,226.75999450683594,227.75,215.47999572753906,220.10000610351562,12428265
2025-03-05,217.1849365234375,228.94000244140625,231.25,226.75999450683594,227.1199951171875,7466729
2025-03-06,220.65701293945312,232.60000610351562,233.57000732421875,226.7100067138672,231.49000549316406,10439208
2025-03-07,220.93211364746094,232.88999938964844,236.47000122070312,231.1699981689453,232.60000610351562,9079049
2025-03-10,211.7301788330078,223.19000244140625,235.0,222.47999572753906,232.88999938964844,16489167
2025-03-11,215.0789337158203,226.72000122070312,227.25999450683594,220.10000610351562,220.89999389648438,10941588
2025-03-12,212.87803649902344,224.39999389648438,228.83999633789062,222.36000061035156,227.10000610351562,6994310
2025-03-13,213.8551483154297,225.42999267578125,230.39999389648438,224.8699951171875,228.14999389648438,16105085
2025-03-17,217.94384765625,229.74000549316406,230.4499969482422,226.24000549316406,226.52000427246094,8788971
2025-03-18,217.94384765625,229.74000549316406,229.74000549316406,229.74000549316406,229.74000549316406,0
2025-03-19,220.62855529785156,232.57000732421875,235.13999938964844,231.60000610351562,232.5,8626593
2025-03-20,223.4934844970703,235.58999633789062,237.0399932861328,232.00999450683594,233.47999572753906,18955995
2025-03-21,229.97279357910156,242.4199981689453,248.0,235.8000030517578,235.8000030517578,29285333
2025-03-24,231.31039428710938,243.8300018310547,246.39999389648438,242.75,244.19000244140625,10566066
2025-03-25,229.8115234375,242.25,245.3699951171875,240.5500030517578,244.00999450683594,8915800
2025-03-26,227.41143798828125,239.72000122070312,244.5,239.3699951171875,243.35000610351562,7543985
2025-03-27,229.7356414794922,242.1699981689453,243.39999389648438,238.64999389648438,238.8699951171875,9935664
2025-03-28,233.72946166992188,246.3800048828125,254.89999389648438,243.25999450683594,243.44000244140625,32905564
2025-04-01,235.33270263671875,248.07000732421875,252.1999969482422,246.6999969482422,247.0,11258957
2025-04-02,237.77073669433594,250.63999938964844,251.5,248.0,250.0500030517578,15337906
2025-04-03,230.8170928955078,243.30999755859375,249.6199951171875,242.50999450683594,248.0,11141370
2025-04-04,214.40536499023438,226.00999450683594,241.2100067138672,224.1999969482422,240.55999755859375,38336194
2025-04-07,208.55218505859375,219.83999633789062,220.8000030517578,205.0,208.0,27024128
2025-04-08,215.02200317382812,226.66000366210938,227.24000549316406,219.17999267578125,223.0,11309092
2025-04-09,210.5443572998047,221.94000244140625,224.05999755859375,220.25999450683594,222.0,16889575
2025-04-11,218.54150390625,230.3699951171875,231.39999389648438,225.25,228.3000030517578,13886447
2025-04-15,220.7423858642578,232.69000244140625,234.0,230.10000610351562,234.0,12102239
2025-04-16,228.83441162109375,241.22000122070312,242.0,231.72000122070312,232.69000244140625,18748952
2025-04-17,230.98785400390625,243.49000549316406,244.61000061035156,239.25999450683594,241.0,12891813
2025-04-21,236.9548797607422,249.77999877929688,250.5500030517578,241.75,244.00999450683594,11698653
2025-04-22,235.05758666992188,247.77999877929688,250.60000610351562,247.25999450683594,248.97000122070312,9896443
2025-04-23,239.22216796875,252.1699981689453,252.75,244.9199981689453,248.74000549316406,16555874
2025-04-24,236.56594848632812,249.3699951171875,251.3699951171875,248.0,250.0,6538518
2025-04-25,233.68203735351562,246.3300018310547,250.67999267578125,244.39999389648438,249.0,15616265
2025-04-28,237.73280334472656,250.60000610351562,251.9499969482422,244.3800048828125,246.0,7669983
2025-04-29,233.06539916992188,245.67999267578125,252.10000610351562,245.10000610351562,251.24000549316406,8030552
2025-04-30,231.89857482910156,244.4499969482422,247.44000244140625,242.22000122070312,245.5,9822483
2025-05-02,230.27638244628906,242.74000549316406,246.27000427246094,239.0,241.0,10203190
2025-05-05,226.9181365966797,239.1999969482422,241.14999389648438,234.5,240.0,20086323
2025-05-06,224.8311004638672,237.0,242.99000549316406,236.0,241.1300048828125,11350559
2025-05-07,226.41534423828125,238.6699981689453,240.08999633789062,232.07000732421875,232.3000030517578,16689539
2025-05-08,221.24517822265625,233.22000122070312,239.33999633789062,231.39999389648438,237.66000366210938,15026122
2025-05-09,222.89585876464844,234.9600067138672,235.3000030517578,228.4499969482422,229.10000610351562,11184507
2025-05-12,231.4906463623047,244.02000427246094,244.60000610351562,238.11000061035156,239.0,11374237
2025-05-13,228.77749633789062,241.16000366210938,245.2899932861328,240.2899932861328,244.14999389648438,9336026
2025-05-14,233.3784637451172,246.00999450683594,246.89999389648438,241.16000366210938,241.16000366210938,8234859
2025-05-15,234.8963165283203,247.61000061035156,248.9199981689453,242.3000030517578,244.9499969482422,16812750
2025-05-16,234.57376098632812,247.27000427246094,249.38999938964844,246.1999969482422,247.05999755859375,8030229
2025-05-19,233.91920471191406,246.5800018310547,249.4499969482422,244.91000366210938,248.0,8043270
2025-05-20,236.4615936279297,249.25999450683594,252.6999969482422,246.7899932861328,246.7899932861328,13183059
2025-05-21,235.91136169433594,248.67999267578125,251.9499969482422,247.75999450683594,251.5,7158307
2025-05-22,229.2613067626953,241.6699981689453,250.47999572753906,239.61000061035156,248.67999267578125,18502235
2025-05-23,231.69935607910156,244.24000549316406,244.67999267578125,240.14999389648438,242.5,8725218
2025-05-26,233.3120574951172,245.94000244140625,247.1300048828125,244.80999755859375,245.3000030517578,7159571
2025-05-27,231.9839324951172,244.5399932861328,246.85000610351562,242.9199981689453,246.85000610351562,9712093
2025-05-28,230.2099609375,242.6699981689453,245.33999633789062,241.3000030517578,244.63999938964844,7385958
2025-05-29,230.5609588623047,243.0399932861328,244.60000610351562,241.35000610351562,243.60000610351562,12938112
2025-05-30,227.10784912109375,239.39999389648438,245.19000244140625,238.88999938964844,243.0399932861328,10108840
2025-06-02,226.07383728027344,238.30999755859375,240.08999633789062,237.66000366210938,239.0,6278145
2025-06-03,225.0872344970703,237.27000427246094,241.0500030517578,236.60000610351562,240.5,9515918
2025-06-04,225.82717895507812,238.0500030517578,238.5,235.5,238.0,6733580
2025-06-05,225.5615692138672,237.77000427246094,239.6199951171875,236.22000122070312,238.0500030517578,8941808
2025-06-06,227.7339630126953,240.05999755859375,240.47000122070312,237.50999450683594,237.7899932861328,5985346
2025-06-09,230.33328247070312,242.8000030517578,244.1199951171875,240.5,241.77999877929688,7719525
2025-06-10,232.1167449951172,244.67999267578125,245.0,242.58999633789062,244.25,7659657
2025-06-11,234.62120056152344,247.32000732421875,250.39999389648438,243.5500030517578,244.5,20842417
2025-06-12,235.15245056152344,247.8800048828125,255.1999969482422,246.75,251.5,35613271
2025-06-13,238.5960693359375,251.50999450683594,255.9499969482422,249.1199951171875,255.5500030517578,39320377
2025-06-16,243.60496520996094,256.7900085449219,257.5,252.19000244140625,253.99000549316406,41444122
2025-06-17,239.35498046875,252.30999755859375,257.0899963378906,251.5500030517578,256.94000244140625,18781097
2025-06-18,237.505126953125,250.36000061035156,255.88999938964844,249.77000427246094,254.02999877929688,12691905
2025-06-19,238.64349365234375,251.55999755859375,253.0,248.1999969482422,250.5,10790997
2025-06-20,238.95654296875,251.88999938964844,253.25,249.35000610351562,252.25999450683594,15907673
2025-06-23,238.4727325439453,251.3800048828125,255.49000549316406,250.3300018310547,253.00999450683594,16776881
2025-06-24,231.39576721191406,243.9199981689453,248.0,243.49000549316406,247.5,22215004
2025-06-25,229.48898315429688,241.91000366210938,245.3000030517578,241.5,244.0,13056178
2025-06-26,232.1641845703125,244.72999572753906,245.3699951171875,241.5399932861328,242.0,15769123
2025-06-27,230.36175537109375,242.8300018310547,246.22000122070312,242.0,245.00999450683594,21691960
2025-06-30,231.6708984375,244.2100067138672,245.6999969482422,243.0,244.0,8783448
2025-07-01,230.8740234375,243.3699951171875,245.3000030517578,241.3000030517578,245.3000030517578,8470489
2025-07-02,228.69212341308594,241.07000732421875,243.75,240.1999969482422,242.89999389648438,10419419
2025-07-03,231.51910400390625,244.0500030517578,246.1999969482422,241.8000030517578,242.0,13891239
2025-07-04,232.64801025390625,245.24000549316406,245.4499969482422,242.50999450683594,245.1999969482422,7717259
2025-07-07,229.11900329589844,241.52000427246094,245.5,240.8300018310547,245.5,9222263
2025-07-08,230.7506866455078,243.24000549316406,243.6999969482422,240.64999389648438,242.41000366210938,7537067
2025-07-09,230.8550567626953,243.35000610351562,244.58999633789062,242.27000427246094,243.35000610351562,9590680
2025-07-10,230.6083984375,243.08999633789062,244.69000244140625,242.3300018310547,243.50999450683594,8012201
2025-07-11,229.34666442871094,241.75999450683594,243.08999633789062,240.8000030517578,243.0500030517578,5608382
2025-07-14,231.6803741455078,244.22000122070312,244.88999938964844,241.13999938964844,242.89999389648438,7568906
2025-07-15,231.1586151123047,243.6699981689453,245.3699951171875,242.6999969482422,244.47999572753906,7843083
2025-07-16,230.38072204589844,242.85000610351562,244.14999389648438,242.3000030517578,244.0,5656962
2025-07-17,231.34832763671875,243.8699951171875,244.55999755859375,242.82000732421875,243.0,7006298
2025-07-18,233.66305541992188,246.30999755859375,247.35000610351562,243.4600067138672,244.74000549316406,10293817
2025-07-21,232.45828247070312,245.0399932861328,246.3000030517578,244.42999267578125,246.0,5424455
2025-07-22,233.75791931152344,246.41000366210938,246.8699951171875,244.07000732421875,245.0399932861328,5869862
2025-07-23,232.9420928955078,245.5500030517578,247.1999969482422,244.25999450683594,246.0,7357753
2025-07-24,232.25906372070312,244.8300018310547,246.1999969482422,243.75999450683594,245.55999755859375,4590999
2025-07-25,227.9521484375,240.2899932861328,244.8000030517578,239.25,244.0,7427827
2025-07-28,227.69602966308594,240.02000427246094,241.55999755859375,237.8000030517578,240.2899932861328,6865890
2025-07-29,229.04312133789062,241.44000244140625,242.50999450683594,239.82000732421875,240.02000427246094,6157824
2025-07-30,229.39410400390625,241.80999755859375,243.7100067138672,240.10000610351562,242.5399932861328,8767763
2025-07-31,228.62570190429688,241.0,242.80999755859375,239.66000366210938,240.1999969482422,10254214
2025-08-01,224.63186645507812,236.7899932861328,240.7100067138672,234.0500030517578,240.10000610351562,12629251
2025-08-04,222.7725067138672,234.8300018310547,238.38999938964844,234.0,236.5,16174972
2025-08-05,222.4404754638672,234.47999572753906,236.0,233.0500030517578,235.5,9562689
2025-08-06,221.76693725585938,233.77000427246094,235.3699951171875,232.91000366210938,234.5500030517578,7568954
2025-08-07,221.91873168945312,233.92999267578125,234.1999969482422,231.30999755859375,233.14999389648438,5560413
2025-08-08,221.45387268066406,233.44000244140625,235.1199951171875,232.67999267578125,233.89999389648438,5249568
2025-08-11,221.785888671875,233.7899932861328,235.0,231.5800018310547,233.44000244140625,4699743
2025-08-12,223.4270782470703,235.52000427246094,236.36000061035156,233.61000061035156,233.8000030517578,7036778
2025-08-13,226.41534423828125,238.6699981689453,239.9499969482422,236.3000030517578,237.74000549316406,8501906
2025-08-14,224.774169921875,236.94000244140625,238.6699981689453,234.42999267578125,238.50999450683594,7258450
2025-08-18,225.93153381347656,238.16000366210938,238.58999633789062,235.5,237.25,8501972
2025-08-19,225.7228240966797,237.94000244140625,238.5399932861328,236.67999267578125,237.5,5538059
2025-08-20,225.7133331298828,237.92999267578125,239.08999633789062,237.0,237.0,7438061
2025-08-21,226.0548553466797,238.2899932861328,240.99000549316406,237.22999572753906,238.0,8111371
2025-08-22,224.1575469970703,236.2899932861328,238.6300048828125,235.88999938964844,238.0,5423818
2025-08-25,224.60340881347656,236.75999450683594,237.49000549316406,235.64999389648438,236.3000030517578,8854258
2025-08-26,222.1653594970703,234.19000244140625,237.3000030517578,233.8000030517578,236.66000366210938,14671897
2025-08-28,221.40646362304688,233.38999938964844,235.27999877929688,232.3800048828125,234.3000030517578,13870643
2025-08-29,221.71002197265625,233.7100067138672,235.3699951171875,231.3300018310547,233.38999938964844,9928988
2025-09-01,226.46278381347656,238.72000122070312,239.19000244140625,233.07000732421875,234.0,4366396
2025-09-02,227.1932373046875,239.49000549316406,242.5,237.39999389648438,238.75,5921193
2025-09-03,226.79481506347656,239.07000732421875,241.94000244140625,238.4600067138672,239.5,4364007
2025-09-04,224.7921600341797,235.72000122070312,239.35000610351562,235.42999267578125,239.07000732421875,8778730
2025-09-05,223.27587890625,234.1300048828125,237.16000366210938,233.00999450683594,235.75,7210683
2025-09-08,221.7500457763672,232.52999877929688,234.97999572753906,232.05999755859375,234.1300048828125,8418326
2025-09-09,220.6056671142578,231.3300018310547,234.58999633789062,230.75999450683594,232.52999877929688,11665314
2025-09-10,220.9966583251953,231.74000549316406,233.0399932861328,231.0,233.0,11775053
2025-09-11,222.9230194091797,233.75999450683594,235.22000122070312,232.10000610351562,232.10000610351562,11047708
2025-09-12,222.43666076660156,233.25,235.41000366210938,232.6999969482422,234.50999450683594,6073522
2025-09-15,221.4925537109375,232.25999450683594,234.19000244140625,232.0,233.14999389648438,6153784
2025-09-16,224.1913604736328,235.08999633789062,235.27000427246094,232.4199981689453,232.47999572753906,7319921
2025-09-17,225.89837646484375,236.8800048828125,237.9600067138672,235.17999267578125,236.0,7628371
2025-09-18,224.6681671142578,235.58999633789062,237.6999969482422,234.5,237.6999969482422,6497852
2025-09-19,225.71719360351562,236.69000244140625,237.39999389648438,234.75,235.11000061035156,16484017
2025-09-22,226.46102905273438,237.47000122070312,238.4499969482422,235.64999389648438,236.0,9962796
2025-09-23,225.68858337402344,236.66000366210938,237.58999633789062,235.14999389648438,237.25,7014239
2025-09-24,227.4623565673828,238.52000427246094,240.1300048828125,236.25999450683594,236.66000366210938,8299331
2025-09-25,228.5590362548828,239.6699981689453,242.13999938964844,238.52000427246094,238.9199981689453,10150654
2025-09-26,226.98553466796875,238.02000427246094,240.25999450683594,236.83999633789062,240.0,6349466
2025-09-29,228.8546600341797,239.97999572753906,241.16000366210938,238.1699981689453,239.0,10631271
2025-09-30,228.39691162109375,239.5,240.88999938964844,238.5,240.0,7167687
2025-10-01,231.77279663085938,243.0399932861328,246.2899932861328,238.47000122070312,238.60000610351562,10375310
2025-10-03,232.3640594482422,243.66000366210938,244.1999969482422,239.6999969482422,242.5,10702610
2025-10-06,234.4620819091797,245.86000061035156,247.5,242.72999572753906,242.72999572753906,9465503
2025-10-07,233.94711303710938,245.32000732421875,249.5,244.66000366210938,245.86000061035156,12498420
2025-10-08,230.59982299804688,241.80999755859375,246.8000030517578,241.13999938964844,246.5500030517578,5073558
2025-10-09,232.10658264160156,243.38999938964844,244.5,240.55999755859375,241.83999633789062,9292031
2025-10-10,234.91981506347656,246.33999633789062,247.0800018310547,243.60000610351562,244.0500030517578,9050771
2025-10-13,232.7741241455078,244.08999633789062,245.67999267578125,241.3800048828125,245.0,12607116
2025-10-14,233.3463134765625,244.69000244140625,248.74000549316406,243.89999389648438,245.3000030517578,13865005
2025-10-15,236.23583984375,247.72000122070312,248.19000244140625,244.2899932861328,244.69000244140625,8520238
2025-10-16,236.83665466308594,248.35000610351562,248.6999969482422,246.0,248.0,6083826
2025-10-17,236.2072296142578,247.69000244140625,248.5500030517578,244.77000427246094,248.5500030517578,14250215
2025-10-20,237.20855712890625,248.74000549316406,249.1999969482422,244.99000549316406,247.69000244140625,10920554
2025-10-21,236.61729431152344,248.1199951171875,249.3000030517578,247.38999938964844,248.74000549316406,569979
2025-10-23,240.61305236816406,252.30999755859375,253.24000549316406,249.0800018310547,250.0,13879042
2025-10-24,243.14019775390625,254.9600067138672,257.3999938964844,252.85000610351562,254.0,17882209
2025-10-27,241.52854919433594,253.27000427246094,256.0899963378906,251.91000366210938,255.4199981689453,7889080
2025-10-28,238.92510986328125,250.5399932861328,253.7899932861328,249.86000061035156,253.10000610351562,8529692
2025-10-29,243.78866577148438,255.63999938964844,257.3399963378906,250.5500030517578,250.9499969482422,8806213
2025-10-30,242.73013305664062,254.52999877929688,256.5,253.41000366210938,256.5,5266883
2025-10-31,243.53118896484375,255.3699951171875,257.8999938964844,253.32000732421875,254.6999969482422,7199008
2025-11-03,245.610107421875,257.54998779296875,258.5,254.3000030517578,255.0,5450040
2025-11-04,240.6511993408203,252.35000610351562,257.5,252.0,256.1000061035156,6006851
2025-11-06,239.84060668945312,251.5,255.5,250.4499969482422,253.5500030517578,6987258
2025-11-07,240.50814819335938,252.1999969482422,253.60000610351562,250.0,250.0,4449104
2025-11-10,239.7452392578125,251.39999389648438,255.5,249.5,252.0,7418162
2025-11-11,237.88563537597656,249.4499969482422,254.1999969482422,246.0,254.1999969482422,16183880
2025-11-12,242.0816650390625,253.85000610351562,255.60000610351562,249.89999389648438,252.60000610351562,11917811
2025-11-13,239.2207489013672,250.85000610351562,253.6999969482422,247.3000030517578,253.6999969482422,13057927
2025-11-14,241.9075164794922,247.60000610351562,249.64999389648438,245.10000610351562,245.5,9185042
2025-11-17,242.34716796875,248.0500030517578,249.6999969482422,247.4499969482422,247.60000610351562,6281588
2025-11-18,241.2724609375,246.9499969482422,249.4499969482422,246.3000030517578,247.0,7708871
2025-11-19,243.27532958984375,249.0,250.3000030517578,245.39999389648438,246.9499969482422,7075882
2025-11-20,242.34716796875,248.0500030517578,251.10000610351562,247.60000610351562,249.0,6918642
2025-11-21,241.2724609375,246.9499969482422,248.3000030517578,246.1999969482422,247.0500030517578,7589240
2025-11-24,240.1000518798828,245.75,247.4499969482422,244.3000030517578,246.9499969482422,15875282
2025-11-25,239.70925903320312,245.35000610351562,247.5,244.60000610351562,245.75,8983620
2025-11-26,242.00521850585938,247.6999969482422,248.0,245.0500030517578,245.35000610351562,7232643
2025-11-27,238.39028930664062,244.0,248.8000030517578,242.8000030517578,248.0,5600832
2025-11-28,237.65753173828125,243.25,245.35000610351562,242.5500030517578,245.0,3804191
2025-12-01,239.20120239257812,244.8300018310547,245.85000610351562,243.00999450683594,244.0500030517578,6307936
2025-12-02,237.94085693359375,243.5399932861328,246.25999450683594,242.5,243.5,5413988
2025-12-03,234.5017852783203,240.02000427246094,244.36000061035156,239.55999755859375,244.0500030517578,11829802
2025-12-04,236.6609649658203,242.22999572753906,242.6999969482422,239.69000244140625,240.5,10825420
2025-12-05,235.6839599609375,241.22999572753906,243.1999969482422,240.91000366210938,242.6999969482422,7645591
2025-12-08,233.03627014160156,238.52000427246094,242.0,237.6999969482422,241.22999572753906,5285903
2025-12-09,234.325927734375,239.83999633789062,240.1999969482422,236.8300018310547,237.6999969482422,9026401
2025-12-10,233.78855895996094,239.2899932861328,240.35000610351562,238.4199981689453,239.32000732421875,3492031
2025-12-11,232.92880249023438,238.41000366210938,241.3000030517578,238.13999938964844,239.2899932861328,8868641
2025-12-12,232.5477752685547,238.02000427246094,239.39999389648438,237.02000427246094,238.5,4252781
2025-12-15,229.9391632080078,235.35000610351562,238.7899932861328,229.94000244140625,238.0,12334408
2025-12-16,226.87135314941406,232.2100067138672,235.3000030517578,230.75,234.1699981689453,7238404
2025-12-17,227.5552520751953,232.91000366210938,233.4199981689453,228.61000061035156,231.75,5848233
2025-12-18,226.66616821289062,232.0,234.1300048828125,231.2100067138672,233.0,3964839
2025-12-19,227.53570556640625,232.88999938964844,233.5,231.5,232.0,5070902
2025-12-22,228.79605102539062,234.17999267578125,235.27999877929688,232.77000427246094,233.7899932861328,4614185
2025-12-23,230.07594299316406,235.49000549316406,237.89999389648438,234.60000610351562,234.60000610351562,5810236
2025-12-24,228.39547729492188,233.77000427246094,236.57000732421875,233.13999938964844,235.5399932861328,4114036
2025-12-26,229.13800048828125,234.52999877929688,235.27999877929688,233.0500030517578,233.83999633789062,3710774
2025-12-29,229.4213409423828,234.82000732421875,239.02000427246094,234.0,234.52999877929688,12621499
2025-12-30,229.2845458984375,234.67999267578125,235.60000610351562,233.30999755859375,234.9499969482422,6236729
2025-12-31,234.853515625,240.3800048828125,241.0,234.61000061035156,234.69000244140625,11514802
2026-01-01,232.4696044921875,237.94000244140625,241.11000061035156,237.41000366210938,240.89999389648438,5840586
2026-01-02,235.90869140625,241.4600067138672,242.5500030517578,237.94000244140625,237.94000244140625,5925943
2026-01-05,232.61614990234375,238.08999633789062,246.8000030517578,235.6999969482422,246.8000030517578,21201434
2026-01-06,236.32879638671875,241.88999938964844,242.36000061035156,238.08999633789062,238.08999633789062,10840459
2026-01-07,233.56385803222656,239.05999755859375,241.67999267578125,238.16000366210938,240.2100067138672,8253161
2026-01-08,226.09950256347656,231.4199981689453,238.88999938964844,231.0,238.1999969482422,9218488
2026-01-09,228.70811462402344,234.08999633789062,238.25,232.0,232.2899932861328,12706408
2026-01-12,230.29087829589844,235.7100067138672,236.16000366210938,231.66000366210938,234.08999633789062,9807980
2026-01-13,238.1753387451172,243.77999877929688,244.14999389648438,235.8000030517578,238.0,22527192
2026-01-14,242.5230255126953,248.22999572753906,251.0,243.5800018310547,243.99000549316406,33094088
2026-01-15,242.5230255126953,248.22999572753906,248.22999572753906,248.22999572753906,248.22999572753906,0
2026-01-16,241.48739624023438,247.1699981689453,247.77999877929688,242.39999389648438,246.89999389648438,12287680
2026-01-19,237.520751953125,243.11000061035156,248.0,242.3000030517578,245.0,6459249
2026-01-20,234.86328125,240.38999938964844,245.33999633789062,239.7100067138672,243.11000061035156,6496057
2026-01-21,236.79776000976562,242.3699951171875,244.49000549316406,239.50999450683594,240.0,9610477
2026-01-22,238.40005493164062,244.00999450683594,246.47000122070312,242.57000732421875,244.60000610351562,10746306
2026-01-23,239.8264923095703,245.47000122070312,246.3000030517578,241.5500030517578,245.3000030517578,8080247
2026-01-27,242.2494659423828,247.9499969482422,248.99000549316406,245.88999938964844,246.60000610351562,15915509
2026-01-28,262.4051513671875,268.5799865722656,269.6499938964844,249.1999969482422,249.1999969482422,73427983
2026-01-29,269.0586242675781,275.3900146484375,277.7699890136719,269.010009765625,270.0,48267023
2026-01-30,262.77642822265625,268.9599914550781,276.5,268.010009765625,273.8900146484375,24420043
2026-02-02,248.1115264892578,253.9499969482422,257.0,247.60000610351562,251.60000610351562,17015974
2026-02-03,251.09140014648438,257.0,262.0,249.35000610351562,259.70001220703125,19213406
2026-02-04,260.8126525878906,266.95001220703125,270.0,258.04998779296875,258.04998779296875,26628393
2026-02-05,263.01092529296875,269.20001220703125,270.45001220703125,266.0,268.0,15268335
2026-02-06,262.7666931152344,268.95001220703125,269.95001220703125,264.70001220703125,268.0,10013728
2026-02-09,260.470703125,266.6000061035156,270.8999938964844,265.75,269.45001220703125,10824044
2026-02-10,265.8930969238281,272.1499938964844,273.04998779296875,267.0,267.25,13459684
2026-02-11,268.2867736816406,274.6000061035156,275.1000061035156,266.3500061035156,272.29998779296875,18388416
2026-02-12,269.9965515136719,276.3500061035156,280.29998779296875,273.45001220703125,276.0,22753270
2026-02-13,261.2522888183594,267.3999938964844,271.3500061035156,266.0,270.0,20748628
2026-02-16,265.306884765625,271.54998779296875,272.20001220703125,265.6499938964844,267.6499938964844,13247757
2026-02-17,265.6000061035156,271.8500061035156,273.0,268.1000061035156,273.0,21292868
2026-02-18,264.6000061035156,264.6000061035156,266.1000061035156,262.54998779296875,265.0,11621040
2026-02-19,274.6499938964844,274.6499938964844,276.45001220703125,267.8500061035156,270.29998779296875,37728943
2026-02-20,278.6499938964844,278.6499938964844,280.79998779296875,274.3500061035156,277.3999938964844,31971956
2026-02-23,275.6499938964844,275.6499938964844,279.8999938964844,272.20001220703125,279.8999938964844,13113050
2026-02-24,276.5,276.5,278.1499938964844,273.29998779296875,275.6499938964844,16311581
2026-02-25,277.45001220703125,277.45001220703125,278.95001220703125,274.0,276.5,7573116
2026-02-26,280.1000061035156,280.1000061035156,281.04998779296875,275.6000061035156,277.3999938964844,13301761
2026-02-27,279.70001220703125,279.70001220703125,282.5,277.0,278.5,18554482
2026-03-02,282.20001220703125,282.20001220703125,293.0,277.6499938964844,288.0,65843426
2026-03-04,276.95001220703125,276.95001220703125,288.3500061035156,275.1000061035156,287.0,53722773
2026-03-05,276.3500061035156,276.3500061035156,287.6499938964844,275.3500061035156,278.0,40569479
2026-03-06,278.95001220703125,278.95001220703125,280.95001220703125,271.1499938964844,279.95001220703125,30725344
2026-03-09,270.79998779296875,270.79998779296875,289.0,267.6000061035156,289.0,56512457
2026-03-10,269.20001220703125,269.20001220703125,270.8999938964844,265.3500061035156,270.8500061035156,18476370
2026-03-11,270.75,270.75,272.3999938964844,268.0,268.0,16130216
2026-03-12,270.54998779296875,270.54998779296875,273.0,267.75,271.6000061035156,20059801
2026-03-13,264.1000061035156,264.1000061035156,271.29998779296875,263.45001220703125,270.54998779296875,18411729
2026-03-16,260.45001220703125,260.45001220703125,266.0,258.3500061035156,264.04998779296875,21725887
2026-03-17,264.75,264.75,265.3999938964844,259.1499938964844,260.6499938964844,15662659
2026-03-18,265.0,265.0,266.6499938964844,263.0,265.1499938964844,8780857
2026-03-19,269.1000061035156,269.1000061035156,271.5,262.5,265.0,28685305
2026-03-20,265.3999938964844,265.3999938964844,273.04998779296875,264.0,269.0,19436124
2026-03-23,265.45001220703125,265.45001220703125,269.70001220703125,263.8999938964844,267.29998779296875,23991581
2026-03-24,268.04998779296875,268.04998779296875,273.29998779296875,266.8500061035156,268.54998779296875,18567283
2026-03-25,270.20001220703125,270.20001220703125,271.5,266.3999938964844,267.3500061035156,13380625
2026-03-27,281.95001220703125,281.95001220703125,285.0,269.70001220703125,270.5,60048871
2026-03-30,284.6499938964844,284.6499938964844,288.3500061035156,281.95001220703125,282.75,44866906
2026-04-01,288.04998779296875,288.04998779296875,293.0,282.79998779296875,290.0,31626297
2026-04-02,287.20001220703125,287.20001220703125,288.79998779296875,283.5,288.5,20935809
2026-04-06,281.8500061035156,281.8500061035156,288.5,280.45001220703125,287.29998779296875,24449779
2026-04-07,286.6499938964844,286.6499938964844,287.54998779296875,280.0,281.8500061035156,22891122
2026-04-08,285.5,285.5,287.8500061035156,274.75,280.0,42071040
2026-04-09,288.6000061035156,288.6000061035156,289.79998779296875,284.8999938964844,284.8999938964844,13585661
2026-04-10,286.5,286.5,291.8500061035156,284.54998779296875,288.6000061035156,12889209
2026-04-13,287.54998779296875,287.54998779296875,290.29998779296875,281.0,287.20001220703125,23986567
2026-04-15,287.6000061035156,287.6000061035156,289.79998779296875,283.3500061035156,284.04998779296875,16529148
2026-04-16,282.75,282.75,288.1000061035156,282.0,288.0,13626398
2026-04-17,284.04998779296875,284.04998779296875,285.5,282.20001220703125,283.3999938964844,17846605
2026-04-20,283.3500061035156,283.3500061035156,285.20001220703125,282.5,284.0,11057036
2026-04-21,283.1000061035156,283.1000061035156,284.8500061035156,282.3999938964844,283.1499938964844,13645673
2026-04-22,283.6499938964844,283.6499938964844,285.04998779296875,282.6000061035156,283.1000061035156,7395183
2026-04-23,286.25,286.25,289.79998779296875,284.04998779296875,284.8500061035156,13525025
2026-04-24,284.79998779296875,284.79998779296875,288.79998779296875,283.8999938964844,288.79998779296875,11789941
2026-04-27,285.8999938964844,285.8999938964844,286.70001220703125,284.20001220703125,286.0,6497916
2026-04-28,301.29998779296875,301.29998779296875,302.3999938964844,286.0,286.25,51575179
2026-04-29,301.3999938964844,301.3999938964844,307.5,299.75,303.8999938964844,27267649
2026-04-30,299.54998779296875,299.54998779296875,307.45001220703125,296.8999938964844,304.8999938964844,17490096
2026-05-01,299.54998779296875,299.54998779296875,299.54998779296875,299.54998779296875,299.54998779296875,0
2026-05-04,292.8999938964844,292.8999938964844,299.8999938964844,292.3500061035156,298.3999938964844,15468437
2026-05-05,289.95001220703125,289.95001220703125,295.8999938964844,287.0,294.3500061035156,10750753
2026-05-06,280.79998779296875,280.79998779296875,290.25,280.0,289.95001220703125,22858013
2026-05-07,283.8999938964844,283.8999938964844,285.20001220703125,279.70001220703125,282.0,15608370
2026-05-08,279.20001220703125,279.20001220703125,284.0,278.6000061035156,283.6000061035156,9290168
2026-05-11,281.0,281.0,281.79998779296875,277.6499938964844,280.70001220703125,6948202
2026-05-12,294.5,294.5,299.8999938964844,286.8500061035156,286.8999938964844,52080828
2026-05-13,297.1499938964844,297.1499938964844,300.20001220703125,294.1000061035156,297.0,24381295
2026-05-14,300.8999938964844,300.8999938964844,303.70001220703125,298.70001220703125,300.0,22660293
2026-05-15,299.3500061035156,299.3500061035156,304.95001220703125,298.54998779296875,303.0,13695307
2026-05-18,297.20001220703125,297.20001220703125,300.70001220703125,295.1000061035156,299.3500061035156,10521642
2026-05-19,296.5,296.5,298.5,293.6499938964844,295.1000061035156,9565497
2026-05-20,298.29998779296875,298.29998779296875,301.75,293.8500061035156,294.79998779296875,12258794
2026-05-21,295.8500061035156,295.8500061035156,299.6000061035156,294.1499938964844,296.6499938964844,14084672
2026-05-22,290.0,290.0,296.79998779296875,289.3999938964844,295.79998779296875,11563330
2026-05-25,284.95001220703125,284.95001220703125,289.95001220703125,284.29998779296875,289.95001220703125,12837047
2026-05-26,287.5,287.5,289.6499938964844,284.0,285.1000061035156,10629491
2026-05-27,274.04998779296875,274.04998779296875,284.20001220703125,272.45001220703125,284.20001220703125,29178516
2026-05-28,274.04998779296875,274.04998779296875,274.04998779296875,274.04998779296875,274.04998779296875,0
2026-05-29,265.3999938964844,265.3999938964844,276.04998779296875,261.54998779296875,275.95001220703125,74403401
2026-06-01,264.29998779296875,264.29998779296875,268.29998779296875,263.25,266.54998779296875,9095622
2026-06-02,265.04998779296875,265.04998779296875,266.20001220703125,261.04998779296875,263.1499938964844,16831714
2026-06-03,267.75,267.75,268.70001220703125,264.29998779296875,265.1499938964844,14618721
2026-06-04,267.54998779296875,267.54998779296875,271.1499938964844,265.8999938964844,266.70001220703125,15217360
2026-06-05,264.75,264.75,268.45001220703125,263.70001220703125,267.79998779296875,7493239
2026-06-08,264.6499938964844,264.6499938964844,266.25,262.70001220703125,264.1499938964844,6974540
2026-06-09,259.0,259.0,265.5,258.29998779296875,264.1499938964844,10796349
2026-06-10,251.89999389648438,251.89999389648438,261.8500061035156,251.35000610351562,259.0,10176332
2026-06-11,252.60000610351562,252.60000610351562,256.5,250.0500030517578,252.9499969482422,13516341
