Date,Adj Close,Close,High,Low,Open,Volume
,SBILIFE.NS,SBILIFE.NS,SBILIFE.NS,SBILIFE.NS,SBILIFE.NS,SBILIFE.NS
2021-01-01,884.6102294921875,895.4000244140625,907.0499877929688,894.0,903.0,798399
2021-01-04,900.41748046875,911.4000244140625,917.0,894.5,900.0,1028233
2021-01-05,894.637939453125,905.5499877929688,919.9000244140625,899.0,906.4500122070312,1209912
2021-01-06,899.3306274414062,910.2999877929688,915.0,901.0,906.5499877929688,1214878
2021-01-07,903.13427734375,914.1500244140625,916.5,904.25,916.2000122070312,1109459
2021-01-08,924.22705078125,935.5,954.5,918.0,920.0,4436263
2021-01-11,924.9680786132812,936.25,952.5,926.8499755859375,940.0,2146652
2021-01-12,913.8535766601562,925.0,936.0,921.5499877929688,934.7999877929688,1573331
2021-01-13,915.3848876953125,926.5499877929688,949.0,922.5,927.5,1996557
2021-01-14,914.0018310546875,925.1500244140625,931.8499755859375,918.5,930.0999755859375,719918
2021-01-15,899.2813110351562,910.25,929.7999877929688,903.4000244140625,925.1500244140625,733660
2021-01-18,882.140380859375,892.9000244140625,907.2000122070312,883.2000122070312,899.0,936905
2021-01-19,893.5018310546875,904.4000244140625,918.0,890.5,890.5,1420092
2021-01-20,885.9440307617188,896.75,910.9000244140625,895.0,905.0999755859375,1147187
2021-01-21,867.7163696289062,878.2999877929688,907.7999877929688,875.0,907.7999877929688,1913821
2021-01-22,852.1561889648438,862.5499877929688,885.7000122070312,838.0,885.5,3421388
2021-01-25,852.4524536132812,862.8499755859375,882.75,853.0,865.9000244140625,2534590
2021-01-27,871.124755859375,881.75,885.0,859.0999755859375,865.2999877929688,2745728
2021-01-28,862.03564453125,872.5499877929688,884.3499755859375,868.8499755859375,883.0,1855486
2021-01-29,854.033203125,864.4500122070312,883.0499877929688,858.0499877929688,876.5499877929688,2286478
2021-02-01,863.962158203125,874.5,897.0,852.0499877929688,875.0,3099408
2021-02-02,854.9223022460938,865.3499755859375,890.0,857.9500122070312,888.0,2781083
2021-02-03,855.7127075195312,866.1500244140625,879.9500122070312,858.3499755859375,870.0,1883217
2021-02-04,853.4898071289062,863.9000244140625,870.7000122070312,859.0,866.1500244140625,2094974
2021-02-05,853.7862548828125,864.2000122070312,870.0,853.6500244140625,866.75,1766235
2021-02-08,848.7476806640625,859.0999755859375,871.7000122070312,857.0,865.0,1899676
2021-02-09,877.990966796875,888.7000122070312,895.0,863.0,869.0,4311868
2021-02-10,900.3680419921875,911.3499755859375,915.25,894.0,898.0,4993209
2021-02-11,896.4161987304688,907.3499755859375,921.9000244140625,905.5499877929688,909.7999877929688,2184819
2021-02-12,886.0427856445312,896.8499755859375,913.5,893.4500122070312,908.0,984794
2021-02-15,866.678955078125,877.25,901.1500244140625,875.0,898.0,1715171
2021-02-16,861.4921875,872.0,888.2999877929688,869.0,877.25,1634864
2021-02-17,866.5802001953125,877.1500244140625,883.1500244140625,870.0,870.0,1496973
2021-02-18,882.733154296875,893.5,898.8499755859375,878.7000122070312,880.0999755859375,2387930
2021-02-19,870.8777465820312,881.5,899.1500244140625,874.25,898.4000244140625,1120800
2021-02-22,838.8187866210938,849.0499877929688,885.0,845.0999755859375,880.0,1810985
2021-02-23,859.219970703125,869.7000122070312,874.4000244140625,849.0,853.0,1480977
2021-02-24,861.047607421875,871.5499877929688,875.9000244140625,852.7000122070312,870.0999755859375,683427
2021-02-25,861.8873901367188,872.4000244140625,882.9000244140625,869.7000122070312,873.2000122070312,1885254
2021-02-26,856.4536743164062,866.9000244140625,878.9500122070312,858.0499877929688,860.0,2636891
2021-03-01,865.8392333984375,876.4000244140625,879.0,852.2000122070312,860.0,2648545
2021-03-02,868.5560913085938,879.1500244140625,886.0,870.5,876.75,1583910
2021-03-03,895.5271606445312,906.4500122070312,910.0,883.5,888.0,2127137
2021-03-04,904.86328125,915.9000244140625,924.7999877929688,892.4000244140625,899.7000122070312,3140379
2021-03-05,892.662109375,903.5499877929688,915.0,894.9500122070312,910.0,1268992
2021-03-08,912.7174072265625,923.8499755859375,930.6500244140625,901.7000122070312,903.5999755859375,1396479
2021-03-09,959.5956420898438,971.2999877929688,983.75,939.0,950.0,11031435
2021-03-10,929.4136962890625,940.75,974.0,936.0,973.7000122070312,2362998
2021-03-12,903.1837158203125,914.2000122070312,936.2999877929688,905.0,905.0499877929688,28967831
2021-03-15,908.913818359375,920.0,926.75,902.0,921.0,4581531
2021-03-16,903.0354614257812,914.0499877929688,923.9000244140625,911.0,918.4500122070312,1422174
2021-03-17,878.238037109375,888.9500122070312,923.9000244140625,885.2000122070312,923.9000244140625,3809803
2021-03-18,879.7198486328125,890.4500122070312,898.0,882.2999877929688,895.0,2657918
2021-03-19,895.7740478515625,906.7000122070312,909.9500122070312,882.2999877929688,887.9500122070312,2849173
2021-03-22,889.3524169921875,900.2000122070312,909.25,895.3499755859375,905.0,1660688
2021-03-23,888.0680541992188,898.9000244140625,910.8499755859375,895.0,904.7999877929688,1642691
2021-03-24,870.0874633789062,880.7000122070312,895.0,875.0499877929688,893.0,1900721
2021-03-25,853.6874389648438,864.0999755859375,884.2999877929688,861.0,875.0999755859375,2711471
2021-03-26,863.4187622070312,873.9500122070312,876.9000244140625,868.0999755859375,870.0,1194885
2021-03-30,861.6404418945312,872.1500244140625,881.0,868.0,876.0,1276847
2021-03-31,870.2355346679688,880.8499755859375,890.9000244140625,870.9500122070312,876.0,1929013
2021-04-01,872.80419921875,883.4500122070312,890.0499877929688,876.5,881.5999755859375,1193426
2021-04-05,864.4818725585938,872.5499877929688,887.0,864.7999877929688,885.0,1091002
2021-04-06,889.2506713867188,897.5499877929688,903.0,865.9500122070312,872.7999877929688,1351799
2021-04-07,910.007080078125,918.5,921.0,898.25,901.0,2860132
2021-04-08,900.0994873046875,908.5,921.4000244140625,905.0,921.4000244140625,1342782
2021-04-09,901.6846923828125,910.0999755859375,915.9500122070312,900.2000122070312,904.5999755859375,1344813
2021-04-12,864.3828125,872.4500122070312,905.4000244140625,868.5,900.6500244140625,1485108
2021-04-13,889.4984130859375,897.7999877929688,900.75,874.75,881.4500122070312,1174856
2021-04-15,900.297607421875,908.7000122070312,912.0,890.0,895.0,1464475
2021-04-16,905.746826171875,914.2000122070312,919.5499877929688,905.5999755859375,917.0,1310422
2021-04-19,897.8703002929688,906.25,909.9000244140625,888.5,897.2000122070312,1580387
2021-04-20,890.6378173828125,898.9500122070312,931.0999755859375,895.3499755859375,917.0,3593124
2021-04-22,905.9449462890625,914.4000244140625,920.6500244140625,895.0499877929688,900.0,1988641
2021-04-23,914.3167724609375,922.8499755859375,941.9000244140625,896.3499755859375,896.3499755859375,3601606
2021-04-26,933.7850952148438,942.5,946.9000244140625,916.0,919.1500244140625,3751088
2021-04-27,920.1622314453125,928.75,946.7999877929688,925.0,946.0,1926977
2021-04-28,921.7969970703125,930.4000244140625,934.0,914.1500244140625,934.0,1904945
2021-04-29,919.6173706054688,928.2000122070312,935.0,921.2999877929688,930.4000244140625,830577
2021-04-30,920.11279296875,928.7000122070312,940.5,919.7999877929688,928.0,1326833
2021-05-03,949.7362060546875,958.5999755859375,980.0,916.0499877929688,921.9500122070312,5424609
2021-05-04,973.8115844726562,982.9000244140625,1005.0,942.5499877929688,998.0,10515809
2021-05-05,964.1021728515625,973.0999755859375,1019.7999877929688,965.0,989.9500122070312,5475550
2021-05-06,960.4363403320312,969.4000244140625,983.4500122070312,961.2000122070312,977.2999877929688,1800692
2021-05-07,991.0010986328125,1000.25,1044.699951171875,974.4000244140625,1030.0,11010394
2021-05-10,995.7072143554688,1005.0,1017.5,995.0,1009.2999877929688,2370879
2021-05-11,991.6946411132812,1000.9500122070312,1015.0,990.5,998.0,1297672
2021-05-12,963.904052734375,972.9000244140625,1000.9000244140625,970.0,995.5499877929688,3513520
2021-05-14,969.3531494140625,978.4000244140625,982.0,965.0,972.9500122070312,1331063
2021-05-17,954.7396240234375,963.6500244140625,988.7999877929688,961.2000122070312,978.4000244140625,2181641
2021-05-18,959.4951782226562,968.4500122070312,976.0,964.2000122070312,965.9000244140625,1342840
2021-05-19,969.00634765625,978.0499877929688,979.9000244140625,963.0,968.4500122070312,1101773
2021-05-20,960.1887817382812,969.1500244140625,984.4500122070312,965.7999877929688,981.4500122070312,1463348
2021-05-21,960.2877807617188,969.25,975.7000122070312,965.25,968.0999755859375,1245988
2021-05-24,953.6001586914062,962.5,971.9500122070312,960.6500244140625,967.3499755859375,1841255
2021-05-25,956.374267578125,965.2999877929688,972.5999755859375,963.1500244140625,967.0,1235079
2021-05-26,962.7646484375,971.75,980.0,969.0,969.0,1719675
2021-05-27,973.0188598632812,982.0999755859375,986.0,965.5499877929688,976.5,2428883
2021-05-28,967.8173828125,976.8499755859375,987.0,972.0,986.0,1137566
2021-05-31,966.6286010742188,975.6500244140625,982.7999877929688,970.6500244140625,977.0,785669
2021-06-01,957.364990234375,966.2999877929688,982.0,960.0999755859375,978.4000244140625,1420625
2021-06-02,975.2977294921875,984.4000244140625,993.4500122070312,963.4000244140625,965.0,2488600
2021-06-03,977.7249755859375,986.8499755859375,990.8499755859375,981.5,986.5,1724751
2021-06-04,980.0037841796875,989.1500244140625,994.9500122070312,984.0,994.9500122070312,996919
2021-06-07,979.3597412109375,988.5,997.9500122070312,987.0,995.0,693875
2021-06-08,970.7897338867188,979.8499755859375,988.0,963.0,988.0,3262160
2021-06-09,989.3663330078125,998.5999755859375,1007.0,978.1500244140625,978.1500244140625,3809219
2021-06-10,988.3260498046875,997.5499877929688,1005.0,992.0499877929688,1005.0,1041345
2021-06-11,978.9635009765625,988.0999755859375,1002.5,984.0,998.9000244140625,823207
2021-06-14,977.031494140625,986.1500244140625,992.75,971.3499755859375,988.0999755859375,514960
2021-06-15,986.6417846679688,995.8499755859375,1003.75,980.8499755859375,991.7999877929688,1137725
2021-06-16,982.629150390625,991.7999877929688,1003.8499755859375,988.3499755859375,999.9500122070312,833286
2021-06-17,974.2078247070312,983.2999877929688,992.7000122070312,977.0,983.0,869613
2021-06-18,973.4647827148438,982.5499877929688,1000.7000122070312,956.75,1000.7000122070312,1888723
2021-06-21,972.4739990234375,981.5499877929688,990.4000244140625,968.3499755859375,973.0,887943
2021-06-22,997.688720703125,1007.0,1011.0,980.0499877929688,982.0,2289172
2021-06-23,991.2982788085938,1000.5499877929688,1015.0499877929688,999.0,1010.5,1802617
2021-06-24,992.883544921875,1002.1500244140625,1005.4500122070312,995.0,1000.0999755859375,932721
2021-06-25,997.8372802734375,1007.1500244140625,1017.5499877929688,991.4000244140625,997.0,980203
2021-06-28,992.833984375,1002.0999755859375,1019.7000122070312,998.0,1010.5,1107325
2021-06-29,990.1590576171875,999.4000244140625,1017.2999877929688,995.25,1000.0999755859375,2486963
2021-06-30,998.8280639648438,1008.1500244140625,1011.75,998.4500122070312,1002.4000244140625,777901
2021-07-01,997.5896606445312,1006.9000244140625,1017.4000244140625,1002.5999755859375,1009.0,834379
2021-07-02,997.8868408203125,1007.2000122070312,1010.9000244140625,996.0499877929688,1010.9000244140625,581097
2021-07-05,1000.5122680664062,1009.8499755859375,1014.9500122070312,1005.7999877929688,1014.0,431929
2021-07-06,1013.6893310546875,1023.1500244140625,1032.9000244140625,1006.0999755859375,1010.9500122070312,1693798
2021-07-07,1005.0203247070312,1014.4000244140625,1027.0,1012.5499877929688,1023.5,888200
2021-07-08,1012.1536865234375,1021.5999755859375,1026.0,1002.0999755859375,1010.75,868890
2021-07-09,1010.1721801757812,1019.5999755859375,1028.0,1012.5499877929688,1014.0999755859375,930387
2021-07-12,1023.8941040039062,1033.449951171875,1036.0,1018.9500122070312,1019.7000122070312,1297301
2021-07-13,1042.91650390625,1052.6500244140625,1056.5,1036.050048828125,1040.0,2525938
2021-07-14,1042.6689453125,1052.4000244140625,1060.8499755859375,1047.0,1050.0,1596046
2021-07-15,1043.2137451171875,1052.949951171875,1064.949951171875,1049.3499755859375,1053.5,796945
2021-07-16,1040.53857421875,1050.25,1057.8499755859375,1047.0999755859375,1054.0,699003
2021-07-19,1028.25341796875,1037.8499755859375,1050.25,1027.300048828125,1044.9000244140625,643558
2021-07-20,1005.3670043945312,1014.75,1041.199951171875,1012.7999877929688,1037.25,695099
2021-07-22,1016.512939453125,1026.0,1038.800048828125,1017.0,1017.0,915518
2021-07-23,1040.73681640625,1050.449951171875,1053.949951171875,1023.5499877929688,1025.5,1290998
2021-07-26,1066.694580078125,1076.6500244140625,1104.9000244140625,1040.0999755859375,1048.0,2151393
2021-07-27,1094.93115234375,1105.1500244140625,1113.75,1063.0,1098.0,6096747
2021-07-28,1122.919921875,1133.4000244140625,1138.800048828125,1093.0,1115.0,4409570
2021-07-29,1118.4119873046875,1128.8499755859375,1148.0,1124.050048828125,1133.0,1555904
2021-07-30,1088.44189453125,1098.5999755859375,1123.0,1092.0,1123.0,1238229
2021-08-02,1096.962158203125,1107.199951171875,1128.5,1101.949951171875,1111.050048828125,1582968
2021-08-03,1121.235595703125,1131.699951171875,1134.9000244140625,1094.800048828125,1105.25,1033719
2021-08-04,1126.338134765625,1136.8499755859375,1144.6500244140625,1125.0,1130.0,1840302
2021-08-05,1124.257568359375,1134.75,1175.699951171875,1125.0,1170.199951171875,6687775
2021-08-06,1140.0599365234375,1150.699951171875,1154.25,1127.449951171875,1140.0,1654283
2021-08-09,1125.941650390625,1136.449951171875,1156.0,1128.8499755859375,1151.25,1491795
2021-08-10,1117.173583984375,1127.5999755859375,1146.0,1120.1500244140625,1142.75,1911046
2021-08-11,1124.9014892578125,1135.4000244140625,1142.0999755859375,1113.0999755859375,1130.0,1458158
2021-08-12,1123.5640869140625,1134.050048828125,1150.949951171875,1128.550048828125,1136.300048828125,1054244
2021-08-13,1128.07177734375,1138.5999755859375,1142.5,1131.050048828125,1132.0,712776
2021-08-16,1128.5672607421875,1139.0999755859375,1144.5,1128.3499755859375,1132.0,479277
2021-08-17,1124.30712890625,1134.800048828125,1151.800048828125,1123.550048828125,1138.0,1991904
2021-08-18,1103.748779296875,1114.050048828125,1146.4000244140625,1100.199951171875,1135.0,3428721
2021-08-20,1114.8948974609375,1125.300048828125,1133.5,1100.5,1114.050048828125,2127671
2021-08-23,1124.950927734375,1135.449951171875,1140.949951171875,1118.5999755859375,1127.0,1251406
2021-08-24,1149.67041015625,1160.4000244140625,1165.9000244140625,1130.6500244140625,1140.0,1211218
2021-08-25,1145.4595947265625,1156.1500244140625,1171.6500244140625,1150.1500244140625,1168.0,893931
2021-08-26,1141.1500244140625,1151.800048828125,1164.5,1144.8499755859375,1151.199951171875,823814
2021-08-27,1173.1016845703125,1184.050048828125,1192.6500244140625,1145.300048828125,1154.800048828125,2469538
2021-08-30,1169.7825927734375,1180.699951171875,1199.0,1176.550048828125,1189.5,1690833
2021-08-31,1181.027587890625,1192.050048828125,1194.5,1171.6500244140625,1180.699951171875,1719768
2021-09-01,1209.2144775390625,1220.5,1222.800048828125,1183.9000244140625,1189.0,1955177
2021-09-02,1231.9029541015625,1243.4000244140625,1250.0,1224.199951171875,1229.800048828125,2468599
2021-09-03,1232.6458740234375,1244.1500244140625,1253.6500244140625,1226.0,1246.949951171875,1295336
2021-09-06,1233.1412353515625,1244.6500244140625,1248.0,1233.5,1245.0,1166873
2021-09-07,1227.2958984375,1238.75,1253.3499755859375,1228.25,1245.0,1164891
2021-09-08,1208.768798828125,1220.050048828125,1246.949951171875,1211.949951171875,1246.050048828125,1909087
2021-09-09,1162.351806640625,1173.199951171875,1199.6500244140625,1168.0,1177.0,10115407
2021-09-13,1154.3763427734375,1165.1500244140625,1179.050048828125,1153.3499755859375,1179.050048828125,2374250
2021-09-14,1160.0732421875,1170.9000244140625,1174.0,1158.050048828125,1170.0,1338821
2021-09-15,1161.6087646484375,1172.449951171875,1176.0,1165.5,1170.9000244140625,1875092
2021-09-16,1173.9437255859375,1184.9000244140625,1187.0,1168.0,1174.199951171875,3028407
2021-09-17,1187.71533203125,1198.800048828125,1204.800048828125,1183.449951171875,1203.0,4143024
2021-09-20,1166.612060546875,1177.5,1198.699951171875,1174.0,1189.8499755859375,2117784
2021-09-21,1173.6463623046875,1184.5999755859375,1195.949951171875,1170.9000244140625,1189.0,2117913
2021-09-22,1180.2845458984375,1191.300048828125,1203.550048828125,1177.75,1184.5999755859375,1399326
2021-09-23,1207.0347900390625,1218.300048828125,1224.0,1198.5,1224.0,2659260
2021-09-24,1210.750244140625,1222.050048828125,1238.550048828125,1207.5999755859375,1219.0,1703375
2021-09-27,1211.4931640625,1222.800048828125,1233.0,1208.8499755859375,1229.949951171875,728019
2021-09-28,1199.10888671875,1210.300048828125,1229.1500244140625,1202.300048828125,1222.5,1588306
2021-09-29,1194.799072265625,1205.949951171875,1214.800048828125,1196.800048828125,1206.0,1623118
2021-09-30,1203.864501953125,1215.0999755859375,1219.0,1196.75,1209.1500244140625,1234882
2021-10-01,1197.870361328125,1209.050048828125,1217.550048828125,1199.4000244140625,1204.0,830634
2021-10-04,1219.4688720703125,1230.8499755859375,1240.0,1206.050048828125,1211.0,1664614
2021-10-05,1250.2811279296875,1261.949951171875,1267.5,1227.0,1231.0,2282814
2021-10-06,1200.8426513671875,1212.050048828125,1273.9000244140625,1205.4000244140625,1273.0,2630744
2021-10-07,1203.81494140625,1215.050048828125,1234.199951171875,1207.199951171875,1227.0,2674007
2021-10-08,1185.3868408203125,1196.449951171875,1229.0,1191.949951171875,1224.949951171875,1661548
2021-10-11,1194.94775390625,1206.0999755859375,1218.5,1199.949951171875,1199.949951171875,822914
2021-10-12,1199.406005859375,1210.5999755859375,1215.0,1198.1500244140625,1209.0,815338
2021-10-13,1180.7303466796875,1191.75,1218.6500244140625,1184.4000244140625,1210.5999755859375,1281752
2021-10-14,1174.5877685546875,1185.550048828125,1198.9000244140625,1173.800048828125,1192.949951171875,2080766
2021-10-18,1181.4735107421875,1192.5,1220.0,1185.550048828125,1220.0,934860
2021-10-19,1182.4146728515625,1193.449951171875,1215.9000244140625,1186.550048828125,1193.5,1313098
2021-10-20,1157.943115234375,1168.75,1203.0,1155.9000244140625,1199.0,2063277
2021-10-21,1147.58984375,1158.300048828125,1184.449951171875,1138.050048828125,1170.0,1985866
2021-10-22,1156.4073486328125,1167.199951171875,1171.800048828125,1141.699951171875,1168.0,1112991
2021-10-25,1119.2540283203125,1129.699951171875,1166.949951171875,1126.300048828125,1157.5999755859375,1843700
2021-10-26,1161.2125244140625,1172.050048828125,1178.300048828125,1134.0,1135.0,1572647
2021-10-27,1175.0335693359375,1186.0,1202.050048828125,1175.300048828125,1175.4000244140625,1916766
2021-10-28,1156.308349609375,1167.0999755859375,1221.75,1158.0999755859375,1210.0,3565017
2021-10-29,1134.957763671875,1145.550048828125,1180.0,1142.0999755859375,1167.0999755859375,1518940
2021-11-01,1152.5928955078125,1163.3499755859375,1173.050048828125,1138.550048828125,1148.0,972538
2021-11-02,1155.26806640625,1166.050048828125,1172.25,1155.300048828125,1163.3499755859375,1159884
2021-11-03,1167.9002685546875,1178.800048828125,1198.4000244140625,1167.0,1170.0,1941052
2021-11-04,1170.8228759765625,1181.75,1189.949951171875,1172.550048828125,1189.949951171875,119047
2021-11-08,1189.548095703125,1200.6500244140625,1202.0999755859375,1177.3499755859375,1183.0,1361707
2021-11-09,1196.0870361328125,1207.25,1212.0,1192.4000244140625,1212.0,1521269
2021-11-10,1172.8043212890625,1183.75,1204.800048828125,1181.050048828125,1197.0999755859375,842679
2021-11-11,1142.5367431640625,1153.199951171875,1192.0999755859375,1150.0999755859375,1178.0,1271079
2021-11-12,1164.0361328125,1174.9000244140625,1177.0,1147.5999755859375,1154.0,1281030
2021-11-15,1149.1749267578125,1159.9000244140625,1179.5,1155.5,1177.199951171875,662558
2021-11-16,1142.338623046875,1153.0,1174.1500244140625,1150.6500244140625,1169.9000244140625,694696
2021-11-17,1176.222412109375,1187.199951171875,1196.949951171875,1150.0,1150.0,2862829
2021-11-18,1171.1201171875,1182.050048828125,1205.0,1178.5,1190.0,1527355
2021-11-22,1140.0106201171875,1150.6500244140625,1189.6500244140625,1137.1500244140625,1182.050048828125,772737
2021-11-23,1142.8341064453125,1153.5,1159.199951171875,1131.550048828125,1143.5999755859375,820238
2021-11-24,1152.9893798828125,1163.75,1181.3499755859375,1152.0,1159.25,1136850
2021-11-25,1148.7786865234375,1159.5,1174.0,1152.5,1157.75,768462
2021-11-26,1119.898193359375,1130.3499755859375,1154.0,1105.25,1154.0,2315515
2021-11-29,1125.7435302734375,1136.25,1147.8499755859375,1103.75,1112.0,1120859
2021-11-30,1149.8189697265625,1160.550048828125,1167.9000244140625,1134.1500244140625,1135.0,2253521
2021-12-01,1154.0791015625,1164.8499755859375,1179.449951171875,1155.5,1160.800048828125,1239348
2021-12-02,1177.064697265625,1188.050048828125,1190.0,1157.050048828125,1170.6500244140625,1030248
2021-12-03,1155.1690673828125,1165.949951171875,1188.050048828125,1163.699951171875,1177.0,1327943
2021-12-06,1137.88037109375,1148.5,1179.0,1145.0,1165.949951171875,936271
2021-12-07,1148.431884765625,1159.1500244140625,1162.449951171875,1139.0,1157.0,2090791
2021-12-08,1158.6861572265625,1169.5,1173.0,1158.5999755859375,1165.0,2315306
2021-12-09,1150.611572265625,1161.3499755859375,1184.949951171875,1153.0999755859375,1180.0,1136171
2021-12-10,1164.7296142578125,1175.5999755859375,1177.800048828125,1156.800048828125,1161.0,949040
2021-12-13,1175.6773681640625,1186.6500244140625,1204.6500244140625,1178.0,1182.0,2187282
2021-12-14,1177.56005859375,1188.550048828125,1192.9000244140625,1178.1500244140625,1179.0,1171502
2021-12-15,1163.78857421875,1174.6500244140625,1190.6500244140625,1162.300048828125,1188.550048828125,857540
2021-12-16,1153.038818359375,1163.800048828125,1186.949951171875,1160.1500244140625,1178.5,993629
2021-12-17,1131.9853515625,1142.550048828125,1161.949951171875,1137.0,1156.0,982598
2021-12-20,1115.291015625,1125.699951171875,1142.550048828125,1100.5999755859375,1139.5,1341693
2021-12-21,1124.7528076171875,1135.25,1141.449951171875,1117.699951171875,1135.5999755859375,878721
2021-12-22,1113.904052734375,1124.300048828125,1139.9000244140625,1118.949951171875,1139.3499755859375,846447
2021-12-23,1115.0433349609375,1125.449951171875,1134.0,1116.1500244140625,1134.0,1026376
2021-12-24,1137.5830078125,1148.199951171875,1153.6500244140625,1126.0,1130.800048828125,1930715
2021-12-27,1151.205810546875,1161.949951171875,1165.050048828125,1135.3499755859375,1148.0,798129
2021-12-28,1166.711181640625,1177.5999755859375,1182.5,1161.5999755859375,1165.300048828125,776910
2021-12-29,1174.686767578125,1185.6500244140625,1192.199951171875,1167.0,1177.5999755859375,1400668
2021-12-30,1184.1483154296875,1195.199951171875,1202.699951171875,1180.9000244140625,1183.9000244140625,1335116
2021-12-31,1184.9410400390625,1196.0,1204.949951171875,1187.0999755859375,1199.0,843128
2022-01-03,1198.21728515625,1209.4000244140625,1214.449951171875,1196.0,1196.0,925281
2022-01-04,1209.3135986328125,1220.5999755859375,1227.0,1205.5,1206.300048828125,1409464
2022-01-05,1208.570556640625,1219.8499755859375,1225.0,1213.75,1215.0,378090
2022-01-06,1194.4522705078125,1205.5999755859375,1228.449951171875,1202.1500244140625,1208.800048828125,1387627
2022-01-07,1206.1431884765625,1217.4000244140625,1219.25,1206.0,1208.0,1050768
2022-01-10,1217.7349853515625,1229.0999755859375,1240.699951171875,1213.300048828125,1219.0,1379165
2022-01-11,1221.9952392578125,1233.4000244140625,1239.949951171875,1224.0999755859375,1230.800048828125,985871
2022-01-12,1237.847412109375,1249.4000244140625,1255.4000244140625,1231.1500244140625,1240.0,1371034
2022-01-13,1247.0614013671875,1258.699951171875,1261.0,1246.0,1255.0,933511
2022-01-14,1251.916015625,1263.5999755859375,1272.25,1254.5,1259.0,895522
2022-01-17,1276.040771484375,1287.949951171875,1293.25,1256.300048828125,1256.300048828125,1427239
2022-01-18,1254.1947021484375,1265.9000244140625,1293.0,1263.0999755859375,1287.949951171875,869578
2022-01-19,1236.5594482421875,1248.0999755859375,1272.0999755859375,1240.5999755859375,1263.0,625670
2022-01-20,1227.24609375,1238.699951171875,1255.6500244140625,1230.949951171875,1248.0,716954
2022-01-21,1229.17822265625,1240.6500244140625,1263.199951171875,1201.0,1225.0,2421446
2022-01-24,1213.6728515625,1225.0,1240.0,1205.1500244140625,1240.0,1073781
2022-01-25,1216.6451416015625,1228.0,1232.9000244140625,1210.25,1212.0999755859375,1083251
2022-01-27,1200.4462890625,1211.6500244140625,1221.9000244140625,1201.8499755859375,1219.0,1793456
2022-01-28,1194.40283203125,1205.550048828125,1237.75,1201.0,1210.0,635096
2022-01-31,1221.8465576171875,1233.25,1238.4000244140625,1206.050048828125,1210.0,1771932
2022-02-01,1203.7158203125,1214.949951171875,1250.0,1202.5999755859375,1250.0,1593083
2022-02-02,1208.8182373046875,1220.0999755859375,1227.550048828125,1211.050048828125,1216.699951171875,937000
2022-02-03,1174.240966796875,1185.199951171875,1220.0,1175.5999755859375,1218.050048828125,1236574
2022-02-04,1161.2620849609375,1172.0999755859375,1194.0,1165.1500244140625,1194.0,856452
2022-02-07,1133.421875,1144.0,1171.699951171875,1131.9000244140625,1161.800048828125,1519928
2022-02-08,1120.690673828125,1131.1500244140625,1149.0,1117.3499755859375,1145.0,1511667
2022-02-09,1115.291015625,1125.699951171875,1140.800048828125,1118.0,1132.0,1741687
2022-02-10,1135.651123046875,1146.25,1150.0,1108.0,1125.0,2030639
2022-02-11,1122.8209228515625,1133.300048828125,1144.8499755859375,1124.0,1144.8499755859375,1942394
2022-02-14,1086.1629638671875,1096.300048828125,1127.0,1090.0,1125.0,2448602
2022-02-15,1109.5943603515625,1119.949951171875,1123.6500244140625,1086.199951171875,1096.0,1245681
2022-02-16,1111.7740478515625,1122.1500244140625,1131.5,1102.0,1128.0,1294606
2022-02-17,1115.93505859375,1126.3499755859375,1132.8499755859375,1111.9000244140625,1128.0,1182862
2022-02-18,1139.8616943359375,1150.5,1160.9000244140625,1111.3499755859375,1124.800048828125,1734791
2022-02-21,1124.257568359375,1134.75,1150.5,1123.0,1145.0,1020384
2022-02-22,1090.7698974609375,1100.949951171875,1126.5,1096.0999755859375,1106.0,2115917
2022-02-23,1091.5626220703125,1101.75,1114.949951171875,1098.699951171875,1108.0,1743770
2022-02-24,1044.4522705078125,1054.199951171875,1091.5,1040.699951171875,1078.0,2088599
2022-02-25,1045.8392333984375,1055.5999755859375,1077.699951171875,1049.0,1060.0,1415912
2022-02-28,1050.3472900390625,1060.1500244140625,1062.800048828125,1016.8499755859375,1049.0,1566146
2022-03-02,1110.7830810546875,1121.1500244140625,1125.0,1056.050048828125,1060.0,3762611
2022-03-03,1071.3016357421875,1081.300048828125,1126.75,1075.1500244140625,1120.0999755859375,1105747
2022-03-04,1047.5731201171875,1057.3499755859375,1077.4000244140625,1049.75,1071.5,1586668
2022-03-07,1019.38623046875,1028.9000244140625,1048.800048828125,1023.0,1026.5999755859375,852067
2022-03-08,1022.407958984375,1031.949951171875,1039.75,1003.5,1009.0,1580056
2022-03-09,1015.7203369140625,1025.199951171875,1041.949951171875,1020.7999877929688,1035.800048828125,1409037
2022-03-10,1040.340576171875,1050.050048828125,1057.0999755859375,1036.050048828125,1039.0,1580932
2022-03-11,1048.7125244140625,1058.5,1066.0999755859375,1041.6500244140625,1050.0,698477
2022-03-14,1059.808837890625,1069.699951171875,1072.5999755859375,1040.1500244140625,1047.0,1278905
2022-03-15,1060.651123046875,1070.550048828125,1079.3499755859375,1060.0,1069.050048828125,1068905
2022-03-16,1075.710693359375,1085.75,1097.800048828125,1075.0,1075.9000244140625,1616431
2022-03-17,1118.1148681640625,1128.550048828125,1140.0,1088.0999755859375,1096.0,1867149
2022-03-21,1085.6676025390625,1095.800048828125,1139.0,1094.0,1139.0,849763
2022-03-22,1087.5003662109375,1097.6500244140625,1101.8499755859375,1070.0,1092.5,998586
2022-03-23,1082.1505126953125,1092.25,1117.699951171875,1079.0999755859375,1110.449951171875,1054362
2022-03-24,1078.880859375,1088.949951171875,1097.5,1084.300048828125,1088.0,526345
2022-03-25,1082.4970703125,1092.5999755859375,1101.300048828125,1085.5999755859375,1094.0,598919
2022-03-28,1067.0413818359375,1077.0,1103.800048828125,1056.0,1092.9000244140625,926829
2022-03-29,1093.09716796875,1101.25,1114.949951171875,1086.4000244140625,1111.0,2864668
2022-03-30,1113.4949951171875,1121.800048828125,1127.6500244140625,1103.5,1110.0,1287813
2022-03-31,1113.1473388671875,1121.449951171875,1128.0,1114.449951171875,1128.0,749342
2022-04-01,1105.107421875,1113.3499755859375,1120.800048828125,1089.0,1119.0,1519104
2022-04-04,1117.961669921875,1126.300048828125,1129.9000244140625,1104.0,1113.3499755859375,1802143
2022-04-05,1110.070556640625,1118.3499755859375,1130.199951171875,1111.0,1123.050048828125,773451
2022-04-06,1098.9036865234375,1107.0999755859375,1122.449951171875,1101.5,1111.0,1354847
2022-04-07,1100.6407470703125,1108.8499755859375,1115.75,1100.0,1103.5,966698
2022-04-08,1151.858642578125,1160.449951171875,1165.0,1109.0,1109.0,2390240
2022-04-11,1134.0416259765625,1142.5,1160.0,1133.050048828125,1160.0,1318874
2022-04-12,1140.5927734375,1149.0999755859375,1153.0,1119.050048828125,1141.0,1506254
2022-04-13,1138.4090576171875,1146.9000244140625,1157.9000244140625,1140.0,1150.0,509293
2022-04-18,1164.712890625,1173.4000244140625,1181.949951171875,1133.5999755859375,1145.0,2382085
2022-04-19,1116.3734130859375,1124.699951171875,1184.949951171875,1112.0,1184.949951171875,971382
2022-04-20,1119.996337890625,1128.3499755859375,1135.699951171875,1117.699951171875,1127.5,645638
2022-04-21,1136.0765380859375,1144.550048828125,1148.5999755859375,1125.199951171875,1125.199951171875,731288
2022-04-22,1128.83056640625,1137.25,1140.0,1122.0,1133.5,824665
2022-04-25,1083.1710205078125,1091.25,1129.199951171875,1087.449951171875,1120.0,1073577
2022-04-26,1086.744384765625,1094.8499755859375,1106.0,1083.5999755859375,1106.0,922785
2022-04-27,1066.247314453125,1074.199951171875,1098.9000244140625,1061.199951171875,1093.0,1202603
2022-04-28,1108.58154296875,1116.8499755859375,1125.0,1066.4000244140625,1068.5,1643102
2022-04-29,1097.3155517578125,1105.5,1132.5999755859375,1066.25,1114.5,3259418
2022-05-02,1073.046630859375,1081.050048828125,1093.4000244140625,1064.199951171875,1088.949951171875,1925857
2022-05-04,1069.870361328125,1077.8499755859375,1096.949951171875,1065.0,1081.050048828125,1169983
2022-05-05,1075.62744140625,1083.6500244140625,1115.0,1080.0,1082.0,814132
2022-05-06,1051.3087158203125,1059.1500244140625,1081.0,1052.199951171875,1073.0,1350057
2022-05-09,1056.569580078125,1064.449951171875,1074.9000244140625,1033.199951171875,1034.0,1201027
2022-05-10,1073.046630859375,1081.050048828125,1096.800048828125,1062.0,1070.0,1410429
2022-05-11,1079.1015625,1087.1500244140625,1104.449951171875,1079.0,1079.0,1886732
2022-05-12,1052.7479248046875,1060.5999755859375,1081.949951171875,1048.0,1075.5,1457225
2022-05-13,1037.2138671875,1044.949951171875,1079.0,1038.550048828125,1075.0,1108831
2022-05-16,1036.9161376953125,1044.6500244140625,1054.0,1034.1500244140625,1045.0,590395
2022-05-17,1062.475341796875,1070.4000244140625,1075.3499755859375,1036.300048828125,1042.0,545334
2022-05-18,1065.9495849609375,1073.9000244140625,1085.0,1061.0,1063.5,775879
2022-05-19,1048.827392578125,1056.6500244140625,1073.9000244140625,1047.0,1073.9000244140625,1069562
2022-05-20,1063.41845703125,1071.3499755859375,1083.5,1061.3499755859375,1081.0,941175
2022-05-23,1068.5303955078125,1076.5,1091.9000244140625,1062.0,1062.0,620152
2022-05-24,1065.4532470703125,1073.4000244140625,1083.5999755859375,1057.25,1072.75,847697
2022-05-25,1087.8858642578125,1096.0,1116.0,1078.0,1078.0,3185769
2022-05-26,1097.166748046875,1105.3499755859375,1109.800048828125,1073.4000244140625,1097.0,1177148
2022-05-27,1112.8001708984375,1121.0999755859375,1129.4000244140625,1102.8499755859375,1115.0,687512
2022-05-30,1139.89794921875,1148.4000244140625,1150.0,1118.8499755859375,1125.4000244140625,580398
2022-05-31,1165.457275390625,1174.1500244140625,1180.9000244140625,1139.5999755859375,1154.0,2649820
2022-06-01,1144.2158203125,1152.75,1176.0,1144.050048828125,1162.0,683413
2022-06-02,1135.282470703125,1143.75,1148.0,1121.300048828125,1140.199951171875,950691
2022-06-03,1132.7017822265625,1141.1500244140625,1161.8499755859375,1138.949951171875,1154.0,917466
2022-06-06,1133.54541015625,1142.0,1149.5999755859375,1134.0999755859375,1135.5999755859375,1199089
2022-06-07,1125.9024658203125,1134.300048828125,1138.0,1113.5,1135.050048828125,848821
2022-06-08,1127.6395263671875,1136.050048828125,1159.199951171875,1129.199951171875,1144.25,1387431
2022-06-09,1155.084716796875,1163.699951171875,1167.25,1130.550048828125,1136.949951171875,1142045
2022-06-10,1146.3499755859375,1154.9000244140625,1163.699951171875,1152.25,1154.75,611509
2022-06-13,1125.306640625,1133.699951171875,1161.800048828125,1130.3499755859375,1137.050048828125,1014220
2022-06-14,1123.7186279296875,1132.0999755859375,1145.0,1124.1500244140625,1125.0,768306
2022-06-15,1117.4156494140625,1125.75,1144.699951171875,1122.800048828125,1140.0,947417
2022-06-16,1096.96826171875,1105.1500244140625,1137.6500244140625,1099.9000244140625,1131.3499755859375,1385141
2022-06-17,1074.0888671875,1082.0999755859375,1114.3499755859375,1075.9000244140625,1105.1500244140625,1535565
2022-06-20,1067.9842529296875,1075.949951171875,1092.800048828125,1069.1500244140625,1078.1500244140625,532685
2022-06-21,1088.2333984375,1096.3499755859375,1098.5,1077.3499755859375,1080.0999755859375,659138
2022-06-22,1062.525146484375,1070.449951171875,1096.0,1062.5999755859375,1095.5,560136
2022-06-23,1065.89990234375,1073.8499755859375,1083.0,1061.449951171875,1077.0,895014
2022-06-24,1070.5653076171875,1078.550048828125,1092.9000244140625,1072.0999755859375,1072.0999755859375,492066
2022-06-27,1076.520751953125,1084.550048828125,1096.5999755859375,1077.050048828125,1083.9000244140625,793805
2022-06-28,1070.06884765625,1078.050048828125,1090.0,1068.0,1085.0,572706
2022-06-29,1059.7459716796875,1067.6500244140625,1088.0,1051.550048828125,1070.050048828125,1224658
2022-06-30,1073.592529296875,1081.5999755859375,1092.6500244140625,1057.550048828125,1073.5,1569542
2022-07-01,1091.7073974609375,1099.8499755859375,1105.3499755859375,1075.0,1085.449951171875,696341
2022-07-04,1109.3756103515625,1117.6500244140625,1122.0,1095.0999755859375,1105.0,1436248
2022-07-05,1102.7750244140625,1111.0,1131.3499755859375,1106.949951171875,1118.0,1020111
2022-07-06,1107.8370361328125,1116.0999755859375,1125.0,1111.0,1114.199951171875,602752
2022-07-07,1116.274169921875,1124.5999755859375,1130.0,1111.1500244140625,1121.699951171875,792663
2022-07-08,1138.4090576171875,1146.9000244140625,1149.4000244140625,1127.550048828125,1135.800048828125,1135110
2022-07-11,1138.905517578125,1147.4000244140625,1155.0999755859375,1141.050048828125,1145.949951171875,543156
2022-07-12,1131.3121337890625,1139.75,1147.0,1134.0999755859375,1143.0,331672
2022-07-13,1131.411376953125,1139.8499755859375,1150.800048828125,1137.5999755859375,1145.449951171875,368619
2022-07-14,1130.5179443359375,1138.949951171875,1146.9000244140625,1130.050048828125,1143.0999755859375,728701
2022-07-15,1146.895751953125,1155.449951171875,1158.0999755859375,1136.8499755859375,1144.6500244140625,591171
2022-07-18,1168.43505859375,1177.1500244140625,1186.8499755859375,1157.300048828125,1165.449951171875,1044459
2022-07-19,1161.288330078125,1169.949951171875,1185.949951171875,1155.5,1176.4000244140625,1099874
2022-07-20,1177.269287109375,1186.050048828125,1199.0,1163.5,1175.0,1608377
2022-07-21,1159.89892578125,1168.550048828125,1187.0,1163.0,1187.0,1048591
2022-07-22,1156.325439453125,1164.949951171875,1176.199951171875,1158.4000244140625,1169.550048828125,753148
2022-07-25,1136.4736328125,1144.949951171875,1172.0,1139.199951171875,1172.0,934158
2022-07-26,1129.7734375,1138.199951171875,1150.0999755859375,1135.0,1142.0,687125
2022-07-27,1140.841064453125,1149.3499755859375,1177.5,1132.199951171875,1140.0,1554002
2022-07-28,1182.62939453125,1191.449951171875,1195.0,1147.5,1155.0,1043318
2022-07-29,1284.8172607421875,1294.4000244140625,1304.699951171875,1241.0,1262.699951171875,7628351
2022-08-01,1303.5771484375,1313.300048828125,1317.25,1287.4000244140625,1300.0,2973441
2022-08-02,1275.6851806640625,1285.199951171875,1312.800048828125,1280.449951171875,1310.0,1673860
2022-08-03,1274.0474853515625,1283.550048828125,1287.550048828125,1258.5999755859375,1283.0,1409000
2022-08-04,1269.3326416015625,1278.800048828125,1286.949951171875,1270.25,1284.0999755859375,1015838
2022-08-05,1257.272705078125,1266.6500244140625,1287.8499755859375,1260.949951171875,1285.199951171875,922856
2022-08-08,1260.4986572265625,1269.9000244140625,1272.3499755859375,1251.25,1261.199951171875,1002771
2022-08-10,1263.7740478515625,1273.199951171875,1294.300048828125,1269.050048828125,1270.0,1187710
2022-08-11,1252.16064453125,1261.5,1283.949951171875,1259.050048828125,1279.5999755859375,943196
2022-08-12,1277.0252685546875,1286.550048828125,1289.8499755859375,1252.5,1255.5,1572048
2022-08-16,1299.9046630859375,1309.5999755859375,1321.0,1287.050048828125,1289.0,1710276
2022-08-17,1295.68603515625,1305.3499755859375,1321.0,1292.449951171875,1305.0,1209377
2022-08-18,1314.396484375,1324.199951171875,1333.0,1303.3499755859375,1306.0,1498235
2022-08-19,1287.34814453125,1296.949951171875,1334.699951171875,1293.3499755859375,1320.0,961803
2022-08-22,1266.5533447265625,1276.0,1311.4000244140625,1271.1500244140625,1292.050048828125,966451
2022-08-23,1269.779296875,1279.25,1292.6500244140625,1270.0,1276.0,803737
2022-08-24,1277.96826171875,1287.5,1289.949951171875,1272.25,1284.0,684029
2022-08-25,1287.397705078125,1297.0,1316.0,1288.0,1288.0,1286241
2022-08-26,1303.9742431640625,1313.699951171875,1327.5,1306.0,1306.0,869870
2022-08-29,1288.5889892578125,1298.199951171875,1310.9000244140625,1256.0,1256.0,737193
2022-08-30,1319.2601318359375,1329.0999755859375,1333.6500244140625,1300.0999755859375,1300.0999755859375,1086386
2022-09-01,1286.9512939453125,1296.550048828125,1313.0,1291.0,1291.0999755859375,2045072
2022-09-02,1278.6629638671875,1288.199951171875,1311.0,1282.699951171875,1303.050048828125,1141002
2022-09-05,1283.824462890625,1293.4000244140625,1296.0,1282.0,1294.6500244140625,440939
2022-09-06,1301.6416015625,1311.3499755859375,1317.0,1285.050048828125,1293.0,1792194
2022-09-07,1321.692138671875,1331.550048828125,1337.4000244140625,1301.199951171875,1304.0,839563
2022-09-08,1307.944580078125,1317.699951171875,1340.3499755859375,1304.75,1338.0,1205449
2022-09-09,1287.844482421875,1297.449951171875,1326.949951171875,1291.300048828125,1322.050048828125,548609
2022-09-12,1296.3311767578125,1306.0,1311.0,1295.050048828125,1297.800048828125,1002755
2022-09-13,1314.5950927734375,1324.4000244140625,1335.0,1311.0,1312.550048828125,1160040
2022-09-14,1293.6513671875,1303.300048828125,1320.0,1300.0,1304.949951171875,800852
2022-09-15,1285.41259765625,1295.0,1317.0,1276.5999755859375,1309.8499755859375,1441219
2022-09-16,1262.8311767578125,1272.25,1302.949951171875,1266.0,1289.0,1717631
2022-09-19,1293.6513671875,1303.300048828125,1308.0,1272.449951171875,1278.5,859607
2022-09-20,1299.6068115234375,1309.300048828125,1322.5,1306.6500244140625,1309.8499755859375,671787
2022-09-21,1296.629150390625,1306.300048828125,1318.75,1298.0,1309.300048828125,453755
2022-09-22,1275.9830322265625,1285.5,1299.949951171875,1269.0,1297.0,932867
2022-09-23,1263.5755615234375,1273.0,1289.949951171875,1265.550048828125,1274.0,415333
2022-09-26,1250.47314453125,1259.800048828125,1271.800048828125,1251.8499755859375,1271.800048828125,1271968
2022-09-27,1233.1029052734375,1242.300048828125,1270.6500244140625,1237.300048828125,1266.0,821405
2022-09-28,1229.628662109375,1238.800048828125,1250.8499755859375,1215.0,1227.5,1102669
2022-09-29,1230.6214599609375,1239.800048828125,1251.0,1236.0,1245.0,1382993
2022-09-30,1241.1923828125,1250.449951171875,1258.0,1234.550048828125,1243.0,1344894
2022-10-03,1228.0902099609375,1237.25,1256.6500244140625,1227.8499755859375,1255.5999755859375,981699
2022-10-04,1251.3170166015625,1260.6500244140625,1265.0,1250.050048828125,1252.25,420656
2022-10-06,1235.9317626953125,1245.1500244140625,1279.949951171875,1242.449951171875,1267.0,900769
2022-10-07,1233.99609375,1243.199951171875,1256.9000244140625,1238.3499755859375,1239.0999755859375,570691
2022-10-10,1230.1251220703125,1239.300048828125,1243.949951171875,1218.050048828125,1230.0,539842
2022-10-11,1197.4188232421875,1206.3499755859375,1243.0,1200.1500244140625,1240.050048828125,712461
2022-10-12,1203.2255859375,1212.199951171875,1220.449951171875,1200.300048828125,1206.0,721135
2022-10-13,1179.1055908203125,1187.9000244140625,1216.550048828125,1185.050048828125,1207.0,689562
2022-10-14,1171.0655517578125,1179.800048828125,1217.050048828125,1177.5999755859375,1201.0,717290
2022-10-17,1180.9915771484375,1189.800048828125,1198.6500244140625,1167.5999755859375,1178.0,1615547
2022-10-18,1210.0250244140625,1219.050048828125,1226.0,1193.1500244140625,1195.75,1367703
2022-10-19,1218.015380859375,1227.0999755859375,1233.800048828125,1213.3499755859375,1220.0,947326
2022-10-20,1213.8961181640625,1222.949951171875,1230.0,1214.0,1220.0,878595
2022-10-21,1237.1226806640625,1246.3499755859375,1250.25,1227.0,1228.449951171875,1020728
2022-10-24,1248.289306640625,1257.5999755859375,1268.949951171875,1238.800048828125,1268.949951171875,157253
2022-10-25,1245.5599365234375,1254.8499755859375,1278.5999755859375,1243.199951171875,1261.5999755859375,1260061
2022-10-27,1243.624267578125,1252.9000244140625,1264.0,1243.550048828125,1255.5,1512949
2022-10-28,1243.525146484375,1252.800048828125,1265.3499755859375,1244.449951171875,1259.199951171875,528795
2022-10-31,1256.5777587890625,1265.949951171875,1273.75,1255.300048828125,1259.0999755859375,539055
2022-11-01,1259.3570556640625,1268.75,1286.4000244140625,1260.050048828125,1265.949951171875,1038607
2022-11-02,1263.2281494140625,1272.6500244140625,1279.4000244140625,1262.5,1275.0999755859375,369486
2022-11-03,1266.60302734375,1276.050048828125,1281.0,1263.0,1263.0,431610
2022-11-04,1256.2303466796875,1265.5999755859375,1281.8499755859375,1259.5,1280.0,336277
2022-11-07,1269.183837890625,1278.6500244140625,1282.0,1265.4000244140625,1271.949951171875,474230
2022-11-09,1254.443603515625,1263.800048828125,1290.0,1256.050048828125,1290.0,992095
2022-11-10,1229.1820068359375,1238.3499755859375,1268.0999755859375,1225.949951171875,1268.0999755859375,497796
2022-11-11,1240.993896484375,1250.25,1273.199951171875,1238.3499755859375,1251.0,1136441
2022-11-14,1239.3560791015625,1248.5999755859375,1259.9000244140625,1239.949951171875,1251.0,772676
2022-11-15,1249.9769287109375,1259.300048828125,1262.0,1238.5,1248.5999755859375,775345
2022-11-16,1245.6094970703125,1254.9000244140625,1265.550048828125,1246.300048828125,1260.0,1280120
2022-11-17,1245.0635986328125,1254.3499755859375,1261.1500244140625,1244.0,1255.5,796479
2022-11-18,1233.5494384765625,1242.75,1261.0,1237.6500244140625,1254.3499755859375,1253218
2022-11-21,1217.5189208984375,1226.5999755859375,1248.9000244140625,1205.5,1230.0999755859375,1040107
2022-11-22,1219.950927734375,1229.050048828125,1235.949951171875,1219.6500244140625,1232.699951171875,750489
2022-11-23,1217.2213134765625,1226.300048828125,1235.0,1217.1500244140625,1234.949951171875,880563
2022-11-24,1231.4649658203125,1240.6500244140625,1245.3499755859375,1220.25,1230.0,1717980
2022-11-25,1226.10498046875,1235.25,1254.949951171875,1229.0999755859375,1248.199951171875,1429364
2022-11-28,1244.219970703125,1253.5,1269.5,1227.0,1230.0,1073327
2022-11-29,1249.0836181640625,1258.4000244140625,1273.300048828125,1247.949951171875,1253.5,1070183
2022-11-30,1273.4022216796875,1282.9000244140625,1289.699951171875,1252.75,1258.3499755859375,1401332
2022-12-01,1281.194091796875,1290.75,1298.1500244140625,1276.199951171875,1290.0,949604
2022-12-02,1285.5615234375,1295.1500244140625,1299.949951171875,1265.0,1292.0,1614314
2022-12-05,1275.0400390625,1284.550048828125,1298.0999755859375,1273.6500244140625,1298.0999755859375,684421
2022-12-06,1275.5859375,1285.0999755859375,1313.5,1281.550048828125,1286.0,1991151
2022-12-07,1252.7066650390625,1262.050048828125,1296.5999755859375,1259.0,1285.9000244140625,636553
2022-12-08,1257.4710693359375,1266.8499755859375,1268.75,1242.0,1242.0,608199
2022-12-09,1260.250244140625,1269.6500244140625,1277.0,1257.050048828125,1277.0,679420
2022-12-12,1253.84814453125,1263.199951171875,1273.0,1253.050048828125,1268.949951171875,498780
2022-12-13,1268.340087890625,1277.800048828125,1280.3499755859375,1259.25,1265.5,598044
2022-12-14,1260.3494873046875,1269.75,1286.0,1266.5999755859375,1285.0,609946
2022-12-15,1264.0718994140625,1273.5,1295.0,1268.6500244140625,1274.949951171875,1303760
2022-12-16,1244.8651123046875,1254.1500244140625,1278.75,1250.5999755859375,1263.0,722024
2022-12-19,1258.1162109375,1267.5,1270.9000244140625,1251.3499755859375,1254.199951171875,378502
2022-12-20,1222.1346435546875,1231.25,1269.0,1229.050048828125,1260.0,1478618
2022-12-21,1225.2115478515625,1234.3499755859375,1244.800048828125,1221.5999755859375,1231.050048828125,1281437
2022-12-22,1235.5347900390625,1244.75,1249.0,1229.1500244140625,1234.4000244140625,1176517
2022-12-23,1215.5338134765625,1224.5999755859375,1248.0,1216.75,1239.300048828125,877135
2022-12-26,1234.095458984375,1243.300048828125,1249.3499755859375,1205.0,1222.949951171875,567165
2022-12-27,1231.8621826171875,1241.050048828125,1254.75,1235.0999755859375,1243.5,471890
2022-12-28,1232.854736328125,1242.050048828125,1249.9000244140625,1232.0999755859375,1241.0,376439
2022-12-29,1249.2821044921875,1258.5999755859375,1262.800048828125,1229.050048828125,1238.0,678487
2022-12-30,1222.184326171875,1231.300048828125,1263.800048828125,1228.800048828125,1262.0,1052741
2023-01-02,1230.86962890625,1240.050048828125,1247.6500244140625,1222.0,1230.0,703923
2023-01-03,1259.0096435546875,1268.4000244140625,1275.0,1226.4000244140625,1244.699951171875,1871263
2023-01-04,1249.7288818359375,1259.050048828125,1282.300048828125,1253.050048828125,1268.3499755859375,1073081
2023-01-05,1258.2652587890625,1267.6500244140625,1274.550048828125,1255.050048828125,1260.6500244140625,878852
2023-01-06,1259.65478515625,1269.050048828125,1287.3499755859375,1266.5,1270.949951171875,1675874
2023-01-09,1296.6785888671875,1306.3499755859375,1313.9000244140625,1271.1500244140625,1275.4000244140625,1432882
2023-01-10,1292.956298828125,1302.5999755859375,1313.6500244140625,1297.9000244140625,1306.3499755859375,1000059
2023-01-11,1281.7401123046875,1291.300048828125,1309.1500244140625,1287.3499755859375,1309.1500244140625,652049
2023-01-12,1305.9593505859375,1315.699951171875,1320.0,1291.300048828125,1291.300048828125,1377949
2023-01-13,1303.2298583984375,1312.949951171875,1326.0,1306.0,1319.0,1214977
2023-01-16,1291.26904296875,1300.9000244140625,1322.75,1295.0,1319.550048828125,600742
2023-01-17,1288.8370361328125,1298.449951171875,1310.4000244140625,1294.5,1304.699951171875,895667
2023-01-18,1300.9466552734375,1310.6500244140625,1322.0,1302.1500244140625,1309.0,1078873
2023-01-19,1313.3046875,1323.0999755859375,1330.0,1303.5999755859375,1313.0,1189082
2023-01-20,1286.5045166015625,1296.0999755859375,1325.949951171875,1292.3499755859375,1324.050048828125,966855
2023-01-23,1285.809814453125,1295.4000244140625,1318.1500244140625,1280.0,1285.0,1367408
2023-01-24,1263.8238525390625,1273.25,1301.0,1270.199951171875,1296.0,657428
2023-01-25,1248.140625,1257.449951171875,1278.800048828125,1250.050048828125,1273.199951171875,599832
2023-01-27,1240.993896484375,1250.25,1291.5,1230.0,1263.699951171875,1164597
2023-01-30,1224.318359375,1233.449951171875,1244.449951171875,1215.5999755859375,1222.0,1694822
2023-01-31,1210.5213623046875,1219.550048828125,1243.699951171875,1212.550048828125,1243.699951171875,1760628
2023-02-01,1101.1866455078125,1109.4000244140625,1228.75,1068.8499755859375,1219.550048828125,8470232
2023-02-02,1099.30078125,1107.5,1155.0,1088.75,1090.199951171875,8566734
2023-02-03,1129.6246337890625,1138.050048828125,1145.6500244140625,1115.0,1115.0,4061171
2023-02-06,1129.97216796875,1138.4000244140625,1146.8499755859375,1115.0,1127.199951171875,2909587
2023-02-07,1123.371337890625,1131.75,1147.8499755859375,1124.449951171875,1143.0,1741642
2023-02-08,1155.8787841796875,1164.5,1172.0,1135.1500244140625,1140.0,3265863
2023-02-09,1171.710693359375,1180.449951171875,1185.0,1162.75,1170.5999755859375,2186484
2023-02-10,1175.730712890625,1184.5,1187.5,1167.050048828125,1179.8499755859375,1655228
2023-02-13,1170.37060546875,1179.0999755859375,1187.949951171875,1173.050048828125,1180.199951171875,812659
2023-02-14,1153.0994873046875,1161.699951171875,1181.449951171875,1155.0999755859375,1178.0,990530
2023-02-15,1171.611572265625,1180.3499755859375,1183.8499755859375,1150.0,1160.9000244140625,1243115
2023-02-16,1165.40771484375,1174.0999755859375,1186.300048828125,1169.550048828125,1186.300048828125,356750
2023-02-17,1141.1883544921875,1149.699951171875,1175.5999755859375,1137.25,1175.5999755859375,909951
2023-02-20,1149.823974609375,1158.4000244140625,1170.6500244140625,1141.1500244140625,1144.0,488052
2023-02-21,1141.83349609375,1150.3499755859375,1168.0,1144.199951171875,1164.199951171875,610755
2023-02-22,1122.775634765625,1131.1500244140625,1148.949951171875,1125.1500244140625,1148.9000244140625,944068
2023-02-23,1126.9942626953125,1135.4000244140625,1141.9000244140625,1123.8499755859375,1136.8499755859375,768179
2023-02-24,1113.7431640625,1122.050048828125,1142.3499755859375,1119.199951171875,1136.0999755859375,973799
2023-02-27,1120.79052734375,1129.1500244140625,1135.0,1110.449951171875,1122.050048828125,987563
2023-02-28,1112.7008056640625,1121.0,1134.9000244140625,1109.050048828125,1131.4000244140625,1219508
2023-03-01,1109.8719482421875,1118.1500244140625,1126.6500244140625,1108.800048828125,1126.6500244140625,675500
2023-03-02,1092.0052490234375,1100.1500244140625,1123.0,1098.0999755859375,1121.699951171875,491880
2023-03-03,1120.8896484375,1129.25,1132.699951171875,1100.1500244140625,1100.1500244140625,922485
2023-03-06,1120.34375,1128.699951171875,1145.949951171875,1125.0,1132.0,920574
2023-03-08,1120.840087890625,1129.199951171875,1141.300048828125,1110.699951171875,1130.0,959097
2023-03-09,1088.5806884765625,1096.699951171875,1134.699951171875,1092.0,1129.199951171875,1239659
2023-03-10,1087.78662109375,1095.9000244140625,1100.550048828125,1083.949951171875,1093.0,893708
2023-03-13,1064.559814453125,1072.5,1101.4000244140625,1066.1500244140625,1092.0,875379
2023-03-14,1069.125732421875,1077.0999755859375,1092.550048828125,1071.0,1074.800048828125,1089923
2023-03-15,1059.150146484375,1067.050048828125,1081.4000244140625,1062.0,1080.0,1566147
2023-03-16,1057.2598876953125,1062.6500244140625,1088.550048828125,1054.5999755859375,1071.949951171875,1023855
2023-03-17,1066.16455078125,1071.5999755859375,1091.0999755859375,1066.1500244140625,1068.0,1569036
2023-03-20,1068.6517333984375,1074.0999755859375,1089.949951171875,1054.0,1071.5999755859375,842875
2023-03-21,1092.132080078125,1097.699951171875,1099.699951171875,1075.050048828125,1075.050048828125,842669
2023-03-22,1107.4539794921875,1113.0999755859375,1127.6500244140625,1103.050048828125,1119.5,1399723
2023-03-23,1112.9759521484375,1118.6500244140625,1125.550048828125,1105.0,1113.800048828125,463672
2023-03-24,1106.5584716796875,1112.199951171875,1121.8499755859375,1088.5,1110.0,1019781
2023-03-27,1093.7239990234375,1099.300048828125,1116.5999755859375,1095.0999755859375,1109.699951171875,1078978
2023-03-28,1085.7646484375,1091.300048828125,1106.5,1088.050048828125,1104.800048828125,609715
2023-03-29,1093.126953125,1098.699951171875,1106.0,1083.25,1094.0,890212
2023-03-31,1095.5147705078125,1101.0999755859375,1112.949951171875,1097.25,1100.199951171875,959958
2023-04-03,1098.201171875,1103.800048828125,1126.800048828125,1091.800048828125,1100.0,1689388
2023-04-05,1099.9423828125,1105.550048828125,1118.9000244140625,1100.449951171875,1109.550048828125,713828
2023-04-06,1110.5880126953125,1116.25,1120.0,1105.0,1108.9000244140625,959185
2023-04-10,1100.638671875,1106.25,1119.449951171875,1104.050048828125,1119.4000244140625,985731
2023-04-11,1107.00634765625,1112.6500244140625,1131.8499755859375,1108.4000244140625,1110.9000244140625,913188
2023-04-12,1121.1341552734375,1126.8499755859375,1130.0,1112.0999755859375,1118.5,784276
2023-04-13,1124.5169677734375,1130.25,1139.0,1123.5,1126.8499755859375,1508398
2023-04-17,1139.5404052734375,1145.3499755859375,1150.75,1119.0,1120.0,1053536
2023-04-18,1139.739501953125,1145.550048828125,1153.300048828125,1140.0999755859375,1145.3499755859375,521013
2023-04-19,1117.7017822265625,1123.4000244140625,1145.25,1120.5,1140.0,1033060
2023-04-20,1123.1241455078125,1128.8499755859375,1131.800048828125,1112.5,1123.4000244140625,663526
2023-04-21,1100.937255859375,1106.550048828125,1136.5999755859375,1103.3499755859375,1136.5999755859375,835506
2023-04-24,1100.0914306640625,1105.699951171875,1113.6500244140625,1090.5999755859375,1106.0,1337055
2023-04-25,1100.2406005859375,1105.8499755859375,1122.1500244140625,1101.050048828125,1106.0,1099269
2023-04-26,1112.627685546875,1118.300048828125,1122.0,1104.0,1106.0,993607
2023-04-27,1131.282470703125,1137.050048828125,1145.0,1125.0,1138.75,1895316
2023-04-28,1134.3170166015625,1140.0999755859375,1148.0,1130.1500244140625,1148.0,1380448
2023-05-02,1145.062255859375,1150.9000244140625,1158.25,1144.3499755859375,1147.0,916515
2023-05-03,1131.13330078125,1136.9000244140625,1150.0999755859375,1134.300048828125,1148.5,623440
2023-05-04,1161.5283203125,1167.449951171875,1169.9000244140625,1136.949951171875,1136.949951171875,2409910
2023-05-05,1167.74658203125,1173.699951171875,1183.25,1167.5,1172.0,1360996
2023-05-08,1176.3526611328125,1182.3499755859375,1185.699951171875,1168.0,1178.0,1221625
2023-05-09,1177.1485595703125,1183.1500244140625,1189.949951171875,1176.9000244140625,1183.949951171875,1412254
2023-05-10,1182.7701416015625,1188.800048828125,1195.0,1181.3499755859375,1184.4000244140625,1420187
2023-05-11,1179.38720703125,1185.4000244140625,1195.800048828125,1179.050048828125,1189.0999755859375,621616
2023-05-12,1181.0289306640625,1187.050048828125,1193.949951171875,1174.0,1180.0,1158276
2023-05-15,1183.4166259765625,1189.449951171875,1194.5,1181.0999755859375,1181.0999755859375,680497
2023-05-16,1174.7608642578125,1180.75,1201.800048828125,1174.199951171875,1196.0,926172
2023-05-17,1156.702880859375,1162.5999755859375,1184.949951171875,1159.199951171875,1182.800048828125,688730
2023-05-18,1146.85302734375,1152.699951171875,1172.8499755859375,1150.5,1162.5999755859375,1133501
2023-05-19,1148.2957763671875,1154.1500244140625,1157.699951171875,1142.550048828125,1152.699951171875,333053
2023-05-22,1144.9627685546875,1150.800048828125,1159.9000244140625,1149.199951171875,1157.449951171875,392404
2023-05-23,1159.687744140625,1165.5999755859375,1167.8499755859375,1144.8499755859375,1147.0,1139676
2023-05-24,1169.38818359375,1175.3499755859375,1177.1500244140625,1158.800048828125,1169.5,995336
2023-05-25,1171.3780517578125,1177.3499755859375,1182.0,1171.5,1175.3499755859375,1136179
2023-05-26,1189.684814453125,1195.75,1203.699951171875,1173.1500244140625,1175.0,703725
2023-05-29,1211.92138671875,1218.0999755859375,1231.9000244140625,1197.0999755859375,1198.949951171875,1370649
2023-05-30,1209.7325439453125,1215.9000244140625,1217.800048828125,1200.8499755859375,1214.6500244140625,745769
2023-05-31,1228.735595703125,1235.0,1239.6500244140625,1211.949951171875,1215.550048828125,2382996
2023-06-01,1201.6239013671875,1207.75,1243.0,1204.4000244140625,1241.5,1041761
2023-06-02,1196.4005126953125,1202.5,1216.199951171875,1199.25,1211.800048828125,737046
2023-06-05,1209.2349853515625,1215.4000244140625,1219.0,1205.0,1208.0,1599077
2023-06-06,1216.7965087890625,1223.0,1225.0,1210.0999755859375,1219.8499755859375,793761
2023-06-07,1239.4808349609375,1245.800048828125,1248.0,1221.0,1225.300048828125,1067618
2023-06-08,1232.615966796875,1238.9000244140625,1254.75,1234.050048828125,1247.699951171875,760962
2023-06-09,1226.1488037109375,1232.4000244140625,1253.5999755859375,1227.5,1227.5999755859375,1904738
2023-06-12,1232.615966796875,1238.9000244140625,1256.300048828125,1234.8499755859375,1242.199951171875,1402903
2023-06-13,1236.9935302734375,1243.300048828125,1248.800048828125,1238.0,1238.0,1253147
2023-06-14,1235.9986572265625,1242.300048828125,1254.949951171875,1227.6500244140625,1240.0999755859375,713768
2023-06-15,1234.8045654296875,1241.0999755859375,1250.5999755859375,1236.449951171875,1245.0,738348
2023-06-16,1274.8504638671875,1281.3499755859375,1291.949951171875,1236.050048828125,1241.0,2049003
2023-06-19,1274.0048828125,1280.5,1288.1500244140625,1275.0,1281.3499755859375,741782
2023-06-20,1288.779541015625,1295.3499755859375,1306.800048828125,1280.5,1281.8499755859375,1474323
2023-06-21,1288.381591796875,1294.949951171875,1306.300048828125,1286.25,1295.3499755859375,855234
2023-06-22,1270.025146484375,1276.5,1306.0,1272.949951171875,1295.9000244140625,556505
2023-06-23,1256.2950439453125,1262.699951171875,1274.9000244140625,1260.5,1271.199951171875,1076729
2023-06-26,1259.9266357421875,1266.3499755859375,1276.199951171875,1263.199951171875,1266.949951171875,1009927
2023-06-27,1279.875,1286.4000244140625,1290.0,1258.1500244140625,1268.5,1650539
2023-06-28,1293.306396484375,1299.9000244140625,1312.5999755859375,1285.0,1290.0,2245575
2023-06-30,1300.27099609375,1306.9000244140625,1315.449951171875,1301.0,1301.050048828125,972782
2023-07-03,1291.3663330078125,1297.949951171875,1312.0,1291.0,1307.949951171875,599025
2023-07-04,1282.71044921875,1289.25,1320.050048828125,1282.8499755859375,1320.0,866223
2023-07-05,1284.998779296875,1291.550048828125,1316.699951171875,1285.0999755859375,1289.550048828125,960704
2023-07-06,1286.3916015625,1292.949951171875,1311.75,1289.3499755859375,1298.0,726222
2023-07-07,1287.4364013671875,1294.0,1318.0,1288.449951171875,1292.5999755859375,939840
2023-07-10,1286.7401123046875,1293.300048828125,1302.0,1283.199951171875,1300.699951171875,675354
2023-07-11,1288.4312744140625,1295.0,1308.75,1289.5,1298.75,821816
2023-07-12,1294.0028076171875,1300.5999755859375,1306.5999755859375,1291.0,1291.0,905809
2023-07-13,1307.28515625,1313.949951171875,1336.0,1305.050048828125,1312.0,1579954
2023-07-14,1313.60302734375,1320.300048828125,1326.050048828125,1311.3499755859375,1320.5,1321159
2023-07-17,1307.8323974609375,1314.5,1328.550048828125,1296.75,1321.0,1055414
2023-07-18,1307.8822021484375,1314.550048828125,1322.300048828125,1305.6500244140625,1315.0,1427102
2023-07-19,1303.8028564453125,1310.449951171875,1321.550048828125,1307.25,1314.5999755859375,659900
2023-07-20,1307.384765625,1314.050048828125,1321.5999755859375,1303.1500244140625,1315.0,898725
2023-07-21,1284.153076171875,1290.699951171875,1322.75,1288.0,1314.800048828125,524241
2023-07-24,1310.468994140625,1317.1500244140625,1324.4000244140625,1287.9000244140625,1290.699951171875,1183272
2023-07-25,1294.5003662109375,1301.0999755859375,1320.0,1290.0999755859375,1318.0,1362929
2023-07-26,1286.09326171875,1292.6500244140625,1299.949951171875,1275.25,1290.0,2302730
2023-07-27,1289.9237060546875,1296.5,1312.0,1292.75,1295.0,1946045
2023-07-28,1283.2080078125,1289.75,1301.949951171875,1281.300048828125,1301.949951171875,1051700
2023-07-31,1275.646484375,1282.1500244140625,1296.949951171875,1270.0,1296.949951171875,1061701
2023-08-01,1273.4576416015625,1279.949951171875,1285.0,1261.0999755859375,1285.0,1219778
2023-08-02,1255.847412109375,1262.25,1284.9000244140625,1252.449951171875,1280.0,888107
2023-08-03,1247.3905029296875,1253.75,1274.800048828125,1251.6500244140625,1259.949951171875,871719
2023-08-04,1261.46875,1267.9000244140625,1287.1500244140625,1254.0,1258.949951171875,1609140
2023-08-07,1295.9429931640625,1302.550048828125,1305.699951171875,1266.550048828125,1273.0,1719680
2023-08-08,1342.505615234375,1349.3499755859375,1358.75,1293.75,1306.9000244140625,3458915
2023-08-09,1342.505615234375,1349.3499755859375,1374.0,1343.0,1366.0,1746764
2023-08-10,1327.581787109375,1334.3499755859375,1358.9000244140625,1330.0999755859375,1344.949951171875,841571
2023-08-11,1304.84765625,1311.5,1340.0,1304.9000244140625,1340.0,891342
2023-08-14,1290.5206298828125,1297.0999755859375,1315.949951171875,1291.949951171875,1314.0,888959
2023-08-16,1284.7501220703125,1291.300048828125,1299.949951171875,1281.0,1295.0,395774
2023-08-17,1277.934814453125,1284.449951171875,1289.949951171875,1276.25,1286.5,843146
2023-08-18,1275.9449462890625,1282.449951171875,1285.8499755859375,1266.0,1278.550048828125,886254
2023-08-21,1272.064697265625,1278.550048828125,1289.800048828125,1274.300048828125,1282.949951171875,703317
2023-08-22,1280.22314453125,1286.75,1313.199951171875,1278.75,1284.3499755859375,1405263
2023-08-23,1293.6546630859375,1300.25,1304.5,1286.25,1289.949951171875,583458
2023-08-24,1287.1876220703125,1293.75,1311.6500244140625,1290.1500244140625,1299.9000244140625,618797
2023-08-25,1289.82421875,1296.4000244140625,1298.550048828125,1282.449951171875,1293.050048828125,487521
2023-08-28,1284.998779296875,1291.550048828125,1307.0,1289.550048828125,1300.0,764751
2023-08-29,1290.6201171875,1297.199951171875,1301.6500244140625,1290.0,1292.0,1011094
2023-08-30,1294.0028076171875,1300.5999755859375,1307.8499755859375,1293.300048828125,1301.949951171875,812860
2023-08-31,1285.9937744140625,1292.550048828125,1308.5999755859375,1286.5,1304.8499755859375,1390078
2023-09-01,1313.851806640625,1320.550048828125,1327.0999755859375,1293.199951171875,1297.949951171875,761000
2023-09-04,1321.6121826171875,1328.3499755859375,1332.449951171875,1301.5,1328.5,542261
2023-09-05,1302.8079833984375,1309.449951171875,1338.949951171875,1305.6500244140625,1328.3499755859375,1922115
2023-09-06,1313.1055908203125,1319.800048828125,1329.0,1305.449951171875,1310.0,1461738
2023-09-07,1340.6650390625,1347.5,1351.300048828125,1311.449951171875,1320.0,1468196
2023-09-08,1334.6456298828125,1341.449951171875,1349.449951171875,1334.3499755859375,1348.0,1214231
2023-09-11,1343.3016357421875,1350.1500244140625,1356.8499755859375,1337.0,1344.449951171875,844034
2023-09-12,1339.6700439453125,1346.5,1352.800048828125,1331.300048828125,1352.800048828125,1139357
2023-09-13,1338.6751708984375,1345.5,1351.050048828125,1328.25,1350.0,438029
2023-09-14,1345.8883056640625,1352.75,1360.75,1342.25,1345.5,889229
2023-09-15,1365.6875,1372.6500244140625,1374.8499755859375,1352.0,1355.300048828125,878944
2023-09-18,1366.73193359375,1373.699951171875,1393.0,1367.550048828125,1375.0,1324270
2023-09-20,1338.3765869140625,1345.199951171875,1376.800048828125,1340.3499755859375,1370.0,574012
2023-09-21,1327.432373046875,1334.199951171875,1351.9000244140625,1328.050048828125,1345.5,783641
2023-09-22,1312.1602783203125,1318.8499755859375,1337.5999755859375,1316.0,1326.050048828125,1084861
2023-09-25,1287.5855712890625,1294.1500244140625,1340.0,1289.0999755859375,1318.800048828125,908011
2023-09-26,1283.1580810546875,1289.699951171875,1302.3499755859375,1285.199951171875,1295.5,749346
2023-09-27,1294.40087890625,1301.0,1304.0,1277.949951171875,1283.300048828125,643756
2023-09-28,1282.8597412109375,1289.4000244140625,1308.5,1284.5,1301.0,1026081
2023-09-29,1298.778564453125,1305.4000244140625,1312.0,1289.0,1289.949951171875,1294800
2023-10-03,1285.8941650390625,1292.449951171875,1302.1500244140625,1282.6500244140625,1302.1500244140625,1282289
2023-10-04,1264.1053466796875,1270.550048828125,1297.699951171875,1264.3499755859375,1291.5999755859375,1139615
2023-10-05,1267.9854736328125,1274.449951171875,1282.0999755859375,1264.949951171875,1271.0,979561
2023-10-06,1276.4423828125,1282.949951171875,1287.550048828125,1272.0,1276.0,784191
2023-10-09,1270.7713623046875,1277.25,1290.75,1272.0,1278.0999755859375,1345177
2023-10-10,1295.445556640625,1302.050048828125,1312.5999755859375,1279.800048828125,1285.0,1221002
2023-10-11,1302.70849609375,1309.3499755859375,1310.949951171875,1291.1500244140625,1310.0,1374812
2023-10-12,1306.9866943359375,1313.6500244140625,1317.4000244140625,1300.949951171875,1311.949951171875,726322
2023-10-13,1309.7724609375,1316.449951171875,1329.6500244140625,1312.8499755859375,1315.8499755859375,916350
2023-10-16,1315.4932861328125,1322.199951171875,1332.199951171875,1310.550048828125,1319.199951171875,578729
2023-10-17,1341.5106201171875,1348.3499755859375,1351.0999755859375,1325.0,1325.0,1073063
2023-10-18,1349.4700927734375,1356.3499755859375,1358.5999755859375,1339.0,1344.050048828125,454861
2023-10-19,1341.311767578125,1348.1500244140625,1353.5999755859375,1338.5999755859375,1349.0,595436
2023-10-20,1355.73828125,1362.6500244140625,1368.6500244140625,1336.5,1340.0,936229
2023-10-23,1331.6112060546875,1338.4000244140625,1366.550048828125,1329.050048828125,1359.949951171875,976136
2023-10-25,1307.484130859375,1314.1500244140625,1346.0999755859375,1308.6500244140625,1323.050048828125,945901
2023-10-26,1298.9775390625,1305.5999755859375,1315.800048828125,1290.75,1315.800048828125,1107874
2023-10-27,1296.291259765625,1302.9000244140625,1320.699951171875,1293.6500244140625,1307.5999755859375,654531
2023-10-30,1319.472900390625,1326.199951171875,1330.699951171875,1305.0,1305.199951171875,1242401
2023-10-31,1360.9117431640625,1367.8499755859375,1375.4000244140625,1319.5,1325.0,2287988
2023-11-01,1329.2730712890625,1336.050048828125,1377.949951171875,1332.4000244140625,1371.050048828125,968893
2023-11-02,1336.685302734375,1343.5,1357.75,1340.1500244140625,1342.0,637519
2023-11-03,1322.6070556640625,1329.3499755859375,1349.949951171875,1326.0999755859375,1344.800048828125,690163
2023-11-06,1325.0943603515625,1331.8499755859375,1340.699951171875,1323.4000244140625,1335.0,377106
2023-11-07,1334.0487060546875,1340.8499755859375,1344.050048828125,1320.4000244140625,1332.5,1038346
2023-11-08,1338.6751708984375,1345.5,1349.3499755859375,1334.699951171875,1342.1500244140625,498283
2023-11-09,1343.8487548828125,1350.699951171875,1353.3499755859375,1335.449951171875,1345.0999755859375,493454
2023-11-10,1348.52490234375,1355.4000244140625,1360.0,1341.0,1351.800048828125,639801
2023-11-13,1321.6121826171875,1328.3499755859375,1359.699951171875,1325.0,1351.5,1332535
2023-11-15,1350.21630859375,1357.0999755859375,1359.0,1332.050048828125,1348.949951171875,742427
2023-11-16,1353.0518798828125,1359.949951171875,1365.0999755859375,1348.050048828125,1362.75,577249
2023-11-17,1406.77783203125,1413.949951171875,1434.449951171875,1354.0,1354.0,3192944
2023-11-20,1378.273193359375,1385.300048828125,1420.0,1383.0,1413.949951171875,726211
2023-11-21,1416.4288330078125,1423.6500244140625,1425.1500244140625,1387.0999755859375,1389.0,2049132
2023-11-22,1422.8460693359375,1430.0999755859375,1438.550048828125,1417.3499755859375,1425.0,865655
2023-11-23,1403.793212890625,1410.949951171875,1434.4000244140625,1406.3499755859375,1430.0999755859375,549853
2023-11-24,1402.5494384765625,1409.699951171875,1418.949951171875,1401.050048828125,1414.0,387896
2023-11-28,1405.2855224609375,1412.449951171875,1417.300048828125,1393.0999755859375,1409.800048828125,1123470
2023-11-29,1400.708984375,1407.8499755859375,1421.800048828125,1406.0,1415.449951171875,887709
2023-11-30,1427.969970703125,1435.25,1444.199951171875,1409.050048828125,1410.0,3027395
2023-12-01,1416.4288330078125,1423.6500244140625,1445.0,1420.0999755859375,1438.050048828125,808841
2023-12-04,1446.6248779296875,1454.0,1458.699951171875,1415.0,1439.9000244140625,2078827
2023-12-05,1453.53955078125,1460.949951171875,1472.0999755859375,1443.0,1454.0,1932719
2023-12-06,1443.341552734375,1450.699951171875,1462.949951171875,1445.1500244140625,1462.0,724418
2023-12-07,1448.365966796875,1455.75,1483.449951171875,1450.0999755859375,1456.8499755859375,1244939
2023-12-08,1457.7679443359375,1465.199951171875,1469.550048828125,1451.550048828125,1455.0,1654799
2023-12-11,1453.1912841796875,1460.5999755859375,1468.300048828125,1455.0,1465.199951171875,731571
2023-12-12,1473.935546875,1481.449951171875,1491.9000244140625,1459.949951171875,1464.5,1763549
2023-12-13,1459.35986328125,1466.800048828125,1483.1500244140625,1460.0,1483.1500244140625,2279728
2023-12-14,1462.3944091796875,1469.8499755859375,1477.5999755859375,1454.949951171875,1473.0,2953215
2023-12-15,1445.1324462890625,1452.5,1485.0,1448.5999755859375,1474.0,1482700
2023-12-18,1439.6104736328125,1446.949951171875,1461.4000244140625,1441.6500244140625,1452.5,1580916
2023-12-19,1417.3243408203125,1424.550048828125,1448.0,1419.050048828125,1444.949951171875,1282514
2023-12-20,1402.101806640625,1409.25,1437.0,1404.050048828125,1437.0,1151553
2023-12-21,1396.629638671875,1403.75,1410.300048828125,1379.949951171875,1401.5,1841616
2023-12-22,1387.2276611328125,1394.300048828125,1417.699951171875,1387.050048828125,1414.0,1111420
2023-12-26,1388.22265625,1395.300048828125,1409.1500244140625,1387.6500244140625,1400.0,875367
2023-12-27,1414.140380859375,1421.3499755859375,1424.0,1399.0999755859375,1405.0,718369
2023-12-28,1428.019775390625,1435.300048828125,1444.949951171875,1419.199951171875,1428.5,1446654
2023-12-29,1425.3333740234375,1432.5999755859375,1435.25,1421.050048828125,1433.0,383858
2024-01-01,1424.8358154296875,1432.0999755859375,1437.5999755859375,1425.949951171875,1435.8499755859375,158288
2024-01-02,1430.357666015625,1437.6500244140625,1449.699951171875,1421.75,1437.0,691712
2024-01-03,1415.4835205078125,1422.699951171875,1440.9000244140625,1415.5999755859375,1430.0,550221
2024-01-04,1424.33837890625,1431.5999755859375,1436.5999755859375,1415.0,1420.800048828125,938454
2024-01-05,1446.77392578125,1454.1500244140625,1468.0,1433.699951171875,1435.9000244140625,1258280
2024-01-08,1413.842041015625,1421.050048828125,1460.0999755859375,1416.4000244140625,1454.1500244140625,738502
2024-01-09,1441.9984130859375,1449.3499755859375,1468.25,1421.0,1429.0,1871763
2024-01-10,1444.087646484375,1451.449951171875,1495.3499755859375,1448.0,1454.949951171875,2547856
2024-01-11,1420.5577392578125,1427.800048828125,1463.300048828125,1425.9000244140625,1450.050048828125,908421
2024-01-12,1428.019775390625,1435.300048828125,1440.9000244140625,1418.5,1434.800048828125,557158
2024-01-15,1422.7962646484375,1430.050048828125,1444.550048828125,1424.550048828125,1442.0,902104
2024-01-16,1401.6541748046875,1408.800048828125,1431.9000244140625,1405.550048828125,1425.050048828125,1729041
2024-01-17,1413.94140625,1421.1500244140625,1444.949951171875,1386.550048828125,1397.0,2628568
2024-01-18,1397.7738037109375,1404.9000244140625,1438.0,1384.199951171875,1416.9000244140625,2296538
2024-01-19,1433.292724609375,1440.5999755859375,1445.0,1405.4000244140625,1405.9000244140625,570639
2024-01-23,1368.52294921875,1375.5,1448.6500244140625,1367.3499755859375,1444.0,2880301
2024-01-24,1403.395263671875,1410.550048828125,1413.9000244140625,1368.550048828125,1380.4000244140625,1255876
2024-01-25,1373.8956298828125,1380.9000244140625,1414.9000244140625,1357.1500244140625,1414.9000244140625,3230297
2024-01-29,1411.2054443359375,1418.4000244140625,1424.5999755859375,1388.0,1388.0,1607583
2024-01-30,1391.9036865234375,1399.0,1433.699951171875,1392.8499755859375,1425.0,1464906
2024-01-31,1394.04296875,1401.1500244140625,1406.5,1381.699951171875,1400.0,1343827
2024-02-01,1425.4825439453125,1432.75,1459.699951171875,1398.5,1407.300048828125,1803699
2024-02-02,1428.1689453125,1435.449951171875,1456.0,1420.050048828125,1440.800048828125,1817169
2024-02-05,1412.6480712890625,1419.8499755859375,1460.0,1414.9000244140625,1435.0,1010779
2024-02-06,1456.5740966796875,1464.0,1469.949951171875,1404.9000244140625,1422.5999755859375,1515381
2024-02-07,1461.996337890625,1469.449951171875,1493.0,1453.6500244140625,1472.5999755859375,690402
2024-02-08,1451.6492919921875,1459.050048828125,1492.0999755859375,1455.1500244140625,1481.9000244140625,1679065
2024-02-09,1432.3973388671875,1439.699951171875,1468.0,1436.5,1468.0,596482
2024-02-12,1428.7161865234375,1436.0,1452.0,1423.25,1442.449951171875,515507
2024-02-13,1460.15576171875,1467.5999755859375,1475.8499755859375,1428.199951171875,1436.0,1388464
2024-02-14,1446.326171875,1453.699951171875,1464.0,1439.050048828125,1460.0,504590
2024-02-15,1445.97802734375,1453.3499755859375,1464.3499755859375,1443.6500244140625,1464.0,736364
2024-02-16,1500.798583984375,1508.449951171875,1516.199951171875,1451.5999755859375,1456.4000244140625,2008339
2024-02-19,1481.2979736328125,1488.8499755859375,1522.0,1486.0,1517.0999755859375,1163429
2024-02-20,1505.872802734375,1513.550048828125,1517.6500244140625,1473.3499755859375,1488.8499755859375,1569035
2024-02-21,1494.0828857421875,1501.699951171875,1519.5,1495.4000244140625,1510.050048828125,1156081
2024-02-22,1501.992431640625,1509.6500244140625,1513.5,1470.199951171875,1510.0,1355358
2024-02-23,1521.3935546875,1529.1500244140625,1536.25,1501.25,1508.4000244140625,1115653
2024-02-26,1541.292236328125,1549.1500244140625,1553.4000244140625,1525.0999755859375,1531.1500244140625,1283074
2024-02-27,1534.8748779296875,1542.699951171875,1569.0,1538.9000244140625,1553.800048828125,1764621
2024-02-28,1532.3875732421875,1540.199951171875,1556.75,1536.4000244140625,1544.0,834214
2024-02-29,1544.6749267578125,1552.550048828125,1567.0999755859375,1525.4000244140625,1540.199951171875,1672455
2024-03-01,1534.3277587890625,1542.1500244140625,1569.3499755859375,1536.050048828125,1564.9000244140625,1088145
2024-03-04,1510.25048828125,1517.949951171875,1554.0,1508.25,1553.8499755859375,2126926
2024-03-05,1483.685791015625,1491.25,1525.0,1487.949951171875,1525.0,1476872
2024-03-06,1512.6881103515625,1520.4000244140625,1523.9000244140625,1487.0,1492.25,1568041
2024-03-07,1502.73876953125,1510.4000244140625,1521.300048828125,1489.0,1520.0,2468543
2024-03-11,1524.32861328125,1532.0999755859375,1539.800048828125,1513.5999755859375,1526.949951171875,1824218
2024-03-12,1508.708251953125,1516.4000244140625,1551.75,1509.050048828125,1533.0,1608593
2024-03-13,1479.8055419921875,1487.3499755859375,1532.5999755859375,1480.6500244140625,1524.0,1461171
2024-03-14,1498.211669921875,1505.8499755859375,1514.550048828125,1465.300048828125,1482.199951171875,1094035
2024-03-15,1495.0721435546875,1500.0,1504.949951171875,1481.0999755859375,1482.0,1466897
2024-03-18,1484.805908203125,1489.699951171875,1503.449951171875,1478.300048828125,1493.0,641326
2024-03-19,1456.549072265625,1461.3499755859375,1488.949951171875,1456.300048828125,1480.0,1010444
2024-03-20,1453.60888671875,1458.4000244140625,1469.449951171875,1450.0,1460.0,477278
2024-03-21,1463.2271728515625,1468.050048828125,1477.0,1458.0,1472.9000244140625,958834
2024-03-22,1496.16845703125,1501.0999755859375,1511.0,1458.0999755859375,1474.0,563028
2024-03-26,1481.5169677734375,1486.4000244140625,1509.449951171875,1457.800048828125,1458.5,1349881
2024-03-27,1474.6893310546875,1479.550048828125,1499.0,1473.5,1490.0,795193
2024-03-28,1495.3214111328125,1500.25,1521.8499755859375,1480.0,1480.0,1704887
2024-04-01,1485.05517578125,1489.949951171875,1519.0999755859375,1486.75,1498.0,838186
2024-04-02,1465.7686767578125,1470.5999755859375,1496.5999755859375,1465.300048828125,1495.0,941688
2024-04-03,1456.0010986328125,1460.800048828125,1472.949951171875,1456.050048828125,1470.0,1862464
2024-04-04,1458.9412841796875,1463.75,1475.050048828125,1447.0,1467.5,1905528
2024-04-05,1480.4205322265625,1485.300048828125,1489.9000244140625,1460.1500244140625,1469.0,836975
2024-04-08,1513.8104248046875,1518.800048828125,1528.0,1487.0,1488.699951171875,822205
2024-04-09,1505.5875244140625,1510.550048828125,1527.4000244140625,1503.050048828125,1525.0999755859375,718575
2024-04-10,1498.4111328125,1503.3499755859375,1516.699951171875,1481.0,1515.0,1056524
2024-04-12,1488.2447509765625,1493.1500244140625,1511.4000244140625,1488.199951171875,1501.0,787733
2024-04-15,1462.0809326171875,1466.9000244140625,1489.9000244140625,1462.5,1489.8499755859375,994053
2024-04-16,1457.944580078125,1462.75,1476.9000244140625,1452.0,1460.199951171875,717750
2024-04-18,1452.1634521484375,1456.949951171875,1483.6500244140625,1448.0,1465.0,1746383
2024-04-19,1442.79443359375,1447.550048828125,1457.550048828125,1425.3499755859375,1450.0,1129149
2024-04-22,1470.5531005859375,1475.4000244140625,1482.9000244140625,1452.0,1456.5,772048
2024-04-23,1465.021240234375,1469.8499755859375,1489.199951171875,1464.25,1478.0,1042729
2024-04-24,1455.25341796875,1460.050048828125,1478.0,1452.550048828125,1469.8499755859375,898680
2024-04-25,1439.7047119140625,1444.449951171875,1464.0,1436.1500244140625,1464.0,2406788
2024-04-26,1410.6005859375,1415.25,1466.8499755859375,1411.199951171875,1455.0,2180945
2024-04-29,1417.67724609375,1422.3499755859375,1460.9000244140625,1414.050048828125,1437.0,4381119
2024-04-30,1431.83056640625,1436.550048828125,1449.8499755859375,1423.199951171875,1432.0,2402464
2024-05-02,1456.1007080078125,1460.9000244140625,1464.75,1416.3499755859375,1416.3499755859375,2194261
2024-05-03,1438.508544921875,1443.25,1472.699951171875,1438.4000244140625,1469.0,1355425
2024-05-06,1435.8671875,1440.5999755859375,1457.449951171875,1431.5999755859375,1450.0,920880
2024-05-07,1445.385986328125,1450.1500244140625,1458.9000244140625,1431.550048828125,1440.9000244140625,1800920
2024-05-08,1422.0628662109375,1426.75,1465.949951171875,1423.0,1440.0,1297162
2024-05-09,1417.72705078125,1422.4000244140625,1439.5,1413.199951171875,1431.9000244140625,1645954
2024-05-10,1427.2457275390625,1431.949951171875,1438.5,1415.75,1425.0,741292
2024-05-13,1420.418212890625,1425.0999755859375,1440.0,1420.550048828125,1435.0,771284
2024-05-14,1428.142822265625,1432.8499755859375,1436.75,1422.050048828125,1427.199951171875,896653
2024-05-15,1425.40185546875,1430.0999755859375,1443.8499755859375,1425.75,1440.0,254646
2024-05-16,1447.4290771484375,1452.199951171875,1458.199951171875,1420.1500244140625,1431.550048828125,1176239
2024-05-17,1429.48828125,1434.199951171875,1450.0,1430.5,1450.0,2433315
2024-05-21,1424.953369140625,1429.6500244140625,1440.699951171875,1422.5,1438.8499755859375,1300334
2024-05-22,1422.7108154296875,1427.4000244140625,1435.550048828125,1424.0,1434.25,966583
2024-05-23,1442.0469970703125,1446.800048828125,1452.949951171875,1424.050048828125,1434.0,1206423
2024-05-24,1431.5316162109375,1436.25,1448.449951171875,1433.449951171875,1442.5,487961
2024-05-27,1405.567138671875,1410.199951171875,1448.0,1402.1500244140625,1435.0,1675749
2024-05-28,1445.9840087890625,1450.75,1455.0,1405.9000244140625,1415.0,1600105
2024-05-29,1408.1588134765625,1412.800048828125,1449.449951171875,1406.5999755859375,1448.0,1518325
2024-05-30,1375.5162353515625,1380.050048828125,1418.800048828125,1371.0,1418.800048828125,2097166
2024-05-31,1381.845458984375,1386.4000244140625,1401.1500244140625,1372.5999755859375,1393.800048828125,2559060
2024-06-03,1386.9287109375,1391.5,1436.4000244140625,1387.3499755859375,1435.300048828125,870693
2024-06-04,1334.45166015625,1338.8499755859375,1402.699951171875,1307.699951171875,1398.1500244140625,3277433
2024-06-05,1385.533203125,1390.0999755859375,1396.199951171875,1330.699951171875,1341.0,1238176
2024-06-06,1438.1099853515625,1442.8499755859375,1445.800048828125,1380.25,1390.0999755859375,2227021
2024-06-07,1421.165771484375,1425.8499755859375,1440.0,1420.0,1435.0999755859375,1279929
2024-06-10,1427.5946044921875,1432.300048828125,1452.0,1418.3499755859375,1436.8499755859375,2059288
2024-06-11,1423.358642578125,1428.050048828125,1439.800048828125,1422.0,1432.449951171875,991450
2024-06-12,1447.927490234375,1452.699951171875,1461.800048828125,1425.800048828125,1428.0999755859375,1823958
2024-06-13,1445.1368408203125,1449.9000244140625,1479.449951171875,1432.8499755859375,1459.6500244140625,3086173
2024-06-14,1465.071044921875,1469.9000244140625,1473.75,1440.5999755859375,1444.9000244140625,856835
2024-06-18,1468.7091064453125,1473.550048828125,1480.0,1455.050048828125,1480.0,1427035
2024-06-19,1444.4390869140625,1449.199951171875,1478.4000244140625,1446.1500244140625,1478.3499755859375,578983
2024-06-20,1450.7183837890625,1455.5,1480.9000244140625,1451.449951171875,1476.0,1444553
2024-06-21,1459.340087890625,1464.1500244140625,1478.550048828125,1445.1500244140625,1455.5,1184387
2024-06-24,1447.9774169921875,1452.75,1464.1500244140625,1447.199951171875,1464.1500244140625,460942
2024-06-25,1457.197021484375,1462.0,1467.5,1430.0,1457.4000244140625,1845922
2024-06-26,1446.1334228515625,1450.9000244140625,1475.6500244140625,1447.0,1462.0,780636
2024-06-27,1458.6422119140625,1463.449951171875,1473.6500244140625,1437.550048828125,1445.0,1492222
2024-06-28,1487.0484619140625,1491.949951171875,1498.800048828125,1450.0,1450.0999755859375,1533271
2024-07-01,1496.9161376953125,1501.8499755859375,1511.9000244140625,1481.9000244140625,1491.949951171875,788569
2024-07-02,1489.989013671875,1494.9000244140625,1510.3499755859375,1468.0999755859375,1507.0,1462260
2024-07-03,1491.43408203125,1496.3499755859375,1506.949951171875,1486.199951171875,1503.0,527776
2024-07-04,1502.7967529296875,1507.75,1518.8499755859375,1492.25,1496.4000244140625,1363288
2024-07-05,1524.3756103515625,1529.4000244140625,1531.949951171875,1505.449951171875,1507.75,961676
2024-07-08,1509.9730224609375,1514.949951171875,1531.949951171875,1508.25,1529.4000244140625,774723
2024-07-09,1519.7408447265625,1524.75,1529.0,1512.4000244140625,1525.0,726889
2024-07-10,1553.6790771484375,1558.800048828125,1562.5,1518.5999755859375,1524.75,1964480
2024-07-11,1553.6790771484375,1558.800048828125,1569.6500244140625,1546.1500244140625,1562.0,1156236
2024-07-12,1557.7156982421875,1562.8499755859375,1570.0,1547.3499755859375,1562.9000244140625,589534
2024-07-15,1608.1494140625,1613.449951171875,1620.9000244140625,1557.9000244140625,1562.8499755859375,2498480
2024-07-16,1616.0235595703125,1621.3499755859375,1639.5999755859375,1592.199951171875,1613.4000244140625,1844059
2024-07-18,1654.3472900390625,1659.800048828125,1664.949951171875,1615.050048828125,1620.0,2104021
2024-07-19,1642.286865234375,1647.699951171875,1658.550048828125,1632.0,1632.0,567209
2024-07-22,1615.82421875,1621.1500244140625,1647.699951171875,1618.6500244140625,1641.0999755859375,397490
2024-07-23,1589.6104736328125,1594.8499755859375,1638.0,1578.050048828125,1621.1500244140625,2145861
2024-07-24,1627.5853271484375,1632.949951171875,1650.0,1579.6500244140625,1580.0,2099093
2024-07-25,1689.830322265625,1695.4000244140625,1701.3499755859375,1645.0,1645.0,4427012
2024-07-26,1745.19775390625,1750.949951171875,1777.699951171875,1686.25,1686.25,2982227
2024-07-29,1740.961669921875,1746.699951171875,1763.550048828125,1736.5,1752.5,1368641
2024-07-30,1715.39599609375,1721.050048828125,1746.300048828125,1708.0,1740.5,2096978
2024-07-31,1747.888916015625,1753.6500244140625,1760.0,1720.0,1721.050048828125,1082466
2024-08-01,1761.4442138671875,1767.25,1791.1500244140625,1758.0999755859375,1791.0999755859375,1247361
2024-08-02,1739.167724609375,1744.9000244140625,1768.9000244140625,1731.0,1760.0,594517
2024-08-05,1716.5421142578125,1722.199951171875,1739.3499755859375,1679.949951171875,1680.0,1240111
2024-08-06,1668.9989013671875,1674.5,1780.0,1670.0999755859375,1722.199951171875,1500825
2024-08-07,1680.162109375,1685.699951171875,1698.9000244140625,1677.0999755859375,1690.050048828125,603417
2024-08-08,1700.6944580078125,1706.300048828125,1715.1500244140625,1670.050048828125,1671.0999755859375,1291138
2024-08-09,1719.4326171875,1725.0999755859375,1733.4000244140625,1708.0,1720.0,804893
2024-08-12,1699.3988037109375,1705.0,1730.0,1692.050048828125,1722.9000244140625,1019251
2024-08-13,1676.873046875,1682.4000244140625,1721.300048828125,1672.050048828125,1705.0,1064268
2024-08-14,1686.541015625,1692.0999755859375,1707.3499755859375,1673.0,1696.199951171875,557473
2024-08-16,1683.3516845703125,1688.9000244140625,1702.0999755859375,1666.1500244140625,1699.0,721574
2024-08-19,1666.05859375,1671.550048828125,1696.800048828125,1666.0,1696.800048828125,632647
2024-08-20,1755.5137939453125,1761.300048828125,1770.800048828125,1672.75,1672.800048828125,3951662
2024-08-21,1794.6845703125,1800.5999755859375,1804.449951171875,1750.9000244140625,1761.300048828125,2972530
2024-08-22,1789.3521728515625,1795.25,1812.4000244140625,1789.8499755859375,1801.0,1380510
2024-08-23,1783.421875,1789.300048828125,1798.4000244140625,1782.0,1789.5,858249
2024-08-26,1790.3489990234375,1796.25,1801.449951171875,1769.3499755859375,1791.0,593628
2024-08-27,1832.9085693359375,1838.949951171875,1848.5999755859375,1784.0999755859375,1788.4000244140625,2239371
2024-08-28,1837.6429443359375,1843.699951171875,1854.25,1826.0,1838.75,724092
2024-08-29,1837.6429443359375,1843.699951171875,1867.75,1835.5,1840.0,2248185
2024-08-30,1844.221435546875,1850.300048828125,1869.800048828125,1837.0,1839.949951171875,2125138
2024-09-02,1882.5450439453125,1888.75,1894.6500244140625,1849.050048828125,1850.300048828125,2522132
2024-09-03,1922.31396484375,1928.6500244140625,1936.0,1881.75,1890.0,3457882
2024-09-04,1905.91796875,1912.199951171875,1920.0,1902.3499755859375,1910.0,952279
2024-09-05,1901.582275390625,1907.8499755859375,1919.0,1900.199951171875,1919.0,947097
2024-09-06,1890.0703125,1896.300048828125,1916.8499755859375,1889.449951171875,1898.0999755859375,772396
2024-09-09,1895.5023193359375,1901.75,1932.8499755859375,1894.5,1900.8499755859375,1845859
2024-09-10,1847.3609619140625,1853.449951171875,1890.0,1838.75,1890.0,2515665
2024-09-11,1853.0423583984375,1859.1500244140625,1871.050048828125,1844.550048828125,1845.0999755859375,630094
2024-09-12,1869.787109375,1875.949951171875,1880.0,1840.5999755859375,1863.0,1126825
2024-09-13,1840.433837890625,1846.5,1871.75,1841.75,1869.0,886112
2024-09-16,1815.266845703125,1821.25,1864.800048828125,1816.0999755859375,1851.0,1576652
2024-09-17,1813.1737060546875,1819.1500244140625,1844.300048828125,1808.449951171875,1823.5,844866
2024-09-18,1836.397216796875,1842.449951171875,1848.949951171875,1815.050048828125,1818.199951171875,518691
2024-09-19,1834.902099609375,1840.949951171875,1860.0,1828.199951171875,1850.0,776068
2024-09-20,1864.1058349609375,1870.25,1885.0,1845.0,1850.0,1512372
2024-09-23,1913.8419189453125,1920.1500244140625,1925.0,1880.0,1882.0,1022492
2024-09-24,1858.22509765625,1864.3499755859375,1927.949951171875,1854.5999755859375,1927.0999755859375,2608386
2024-09-25,1857.4776611328125,1863.5999755859375,1875.0,1841.050048828125,1873.699951171875,1395256
2024-09-26,1892.063720703125,1898.300048828125,1902.050048828125,1868.5,1873.0,1396821
2024-09-27,1876.465087890625,1882.6500244140625,1913.0,1873.9000244140625,1898.300048828125,1678089
2024-09-30,1837.9420166015625,1844.0,1893.5999755859375,1838.25,1892.0,1473366
2024-10-01,1828.1741943359375,1834.199951171875,1859.300048828125,1824.300048828125,1840.199951171875,885515
2024-10-03,1799.618408203125,1805.550048828125,1845.199951171875,1795.050048828125,1807.0,1307453
2024-10-04,1792.19287109375,1798.0999755859375,1850.0,1782.550048828125,1805.550048828125,1554623
2024-10-07,1782.076171875,1787.949951171875,1819.8499755859375,1776.0,1800.0,692912
2024-10-08,1722.3729248046875,1728.050048828125,1799.050048828125,1723.550048828125,1785.0,2888148
2024-10-09,1731.6922607421875,1737.4000244140625,1759.0,1733.050048828125,1748.050048828125,704112
2024-10-10,1728.8017578125,1734.5,1754.449951171875,1729.550048828125,1745.1500244140625,784503
2024-10-11,1729.35009765625,1735.050048828125,1746.75,1718.5999755859375,1737.5,805944
2024-10-14,1732.58935546875,1738.300048828125,1743.8499755859375,1717.300048828125,1738.75,1349793
2024-10-15,1718.0870361328125,1723.75,1754.949951171875,1718.5,1741.949951171875,2159705
2024-10-16,1728.0543212890625,1733.75,1749.0,1724.0,1725.050048828125,891554
2024-10-17,1696.4085693359375,1702.0,1739.0,1695.75,1734.0,2442434
2024-10-18,1700.4453125,1706.050048828125,1717.449951171875,1680.5999755859375,1706.0,2045293
2024-10-21,1706.2261962890625,1711.8499755859375,1776.050048828125,1696.800048828125,1715.1500244140625,1574574
2024-10-22,1692.5712890625,1698.1500244140625,1726.949951171875,1672.9000244140625,1701.0,1290296
2024-10-23,1710.3626708984375,1716.0,1728.9000244140625,1692.25,1703.199951171875,952362
2024-10-24,1629.927734375,1635.300048828125,1724.449951171875,1623.0,1724.449951171875,4320374
2024-10-25,1611.4385986328125,1616.75,1653.300048828125,1603.949951171875,1644.8499755859375,1639581
2024-10-28,1600.6243896484375,1605.9000244140625,1620.0,1593.5999755859375,1617.0,2366566
2024-10-29,1655.89208984375,1661.3499755859375,1665.800048828125,1595.9000244140625,1606.0,2052244
2024-10-30,1618.8143310546875,1624.1500244140625,1649.3499755859375,1619.300048828125,1636.5,1512352
2024-10-31,1616.8209228515625,1622.1500244140625,1641.949951171875,1613.050048828125,1630.0999755859375,809110
2024-11-01,1623.4989013671875,1628.8499755859375,1639.4000244140625,1623.0,1639.4000244140625,53886
2024-11-04,1603.514892578125,1608.800048828125,1641.1500244140625,1588.0,1637.0,1470020
2024-11-05,1627.83447265625,1633.199951171875,1642.0,1598.6500244140625,1606.800048828125,978590
2024-11-06,1598.6806640625,1603.949951171875,1638.6500244140625,1600.449951171875,1633.199951171875,1352644
2024-11-07,1584.626953125,1589.8499755859375,1617.949951171875,1575.0,1605.050048828125,1359619
2024-11-08,1564.792236328125,1569.949951171875,1603.3499755859375,1566.8499755859375,1589.0,1131938
2024-11-11,1560.8553466796875,1566.0,1578.5999755859375,1555.25,1578.5999755859375,862991
2024-11-12,1557.3170166015625,1562.449951171875,1585.949951171875,1557.0,1569.0999755859375,1177157
2024-11-13,1541.6187744140625,1546.699951171875,1572.0,1540.0,1560.0,2946117
2024-11-14,1557.16748046875,1562.300048828125,1568.949951171875,1546.050048828125,1546.199951171875,684365
2024-11-18,1557.466552734375,1562.5999755859375,1566.550048828125,1551.0,1551.0,490930
2024-11-19,1517.89697265625,1522.9000244140625,1568.050048828125,1501.0,1568.0,4198931
2024-11-21,1473.0946044921875,1477.949951171875,1515.5,1474.0,1513.300048828125,1827614
2024-11-22,1480.27099609375,1485.1500244140625,1496.449951171875,1475.0,1485.3499755859375,977581
2024-11-25,1490.287841796875,1495.199951171875,1511.0,1488.3499755859375,1492.5999755859375,1785465
2024-11-26,1501.7999267578125,1506.75,1516.9000244140625,1489.25,1495.199951171875,601372
2024-11-27,1500.454345703125,1505.4000244140625,1515.949951171875,1495.0999755859375,1507.0,467560
2024-11-28,1423.90673828125,1428.5999755859375,1519.699951171875,1403.0,1507.1500244140625,5574277
2024-11-29,1433.0267333984375,1437.75,1460.0,1396.6500244140625,1442.0,9016112
2024-12-02,1417.3782958984375,1422.050048828125,1449.800048828125,1411.1500244140625,1428.4000244140625,3117960
2024-12-03,1436.216064453125,1440.949951171875,1448.3499755859375,1416.949951171875,1430.0999755859375,4645704
2024-12-04,1447.827880859375,1452.5999755859375,1472.3499755859375,1435.050048828125,1441.0,1976987
2024-12-05,1427.14599609375,1431.8499755859375,1456.050048828125,1417.550048828125,1452.5999755859375,2632452
2024-12-06,1443.791259765625,1448.550048828125,1452.949951171875,1429.300048828125,1435.0,1359753
2024-12-09,1464.4730224609375,1469.300048828125,1484.4000244140625,1449.050048828125,1454.0,2397565
2024-12-10,1457.0474853515625,1461.8499755859375,1483.9000244140625,1451.5999755859375,1463.699951171875,1994725
2024-12-11,1451.3663330078125,1456.1500244140625,1473.5,1454.449951171875,1455.5,1213092
2024-12-12,1427.7939453125,1432.5,1455.75,1420.3499755859375,1450.0,2851447
2024-12-13,1424.106201171875,1428.800048828125,1441.949951171875,1409.300048828125,1422.050048828125,3926561
2024-12-16,1416.9796142578125,1421.6500244140625,1436.949951171875,1415.6500244140625,1428.800048828125,1601339
2024-12-17,1405.06884765625,1409.699951171875,1425.0,1405.5999755859375,1421.699951171875,1973758
2024-12-18,1393.4073486328125,1398.0,1420.3499755859375,1392.699951171875,1414.800048828125,1454595
2024-12-19,1401.2813720703125,1405.9000244140625,1409.0,1377.5,1380.050048828125,1081337
2024-12-20,1395.9986572265625,1400.5999755859375,1414.800048828125,1391.0999755859375,1402.449951171875,1542712
2024-12-23,1400.683349609375,1405.300048828125,1408.1500244140625,1381.5,1400.5999755859375,1325302
2024-12-24,1382.443359375,1387.0,1418.0,1385.0,1406.949951171875,756679
2024-12-26,1404.4210205078125,1409.050048828125,1411.800048828125,1385.199951171875,1393.949951171875,1935656
2024-12-27,1400.683349609375,1405.300048828125,1420.4000244140625,1400.800048828125,1410.0,665711
2024-12-30,1399.238037109375,1403.8499755859375,1414.949951171875,1389.0,1391.25,1439560
2024-12-31,1385.832275390625,1390.4000244140625,1399.75,1382.449951171875,1399.75,2096160
2025-01-01,1395.7994384765625,1400.4000244140625,1404.699951171875,1384.949951171875,1392.199951171875,511676
2025-01-02,1417.57763671875,1422.25,1425.5,1398.050048828125,1404.0,1083889
2025-01-03,1442.9439697265625,1447.699951171875,1451.0,1424.9000244140625,1428.25,1107442
2025-01-06,1429.9368896484375,1434.6500244140625,1462.6500244140625,1425.199951171875,1450.0,1012018
2025-01-07,1472.895263671875,1477.75,1490.800048828125,1434.3499755859375,1447.0,2362510
2025-01-08,1458.34326171875,1463.1500244140625,1484.6500244140625,1455.0,1478.699951171875,1229808
2025-01-09,1463.6258544921875,1468.449951171875,1481.199951171875,1453.0,1457.800048828125,1253461
2025-01-10,1473.443603515625,1478.300048828125,1488.0,1458.6500244140625,1469.9000244140625,1124758
2025-01-13,1462.579345703125,1467.4000244140625,1478.300048828125,1445.6500244140625,1478.300048828125,1444590
2025-01-14,1494.3245849609375,1499.25,1504.0,1468.8499755859375,1475.0,2024378
2025-01-15,1467.9117431640625,1472.75,1504.8499755859375,1469.3499755859375,1504.5,1433596
2025-01-16,1508.62744140625,1513.5999755859375,1545.0,1486.0,1486.0,2929496
2025-01-17,1535.4390869140625,1540.5,1555.0,1500.0,1519.5,2603818
2025-01-20,1494.7730712890625,1499.699951171875,1547.800048828125,1487.300048828125,1547.800048828125,4033718
2025-01-21,1461.7320556640625,1466.550048828125,1505.949951171875,1460.0,1499.699951171875,877160
2025-01-22,1455.25341796875,1460.050048828125,1470.75,1450.050048828125,1466.0999755859375,631080
2025-01-23,1445.0869140625,1449.8499755859375,1463.699951171875,1447.1500244140625,1458.050048828125,1301601
2025-01-24,1435.6680908203125,1440.4000244140625,1455.5999755859375,1418.1500244140625,1451.300048828125,1504123
2025-01-27,1419.7205810546875,1424.4000244140625,1445.949951171875,1416.0,1435.0,896819
2025-01-28,1414.8365478515625,1419.5,1435.699951171875,1411.8499755859375,1420.0,1527262
2025-01-29,1456.1007080078125,1460.9000244140625,1470.0999755859375,1410.5,1419.5,1021447
2025-01-30,1468.061279296875,1472.9000244140625,1480.0,1453.9000244140625,1465.9000244140625,1016159
2025-01-31,1478.7259521484375,1483.5999755859375,1490.0,1467.0,1479.699951171875,892312
2025-02-01,1449.5721435546875,1454.3499755859375,1528.0,1372.550048828125,1475.5999755859375,4329907
2025-02-03,1455.1536865234375,1459.949951171875,1481.9000244140625,1434.3499755859375,1434.3499755859375,1127198
2025-02-04,1467.5628662109375,1472.4000244140625,1478.699951171875,1454.050048828125,1461.25,614905
2025-02-05,1464.3236083984375,1469.1500244140625,1484.300048828125,1465.0,1472.4000244140625,791375
2025-02-06,1460.286865234375,1465.0999755859375,1480.4000244140625,1456.449951171875,1470.0,1510856
2025-02-07,1466.1175537109375,1470.949951171875,1475.949951171875,1454.25,1472.449951171875,562410
2025-02-10,1443.4422607421875,1448.199951171875,1474.550048828125,1445.0,1462.9000244140625,530759
2025-02-11,1414.3382568359375,1419.0,1450.0,1402.9000244140625,1448.199951171875,1448104
2025-02-12,1447.37939453125,1452.1500244140625,1466.949951171875,1407.5,1427.449951171875,1590502
2025-02-13,1465.6690673828125,1470.5,1479.4000244140625,1446.0,1452.1500244140625,983142
2025-02-14,1460.6356201171875,1465.449951171875,1477.1500244140625,1450.0,1470.5,625676
2025-02-17,1471.350341796875,1476.199951171875,1481.550048828125,1451.8499755859375,1460.5,717439
2025-02-18,1470.5030517578125,1475.3499755859375,1481.0,1454.4000244140625,1476.25,679042
2025-02-19,1470.7523193359375,1475.5999755859375,1482.199951171875,1465.050048828125,1475.0,391966
2025-02-20,1464.971435546875,1469.800048828125,1489.6500244140625,1466.0,1473.0,346720
2025-02-21,1490.4873046875,1495.4000244140625,1501.4000244140625,1461.699951171875,1469.699951171875,1051158
2025-02-24,1481.616455078125,1486.5,1495.199951171875,1475.199951171875,1480.0,1116079
2025-02-25,1466.9149169921875,1471.75,1484.050048828125,1463.449951171875,1480.0,964505
2025-02-27,1464.9215087890625,1469.75,1479.9000244140625,1454.0,1464.0,1421562
2025-02-28,1425.8004150390625,1430.5,1462.050048828125,1411.8499755859375,1460.0,2397364
2025-03-03,1403.8726806640625,1408.5,1452.1500244140625,1405.0999755859375,1432.550048828125,1056418
2025-03-04,1388.5234375,1393.0999755859375,1415.0,1390.0,1392.199951171875,977231
2025-03-05,1416.03271484375,1420.699951171875,1424.0,1379.8499755859375,1391.1500244140625,1118219
2025-03-06,1416.6307373046875,1421.300048828125,1426.4000244140625,1395.0,1417.0999755859375,1606815
2025-03-07,1409.640380859375,1411.5999755859375,1446.199951171875,1406.550048828125,1421.3499755859375,901496
2025-03-10,1417.4794921875,1419.449951171875,1427.75,1404.3499755859375,1419.0,1092967
2025-03-11,1415.2825927734375,1417.25,1424.4000244140625,1397.449951171875,1403.0,691907
2025-03-12,1407.0440673828125,1409.0,1425.0,1404.5,1425.0,734156
2025-03-13,1383.6265869140625,1385.550048828125,1413.949951171875,1382.6500244140625,1411.699951171875,911321
2025-03-17,1432.259033203125,1434.25,1441.300048828125,1392.0,1392.0,1352197
2025-03-18,1432.259033203125,1434.25,1434.25,1434.25,1434.25,0
2025-03-19,1482.8387451171875,1484.9000244140625,1488.9000244140625,1455.0,1457.949951171875,917293
2025-03-20,1496.27001953125,1498.3499755859375,1506.300048828125,1488.5,1492.0,798992
2025-03-21,1544.2532958984375,1546.4000244140625,1553.300048828125,1493.449951171875,1500.0,1977397
2025-03-24,1567.620849609375,1569.800048828125,1584.0,1541.699951171875,1550.0,1229003
2025-03-25,1555.0382080078125,1557.199951171875,1583.9000244140625,1551.300048828125,1577.6500244140625,1241287
2025-03-26,1539.160400390625,1541.300048828125,1570.300048828125,1533.449951171875,1564.300048828125,1106876
2025-03-27,1542.75537109375,1544.9000244140625,1552.0999755859375,1529.6500244140625,1541.4000244140625,1405775
2025-03-28,1545.7012939453125,1547.8499755859375,1564.5,1534.75,1544.9000244140625,1120169
2025-04-01,1543.1048583984375,1545.25,1566.4000244140625,1535.3499755859375,1537.75,937836
2025-04-02,1557.6845703125,1559.8499755859375,1563.1500244140625,1542.300048828125,1543.0,1876774
2025-04-03,1540.1090087890625,1542.25,1558.9000244140625,1540.0,1546.0,373548
2025-04-04,1510.500244140625,1512.5999755859375,1546.9000244140625,1501.0999755859375,1536.3499755859375,826558
2025-04-07,1458.772216796875,1460.800048828125,1485.5,1430.550048828125,1450.0,916977
2025-04-08,1485.934326171875,1488.0,1498.050048828125,1458.050048828125,1490.0,2142568
2025-04-09,1479.59326171875,1481.6500244140625,1499.9000244140625,1475.0,1488.0,1047950
2025-04-11,1519.787353515625,1521.9000244140625,1539.0,1500.050048828125,1539.0,1134200
2025-04-15,1560.4307861328125,1562.5999755859375,1574.0999755859375,1525.0,1555.5,1363406
2025-04-16,1563.2269287109375,1565.4000244140625,1576.800048828125,1548.5,1548.5,784495
2025-04-17,1605.9674072265625,1608.199951171875,1615.0,1549.4000244140625,1558.0,1500299
2025-04-21,1626.2393798828125,1628.5,1630.699951171875,1595.300048828125,1618.0,1016066
2025-04-22,1616.7525634765625,1619.0,1639.9000244140625,1612.800048828125,1627.800048828125,1102055
2025-04-23,1613.25732421875,1615.5,1625.0,1601.0,1625.0,1136215
2025-04-24,1605.9674072265625,1608.199951171875,1636.5999755859375,1603.0,1612.9000244140625,857476
2025-04-25,1692.746826171875,1695.0999755859375,1762.0,1651.0999755859375,1723.5,10321746
2025-04-28,1733.68994140625,1736.0999755859375,1755.0,1681.4000244140625,1690.0,2100813
2025-04-29,1727.6982421875,1730.0999755859375,1764.9000244140625,1721.0,1733.9000244140625,2049847
2025-04-30,1763.3487548828125,1765.800048828125,1772.5,1718.5,1722.0,2031563
2025-05-02,1759.753662109375,1762.199951171875,1777.0999755859375,1747.5999755859375,1761.0,902461
2025-05-05,1767.443115234375,1769.9000244140625,1787.5999755859375,1766.9000244140625,1773.0,947983
2025-05-06,1723.60400390625,1726.0,1797.800048828125,1717.199951171875,1770.0,1295777
2025-05-07,1742.0782470703125,1744.5,1756.5,1712.300048828125,1714.0,753313
2025-05-08,1729.0963134765625,1731.5,1744.0,1721.0999755859375,1741.300048828125,1107891
2025-05-09,1697.4404296875,1699.800048828125,1728.699951171875,1693.0999755859375,1706.0,1076900
2025-05-12,1749.068603515625,1751.5,1756.9000244140625,1720.0,1725.0,728808
2025-05-13,1737.5845947265625,1740.0,1756.0,1732.300048828125,1742.699951171875,478541
2025-05-14,1752.763427734375,1755.199951171875,1760.0,1737.4000244140625,1741.0,603108
2025-05-15,1782.12255859375,1784.5999755859375,1788.4000244140625,1737.0999755859375,1757.699951171875,1318425
2025-05-16,1770.938232421875,1773.4000244140625,1790.9000244140625,1767.9000244140625,1790.0,696146
2025-05-19,1767.5428466796875,1770.0,1781.199951171875,1764.4000244140625,1773.0999755859375,288530
2025-05-20,1755.35986328125,1757.800048828125,1778.800048828125,1753.300048828125,1778.800048828125,529693
2025-05-21,1761.451416015625,1763.9000244140625,1777.9000244140625,1751.199951171875,1756.9000244140625,521050
2025-05-22,1756.8577880859375,1759.300048828125,1768.699951171875,1741.199951171875,1766.300048828125,1103303
2025-05-23,1796.2030029296875,1798.699951171875,1806.0,1759.800048828125,1765.0,1067774
2025-05-26,1799.0989990234375,1801.5999755859375,1810.0999755859375,1790.0999755859375,1806.0,633624
2025-05-27,1800.7967529296875,1803.300048828125,1809.5999755859375,1794.0,1801.5999755859375,1219984
2025-05-28,1804.8909912109375,1807.4000244140625,1814.5,1802.0999755859375,1810.5999755859375,763018
2025-05-29,1822.466552734375,1825.0,1830.0,1801.4000244140625,1807.5999755859375,1189803
2025-05-30,1809.684326171875,1812.199951171875,1833.9000244140625,1804.9000244140625,1825.0,1364259
2025-06-02,1799.997802734375,1802.5,1829.0,1795.5999755859375,1812.199951171875,1238769
2025-06-03,1772.8355712890625,1775.300048828125,1814.0,1770.0999755859375,1809.800048828125,1576208
2025-06-04,1773.4346923828125,1775.9000244140625,1779.0999755859375,1762.300048828125,1775.0,918721
2025-06-05,1772.3363037109375,1774.800048828125,1791.0,1765.0,1782.0,912222
2025-06-06,1778.128173828125,1780.5999755859375,1783.5,1751.300048828125,1774.800048828125,1589674
2025-06-09,1788.3140869140625,1790.800048828125,1799.0,1759.0999755859375,1789.5999755859375,1221496
2025-06-10,1783.0213623046875,1785.5,1796.5999755859375,1772.0,1790.9000244140625,1400311
2025-06-11,1796.80224609375,1799.300048828125,1800.9000244140625,1774.0,1785.5,1089930
2025-06-12,1763.5484619140625,1766.0,1812.300048828125,1760.0,1799.9000244140625,984693
2025-06-13,1752.763427734375,1755.199951171875,1766.5,1720.0,1720.0,1774169
2025-06-16,1795.3043212890625,1797.800048828125,1800.0,1751.9000244140625,1762.0,728053
2025-06-17,1797.700927734375,1800.199951171875,1806.699951171875,1785.4000244140625,1796.0999755859375,557790
2025-06-18,1794.705078125,1797.199951171875,1805.0,1791.300048828125,1800.0,349531
2025-06-19,1786.916015625,1789.4000244140625,1804.9000244140625,1781.0,1795.0,537885
2025-06-20,1808.3861083984375,1810.9000244140625,1821.0,1779.0999755859375,1787.0999755859375,1669329
2025-06-23,1816.075439453125,1818.5999755859375,1826.199951171875,1798.5999755859375,1810.0,627282
2025-06-24,1840.4415283203125,1843.0,1850.9000244140625,1828.0,1832.199951171875,876488
2025-06-25,1840.1419677734375,1842.699951171875,1855.0,1825.0,1843.0,990856
2025-06-26,1858.2169189453125,1860.800048828125,1866.4000244140625,1842.699951171875,1850.0,1147822
2025-06-27,1848.031005859375,1850.5999755859375,1862.9000244140625,1815.300048828125,1848.0,6763121
2025-06-30,1835.7481689453125,1838.300048828125,1855.0999755859375,1826.0999755859375,1846.0,1362010
2025-07-01,1859.91455078125,1862.5,1865.300048828125,1827.300048828125,1831.0,667136
2025-07-02,1854.222412109375,1856.800048828125,1875.0,1852.0999755859375,1865.0,1072946
2025-07-03,1807.68701171875,1810.199951171875,1861.800048828125,1803.0,1850.0,916863
2025-07-04,1797.20166015625,1799.699951171875,1812.0999755859375,1783.0999755859375,1806.0,685665
2025-07-07,1805.789794921875,1808.300048828125,1811.800048828125,1792.199951171875,1799.699951171875,376143
2025-07-08,1814.3778076171875,1816.9000244140625,1818.800048828125,1797.300048828125,1801.0,616714
2025-07-09,1812.380615234375,1814.9000244140625,1821.0,1799.0,1820.0,597896
2025-07-10,1807.68701171875,1810.199951171875,1823.5,1801.4000244140625,1811.0,1104366
2025-07-11,1832.65234375,1835.199951171875,1840.0,1812.0,1814.0,770854
2025-07-14,1848.7301025390625,1851.300048828125,1856.300048828125,1831.699951171875,1843.0,1231109
2025-07-15,1822.266845703125,1824.800048828125,1851.699951171875,1822.4000244140625,1849.9000244140625,1313007
2025-07-16,1826.560791015625,1829.0999755859375,1839.9000244140625,1821.5999755859375,1833.9000244140625,652826
2025-07-17,1800.29736328125,1802.800048828125,1829.0,1796.300048828125,1829.0,886192
2025-07-18,1785.9173583984375,1788.4000244140625,1802.800048828125,1754.0999755859375,1799.0,1600088
2025-07-21,1802.1947021484375,1804.699951171875,1807.4000244140625,1781.0,1794.699951171875,481174
2025-07-22,1806.48876953125,1809.0,1815.300048828125,1791.0999755859375,1791.0999755859375,578221
2025-07-23,1806.988037109375,1809.5,1818.5,1792.0,1809.0,555690
2025-07-24,1791.110107421875,1793.5999755859375,1822.5,1778.699951171875,1808.0,928018
2025-07-25,1829.556640625,1832.0999755859375,1847.0,1810.9000244140625,1814.0,1821229
2025-07-28,1847.93115234375,1850.5,1858.0,1819.0,1832.0,1182404
2025-07-29,1830.8548583984375,1833.4000244140625,1851.800048828125,1822.9000244140625,1848.0,585182
2025-07-30,1836.5469970703125,1839.0999755859375,1850.0,1824.5,1825.0,480951
2025-07-31,1838.1446533203125,1840.699951171875,1857.4000244140625,1821.4000244140625,1838.0,1570804
2025-08-01,1793.7064208984375,1796.199951171875,1843.300048828125,1788.9000244140625,1840.0,559870
2025-08-04,1828.95751953125,1831.5,1836.199951171875,1781.0,1798.0,844169
2025-08-05,1854.422119140625,1857.0,1860.4000244140625,1818.699951171875,1833.300048828125,1251783
2025-08-06,1851.7259521484375,1854.300048828125,1876.0,1850.5999755859375,1858.5999755859375,816457
2025-08-07,1858.516357421875,1861.0999755859375,1863.0999755859375,1835.0,1835.0,742694
2025-08-08,1831.0545654296875,1833.5999755859375,1870.9000244140625,1831.0,1851.0999755859375,779798
2025-08-11,1848.430419921875,1851.0,1852.699951171875,1825.9000244140625,1836.0,455452
2025-08-12,1835.448486328125,1838.0,1863.9000244140625,1834.0,1849.699951171875,627624
2025-08-13,1837.745361328125,1840.300048828125,1859.0,1838.0,1841.300048828125,570828
2025-08-14,1838.044921875,1840.5999755859375,1853.699951171875,1832.199951171875,1842.0999755859375,468063
2025-08-18,1860.413818359375,1863.0,1912.0,1850.0,1879.0,1924632
2025-08-19,1851.526123046875,1854.0999755859375,1869.9000244140625,1836.5999755859375,1865.0,621923
2025-08-20,1855.9200439453125,1858.5,1864.9000244140625,1843.4000244140625,1846.0,446416
2025-08-21,1874.6939697265625,1877.300048828125,1892.5,1870.0,1870.0,1316202
2025-08-22,1856.4193115234375,1859.0,1870.0,1849.4000244140625,1860.0999755859375,605948
2025-08-25,1844.236328125,1846.800048828125,1862.4000244140625,1843.4000244140625,1858.9000244140625,613536
2025-08-26,1814.078125,1816.5999755859375,1857.5999755859375,1809.800048828125,1846.9000244140625,669578
2025-08-28,1814.2779541015625,1816.800048828125,1841.300048828125,1806.199951171875,1815.699951171875,948055
2025-08-29,1802.99365234375,1805.5,1826.9000244140625,1801.0999755859375,1826.9000244140625,801378
2025-09-01,1807.2877197265625,1809.800048828125,1815.9000244140625,1796.5999755859375,1800.0,530198
2025-09-02,1811.9810791015625,1814.5,1825.0,1802.699951171875,1814.9000244140625,388232
2025-09-03,1808.1864013671875,1810.699951171875,1818.9000244140625,1797.0,1814.5,1249945
2025-09-04,1788.613525390625,1791.0999755859375,1890.0,1773.0,1890.0,2151243
2025-09-05,1802.7939453125,1805.300048828125,1827.5,1800.0999755859375,1815.0,757123
2025-09-08,1778.427734375,1780.9000244140625,1810.0,1769.5,1807.0,1553347
2025-09-09,1803.1932373046875,1805.699951171875,1811.5,1778.300048828125,1789.800048828125,895295
2025-09-10,1831.1544189453125,1833.699951171875,1843.5999755859375,1796.0,1804.9000244140625,881560
2025-09-11,1811.6815185546875,1814.199951171875,1824.9000244140625,1802.0,1824.800048828125,663203
2025-09-12,1827.6593017578125,1830.199951171875,1834.5,1803.5999755859375,1814.199951171875,509725
2025-09-15,1819.67041015625,1822.199951171875,1833.0,1812.300048828125,1830.0999755859375,485383
2025-09-16,1816.275146484375,1818.800048828125,1832.9000244140625,1810.0,1830.4000244140625,496743
2025-09-17,1801.4957275390625,1804.0,1827.5,1800.699951171875,1810.0999755859375,706812
2025-09-18,1819.27099609375,1821.800048828125,1831.0,1795.300048828125,1804.9000244140625,817549
2025-09-19,1839.143310546875,1841.699951171875,1846.9000244140625,1821.800048828125,1828.0,1633208
2025-09-22,1855.12109375,1857.699951171875,1879.699951171875,1852.800048828125,1855.0,1003774
2025-09-23,1816.8743896484375,1819.4000244140625,1865.699951171875,1815.4000244140625,1865.0,737343
2025-09-24,1814.5775146484375,1817.0999755859375,1825.4000244140625,1806.0,1824.9000244140625,507030
2025-09-25,1807.2877197265625,1809.800048828125,1819.699951171875,1797.5,1810.0999755859375,1003709
2025-09-26,1796.302978515625,1798.800048828125,1819.0,1790.0,1807.4000244140625,1561042
2025-09-29,1786.2169189453125,1788.699951171875,1814.0,1785.0,1814.0,1003806
2025-09-30,1788.1142578125,1790.5999755859375,1795.699951171875,1778.0,1783.0,1668918
2025-10-01,1798.5997314453125,1801.0999755859375,1806.5,1769.0999755859375,1783.0,704858
2025-10-03,1782.6219482421875,1785.0999755859375,1803.199951171875,1766.199951171875,1801.0999755859375,715403
2025-10-06,1768.441650390625,1770.9000244140625,1784.199951171875,1759.4000244140625,1776.0,1560572
2025-10-07,1781.623291015625,1784.0999755859375,1793.699951171875,1771.300048828125,1777.0,859968
2025-10-08,1770.4388427734375,1772.9000244140625,1795.9000244140625,1757.699951171875,1784.0,1323877
2025-10-09,1807.2877197265625,1809.800048828125,1813.4000244140625,1770.5999755859375,1772.9000244140625,848466
2025-10-10,1807.8868408203125,1810.4000244140625,1843.699951171875,1806.4000244140625,1825.0,1097936
2025-10-13,1812.780029296875,1815.300048828125,1827.9000244140625,1798.0999755859375,1810.0,409793
2025-10-14,1813.6787109375,1816.199951171875,1825.800048828125,1807.5999755859375,1817.4000244140625,655909
2025-10-15,1838.044921875,1840.5999755859375,1858.4000244140625,1813.4000244140625,1816.0999755859375,891713
2025-10-16,1833.151611328125,1835.699951171875,1844.9000244140625,1809.5,1842.5999755859375,969316
2025-10-17,1841.5400390625,1844.0999755859375,1852.4000244140625,1820.0999755859375,1844.0,1183570
2025-10-20,1837.1461181640625,1839.699951171875,1857.199951171875,1828.0,1850.0,590467
2025-10-21,1838.4443359375,1841.0,1852.0,1832.5,1852.0,41649
2025-10-23,1850.1280517578125,1852.699951171875,1864.199951171875,1841.0,1850.0,543795
2025-10-24,1837.24609375,1839.800048828125,1864.0,1831.800048828125,1860.0,517403
2025-10-27,1900.4581298828125,1903.0999755859375,1923.9000244140625,1880.199951171875,1880.199951171875,2866910
2025-10-28,1934.1114501953125,1936.800048828125,1945.5999755859375,1894.800048828125,1903.0999755859375,2166517
2025-10-29,1967.6646728515625,1970.4000244140625,1975.0,1934.0,1934.0,2398496
2025-10-30,1965.66748046875,1968.4000244140625,1971.9000244140625,1954.0999755859375,1970.4000244140625,842738
2025-10-31,1952.985107421875,1955.699951171875,1978.699951171875,1951.800048828125,1965.0,1167506
2025-11-03,1966.8658447265625,1969.5999755859375,1982.199951171875,1945.0,1950.0,687299
2025-11-04,1968.76318359375,1971.5,1997.300048828125,1956.9000244140625,1959.0999755859375,664256
2025-11-06,1968.064208984375,1970.800048828125,1990.800048828125,1964.0,1976.9000244140625,1094086
2025-11-07,1996.1251220703125,1998.9000244140625,2004.0,1957.699951171875,1962.0999755859375,1241016
2025-11-10,1986.53857421875,1989.300048828125,2017.9000244140625,1985.199951171875,2000.0999755859375,1087154
2025-11-11,1994.5274658203125,1997.300048828125,2002.199951171875,1982.300048828125,1994.9000244140625,901898
2025-11-12,1993.9281005859375,1996.699951171875,2009.0,1983.800048828125,1997.300048828125,1006737
2025-11-13,1985.140380859375,1987.9000244140625,2005.0,1975.5,1980.5999755859375,671028
2025-11-14,1998.1224365234375,2000.9000244140625,2003.9000244140625,1977.800048828125,1982.5999755859375,678599
2025-11-17,1993.2291259765625,1996.0,2012.9000244140625,1993.300048828125,2000.9000244140625,726715
2025-11-18,1990.532958984375,1993.300048828125,2013.5,1988.0,1991.0999755859375,855558
2025-11-19,2002.0169677734375,2004.800048828125,2008.300048828125,1985.0,1990.9000244140625,894171
2025-11-20,2024.2860107421875,2027.0999755859375,2032.0,2000.0,2013.9000244140625,805778
2025-11-21,2019.6923828125,2022.5,2030.5,2016.5999755859375,2026.9000244140625,506477
2025-11-24,2012.003173828125,2014.800048828125,2086.60009765625,2005.0,2027.0,2592739
2025-11-25,2028.1805419921875,2031.0,2044.0,1972.4000244140625,1972.4000244140625,748087
2025-11-26,2026.283203125,2029.0999755859375,2045.0,2024.0,2031.0,826123
2025-11-27,2001.7174072265625,2004.5,2036.0,2000.800048828125,2030.0,652128
2025-11-28,1963.2708740234375,1966.0,2011.0999755859375,1961.0,2011.0,1011160
2025-12-01,1968.863037109375,1971.5999755859375,1977.0,1951.199951171875,1967.0,483716
2025-12-02,1978.749267578125,1981.5,1989.9000244140625,1952.0,1952.0,942591
2025-12-03,1970.0614013671875,1972.800048828125,1991.0,1959.9000244140625,1982.0,515105
2025-12-04,2000.11962890625,2002.9000244140625,2009.0,1959.0,1970.199951171875,660360
2025-12-05,2020.890625,2023.699951171875,2046.300048828125,2000.699951171875,2003.0,749526
2025-12-08,2017.894775390625,2020.699951171875,2036.0,2005.0,2005.0,1050200
2025-12-09,2003.4149169921875,2006.199951171875,2028.199951171875,1990.4000244140625,2019.0,887191
2025-12-10,2011.7034912109375,2014.5,2030.800048828125,1994.5999755859375,1996.0,598172
2025-12-11,2004.114013671875,2006.9000244140625,2017.5999755859375,1995.5,2006.0999755859375,635250
2025-12-12,2023.087646484375,2025.9000244140625,2030.4000244140625,2002.4000244140625,2012.0,557472
2025-12-15,2032.0751953125,2034.9000244140625,2040.0,2008.0,2030.0999755859375,565860
2025-12-16,2033.173583984375,2036.0,2052.199951171875,2021.0,2034.9000244140625,815797
2025-12-17,2007.409423828125,2010.199951171875,2048.699951171875,1995.5,2039.4000244140625,896027
2025-12-18,2011.6036376953125,2014.4000244140625,2020.4000244140625,2001.5999755859375,2018.0,301399
2025-12-19,2025.584228515625,2028.4000244140625,2035.5,2012.4000244140625,2014.5,751874
2025-12-22,2019.49267578125,2022.300048828125,2031.0999755859375,2013.0999755859375,2027.699951171875,526892
2025-12-23,2021.9892578125,2024.800048828125,2032.199951171875,2018.300048828125,2032.199951171875,290105
2025-12-24,2022.58837890625,2025.4000244140625,2033.5999755859375,2020.199951171875,2029.199951171875,353971
2025-12-26,2016.297119140625,2019.0999755859375,2034.9000244140625,2004.0999755859375,2025.4000244140625,180039
2025-12-29,2007.010009765625,2009.800048828125,2026.699951171875,2006.5999755859375,2026.699951171875,407998
2025-12-30,1992.7298583984375,1995.5,2019.800048828125,1968.199951171875,2009.800048828125,3166927
2025-12-31,2032.0751953125,2034.9000244140625,2043.5,1992.5,2010.199951171875,751134
2026-01-01,2037.5675048828125,2040.4000244140625,2045.9000244140625,2027.199951171875,2034.9000244140625,235630
2026-01-02,2064.530029296875,2067.39990234375,2077.300048828125,2040.0,2040.4000244140625,472182
2026-01-05,2072.71875,2075.60009765625,2094.89990234375,2063.199951171875,2067.39990234375,788144
2026-01-06,2092.890625,2095.800048828125,2106.0,2064.0,2064.0,618958
2026-01-07,2067.92529296875,2070.800048828125,2109.60009765625,2065.0,2090.0,1065734
2026-01-08,2080.008544921875,2082.89990234375,2095.5,2067.699951171875,2080.89990234375,956736
2026-01-09,2067.12646484375,2070.0,2093.89990234375,2065.0,2093.800048828125,455165
2026-01-12,2095.087646484375,2098.0,2105.699951171875,2080.0,2085.0,1051481
2026-01-13,2079.509033203125,2082.39990234375,2102.10009765625,2071.699951171875,2090.0,425540
2026-01-14,2065.92822265625,2068.800048828125,2082.0,2063.300048828125,2070.199951171875,942775
2026-01-15,2065.92822265625,2068.800048828125,2068.800048828125,2068.800048828125,2068.800048828125,0
2026-01-16,2078.111083984375,2081.0,2097.199951171875,2061.89990234375,2062.0,753887
2026-01-19,2070.8212890625,2073.699951171875,2095.60009765625,2066.199951171875,2066.199951171875,552463
2026-01-20,2046.2554931640625,2049.10009765625,2080.0,2044.0,2080.0,576100
2026-01-21,2052.546630859375,2055.39990234375,2076.800048828125,2038.199951171875,2038.199951171875,1014083
2026-01-22,2019.193115234375,2022.0,2067.10009765625,2009.300048828125,2056.10009765625,1829617
2026-01-23,1999.8199462890625,2002.5999755859375,2022.0,1986.300048828125,2022.0,1128576
2026-01-27,2035.3704833984375,2038.199951171875,2047.800048828125,2005.199951171875,2005.199951171875,1396624
2026-01-28,2050.349609375,2053.199951171875,2079.39990234375,2037.5999755859375,2046.9000244140625,1391036
2026-01-29,1993.52880859375,1996.300048828125,2065.0,1962.9000244140625,2057.39990234375,3546891
2026-01-30,1995.7257080078125,1998.5,2018.4000244140625,1951.5,1986.300048828125,2050622
2026-02-02,1998.22216796875,2001.0,2020.0,1955.5,1972.5,1337964
2026-02-03,1999.3206787109375,2002.0999755859375,2064.89990234375,1997.5999755859375,2056.39990234375,1915073
2026-02-04,2038.86572265625,2041.699951171875,2047.5,1995.800048828125,2002.0999755859375,1109824
2026-02-05,2014.9989013671875,2017.800048828125,2045.300048828125,2005.300048828125,2031.0,925742
2026-02-06,1993.9281005859375,1996.699951171875,2029.9000244140625,1974.300048828125,2026.0,884292
2026-02-09,2021.1903076171875,2024.0,2036.199951171875,1996.699951171875,1996.699951171875,1266623
2026-02-10,2015.498291015625,2018.300048828125,2027.5999755859375,1999.0,2024.0,570843
2026-02-11,2023.4871826171875,2026.300048828125,2039.0999755859375,2017.300048828125,2023.0,662626
2026-02-12,2019.29296875,2022.0999755859375,2026.0,1998.0,2022.0,426707
2026-02-13,2031.3760986328125,2034.199951171875,2043.9000244140625,2005.199951171875,2039.0,1240712
2026-02-16,2039.5648193359375,2042.4000244140625,2050.300048828125,2023.800048828125,2033.9000244140625,580680
2026-02-17,2036.6688232421875,2039.5,2045.0,2026.5999755859375,2042.4000244140625,377148
2026-02-18,2056.740966796875,2059.60009765625,2062.39990234375,2034.4000244140625,2034.4000244140625,353144
2026-02-19,2040.1639404296875,2043.0,2068.0,2037.5999755859375,2065.0,420142
2026-02-20,2077.112548828125,2080.0,2083.300048828125,2036.0,2042.9000244140625,922200
2026-02-23,2106.671630859375,2109.60009765625,2132.0,2072.199951171875,2089.699951171875,998892
2026-02-24,2080.008544921875,2082.89990234375,2119.0,2076.60009765625,2109.60009765625,841918
2026-02-25,2070.721435546875,2073.60009765625,2106.0,2069.5,2089.699951171875,355352
2026-02-26,2079.90869140625,2082.800048828125,2103.39990234375,2063.300048828125,2080.0,567098
2026-02-27,2034.3719482421875,2037.199951171875,2093.800048828125,2030.9000244140625,2076.10009765625,1374835
2026-03-02,2029.37890625,2032.199951171875,2053.39990234375,1996.5,2028.0,1009225
2026-03-04,1927.919921875,1930.5999755859375,1997.199951171875,1923.5999755859375,1964.0,966848
2026-03-05,1942.2999267578125,1945.0,1951.0999755859375,1898.0,1947.5999755859375,1955176
2026-03-06,1941.5999755859375,1941.5999755859375,1962.9000244140625,1924.800048828125,1930.0,858666
2026-03-09,1912.5,1912.5,1926.0999755859375,1890.0,1900.0,1617012
2026-03-10,1963.699951171875,1963.699951171875,1974.800048828125,1926.5,1933.300048828125,587710
2026-03-11,1938.5999755859375,1938.5999755859375,1985.0,1927.300048828125,1985.0,829640
2026-03-12,1939.4000244140625,1939.4000244140625,1948.0999755859375,1907.0,1925.0,868643
2026-03-13,1904.4000244140625,1904.4000244140625,1938.9000244140625,1900.4000244140625,1932.5,989732
2026-03-16,1909.199951171875,1909.199951171875,1918.0,1881.0,1901.0,902404
2026-03-17,1932.0999755859375,1932.0999755859375,1938.699951171875,1901.5,1903.0,1255806
2026-03-18,1962.5,1962.5,1974.699951171875,1932.0,1932.0,705652
2026-03-19,1903.0999755859375,1903.0999755859375,1956.199951171875,1897.5,1950.0,741211
2026-03-20,1896.9000244140625,1896.9000244140625,1919.9000244140625,1890.0,1906.9000244140625,1782505
2026-03-23,1832.300048828125,1832.300048828125,1889.800048828125,1811.5,1875.0,1338816
2026-03-24,1836.0,1836.0,1866.5,1812.199951171875,1842.0,1403010
2026-03-25,1851.800048828125,1851.800048828125,1867.4000244140625,1839.199951171875,1845.300048828125,1167758
2026-03-27,1837.5999755859375,1837.5999755859375,1851.0999755859375,1828.9000244140625,1835.199951171875,1156884
2026-03-30,1777.300048828125,1777.300048828125,1828.4000244140625,1766.0,1820.800048828125,2274502
2026-04-01,1790.5,1790.5,1845.5999755859375,1762.5,1828.4000244140625,1132054
2026-04-02,1774.0,1774.0,1778.9000244140625,1728.0999755859375,1760.0,1494738
2026-04-06,1836.800048828125,1836.800048828125,1844.5,1757.5,1757.5,1721071
2026-04-07,1841.4000244140625,1841.4000244140625,1845.9000244140625,1805.5,1814.5,974742
2026-04-08,1907.5999755859375,1907.5999755859375,1923.0,1870.0,1880.0,1104494
2026-04-09,1904.0,1904.0,1930.0,1881.0999755859375,1907.0,1330082
2026-04-10,1923.199951171875,1923.199951171875,1950.5999755859375,1914.300048828125,1914.9000244140625,763543
2026-04-13,1914.4000244140625,1914.4000244140625,1931.800048828125,1889.0,1909.0,638729
2026-04-15,1971.0,1971.0,1974.199951171875,1928.0999755859375,1929.800048828125,1341053
2026-04-16,1974.699951171875,1974.699951171875,1990.9000244140625,1962.0999755859375,1971.0999755859375,642257
2026-04-17,1970.9000244140625,1970.9000244140625,1975.800048828125,1954.9000244140625,1967.0,533713
2026-04-20,1982.5,1982.5,1989.5999755859375,1956.5999755859375,1976.300048828125,1033871
2026-04-21,1911.5999755859375,1911.5999755859375,1975.800048828125,1891.699951171875,1974.4000244140625,5153618
2026-04-22,1884.800048828125,1884.800048828125,1930.5999755859375,1880.0,1910.0,4044590
2026-04-23,1828.0999755859375,1828.0999755859375,1886.699951171875,1807.699951171875,1865.0,4199895
2026-04-24,1768.9000244140625,1768.9000244140625,1836.300048828125,1762.0999755859375,1817.0,5283235
2026-04-27,1815.4000244140625,1815.4000244140625,1818.5,1759.0,1768.9000244140625,1918952
2026-04-28,1808.300048828125,1808.300048828125,1824.0,1798.800048828125,1814.5999755859375,1487099
2026-04-29,1816.199951171875,1816.199951171875,1829.5,1792.9000244140625,1808.5999755859375,1431080
2026-04-30,1819.0,1819.0,1826.0,1785.199951171875,1814.9000244140625,1082053
2026-05-01,1819.0,1819.0,1819.0,1819.0,1819.0,0
2026-05-04,1820.0999755859375,1820.0999755859375,1845.0,1810.0999755859375,1810.0999755859375,1929706
2026-05-05,1821.199951171875,1821.199951171875,1835.0,1802.5999755859375,1820.0,1003169
2026-05-06,1859.0,1859.0,1868.9000244140625,1825.9000244140625,1839.0,1236623
2026-05-07,1872.199951171875,1872.199951171875,1879.199951171875,1860.0,1868.0,1232684
2026-05-08,1872.0999755859375,1872.0999755859375,1885.0,1865.199951171875,1874.9000244140625,673259
2026-05-11,1884.4000244140625,1884.4000244140625,1895.0,1863.9000244140625,1865.5999755859375,672604
2026-05-12,1833.9000244140625,1833.9000244140625,1875.5999755859375,1825.0,1866.0,1291216
2026-05-13,1837.5,1837.5,1851.4000244140625,1818.199951171875,1820.0,853301
2026-05-14,1866.699951171875,1866.699951171875,1870.0,1825.0,1831.0,765124
2026-05-15,1864.5,1864.5,1883.9000244140625,1850.0,1866.699951171875,851184
2026-05-18,1860.4000244140625,1860.4000244140625,1867.5,1825.300048828125,1846.0,746942
2026-05-19,1881.4000244140625,1881.4000244140625,1892.0,1845.4000244140625,1846.0,1351813
2026-05-20,1864.199951171875,1864.199951171875,1882.4000244140625,1856.0999755859375,1860.0,563774
2026-05-21,1859.9000244140625,1859.9000244140625,1876.4000244140625,1854.9000244140625,1869.9000244140625,383464
2026-05-22,1870.699951171875,1870.699951171875,1893.0,1860.9000244140625,1872.0,934443
2026-05-25,1901.9000244140625,1901.9000244140625,1905.0,1879.800048828125,1881.5,445135
2026-05-26,1883.199951171875,1883.199951171875,1906.9000244140625,1876.0999755859375,1904.800048828125,812898
2026-05-27,1864.5,1864.5,1888.5,1860.0,1883.0,372683
2026-05-28,1864.5,1864.5,1864.5,1864.5,1864.5,0
2026-05-29,1830.0999755859375,1830.0999755859375,1864.0,1820.5,1862.4000244140625,2094924
2026-06-01,1812.5,1812.5,1846.4000244140625,1801.800048828125,1839.0,1991126
2026-06-02,1801.699951171875,1801.699951171875,1819.0,1781.699951171875,1786.0,1196704
2026-06-03,1784.199951171875,1784.199951171875,1809.9000244140625,1759.0,1801.699951171875,784328
2026-06-04,1764.9000244140625,1764.9000244140625,1784.0999755859375,1760.5,1781.5999755859375,727483
2026-06-05,1782.800048828125,1782.800048828125,1797.800048828125,1766.0999755859375,1774.0,715458
2026-06-08,1764.4000244140625,1764.4000244140625,1786.4000244140625,1755.300048828125,1772.5999755859375,438892
2026-06-09,1769.0999755859375,1769.0999755859375,1782.0999755859375,1754.699951171875,1755.0,857754
2026-06-10,1728.699951171875,1728.699951171875,1774.0,1722.199951171875,1756.9000244140625,1149490
2026-06-11,1719.0999755859375,1719.0999755859375,1740.0,1704.199951171875,1727.0,965035
