Date,Adj Close,Close,High,Low,Open,Volume
,TITAN.NS,TITAN.NS,TITAN.NS,TITAN.NS,TITAN.NS,TITAN.NS
2021-01-01,1534.729248046875,1558.5999755859375,1573.0,1555.949951171875,1562.0999755859375,1003018
2021-01-04,1527.147216796875,1550.9000244140625,1567.0,1538.0,1566.0,1383979
2021-01-05,1546.89013671875,1570.949951171875,1576.8499755859375,1541.5,1545.0,1351709
2021-01-06,1548.5150146484375,1572.5999755859375,1621.3499755859375,1561.8499755859375,1578.0,3312171
2021-01-07,1518.728271484375,1542.3499755859375,1570.0,1535.0,1570.0,2820445
2021-01-08,1524.8824462890625,1548.5999755859375,1555.300048828125,1521.5,1547.9000244140625,3478504
2021-01-11,1539.9481201171875,1563.9000244140625,1572.0,1545.699951171875,1560.0,1425529
2021-01-12,1503.7117919921875,1527.0999755859375,1560.800048828125,1524.0,1560.0,2550741
2021-01-13,1482.7381591796875,1505.800048828125,1536.0,1495.0,1530.0,3527208
2021-01-14,1467.130859375,1489.949951171875,1517.8499755859375,1480.050048828125,1508.0,2814477
2021-01-15,1454.6253662109375,1477.25,1509.0,1471.300048828125,1489.949951171875,1725346
2021-01-18,1480.5225830078125,1503.550048828125,1509.0,1460.0,1467.0,2302268
2021-01-19,1496.6220703125,1519.9000244140625,1524.0,1501.0,1518.0,2279346
2021-01-20,1507.84765625,1531.300048828125,1541.0,1519.9000244140625,1519.9000244140625,1838240
2021-01-21,1494.06201171875,1517.300048828125,1549.8499755859375,1512.050048828125,1533.0999755859375,1558030
2021-01-22,1468.361572265625,1491.199951171875,1534.699951171875,1487.0,1522.0,1364197
2021-01-25,1476.8790283203125,1499.8499755859375,1512.800048828125,1478.75,1505.050048828125,1604484
2021-01-27,1418.635009765625,1440.699951171875,1505.0,1432.0,1505.0,2021747
2021-01-28,1427.8909912109375,1450.0999755859375,1454.449951171875,1415.6500244140625,1420.0,1850239
2021-01-29,1398.5474853515625,1420.300048828125,1469.25,1415.25,1456.0,2435997
2021-02-01,1478.55322265625,1501.550048828125,1508.550048828125,1423.6500244140625,1437.800048828125,2215933
2021-02-02,1462.69970703125,1485.449951171875,1536.0,1482.0,1515.0,1974202
2021-02-03,1501.791748046875,1525.1500244140625,1529.0,1492.0,1492.0,1853072
2021-02-04,1490.41845703125,1513.5999755859375,1540.0,1488.0999755859375,1530.0,2728965
2021-02-05,1486.3321533203125,1509.449951171875,1538.949951171875,1504.5,1518.550048828125,1344007
2021-02-08,1518.088134765625,1541.699951171875,1564.8499755859375,1510.050048828125,1514.0,2683198
2021-02-09,1536.0093994140625,1559.9000244140625,1584.6500244140625,1543.050048828125,1548.0,2364475
2021-02-10,1539.2095947265625,1563.1500244140625,1588.0,1526.0,1575.4000244140625,2125469
2021-02-11,1501.3485107421875,1524.699951171875,1575.9000244140625,1511.25,1552.0,5970196
2021-02-12,1471.315673828125,1494.199951171875,1536.699951171875,1491.0,1536.699951171875,3284441
2021-02-15,1462.010498046875,1484.75,1518.5,1476.75,1506.0,3156535
2021-02-16,1449.307861328125,1471.8499755859375,1505.0,1461.0,1492.1500244140625,3090249
2021-02-17,1438.033447265625,1460.4000244140625,1483.0,1449.5,1469.4000244140625,2096959
2021-02-18,1411.052978515625,1433.0,1471.9000244140625,1429.0,1465.0999755859375,2686046
2021-02-19,1403.7171630859375,1425.550048828125,1444.9000244140625,1412.800048828125,1434.0,2543997
2021-02-22,1383.7279052734375,1405.25,1433.0999755859375,1396.0,1425.0,1931189
2021-02-23,1402.2401123046875,1424.050048828125,1436.949951171875,1400.1500244140625,1415.0,1871135
2021-02-24,1429.6141357421875,1451.8499755859375,1474.0,1424.050048828125,1424.050048828125,1143204
2021-02-25,1412.480712890625,1434.449951171875,1462.949951171875,1430.5,1460.0,1967386
2021-02-26,1385.352783203125,1406.9000244140625,1431.949951171875,1403.0999755859375,1420.0,2715597
2021-03-01,1429.90966796875,1452.1500244140625,1466.0,1416.5999755859375,1421.5,1962042
2021-03-02,1448.6187744140625,1471.1500244140625,1474.0,1450.0,1469.0,1293306
2021-03-03,1452.015869140625,1474.5999755859375,1481.6500244140625,1466.1500244140625,1472.0,1227772
2021-03-04,1447.9786376953125,1470.5,1487.6500244140625,1450.550048828125,1452.0,1822476
2021-03-05,1451.6220703125,1474.199951171875,1493.0,1462.199951171875,1465.0,1954113
2021-03-08,1434.4390869140625,1456.75,1481.25,1451.0,1475.0,1060584
2021-03-09,1434.5869140625,1456.9000244140625,1478.9000244140625,1445.0,1470.0,941590
2021-03-10,1448.7171630859375,1471.25,1481.0,1463.0,1470.0,1257628
2021-03-12,1459.7947998046875,1482.5,1507.800048828125,1478.5,1480.0,2631081
2021-03-15,1469.34619140625,1492.199951171875,1496.9000244140625,1471.0,1496.9000244140625,1482287
2021-03-16,1477.9622802734375,1500.949951171875,1531.0,1496.9000244140625,1505.0,3191850
2021-03-17,1449.997314453125,1472.550048828125,1499.550048828125,1470.050048828125,1494.25,1195023
2021-03-18,1445.7138671875,1468.199951171875,1492.9000244140625,1463.0,1485.5999755859375,1242978
2021-03-19,1443.0059814453125,1465.449951171875,1470.8499755859375,1432.050048828125,1450.0,2360672
2021-03-22,1437.934814453125,1460.300048828125,1468.6500244140625,1448.0,1465.0,1331121
2021-03-23,1472.4481201171875,1495.3499755859375,1514.800048828125,1454.0,1460.300048828125,2534795
2021-03-24,1465.3583984375,1488.1500244140625,1508.800048828125,1476.449951171875,1486.0,1871092
2021-03-25,1428.629638671875,1450.8499755859375,1498.5,1447.75,1484.0999755859375,1609996
2021-03-26,1482.787109375,1505.8499755859375,1512.4000244140625,1457.0,1459.9000244140625,1922278
2021-03-30,1528.4273681640625,1552.199951171875,1563.0,1510.0,1510.0,3466042
2021-03-31,1534.187744140625,1558.050048828125,1567.4000244140625,1536.75,1549.9000244140625,1431746
2021-04-01,1535.468017578125,1559.3499755859375,1593.300048828125,1551.550048828125,1560.0,1343989
2021-04-05,1511.4908447265625,1535.0,1559.0,1500.0,1541.0999755859375,1376233
2021-04-06,1502.13623046875,1525.5,1548.0,1509.0,1529.5,1400544
2021-04-07,1490.910888671875,1514.0999755859375,1561.449951171875,1508.0,1522.0999755859375,2592185
2021-04-08,1547.2349853515625,1571.300048828125,1579.0,1525.5,1529.25,2085919
2021-04-09,1567.617919921875,1592.0,1618.0,1561.300048828125,1569.9000244140625,3569146
2021-04-12,1487.3167724609375,1510.449951171875,1572.6500244140625,1502.25,1571.0,1889829
2021-04-13,1507.1580810546875,1530.5999755859375,1553.300048828125,1516.6500244140625,1528.5999755859375,1880575
2021-04-15,1514.9864501953125,1538.550048828125,1554.5,1515.550048828125,1545.0,1313429
2021-04-16,1525.3255615234375,1549.050048828125,1559.800048828125,1529.800048828125,1529.800048828125,1501276
2021-04-19,1495.4404296875,1518.699951171875,1532.449951171875,1500.0999755859375,1525.0,1439975
2021-04-20,1499.576171875,1522.9000244140625,1560.0,1510.0,1524.199951171875,1789104
2021-04-22,1458.170166015625,1480.8499755859375,1530.0,1473.1500244140625,1530.0,2200432
2021-04-23,1439.067138671875,1461.449951171875,1496.9000244140625,1451.5999755859375,1478.0,1726070
2021-04-26,1457.185302734375,1479.8499755859375,1489.75,1465.1500244140625,1470.0,1020499
2021-04-27,1472.201904296875,1495.0999755859375,1503.550048828125,1482.0,1485.0,1145908
2021-04-28,1485.7413330078125,1508.8499755859375,1514.9000244140625,1491.699951171875,1505.0,1037771
2021-04-29,1483.7227783203125,1506.800048828125,1527.5,1497.0,1524.0,1927546
2021-04-30,1468.8048095703125,1491.6500244140625,1516.550048828125,1471.0,1500.0,3691399
2021-05-03,1402.1416015625,1423.949951171875,1477.0,1421.0,1477.0,3945733
2021-05-04,1381.4139404296875,1402.9000244140625,1434.0,1400.050048828125,1434.0,3194977
2021-05-05,1406.5234375,1428.4000244140625,1431.9000244140625,1403.4000244140625,1406.0,1819256
2021-05-06,1422.2784423828125,1444.4000244140625,1448.449951171875,1431.0,1435.800048828125,1464006
2021-05-07,1424.3463134765625,1446.5,1459.25,1439.9000244140625,1449.0,1190019
2021-05-10,1432.86376953125,1455.1500244140625,1469.75,1445.0,1454.4000244140625,1322561
2021-05-11,1413.2684326171875,1435.25,1457.949951171875,1432.0,1439.0999755859375,1582827
2021-05-12,1432.6666259765625,1454.949951171875,1460.0,1425.8499755859375,1431.0,1358169
2021-05-14,1433.552978515625,1455.8499755859375,1477.800048828125,1433.0,1469.0,1876873
2021-05-17,1445.8123779296875,1468.300048828125,1470.800048828125,1438.0,1462.0,2218758
2021-05-18,1515.67578125,1539.25,1547.0999755859375,1476.25,1480.0,3075596
2021-05-19,1497.8529052734375,1521.1500244140625,1553.9000244140625,1516.800048828125,1522.25,1504440
2021-05-20,1507.896728515625,1531.3499755859375,1566.25,1522.5,1523.0,3032029
2021-05-21,1514.789306640625,1538.3499755859375,1552.8499755859375,1533.550048828125,1552.199951171875,1158893
2021-05-24,1497.4591064453125,1520.75,1535.0,1505.449951171875,1532.1500244140625,1126532
2021-05-25,1545.11767578125,1569.1500244140625,1574.9000244140625,1535.0,1536.0,2530758
2021-05-26,1558.7061767578125,1582.949951171875,1614.0,1576.6500244140625,1580.0,3839248
2021-05-27,1569.8333740234375,1594.25,1606.949951171875,1567.3499755859375,1590.699951171875,2810155
2021-05-28,1552.8475341796875,1577.0,1612.25,1570.550048828125,1595.0,1028675
2021-05-31,1571.802734375,1596.25,1608.25,1569.0,1570.6500244140625,1525715
2021-06-01,1567.027099609375,1591.4000244140625,1612.0,1589.300048828125,1608.0,1111933
2021-06-02,1561.414306640625,1585.699951171875,1596.75,1564.199951171875,1581.0,1859258
2021-06-03,1665.2984619140625,1691.199951171875,1702.300048828125,1588.550048828125,1601.0,7221910
2021-06-04,1653.77783203125,1679.5,1713.800048828125,1665.5,1713.800048828125,2952017
2021-06-07,1659.2921142578125,1685.0999755859375,1713.8499755859375,1676.0,1685.8499755859375,1471576
2021-06-08,1686.272216796875,1712.5,1726.0,1674.199951171875,1686.0,1743285
2021-06-09,1704.2427978515625,1730.75,1739.9000244140625,1696.1500244140625,1714.949951171875,2551140
2021-06-10,1712.0218505859375,1738.6500244140625,1745.8499755859375,1722.199951171875,1741.4000244140625,1850763
2021-06-11,1701.9781494140625,1728.449951171875,1743.0,1724.550048828125,1736.550048828125,761647
2021-06-14,1708.2308349609375,1734.800048828125,1740.0,1713.0,1728.449951171875,887780
2021-06-15,1697.0052490234375,1723.4000244140625,1748.949951171875,1719.5999755859375,1748.0,868275
2021-06-16,1688.6846923828125,1714.949951171875,1729.0,1706.5,1724.0,1116772
2021-06-17,1685.189208984375,1711.4000244140625,1722.0,1701.4000244140625,1706.0,546515
2021-06-18,1685.0908203125,1711.300048828125,1725.0,1686.0,1700.0999755859375,2018319
2021-06-21,1716.157470703125,1742.8499755859375,1747.550048828125,1690.75,1699.0,925811
2021-06-22,1730.0906982421875,1757.0,1770.800048828125,1748.0,1750.0999755859375,2083172
2021-06-23,1755.24951171875,1782.550048828125,1786.0,1755.050048828125,1757.0,1608518
2021-06-24,1753.5755615234375,1780.8499755859375,1792.949951171875,1767.5999755859375,1785.0,1271298
2021-06-25,1726.989013671875,1753.8499755859375,1792.0,1742.0,1785.0,1378327
2021-06-28,1701.583984375,1728.050048828125,1768.5,1719.75,1768.5,1339433
2021-06-29,1705.0797119140625,1731.5999755859375,1746.0,1721.25,1735.800048828125,1236704
2021-06-30,1705.966064453125,1732.5,1755.3499755859375,1728.1500244140625,1738.0,803926
2021-07-01,1713.646484375,1740.300048828125,1746.4000244140625,1725.75,1729.0,567971
2021-07-02,1727.875244140625,1754.75,1767.8499755859375,1740.199951171875,1755.0,1259675
2021-07-05,1723.0994873046875,1749.9000244140625,1762.9000244140625,1743.0,1760.0,632904
2021-07-06,1735.802001953125,1762.800048828125,1774.0,1746.050048828125,1750.0,960973
2021-07-07,1700.79638671875,1727.25,1783.4000244140625,1718.0,1762.800048828125,2188364
2021-07-08,1699.9100341796875,1726.3499755859375,1746.0,1721.25,1730.0,1167637
2021-07-09,1694.248291015625,1720.5999755859375,1739.949951171875,1718.0,1724.0,831213
2021-07-12,1693.5096435546875,1719.8499755859375,1739.199951171875,1711.9000244140625,1730.0,792602
2021-07-13,1697.8424072265625,1724.25,1735.0,1717.449951171875,1730.0,797913
2021-07-14,1684.1552734375,1710.3499755859375,1728.5999755859375,1705.0,1726.0,891780
2021-07-15,1675.4901123046875,1701.550048828125,1716.75,1694.5,1705.5,943422
2021-07-16,1669.385009765625,1695.3499755859375,1710.0,1688.6500244140625,1706.9000244140625,907734
2021-07-19,1654.614501953125,1680.3499755859375,1709.25,1674.9000244140625,1694.3499755859375,831260
2021-07-20,1645.8017578125,1671.4000244140625,1691.449951171875,1662.5,1680.3499755859375,819793
2021-07-22,1679.706787109375,1701.75,1714.6500244140625,1682.199951171875,1695.0,1146821
2021-07-23,1678.9169921875,1700.949951171875,1725.949951171875,1697.0,1714.6500244140625,1053239
2021-07-26,1700.533447265625,1722.8499755859375,1736.8499755859375,1700.0,1700.9000244140625,1435514
2021-07-27,1706.6533203125,1729.050048828125,1742.4000244140625,1713.3499755859375,1733.0,1075244
2021-07-28,1701.2244873046875,1723.550048828125,1749.199951171875,1715.5999755859375,1730.0,1714957
2021-07-29,1716.6224365234375,1739.1500244140625,1756.300048828125,1727.800048828125,1739.0,1346162
2021-07-30,1692.341064453125,1714.550048828125,1747.9000244140625,1711.199951171875,1742.0,1199644
2021-08-02,1748.602783203125,1771.550048828125,1776.0,1725.0,1728.0,1718511
2021-08-03,1816.3634033203125,1840.199951171875,1854.949951171875,1777.1500244140625,1780.0,5956344
2021-08-04,1776.289306640625,1799.5999755859375,1858.6500244140625,1795.0,1857.199951171875,2040687
2021-08-05,1775.9931640625,1799.300048828125,1821.199951171875,1763.199951171875,1820.050048828125,2301814
2021-08-06,1764.5928955078125,1787.75,1796.3499755859375,1778.0,1796.0,877876
2021-08-09,1775.8450927734375,1799.1500244140625,1831.5999755859375,1777.75,1787.75,1770502
2021-08-10,1775.8944091796875,1799.199951171875,1822.0,1793.3499755859375,1810.0,862746
2021-08-11,1766.221435546875,1789.4000244140625,1815.0,1773.550048828125,1805.0,748179
2021-08-12,1799.9783935546875,1823.5999755859375,1829.5999755859375,1781.0,1798.0,889082
2021-08-13,1814.09326171875,1837.9000244140625,1841.0,1818.75,1830.0,1194666
2021-08-16,1813.4022216796875,1837.199951171875,1847.050048828125,1817.0,1828.0,461655
2021-08-17,1850.1697998046875,1874.449951171875,1878.3499755859375,1828.6500244140625,1840.0,1917077
2021-08-18,1855.944091796875,1880.300048828125,1890.6500244140625,1860.0,1887.800048828125,1029077
2021-08-20,1852.4893798828125,1876.800048828125,1892.300048828125,1857.949951171875,1859.4000244140625,1070166
2021-08-23,1846.122802734375,1870.3499755859375,1895.0,1847.8499755859375,1889.0,1092285
2021-08-24,1845.382568359375,1869.5999755859375,1887.300048828125,1852.5999755859375,1883.0,1003905
2021-08-25,1799.040771484375,1822.6500244140625,1869.699951171875,1820.0,1860.0,1280400
2021-08-26,1791.8353271484375,1815.3499755859375,1834.5999755859375,1805.25,1822.6500244140625,1059290
2021-08-27,1798.9420166015625,1822.550048828125,1830.0,1797.0,1824.0,1020589
2021-08-30,1854.1180419921875,1878.449951171875,1886.949951171875,1831.800048828125,1835.0,1670309
2021-08-31,1896.7088623046875,1921.5999755859375,1925.0,1875.550048828125,1878.449951171875,1816071
2021-09-01,1914.2784423828125,1939.4000244140625,1953.949951171875,1915.0,1925.199951171875,1247432
2021-09-02,1941.6197509765625,1967.0999755859375,1979.5,1946.8499755859375,1958.5,1167157
2021-09-03,1993.1435546875,2019.300048828125,2024.4000244140625,1970.0999755859375,1970.0999755859375,1548784
2021-09-06,1994.4761962890625,2020.6500244140625,2032.8499755859375,2006.1500244140625,2025.0,679133
2021-09-07,2007.554443359375,2033.9000244140625,2039.9000244140625,2012.699951171875,2014.0,773091
2021-09-08,2029.3187255859375,2055.949951171875,2067.0,2015.050048828125,2033.949951171875,796813
2021-09-09,2007.94921875,2034.300048828125,2060.0,2021.050048828125,2052.0,653397
2021-09-13,2004.3465576171875,2030.6500244140625,2043.449951171875,2021.1500244140625,2037.0,786459
2021-09-14,2029.072021484375,2055.699951171875,2061.5,2032.050048828125,2038.9000244140625,888765
2021-09-15,2092.391357421875,2119.85009765625,2133.0,2060.0,2060.0,2795995
2021-09-16,2081.385498046875,2108.699951171875,2132.949951171875,2095.050048828125,2132.949951171875,725123
2021-09-17,2068.455322265625,2095.60009765625,2150.0,2080.0,2113.949951171875,1727410
2021-09-20,2050.441650390625,2077.35009765625,2096.0,2070.550048828125,2088.0,411738
2021-09-21,2058.83154296875,2085.85009765625,2097.5,2062.10009765625,2075.0,539788
2021-09-22,2054.09375,2081.050048828125,2110.949951171875,2073.39990234375,2096.800048828125,1057480
2021-09-23,2077.78271484375,2105.050048828125,2113.75,2076.60009765625,2090.0,711634
2021-09-24,2065.790283203125,2092.89990234375,2115.0,2085.0,2105.0,540771
2021-09-27,2063.174560546875,2090.25,2107.35009765625,2077.199951171875,2099.0,507550
2021-09-28,2101.71875,2129.300048828125,2138.0,2083.050048828125,2083.199951171875,923489
2021-09-29,2119.682861328125,2147.5,2167.89990234375,2110.050048828125,2129.0,912912
2021-09-30,2133.84716796875,2161.85009765625,2185.0,2136.300048828125,2149.89990234375,1374265
2021-10-01,2135.722412109375,2163.75,2175.0,2122.64990234375,2157.0,626710
2021-10-04,2127.3818359375,2155.300048828125,2174.300048828125,2138.0,2160.0,870878
2021-10-05,2164.247802734375,2192.64990234375,2206.64990234375,2130.0,2155.300048828125,1329784
2021-10-06,2119.830810546875,2147.64990234375,2204.699951171875,2135.10009765625,2194.0,895210
2021-10-07,2344.581787109375,2375.35009765625,2384.25,2250.0,2255.0,8361061
2021-10-08,2327.653564453125,2358.199951171875,2420.0,2353.0,2420.0,1845797
2021-10-11,2331.799072265625,2362.39990234375,2406.10009765625,2357.550048828125,2377.0,1056932
2021-10-12,2460.3125,2492.60009765625,2507.800048828125,2342.64990234375,2365.0,3517011
2021-10-13,2504.334716796875,2537.199951171875,2608.949951171875,2490.0,2539.89990234375,4023645
2021-10-14,2530.837158203125,2564.050048828125,2584.0,2532.35009765625,2575.300048828125,1546459
2021-10-18,2555.266845703125,2588.800048828125,2677.89990234375,2575.5,2620.0,2572741
2021-10-19,2452.71240234375,2484.89990234375,2638.0,2468.75,2638.0,3546129
2021-10-20,2380.16455078125,2411.39990234375,2505.550048828125,2403.0,2487.10009765625,2868983
2021-10-21,2364.667724609375,2395.699951171875,2435.949951171875,2380.050048828125,2433.89990234375,2303014
2021-10-22,2380.757080078125,2412.0,2494.949951171875,2398.0,2417.39990234375,3063724
2021-10-25,2348.33203125,2379.14990234375,2412.0,2340.0,2405.0,1446182
2021-10-26,2422.952880859375,2454.75,2468.449951171875,2371.0,2390.0,2567357
2021-10-27,2428.233642578125,2460.10009765625,2482.35009765625,2452.199951171875,2468.0,2082690
2021-10-28,2344.3837890625,2375.14990234375,2470.0,2360.0,2470.0,3330380
2021-10-29,2352.67529296875,2383.550048828125,2404.0,2346.550048828125,2400.0,1450019
2021-11-01,2375.130615234375,2406.300048828125,2441.449951171875,2390.35009765625,2441.449951171875,1276469
2021-11-02,2422.16357421875,2453.949951171875,2464.800048828125,2421.050048828125,2422.800048828125,1546219
2021-11-03,2386.629638671875,2417.949951171875,2471.64990234375,2406.050048828125,2462.0,1554405
2021-11-04,2400.250732421875,2431.75,2444.800048828125,2422.0,2439.0,181506
2021-11-08,2503.890869140625,2536.75,2548.699951171875,2448.300048828125,2477.89990234375,3449086
2021-11-09,2479.56005859375,2512.10009765625,2543.800048828125,2491.14990234375,2528.949951171875,1097405
2021-11-10,2452.416259765625,2484.60009765625,2526.85009765625,2472.199951171875,2505.0,911235
2021-11-11,2495.353271484375,2528.10009765625,2542.800048828125,2476.300048828125,2484.0,1726010
2021-11-12,2506.605224609375,2539.5,2561.75,2523.0,2547.85009765625,1673817
2021-11-15,2506.50634765625,2539.39990234375,2572.699951171875,2531.699951171875,2551.0,846885
2021-11-16,2498.955810546875,2531.75,2551.35009765625,2520.14990234375,2550.10009765625,1133767
2021-11-17,2466.975341796875,2499.35009765625,2539.0,2491.10009765625,2522.89990234375,892518
2021-11-18,2446.099365234375,2478.199951171875,2520.0,2456.5,2492.0,739912
2021-11-22,2360.324951171875,2391.300048828125,2492.39990234375,2353.0,2492.39990234375,1361329
2021-11-23,2356.771240234375,2387.699951171875,2410.949951171875,2365.050048828125,2380.0,1247942
2021-11-24,2345.0751953125,2375.85009765625,2405.25,2365.0,2400.0,614145
2021-11-25,2366.74072265625,2397.800048828125,2403.199951171875,2355.14990234375,2360.0,662071
2021-11-26,2262.607177734375,2292.300048828125,2385.10009765625,2285.050048828125,2377.800048828125,1289322
2021-11-29,2294.093994140625,2324.199951171875,2334.39990234375,2231.39990234375,2290.0,1094276
2021-11-30,2344.7294921875,2375.5,2390.0,2336.39990234375,2336.39990234375,2675375
2021-12-01,2329.627685546875,2360.199951171875,2441.949951171875,2347.39990234375,2409.800048828125,2177426
2021-12-02,2355.587158203125,2386.5,2422.5,2360.050048828125,2369.0,1682636
2021-12-03,2338.560302734375,2369.25,2405.449951171875,2355.050048828125,2405.0,1062389
2021-12-06,2295.179931640625,2325.300048828125,2379.85009765625,2318.39990234375,2361.35009765625,547641
2021-12-07,2349.71435546875,2380.550048828125,2385.85009765625,2325.35009765625,2336.5,904175
2021-12-08,2374.390380859375,2405.550048828125,2418.0,2377.10009765625,2385.0,926476
2021-12-09,2342.409912109375,2373.14990234375,2424.0,2355.85009765625,2424.0,1250492
2021-12-10,2309.048095703125,2339.35009765625,2385.39990234375,2296.300048828125,2385.39990234375,2288164
2021-12-13,2320.05322265625,2350.5,2386.0,2340.10009765625,2352.60009765625,992852
2021-12-14,2324.347412109375,2354.85009765625,2371.25,2318.75,2342.699951171875,765269
2021-12-15,2293.0576171875,2323.14990234375,2368.25,2317.449951171875,2355.10009765625,567271
2021-12-16,2326.7158203125,2357.25,2364.800048828125,2325.25,2344.10009765625,998086
2021-12-17,2250.861328125,2280.39990234375,2339.300048828125,2257.10009765625,2336.0,1591893
2021-12-20,2210.34326171875,2239.35009765625,2263.14990234375,2205.0,2259.699951171875,1063366
2021-12-21,2258.017333984375,2287.64990234375,2310.0,2251.300048828125,2251.300048828125,883858
2021-12-22,2269.960693359375,2299.75,2308.10009765625,2282.35009765625,2306.300048828125,643034
2021-12-23,2299.72021484375,2329.89990234375,2337.550048828125,2310.0,2320.0,613686
2021-12-24,2289.405517578125,2319.449951171875,2341.89990234375,2310.0,2340.10009765625,534065
2021-12-27,2301.10205078125,2331.300048828125,2344.0,2286.300048828125,2306.14990234375,537545
2021-12-28,2349.0234375,2379.85009765625,2384.949951171875,2327.5,2340.10009765625,871453
2021-12-29,2371.0341796875,2402.14990234375,2416.449951171875,2370.35009765625,2379.0,764644
2021-12-30,2405.729248046875,2437.300048828125,2448.0,2390.699951171875,2393.800048828125,1152684
2021-12-31,2489.726318359375,2522.39990234375,2535.0,2444.60009765625,2447.300048828125,2225749
2022-01-03,2491.158203125,2523.85009765625,2546.0,2502.300048828125,2510.0,921729
2022-01-04,2549.5419921875,2583.0,2594.949951171875,2524.39990234375,2525.0,1037293
2022-01-05,2542.7802734375,2576.14990234375,2608.0,2560.10009765625,2576.0,1244568
2022-01-06,2562.274658203125,2595.89990234375,2601.35009765625,2538.449951171875,2540.0,1130508
2022-01-07,2539.375244140625,2572.699951171875,2687.25,2562.35009765625,2630.0,4625230
2022-01-10,2623.07666015625,2657.5,2663.550048828125,2571.0,2585.0,1894316
2022-01-11,2618.98046875,2653.35009765625,2678.75,2634.300048828125,2650.0,1123968
2022-01-12,2579.103515625,2612.949951171875,2672.0,2608.0,2641.0,1293999
2022-01-13,2585.322265625,2619.25,2628.89990234375,2588.0,2611.0,1023670
2022-01-14,2559.165771484375,2592.75,2639.0,2588.85009765625,2626.0,1166457
2022-01-17,2563.9033203125,2597.550048828125,2604.300048828125,2550.39990234375,2592.75,1172956
2022-01-18,2566.913818359375,2600.60009765625,2635.0,2587.0,2598.0,1221314
2022-01-19,2555.365234375,2588.89990234375,2617.800048828125,2571.10009765625,2598.0,629040
2022-01-20,2531.083984375,2564.300048828125,2610.0,2550.0,2597.0,1215237
2022-01-21,2495.402099609375,2528.14990234375,2561.89990234375,2505.0,2548.0,1457884
2022-01-24,2371.922607421875,2403.050048828125,2522.550048828125,2376.0,2520.0,1411443
2022-01-25,2345.716552734375,2376.5,2407.75,2330.39990234375,2386.0,2849686
2022-01-27,2280.12744140625,2310.050048828125,2360.39990234375,2260.0,2327.0,2460051
2022-01-28,2285.605712890625,2315.60009765625,2377.800048828125,2308.0,2313.0,1317407
2022-01-31,2329.7265625,2360.300048828125,2380.0,2336.35009765625,2353.0,900510
2022-02-01,2400.300537109375,2431.800048828125,2442.10009765625,2358.949951171875,2378.800048828125,1246431
2022-02-02,2432.083251953125,2464.0,2477.89990234375,2441.75,2451.0,1144427
2022-02-03,2442.891357421875,2474.949951171875,2506.550048828125,2417.0,2480.5,3883564
2022-02-04,2439.140380859375,2471.14990234375,2520.0,2430.0,2510.0,2718069
2022-02-07,2377.9931640625,2409.199951171875,2498.14990234375,2388.0,2480.0,1119632
2022-02-08,2411.996826171875,2443.64990234375,2465.0,2400.89990234375,2418.39990234375,1524580
2022-02-09,2452.614013671875,2484.800048828125,2495.0,2456.050048828125,2465.0,826261
2022-02-10,2459.572509765625,2491.85009765625,2503.949951171875,2465.550048828125,2499.949951171875,788689
2022-02-11,2410.61474609375,2442.25,2480.0,2421.25,2480.0,1030760
2022-02-14,2366.938232421875,2398.0,2423.0,2351.25,2380.0,816491
2022-02-15,2463.570068359375,2495.89990234375,2499.800048828125,2399.0,2421.949951171875,1293933
2022-02-16,2455.82177734375,2488.050048828125,2519.89990234375,2460.25,2510.0,1008929
2022-02-17,2460.904541015625,2493.199951171875,2537.5,2487.0,2509.5,960885
2022-02-18,2456.7099609375,2488.949951171875,2499.5,2460.800048828125,2479.300048828125,654373
2022-02-21,2422.55810546875,2454.35009765625,2488.0,2411.050048828125,2488.0,788568
2022-02-22,2418.363525390625,2450.10009765625,2457.0,2377.0,2377.0,874150
2022-02-23,2463.372314453125,2495.699951171875,2525.0,2452.0,2452.0,2096198
2022-02-24,2375.4267578125,2406.60009765625,2466.0,2395.0,2402.0,1875086
2022-02-25,2436.4755859375,2468.449951171875,2474.0,2423.5,2423.5,1284338
2022-02-28,2513.56396484375,2546.550048828125,2563.64990234375,2430.0,2430.0,2355891
2022-03-02,2559.066650390625,2592.64990234375,2604.800048828125,2524.35009765625,2550.0,3536974
2022-03-03,2540.90478515625,2574.25,2639.800048828125,2560.0,2620.0,2153478
2022-03-04,2409.381103515625,2441.0,2565.0,2430.0,2565.0,2652474
2022-03-07,2358.745849609375,2389.699951171875,2419.949951171875,2330.0,2414.800048828125,1545686
2022-03-08,2340.53466796875,2371.25,2419.5,2325.60009765625,2400.0,1467595
2022-03-09,2402.126220703125,2433.64990234375,2460.5,2375.0,2393.0,1581979
2022-03-10,2435.833740234375,2467.800048828125,2504.75,2444.85009765625,2498.0,1051744
2022-03-11,2461.2998046875,2493.60009765625,2498.199951171875,2448.85009765625,2478.0,812330
2022-03-14,2506.11181640625,2539.0,2545.0,2475.0,2490.0,1004492
2022-03-15,2523.8291015625,2556.949951171875,2579.0,2543.199951171875,2559.0,1571483
2022-03-16,2553.7861328125,2587.300048828125,2593.5,2566.0,2577.800048828125,757197
2022-03-17,2667.9873046875,2703.0,2721.64990234375,2600.10009765625,2600.10009765625,3336088
2022-03-21,2672.182373046875,2707.25,2768.0,2700.0,2740.0,1889261
2022-03-22,2677.611083984375,2712.75,2718.800048828125,2646.449951171875,2716.25,1279904
2022-03-23,2655.155517578125,2690.0,2742.949951171875,2677.85009765625,2730.0,1281815
2022-03-24,2584.581787109375,2618.5,2694.0,2612.550048828125,2694.0,1835380
2022-03-25,2491.20703125,2523.89990234375,2634.0,2518.0,2631.0,2863040
2022-03-28,2503.052001953125,2535.89990234375,2545.550048828125,2483.0,2536.5,1316800
2022-03-29,2505.9140625,2538.800048828125,2559.0,2525.300048828125,2550.0,908172
2022-03-30,2490.466796875,2523.14990234375,2565.75,2510.0,2556.300048828125,866666
2022-03-31,2503.29833984375,2536.14990234375,2545.39990234375,2519.949951171875,2525.25,910316
2022-04-01,2488.197021484375,2520.85009765625,2550.0,2491.85009765625,2538.0,1208002
2022-04-04,2484.396728515625,2517.0,2562.0,2508.75,2540.35009765625,1424995
2022-04-05,2516.1796875,2549.199951171875,2577.800048828125,2520.050048828125,2532.0,1586304
2022-04-06,2507.148193359375,2540.050048828125,2564.89990234375,2523.300048828125,2547.0,1349078
2022-04-07,2426.506591796875,2458.35009765625,2544.449951171875,2452.0,2502.300048828125,2785215
2022-04-08,2477.43798828125,2509.949951171875,2532.64990234375,2465.0,2468.35009765625,1217812
2022-04-11,2457.5986328125,2489.85009765625,2509.949951171875,2477.39990234375,2503.0,660112
2022-04-12,2455.9697265625,2488.199951171875,2508.5,2440.25,2480.0,1182427
2022-04-13,2429.4677734375,2461.35009765625,2495.949951171875,2441.10009765625,2492.199951171875,1165453
2022-04-18,2461.151611328125,2493.449951171875,2500.0,2410.0,2435.0,1109814
2022-04-19,2420.8310546875,2452.60009765625,2520.60009765625,2441.0,2509.39990234375,929834
2022-04-20,2450.540771484375,2482.699951171875,2505.0,2442.699951171875,2453.050048828125,639190
2022-04-21,2488.344970703125,2521.0,2524.949951171875,2466.0,2482.699951171875,880723
2022-04-22,2480.152587890625,2512.699951171875,2526.449951171875,2476.5,2515.0,878780
2022-04-25,2422.113525390625,2453.89990234375,2489.0,2447.050048828125,2471.0,682383
2022-04-26,2515.1923828125,2548.199951171875,2552.14990234375,2459.0,2460.0,1232557
2022-04-27,2460.066162109375,2492.35009765625,2537.800048828125,2488.25,2528.64990234375,801135
2022-04-28,2480.645751953125,2513.199951171875,2531.0,2477.0,2529.89990234375,933881
2022-04-29,2426.358154296875,2458.199951171875,2532.0,2450.0,2521.0,1496781
2022-05-02,2355.636474609375,2386.550048828125,2437.0,2372.35009765625,2435.0,1287401
2022-05-04,2260.28759765625,2289.949951171875,2407.0,2275.0,2356.0,2357806
2022-05-05,2232.69970703125,2262.0,2309.0,2252.14990234375,2309.0,2118580
2022-05-06,2180.139404296875,2208.75,2240.0,2195.449951171875,2240.0,1465638
2022-05-09,2154.92041015625,2183.199951171875,2213.35009765625,2171.0,2195.0,968069
2022-05-10,2109.66455078125,2137.35009765625,2186.0,2125.0,2180.0,1092429
2022-05-11,2087.307861328125,2114.699951171875,2138.0,2095.75,2127.199951171875,1472911
2022-05-12,2022.0146484375,2048.550048828125,2103.89990234375,2035.550048828125,2102.0,1362031
2022-05-13,2064.60546875,2091.699951171875,2154.0,2056.14990234375,2056.14990234375,2580348
2022-05-16,2082.27392578125,2109.60009765625,2152.0,2096.699951171875,2118.0,1370151
2022-05-17,2148.1591796875,2176.35009765625,2185.0,2111.0,2145.0,1256142
2022-05-18,2138.68359375,2166.75,2194.300048828125,2161.0,2187.0,1188772
2022-05-19,2084.59326171875,2111.949951171875,2156.10009765625,2055.10009765625,2125.0,981115
2022-05-20,2109.368408203125,2137.050048828125,2155.550048828125,2129.199951171875,2139.89990234375,1017542
2022-05-23,2123.43359375,2151.300048828125,2200.0,2138.0,2160.0,1346294
2022-05-24,2112.52685546875,2140.25,2165.0,2121.35009765625,2151.64990234375,1150314
2022-05-25,2086.0244140625,2113.39990234375,2181.0,2106.0,2160.0,1125068
2022-05-26,2114.204833984375,2141.949951171875,2150.85009765625,2075.5,2132.0,1382368
2022-05-27,2121.36083984375,2149.199951171875,2159.949951171875,2123.39990234375,2155.0,865917
2022-05-30,2226.6787109375,2255.89990234375,2260.0,2164.0,2164.0,1691435
2022-05-31,2187.295654296875,2216.0,2300.0,2176.60009765625,2254.89990234375,7005071
2022-06-01,2169.134033203125,2197.60009765625,2304.89990234375,2180.0,2255.0,2126105
2022-06-02,2192.181396484375,2220.949951171875,2225.35009765625,2176.60009765625,2176.60009765625,966727
2022-06-03,2175.845947265625,2204.39990234375,2244.949951171875,2197.75,2231.64990234375,1228695
2022-06-06,2170.07177734375,2198.550048828125,2208.949951171875,2165.949951171875,2204.39990234375,1285097
2022-06-07,2073.587890625,2100.800048828125,2179.449951171875,2088.0,2173.550048828125,3255286
2022-06-08,2101.2744140625,2128.85009765625,2133.0,2096.550048828125,2106.050048828125,1775344
2022-06-09,2111.98388671875,2139.699951171875,2154.0,2103.0,2106.0,1035771
2022-06-10,2114.500732421875,2142.25,2166.0,2108.0,2108.0,927889
2022-06-13,2075.166748046875,2102.39990234375,2124.449951171875,2076.199951171875,2108.0,928411
2022-06-14,2074.772216796875,2102.0,2116.89990234375,2072.64990234375,2100.0,893733
2022-06-15,2077.78271484375,2105.050048828125,2127.5,2090.0,2104.0,783714
2022-06-16,2034.2537841796875,2060.949951171875,2145.0,2042.050048828125,2126.39990234375,1265289
2022-06-17,1911.3665771484375,1936.449951171875,2051.64990234375,1910.550048828125,2041.0,6066708
2022-06-20,1936.28955078125,1961.699951171875,1973.449951171875,1905.449951171875,1938.0,1967950
2022-06-21,2051.181884765625,2078.10009765625,2093.75,1966.5,1979.9000244140625,3289922
2022-06-22,2004.8892822265625,2031.199951171875,2070.949951171875,2007.0,2070.0,1507811
2022-06-23,2014.957275390625,2041.4000244140625,2047.800048828125,1997.1500244140625,2040.0,1632845
2022-06-24,2019.102783203125,2045.5999755859375,2076.39990234375,2033.949951171875,2053.550048828125,854618
2022-06-27,2013.87158203125,2040.300048828125,2083.64990234375,2025.0,2082.0,1067849
2022-06-28,1942.5572509765625,1968.050048828125,2022.0,1960.0,2020.0,3397585
2022-06-29,1911.070556640625,1936.1500244140625,1954.300048828125,1923.0,1950.0,2375427
2022-06-30,1916.1044921875,1941.25,1965.75,1926.0,1950.0,2489709
2022-07-01,1920.990234375,1946.199951171875,1954.3499755859375,1825.050048828125,1895.0,4064801
2022-07-04,1937.0792236328125,1962.5,1966.5999755859375,1928.0,1954.0,1023678
2022-07-05,1928.9359130859375,1954.25,1989.0999755859375,1940.550048828125,1967.0,1555345
2022-07-06,1987.4681396484375,2013.550048828125,2025.5,1941.3499755859375,1958.0,1952701
2022-07-07,2099.94189453125,2127.5,2171.60009765625,2102.550048828125,2130.0,5915740
2022-07-08,2124.0615234375,2144.35009765625,2154.0,2110.5,2140.0,2039331
2022-07-11,2143.12939453125,2163.60009765625,2173.85009765625,2126.60009765625,2153.0,1219508
2022-07-12,2109.847412109375,2130.0,2142.0,2114.449951171875,2132.0,1096542
2022-07-13,2091.423095703125,2111.39990234375,2141.800048828125,2107.449951171875,2130.0,1169721
2022-07-14,2107.321533203125,2127.449951171875,2140.0,2113.0,2132.0,767221
2022-07-15,2168.982421875,2189.699951171875,2193.14990234375,2132.199951171875,2135.0,1742573
2022-07-18,2216.280517578125,2237.449951171875,2247.300048828125,2194.050048828125,2196.0,2016386
2022-07-19,2219.9951171875,2241.199951171875,2253.0,2216.699951171875,2232.5,867223
2022-07-20,2249.71142578125,2271.199951171875,2298.0,2261.10009765625,2280.0,1620332
2022-07-21,2266.94677734375,2288.60009765625,2298.0,2264.0,2285.0,1117118
2022-07-22,2303.00244140625,2325.0,2329.949951171875,2283.10009765625,2299.0,1185176
2022-07-25,2306.81591796875,2328.85009765625,2348.800048828125,2313.0,2339.300048828125,1248393
2022-07-26,2271.503173828125,2293.199951171875,2334.949951171875,2286.550048828125,2334.949951171875,1142159
2022-07-27,2281.75537109375,2303.550048828125,2311.0,2266.550048828125,2285.10009765625,1456382
2022-07-28,2312.56103515625,2334.64990234375,2341.5,2305.050048828125,2321.0,1126799
2022-07-29,2329.796630859375,2352.050048828125,2392.5,2339.050048828125,2355.0,1239445
2022-08-01,2353.767333984375,2376.25,2381.050048828125,2339.0,2364.800048828125,581266
2022-08-02,2362.385009765625,2384.949951171875,2397.800048828125,2357.050048828125,2370.0,777687
2022-08-03,2393.537353515625,2416.39990234375,2425.89990234375,2355.0,2395.0,1207016
2022-08-04,2400.71875,2423.64990234375,2430.449951171875,2370.949951171875,2429.949951171875,1015590
2022-08-05,2409.782470703125,2432.800048828125,2472.39990234375,2417.35009765625,2425.199951171875,2443597
2022-08-08,2423.798583984375,2446.949951171875,2474.699951171875,2433.14990234375,2460.0,1576547
2022-08-10,2410.574951171875,2433.60009765625,2469.89990234375,2417.10009765625,2469.89990234375,1065998
2022-08-11,2448.958251953125,2472.35009765625,2486.0,2446.199951171875,2446.199951171875,1127878
2022-08-12,2448.56201171875,2471.949951171875,2493.0,2461.89990234375,2472.0,761420
2022-08-16,2470.2548828125,2493.85009765625,2499.5,2435.0,2461.10009765625,1035928
2022-08-17,2468.620361328125,2492.199951171875,2523.14990234375,2480.64990234375,2495.0,863500
2022-08-18,2455.248046875,2478.699951171875,2503.89990234375,2467.300048828125,2492.199951171875,827663
2022-08-19,2417.508544921875,2440.60009765625,2498.949951171875,2430.89990234375,2498.949951171875,751505
2022-08-22,2394.726318359375,2417.60009765625,2458.0,2408.0,2440.0,947292
2022-08-23,2456.733642578125,2480.199951171875,2501.949951171875,2400.0,2407.0,1417877
2022-08-24,2437.418212890625,2460.699951171875,2495.0,2441.050048828125,2495.0,672569
2022-08-25,2443.114013671875,2466.449951171875,2501.60009765625,2456.699951171875,2473.0,732577
2022-08-26,2508.935302734375,2532.89990234375,2556.0,2481.550048828125,2483.050048828125,2398253
2022-08-29,2507.74658203125,2531.699951171875,2540.89990234375,2457.25,2457.25,1149676
2022-08-30,2580.00634765625,2604.64990234375,2623.10009765625,2543.0,2545.0,1794736
2022-09-01,2597.1923828125,2622.0,2647.14990234375,2565.64990234375,2592.949951171875,1438313
2022-09-02,2587.88134765625,2612.60009765625,2645.0,2607.050048828125,2631.0,800453
2022-09-05,2602.491943359375,2627.35009765625,2640.0,2610.85009765625,2625.0,733481
2022-09-06,2606.7509765625,2631.64990234375,2646.89990234375,2611.0,2631.699951171875,680071
2022-09-07,2612.793212890625,2637.75,2641.39990234375,2600.39990234375,2607.0,438635
2022-09-08,2601.847900390625,2626.699951171875,2659.89990234375,2616.0,2649.0,754150
2022-09-09,2578.817626953125,2603.449951171875,2652.14990234375,2593.0,2652.0,777186
2022-09-12,2635.971923828125,2661.14990234375,2669.699951171875,2610.0,2616.800048828125,808360
2022-09-13,2679.9521484375,2705.550048828125,2723.0,2672.0,2680.0,1536444
2022-09-14,2675.048583984375,2700.60009765625,2712.0,2645.0,2645.0,915281
2022-09-15,2631.019287109375,2656.14990234375,2717.0,2648.0,2714.14990234375,753648
2022-09-16,2587.0888671875,2611.800048828125,2677.64990234375,2604.25,2648.0,1425731
2022-09-19,2595.01318359375,2619.800048828125,2632.0,2552.550048828125,2611.75,808421
2022-09-20,2658.60595703125,2684.0,2693.550048828125,2635.10009765625,2642.199951171875,844553
2022-09-21,2641.419677734375,2666.64990234375,2700.0,2656.64990234375,2688.0,1052572
2022-09-22,2711.69873046875,2737.60009765625,2744.949951171875,2650.0,2660.0,1352472
2022-09-23,2647.164794921875,2672.449951171875,2755.699951171875,2667.0,2737.60009765625,1226889
2022-09-26,2630.37548828125,2655.5,2677.949951171875,2563.550048828125,2666.0,1371409
2022-09-27,2575.7470703125,2600.35009765625,2679.550048828125,2585.550048828125,2669.949951171875,1246270
2022-09-28,2552.568603515625,2576.949951171875,2634.5,2564.5,2587.5,1419969
2022-09-29,2507.548583984375,2531.5,2606.050048828125,2517.35009765625,2594.85009765625,1177076
2022-09-30,2582.284912109375,2606.949951171875,2637.39990234375,2522.60009765625,2538.0,1453944
2022-10-03,2549.844482421875,2574.199951171875,2625.0,2555.60009765625,2625.0,1049142
2022-10-04,2560.6416015625,2585.10009765625,2629.0,2571.64990234375,2629.0,1291070
2022-10-06,2568.318115234375,2592.85009765625,2620.0,2581.60009765625,2598.050048828125,1409852
2022-10-07,2704.665771484375,2730.5,2745.0,2675.0,2690.0,5284814
2022-10-10,2654.74267578125,2680.10009765625,2727.89990234375,2658.0,2710.0,1290447
2022-10-11,2599.6689453125,2624.5,2694.0,2616.39990234375,2693.0,1067626
2022-10-12,2596.548583984375,2621.35009765625,2644.89990234375,2606.0,2630.0,1131702
2022-10-13,2574.063232421875,2598.64990234375,2628.0,2591.0,2610.0,1038687
2022-10-14,2593.0322265625,2617.800048828125,2663.60009765625,2607.75,2640.0,1326916
2022-10-17,2600.163818359375,2625.0,2634.89990234375,2602.550048828125,2613.89990234375,1111199
2022-10-18,2616.111572265625,2641.10009765625,2664.699951171875,2623.14990234375,2638.14990234375,771852
2022-10-19,2619.529052734375,2644.550048828125,2677.0,2640.0,2654.35009765625,1001916
2022-10-20,2606.6025390625,2631.5,2644.0,2581.35009765625,2640.0,1022636
2022-10-21,2640.42919921875,2665.64990234375,2679.64990234375,2640.050048828125,2650.0,986521
2022-10-24,2658.506591796875,2683.89990234375,2699.89990234375,2679.14990234375,2697.0,184595
2022-10-25,2645.03564453125,2670.300048828125,2697.35009765625,2662.0,2697.35009765625,505759
2022-10-27,2678.218505859375,2703.800048828125,2765.0,2680.0,2700.0,2117791
2022-10-28,2710.509765625,2736.39990234375,2738.89990234375,2693.25,2708.949951171875,1003160
2022-10-31,2735.372314453125,2761.5,2791.0,2738.25,2750.0,1144647
2022-11-01,2728.884521484375,2754.949951171875,2784.0,2741.0,2770.14990234375,890107
2022-11-02,2702.63525390625,2728.449951171875,2747.35009765625,2703.0,2745.0,1704942
2022-11-03,2737.501953125,2763.64990234375,2779.0,2705.0,2705.0,1227960
2022-11-04,2743.494873046875,2769.699951171875,2781.449951171875,2746.60009765625,2774.89990234375,1172058
2022-11-07,2715.611328125,2741.550048828125,2772.0,2706.300048828125,2772.0,1825529
2022-11-09,2692.38330078125,2718.10009765625,2769.0,2710.0,2769.0,1184702
2022-11-10,2616.012451171875,2641.0,2711.10009765625,2628.0,2710.0,1198585
2022-11-11,2626.71044921875,2651.800048828125,2694.39990234375,2641.550048828125,2671.0,833729
2022-11-14,2604.918701171875,2629.800048828125,2665.0,2623.199951171875,2658.0,565428
2022-11-15,2631.514404296875,2656.64990234375,2669.14990234375,2621.050048828125,2642.949951171875,1033296
2022-11-16,2619.281494140625,2644.300048828125,2678.199951171875,2630.0,2659.0,835064
2022-11-17,2557.57080078125,2582.0,2645.0,2576.0,2638.0,1265647
2022-11-18,2541.524169921875,2565.800048828125,2583.39990234375,2545.0,2580.0,1038751
2022-11-21,2549.002685546875,2573.35009765625,2578.949951171875,2539.64990234375,2552.0,629040
2022-11-22,2581.5419921875,2606.199951171875,2609.0,2561.0,2580.0,912070
2022-11-23,2577.134033203125,2601.75,2632.5,2590.800048828125,2614.949951171875,992873
2022-11-24,2585.504150390625,2610.199951171875,2618.300048828125,2592.5,2611.0,752066
2022-11-25,2570.843994140625,2595.39990234375,2620.0,2586.0,2620.0,633047
2022-11-28,2567.723876953125,2592.25,2608.5,2579.0,2584.39990234375,665149
2022-11-29,2589.020263671875,2613.75,2640.0,2595.050048828125,2597.14990234375,866621
2022-11-30,2627.89892578125,2653.0,2665.0,2604.199951171875,2613.75,1569918
2022-12-01,2613.734375,2638.699951171875,2665.0,2630.0,2662.0,539844
2022-12-02,2593.130859375,2617.89990234375,2651.39990234375,2605.0,2648.0,731396
2022-12-05,2590.90234375,2615.64990234375,2629.949951171875,2589.25,2629.0,747114
2022-12-06,2592.239501953125,2617.0,2624.0,2591.300048828125,2619.800048828125,706596
2022-12-07,2572.2802734375,2596.85009765625,2623.75,2586.699951171875,2616.300048828125,712914
2022-12-08,2559.056640625,2583.5,2613.89990234375,2578.75,2596.85009765625,648288
2022-12-09,2590.7041015625,2615.449951171875,2629.89990234375,2567.949951171875,2597.0,935047
2022-12-12,2560.19580078125,2584.64990234375,2613.5,2571.0,2613.5,726330
2022-12-13,2551.528564453125,2575.89990234375,2600.0,2565.0,2597.39990234375,832740
2022-12-14,2566.584716796875,2591.10009765625,2596.0,2571.14990234375,2574.85009765625,767737
2022-12-15,2498.831787109375,2522.699951171875,2588.64990234375,2514.550048828125,2585.0,1225728
2022-12-16,2459.35888671875,2482.85009765625,2520.0,2480.0,2500.0,1177053
2022-12-19,2497.9404296875,2521.800048828125,2525.25,2468.699951171875,2483.199951171875,572224
2022-12-20,2484.41943359375,2508.14990234375,2517.60009765625,2482.10009765625,2516.800048828125,597902
2022-12-21,2466.045166015625,2489.60009765625,2528.0,2481.0,2515.0,519326
2022-12-22,2459.50732421875,2483.0,2509.199951171875,2465.0,2491.800048828125,557608
2022-12-23,2459.55712890625,2483.050048828125,2505.0,2455.0,2467.64990234375,1310439
2022-12-26,2457.62548828125,2481.10009765625,2512.39990234375,2470.25,2487.75,1076808
2022-12-27,2479.863037109375,2503.550048828125,2519.89990234375,2485.60009765625,2498.0,791283
2022-12-28,2555.738037109375,2580.14990234375,2596.0,2497.5,2502.800048828125,2443430
2022-12-29,2529.0927734375,2553.25,2588.85009765625,2542.199951171875,2555.0,1583143
2022-12-30,2572.924072265625,2597.5,2610.0,2553.050048828125,2564.0,1057182
2023-01-02,2541.474609375,2565.75,2616.0,2556.800048828125,2607.0,697408
2023-01-03,2588.871826171875,2613.60009765625,2619.0,2555.050048828125,2568.0,852511
2023-01-04,2572.9736328125,2597.550048828125,2626.25,2585.60009765625,2618.800048828125,832054
2023-01-05,2537.859130859375,2562.10009765625,2620.0,2543.64990234375,2591.0,1544601
2023-01-06,2514.08642578125,2538.10009765625,2584.39990234375,2517.0,2560.0,879019
2023-01-09,2461.141845703125,2484.64990234375,2529.949951171875,2467.800048828125,2529.949951171875,2324487
2023-01-10,2444.847412109375,2468.199951171875,2498.699951171875,2456.0,2495.0,948787
2023-01-11,2414.339111328125,2437.39990234375,2488.60009765625,2431.0,2473.0,1000412
2023-01-12,2423.451904296875,2446.60009765625,2475.0,2432.0,2450.0,874520
2023-01-13,2394.330078125,2417.199951171875,2456.89990234375,2400.0,2456.89990234375,1416869
2023-01-16,2383.08740234375,2405.85009765625,2434.800048828125,2392.0,2428.0,737012
2023-01-17,2385.16748046875,2407.949951171875,2417.89990234375,2386.0,2405.0,926137
2023-01-18,2401.1650390625,2424.10009765625,2429.85009765625,2412.800048828125,2418.0,601233
2023-01-19,2362.484375,2385.050048828125,2411.800048828125,2367.199951171875,2392.5,1116874
2023-01-20,2348.8642578125,2371.300048828125,2396.949951171875,2353.0,2389.949951171875,1229902
2023-01-23,2342.32666015625,2364.699951171875,2384.300048828125,2355.60009765625,2383.949951171875,932554
2023-01-24,2348.3193359375,2370.75,2390.60009765625,2364.0,2372.5,714000
2023-01-25,2334.30322265625,2356.60009765625,2370.0,2333.550048828125,2370.0,650664
2023-01-27,2309.193359375,2331.25,2368.39990234375,2302.60009765625,2368.39990234375,1238620
2023-01-30,2313.45263671875,2335.550048828125,2342.85009765625,2287.050048828125,2332.0,1401847
2023-01-31,2354.658935546875,2377.14990234375,2386.449951171875,2335.64990234375,2347.0,1252600
2023-02-01,2323.704345703125,2345.89990234375,2409.800048828125,2300.050048828125,2408.550048828125,1521514
2023-02-02,2286.262451171875,2308.10009765625,2385.0,2269.60009765625,2341.050048828125,1788381
2023-02-03,2439.7958984375,2463.10009765625,2470.0,2320.10009765625,2320.10009765625,3693638
2023-02-06,2434.743896484375,2458.0,2479.949951171875,2447.60009765625,2474.85009765625,1049075
2023-02-07,2423.748779296875,2446.89990234375,2459.75,2432.10009765625,2456.300048828125,563195
2023-02-08,2443.4111328125,2466.75,2480.0,2447.0,2447.0,539085
2023-02-09,2439.251220703125,2462.550048828125,2475.64990234375,2451.60009765625,2467.0,464715
2023-02-10,2445.144775390625,2468.5,2472.0,2442.050048828125,2452.0,597337
2023-02-13,2495.216552734375,2519.050048828125,2523.949951171875,2476.14990234375,2480.0,1856317
2023-02-14,2483.18115234375,2506.89990234375,2528.949951171875,2480.0,2528.949951171875,843477
2023-02-15,2500.416748046875,2524.300048828125,2528.25,2483.300048828125,2503.449951171875,707224
2023-02-16,2498.534423828125,2522.39990234375,2545.64990234375,2518.10009765625,2530.0,704946
2023-02-17,2476.64404296875,2500.300048828125,2545.85009765625,2496.0,2515.0,607239
2023-02-20,2450.740966796875,2474.14990234375,2507.25,2466.300048828125,2500.0,460090
2023-02-21,2440.291259765625,2463.60009765625,2485.949951171875,2450.5,2485.949951171875,750272
2023-02-22,2408.544189453125,2431.550048828125,2462.800048828125,2414.39990234375,2451.949951171875,1098118
2023-02-23,2371.8447265625,2394.5,2432.5,2380.0,2432.5,1602078
2023-02-24,2376.4013671875,2399.10009765625,2413.75,2377.949951171875,2400.0,1145691
2023-02-27,2378.283203125,2401.0,2412.0,2373.60009765625,2399.10009765625,862629
2023-02-28,2350.35009765625,2372.800048828125,2425.0,2363.60009765625,2401.10009765625,1430349
2023-03-01,2359.859130859375,2382.39990234375,2396.050048828125,2366.35009765625,2370.0,479935
2023-03-02,2336.631103515625,2358.949951171875,2394.300048828125,2351.75,2382.35009765625,529609
2023-03-03,2373.429931640625,2396.10009765625,2402.0,2358.300048828125,2370.0,710845
2023-03-06,2380.7099609375,2403.449951171875,2426.39990234375,2392.60009765625,2412.550048828125,682556
2023-03-08,2374.42041015625,2397.10009765625,2401.199951171875,2372.25,2396.39990234375,858496
2023-03-09,2345.84326171875,2368.25,2407.949951171875,2365.0,2400.800048828125,601071
2023-03-10,2353.0244140625,2375.5,2379.949951171875,2338.0,2354.85009765625,543004
2023-03-13,2309.936279296875,2332.0,2376.949951171875,2321.0,2372.75,631722
2023-03-14,2333.313232421875,2355.60009765625,2391.85009765625,2328.85009765625,2336.949951171875,1470817
2023-03-15,2376.4013671875,2399.10009765625,2413.85009765625,2379.949951171875,2380.0,1656307
2023-03-16,2427.16650390625,2450.35009765625,2482.0,2413.0,2413.5,2317115
2023-03-17,2432.416015625,2455.64990234375,2474.0,2447.39990234375,2467.14990234375,1625905
2023-03-20,2436.67529296875,2459.949951171875,2474.949951171875,2441.550048828125,2462.0,918922
2023-03-21,2490.263916015625,2514.050048828125,2521.550048828125,2468.050048828125,2475.0,1652107
2023-03-22,2484.41943359375,2508.14990234375,2524.0,2495.0,2517.949951171875,754732
2023-03-23,2495.216552734375,2519.050048828125,2528.0,2494.050048828125,2510.0,610778
2023-03-24,2469.759765625,2493.35009765625,2519.699951171875,2474.949951171875,2516.800048828125,838919
2023-03-27,2470.799560546875,2494.39990234375,2510.0,2466.800048828125,2480.0,728727
2023-03-28,2476.64404296875,2500.300048828125,2507.14990234375,2493.89990234375,2502.89990234375,599191
2023-03-29,2491.254150390625,2515.050048828125,2525.0,2494.0,2500.300048828125,710603
2023-03-31,2491.10546875,2514.89990234375,2536.75,2500.0,2526.949951171875,848456
2023-04-03,2513.392822265625,2537.39990234375,2544.64990234375,2513.300048828125,2525.89990234375,701713
2023-04-05,2548.358642578125,2572.699951171875,2581.5,2550.10009765625,2560.0,1438377
2023-04-06,2524.338134765625,2548.449951171875,2584.0,2545.0,2583.0,1192271
2023-04-10,2559.25439453125,2583.699951171875,2602.0,2561.050048828125,2568.0,1497452
2023-04-11,2555.639404296875,2580.050048828125,2603.5,2576.0,2583.699951171875,820568
2023-04-12,2563.4150390625,2587.89990234375,2593.449951171875,2564.14990234375,2580.050048828125,553807
2023-04-13,2561.186279296875,2585.64990234375,2599.949951171875,2577.300048828125,2588.0,481459
2023-04-17,2580.94775390625,2605.60009765625,2612.25,2582.300048828125,2600.0,1044487
2023-04-18,2553.3115234375,2577.699951171875,2607.64990234375,2560.10009765625,2603.050048828125,674756
2023-04-19,2544.9912109375,2569.300048828125,2595.949951171875,2562.0,2580.050048828125,687292
2023-04-20,2554.8466796875,2579.25,2619.0,2570.5,2577.64990234375,995472
2023-04-21,2544.00048828125,2568.300048828125,2594.550048828125,2559.25,2593.60009765625,409932
2023-04-24,2604.671142578125,2629.550048828125,2636.39990234375,2570.0,2571.10009765625,1026391
2023-04-25,2608.286376953125,2633.199951171875,2637.0,2614.949951171875,2634.85009765625,630987
2023-04-26,2616.012451171875,2641.0,2647.64990234375,2625.64990234375,2633.0,631279
2023-04-27,2638.25,2663.449951171875,2674.0,2631.5,2641.0,620037
2023-04-28,2616.8544921875,2641.85009765625,2679.300048828125,2619.5,2672.449951171875,1567472
2023-05-02,2638.646484375,2663.85009765625,2674.0,2633.39990234375,2657.0,726439
2023-05-03,2628.939208984375,2654.050048828125,2679.5,2643.10009765625,2675.0,808211
2023-05-04,2645.13427734375,2670.39990234375,2694.25,2656.550048828125,2679.699951171875,1936641
2023-05-05,2707.043212890625,2732.89990234375,2766.0,2666.300048828125,2670.60009765625,2190777
2023-05-08,2725.219482421875,2751.25,2770.0,2732.89990234375,2732.949951171875,848638
2023-05-09,2722.396484375,2748.39990234375,2790.0,2738.449951171875,2753.300048828125,893686
2023-05-10,2719.474365234375,2745.449951171875,2767.699951171875,2736.199951171875,2760.0,522149
2023-05-11,2731.757080078125,2757.85009765625,2765.0,2744.050048828125,2758.0,621067
2023-05-12,2746.9619140625,2773.199951171875,2784.5,2756.85009765625,2760.800048828125,705516
2023-05-15,2753.251708984375,2779.550048828125,2802.10009765625,2764.25,2774.0,772914
2023-05-16,2763.850341796875,2790.25,2800.800048828125,2774.550048828125,2785.0,548885
2023-05-17,2736.263916015625,2762.39990234375,2790.0,2750.050048828125,2785.0,539547
2023-05-18,2696.09765625,2721.85009765625,2782.0,2716.10009765625,2782.0,612441
2023-05-19,2676.088623046875,2701.64990234375,2719.949951171875,2683.050048828125,2719.949951171875,846419
2023-05-22,2686.8857421875,2712.550048828125,2734.0,2701.10009765625,2701.60009765625,559506
2023-05-23,2658.060791015625,2683.449951171875,2726.39990234375,2677.300048828125,2719.949951171875,713749
2023-05-24,2681.6357421875,2707.25,2722.0,2670.0,2675.0,814553
2023-05-25,2682.3291015625,2707.949951171875,2720.0,2682.0,2714.449951171875,651488
2023-05-26,2716.205322265625,2742.14990234375,2759.699951171875,2699.14990234375,2707.949951171875,811400
2023-05-29,2785.642333984375,2812.25,2821.800048828125,2745.0,2745.0,1107678
2023-05-30,2775.984619140625,2802.5,2841.89990234375,2797.699951171875,2829.5,1263691
2023-05-31,2796.538330078125,2823.25,2832.10009765625,2790.10009765625,2802.5,1394580
2023-06-01,2800.50048828125,2827.25,2837.64990234375,2814.699951171875,2823.25,538550
2023-06-02,2834.57470703125,2861.64990234375,2871.0,2826.449951171875,2830.0,1116501
2023-06-05,2828.680908203125,2855.699951171875,2875.0,2840.0,2875.0,724102
2023-06-06,2854.1875,2881.449951171875,2893.0,2858.300048828125,2860.949951171875,1148132
2023-06-07,2879.4462890625,2906.949951171875,2910.0,2870.0,2895.0,862821
2023-06-08,2849.77978515625,2877.0,2921.85009765625,2871.050048828125,2906.89990234375,560514
2023-06-09,2849.037109375,2876.25,2919.949951171875,2863.25,2890.0,727880
2023-06-12,2825.6103515625,2852.60009765625,2885.449951171875,2833.25,2884.949951171875,1112274
2023-06-13,2884.94384765625,2912.5,2918.0,2855.10009765625,2859.89990234375,776313
2023-06-14,2879.54541015625,2907.050048828125,2928.199951171875,2897.0,2920.0,617700
2023-06-15,2880.486572265625,2908.0,2924.64990234375,2900.0,2911.050048828125,564711
2023-06-16,2926.348388671875,2954.300048828125,2960.0,2911.800048828125,2911.800048828125,1022389
2023-06-19,2940.512939453125,2968.60009765625,3024.39990234375,2963.35009765625,2967.0,1382633
2023-06-20,2945.862060546875,2974.0,2986.35009765625,2948.300048828125,2972.699951171875,672298
2023-06-21,2942.989501953125,2971.10009765625,2985.0,2958.14990234375,2974.0,509602
2023-06-22,2942.1474609375,2970.25,2984.75,2955.800048828125,2975.0,496441
2023-06-23,2911.341552734375,2939.14990234375,2981.0,2932.0,2972.5,869340
2023-06-26,2944.47509765625,2972.60009765625,2981.0,2940.0,2940.0,839713
2023-06-27,2947.545654296875,2975.699951171875,2989.199951171875,2940.699951171875,2973.0,913730
2023-06-28,2999.4501953125,3028.10009765625,3044.39990234375,2985.050048828125,2995.0,1525117
2023-06-30,3018.81494140625,3047.64990234375,3067.949951171875,3029.14990234375,3046.0,946112
2023-07-03,3009.5537109375,3038.300048828125,3054.0,3026.300048828125,3050.10009765625,429100
2023-07-04,3045.5595703125,3074.64990234375,3090.0,3039.0,3041.5,1291238
2023-07-05,3070.521484375,3099.85009765625,3113.89990234375,3063.0,3075.0,643663
2023-07-06,3077.009033203125,3106.39990234375,3111.85009765625,3081.39990234375,3100.0,976956
2023-07-07,3114.253662109375,3144.0,3210.0,3126.39990234375,3140.0,3630808
2023-07-10,3016.735107421875,3045.550048828125,3155.0,3030.25,3155.0,1777220
2023-07-11,3058.387451171875,3087.60009765625,3098.0,3044.800048828125,3062.85009765625,1141925
2023-07-12,3067.203125,3096.5,3124.0,3087.64990234375,3114.0,1300168
2023-07-13,3065.4638671875,3084.75,3114.60009765625,3079.300048828125,3113.949951171875,932018
2023-07-14,3036.446533203125,3055.550048828125,3097.35009765625,3042.60009765625,3093.64990234375,721349
2023-07-17,3014.484619140625,3033.449951171875,3072.949951171875,3020.0,3070.0,866575
2023-07-18,2977.7158203125,2996.449951171875,3039.949951171875,2963.39990234375,3033.449951171875,1359863
2023-07-19,2976.9208984375,2995.64990234375,3017.39990234375,2985.050048828125,3010.10009765625,568891
2023-07-20,2970.610595703125,2989.300048828125,3016.60009765625,2966.0,3002.25,1021556
2023-07-21,2957.69189453125,2976.300048828125,3005.0,2970.0,2990.75,599594
2023-07-24,2960.57373046875,2979.199951171875,2992.89990234375,2951.25,2978.0,523141
2023-07-25,3010.062255859375,3029.0,3032.89990234375,2972.75,2980.0,874788
2023-07-26,2989.54150390625,3008.35009765625,3044.89990234375,2995.0,3044.89990234375,588487
2023-07-27,2983.330810546875,3002.10009765625,3024.10009765625,2983.64990234375,3013.949951171875,595544
2023-07-28,2968.324951171875,2987.0,3010.0,2951.699951171875,3008.14990234375,837051
2023-07-31,2985.2685546875,3004.050048828125,3017.949951171875,2950.0,2950.0,656048
2023-08-01,2983.131591796875,3001.89990234375,3027.5,2987.699951171875,3024.85009765625,602288
2023-08-02,2958.536376953125,2977.14990234375,3005.699951171875,2960.0,3005.64990234375,1152335
2023-08-03,2883.955810546875,2902.10009765625,2986.949951171875,2883.0,2937.949951171875,3319847
2023-08-04,2886.241455078125,2904.39990234375,2935.800048828125,2898.0,2919.949951171875,709334
2023-08-07,2886.440185546875,2904.60009765625,2919.949951171875,2882.449951171875,2919.949951171875,580359
2023-08-08,2902.98583984375,2921.25,2932.0,2904.60009765625,2918.0,474417
2023-08-09,2937.41943359375,2955.89990234375,2962.0,2918.14990234375,2924.0,600081
2023-08-10,2969.865234375,2988.550048828125,2995.5,2917.0,2958.0,970990
2023-08-11,2998.385986328125,3017.25,3067.449951171875,2980.0,2988.5,1823274
2023-08-14,2991.8271484375,3010.64990234375,3020.35009765625,2988.35009765625,3020.35009765625,542561
2023-08-16,2992.2744140625,3011.10009765625,3015.89990234375,2978.050048828125,3005.0,544441
2023-08-17,3052.545166015625,3071.75,3079.449951171875,3012.0,3018.0,1699758
2023-08-18,3031.37841796875,3050.449951171875,3079.5,3035.0,3070.60009765625,860782
2023-08-21,3059.05419921875,3078.300048828125,3082.5,3050.0,3051.0,706621
2023-08-22,3056.371337890625,3075.60009765625,3091.0,3040.10009765625,3084.949951171875,714220
2023-08-23,3050.805908203125,3070.0,3085.0,3056.300048828125,3075.60009765625,602197
2023-08-24,3042.060791015625,3061.199951171875,3099.89990234375,3056.25,3075.699951171875,618626
2023-08-25,3048.023681640625,3067.199951171875,3074.75,3037.550048828125,3055.0,648003
2023-08-28,3029.490234375,3048.550048828125,3079.949951171875,3040.699951171875,3074.0,471698
2023-08-29,3060.147216796875,3079.39990234375,3090.0,3044.0,3051.949951171875,482639
2023-08-30,3062.9296875,3082.199951171875,3111.0,3067.0,3080.0,582766
2023-08-31,3085.04052734375,3104.449951171875,3118.949951171875,3082.199951171875,3090.85009765625,1420498
2023-09-01,3097.3134765625,3116.800048828125,3124.89990234375,3100.0,3111.949951171875,423739
2023-09-04,3080.916748046875,3100.300048828125,3124.949951171875,3086.300048828125,3116.949951171875,539813
2023-09-05,3116.542236328125,3136.14990234375,3157.5,3115.0,3120.0,721199
2023-09-06,3156.193115234375,3176.050048828125,3180.550048828125,3120.85009765625,3136.14990234375,1163154
2023-09-07,3152.96337890625,3172.800048828125,3182.949951171875,3152.0,3173.0,805295
2023-09-08,3179.09912109375,3199.10009765625,3205.0,3172.800048828125,3182.0,700158
2023-09-11,3193.210205078125,3213.300048828125,3221.550048828125,3186.60009765625,3209.949951171875,544452
2023-09-12,3165.882080078125,3185.800048828125,3221.14990234375,3177.60009765625,3216.050048828125,591509
2023-09-13,3242.798095703125,3263.199951171875,3270.0,3178.050048828125,3178.050048828125,1370306
2023-09-14,3240.9599609375,3261.35009765625,3302.449951171875,3240.0,3277.550048828125,1264935
2023-09-15,3228.28955078125,3248.60009765625,3264.0,3239.0,3261.60009765625,1397407
2023-09-18,3318.62109375,3339.5,3352.0,3246.800048828125,3257.0,1423507
2023-09-20,3285.976318359375,3306.64990234375,3349.0,3300.050048828125,3314.0,1201025
2023-09-21,3283.83984375,3304.5,3322.5,3285.800048828125,3300.0,1091384
2023-09-22,3254.027587890625,3274.5,3298.800048828125,3261.699951171875,3298.800048828125,1019051
2023-09-25,3263.41845703125,3283.949951171875,3314.89990234375,3261.35009765625,3274.5,623515
2023-09-26,3242.201904296875,3262.60009765625,3308.0,3255.0,3294.0,1054827
2023-09-27,3194.452392578125,3214.550048828125,3266.949951171875,3186.0,3246.800048828125,1464192
2023-09-28,3137.510498046875,3157.25,3224.89990234375,3141.75,3217.5,1214383
2023-09-29,3129.113525390625,3148.800048828125,3176.449951171875,3143.050048828125,3160.050048828125,697564
2023-10-03,3176.266845703125,3196.25,3212.5,3114.39990234375,3148.800048828125,1007308
2023-10-04,3146.851806640625,3166.64990234375,3205.0,3151.0,3186.0,486969
2023-10-05,3196.39013671875,3216.5,3231.0,3165.0,3173.89990234375,1109881
2023-10-06,3289.05712890625,3309.75,3319.800048828125,3221.10009765625,3230.0,1102120
2023-10-09,3247.0712890625,3267.5,3296.0,3249.050048828125,3294.699951171875,822467
2023-10-10,3248.760498046875,3269.199951171875,3299.199951171875,3259.300048828125,3295.0,633934
2023-10-11,3259.989990234375,3280.5,3296.0,3264.0,3289.699951171875,546575
2023-10-12,3264.4619140625,3285.0,3295.050048828125,3262.60009765625,3292.0,429096
2023-10-13,3263.219482421875,3283.75,3307.0,3266.550048828125,3285.0,920545
2023-10-16,3280.759033203125,3301.39990234375,3329.0,3275.0,3284.0,778014
2023-10-17,3287.76513671875,3308.449951171875,3328.449951171875,3304.10009765625,3317.949951171875,584625
2023-10-18,3262.22607421875,3282.75,3324.14990234375,3277.5,3309.199951171875,324535
2023-10-19,3264.11376953125,3284.64990234375,3300.949951171875,3239.0,3270.0,698767
2023-10-20,3245.779296875,3266.199951171875,3291.5,3244.0,3272.64990234375,657550
2023-10-23,3199.619873046875,3219.75,3274.949951171875,3209.699951171875,3246.199951171875,566920
2023-10-25,3167.91943359375,3187.85009765625,3236.300048828125,3179.0,3216.0,762466
2023-10-26,3081.41357421875,3100.800048828125,3189.89990234375,3092.050048828125,3160.35009765625,1124281
2023-10-27,3101.18896484375,3120.699951171875,3138.75,3087.25,3095.10009765625,1050608
2023-10-30,3096.965576171875,3116.449951171875,3121.949951171875,3075.0,3105.0,802316
2023-10-31,3169.7080078125,3189.64990234375,3205.800048828125,3087.85009765625,3119.60009765625,1235478
2023-11-01,3153.5595703125,3173.39990234375,3212.89990234375,3168.35009765625,3193.85009765625,756820
2023-11-02,3181.48388671875,3201.5,3228.5,3180.0,3200.0,774180
2023-11-03,3254.027587890625,3274.5,3288.0,3205.050048828125,3205.14990234375,1355614
2023-11-06,3246.624267578125,3267.050048828125,3310.0,3245.300048828125,3310.0,1137606
2023-11-07,3249.75439453125,3270.199951171875,3286.449951171875,3250.199951171875,3274.0,433992
2023-11-08,3291.14404296875,3311.85009765625,3323.800048828125,3272.199951171875,3289.0,632305
2023-11-09,3263.219482421875,3283.75,3320.949951171875,3274.64990234375,3320.949951171875,1317398
2023-11-10,3235.990966796875,3256.35009765625,3274.949951171875,3223.0,3263.050048828125,1170763
2023-11-13,3244.33837890625,3264.75,3278.35009765625,3250.60009765625,3275.0,275538
2023-11-15,3275.34326171875,3295.949951171875,3300.89990234375,3260.75,3275.25,747863
2023-11-16,3315.09326171875,3335.949951171875,3358.0,3259.25,3295.39990234375,1055389
2023-11-17,3317.975341796875,3338.85009765625,3366.0,3326.699951171875,3339.0,633405
2023-11-20,3324.931396484375,3345.85009765625,3353.949951171875,3312.25,3338.0,497379
2023-11-21,3373.2275390625,3394.449951171875,3401.75,3355.10009765625,3365.0,1038863
2023-11-22,3408.40625,3429.85009765625,3435.0,3396.050048828125,3400.0,980779
2023-11-23,3387.090087890625,3408.39990234375,3441.949951171875,3396.300048828125,3433.89990234375,517362
2023-11-24,3375.7119140625,3396.949951171875,3419.10009765625,3382.550048828125,3406.0,589530
2023-11-28,3420.877685546875,3442.39990234375,3445.949951171875,3397.35009765625,3417.949951171875,733524
2023-11-29,3407.85986328125,3429.300048828125,3473.85009765625,3424.0,3473.85009765625,819200
2023-11-30,3468.7763671875,3490.60009765625,3500.0,3422.25,3431.10009765625,1480088
2023-12-01,3467.683349609375,3489.5,3500.0,3470.0,3499.0,655263
2023-12-04,3466.590087890625,3488.39990234375,3550.0,3478.050048828125,3550.0,808838
2023-12-05,3523.134521484375,3545.300048828125,3550.0,3479.0,3488.39990234375,713651
2023-12-06,3524.724365234375,3546.89990234375,3573.949951171875,3522.10009765625,3550.0,474140
2023-12-07,3562.983642578125,3585.39990234375,3595.0,3519.050048828125,3546.89990234375,820214
2023-12-08,3611.92578125,3634.64990234375,3646.949951171875,3575.0,3575.0,1562141
2023-12-11,3607.8017578125,3630.5,3644.60009765625,3598.300048828125,3634.550048828125,620604
2023-12-12,3549.071044921875,3571.39990234375,3644.5,3563.25,3637.0,1075941
2023-12-13,3579.827880859375,3602.35009765625,3609.75,3552.75,3585.0,717618
2023-12-14,3568.946044921875,3591.39990234375,3647.0,3584.35009765625,3647.0,992762
2023-12-15,3578.0390625,3600.550048828125,3615.0,3584.800048828125,3615.0,906271
2023-12-18,3596.969970703125,3619.60009765625,3667.199951171875,3593.89990234375,3600.699951171875,699850
2023-12-19,3587.876953125,3610.449951171875,3627.949951171875,3600.10009765625,3610.64990234375,577926
2023-12-20,3531.879638671875,3554.10009765625,3651.5,3541.0,3610.449951171875,849001
2023-12-21,3557.61767578125,3580.0,3598.949951171875,3518.800048828125,3524.10009765625,816722
2023-12-22,3604.671630859375,3627.35009765625,3638.449951171875,3560.550048828125,3580.0,777099
2023-12-26,3633.837890625,3656.699951171875,3665.0,3623.449951171875,3635.0,526101
2023-12-27,3666.1845703125,3689.25,3695.0,3645.0,3668.0,666625
2023-12-28,3691.872802734375,3715.10009765625,3737.0,3680.699951171875,3699.89990234375,1033648
2023-12-29,3652.470458984375,3675.449951171875,3715.10009765625,3660.25,3715.10009765625,709614
2024-01-01,3654.16015625,3677.14990234375,3698.0,3667.5,3689.0,286683
2024-01-02,3675.128173828125,3698.25,3707.85009765625,3642.5,3689.0,453685
2024-01-03,3669.960693359375,3693.050048828125,3709.949951171875,3665.0,3708.0,356757
2024-01-04,3696.444091796875,3719.699951171875,3727.0,3686.64990234375,3696.0,545228
2024-01-05,3689.3388671875,3712.550048828125,3750.0,3687.25,3719.699951171875,963628
2024-01-08,3682.87939453125,3706.050048828125,3776.85009765625,3695.800048828125,3770.0,1202148
2024-01-09,3670.904541015625,3694.0,3753.949951171875,3685.14990234375,3736.949951171875,572612
2024-01-10,3691.226806640625,3714.449951171875,3730.0,3690.0,3708.0,556311
2024-01-11,3675.47607421875,3698.60009765625,3742.699951171875,3692.60009765625,3726.89990234375,392818
2024-01-12,3702.70458984375,3726.0,3734.300048828125,3647.949951171875,3700.0,990582
2024-01-15,3735.349609375,3758.85009765625,3775.0,3736.0,3740.0,661292
2024-01-16,3796.4150390625,3820.300048828125,3858.0,3756.0,3758.85009765625,1170685
2024-01-17,3806.10400390625,3830.050048828125,3855.0,3800.0,3818.949951171875,723356
2024-01-18,3711.35009765625,3734.699951171875,3824.64990234375,3718.85009765625,3791.35009765625,1293580
2024-01-19,3786.77587890625,3810.60009765625,3861.5,3740.699951171875,3742.199951171875,2566367
2024-01-23,3716.26904296875,3739.64990234375,3858.0,3705.75,3786.0,1053510
2024-01-24,3744.293212890625,3767.85009765625,3780.0,3711.75,3764.0,636988
2024-01-25,3746.628173828125,3770.199951171875,3796.949951171875,3730.10009765625,3770.39990234375,646135
2024-01-29,3842.475341796875,3866.64990234375,3875.0,3760.550048828125,3760.60009765625,699215
2024-01-30,3712.3935546875,3735.75,3886.949951171875,3715.0,3882.0,852445
2024-01-31,3674.4326171875,3697.550048828125,3775.0,3653.25,3749.0,1386754
2024-02-01,3604.770751953125,3627.449951171875,3738.0,3601.0,3738.0,1408462
2024-02-02,3589.814697265625,3612.39990234375,3713.449951171875,3602.449951171875,3635.0,2320153
2024-02-05,3529.84228515625,3552.050048828125,3624.64990234375,3534.89990234375,3612.949951171875,1771614
2024-02-06,3536.897705078125,3559.14990234375,3577.949951171875,3531.60009765625,3552.050048828125,1069901
2024-02-07,3554.139404296875,3576.5,3620.0,3555.800048828125,3578.0,900220
2024-02-08,3526.91064453125,3549.10009765625,3610.0,3503.0,3604.800048828125,1011857
2024-02-09,3569.14501953125,3591.60009765625,3597.89990234375,3532.85009765625,3549.10009765625,838509
2024-02-12,3562.834716796875,3585.25,3618.60009765625,3570.050048828125,3599.0,487283
2024-02-13,3537.69287109375,3559.949951171875,3608.75,3551.14990234375,3607.0,796060
2024-02-14,3563.1328125,3585.550048828125,3593.85009765625,3503.300048828125,3546.0,1046318
2024-02-15,3599.40478515625,3622.050048828125,3632.0,3571.0,3595.050048828125,759063
2024-02-16,3632.5458984375,3655.39990234375,3690.0,3624.5,3648.0,915502
2024-02-19,3671.9482421875,3695.050048828125,3709.5,3650.0,3671.949951171875,528874
2024-02-20,3663.650390625,3686.699951171875,3719.949951171875,3665.5,3700.0,744107
2024-02-21,3633.490234375,3656.35009765625,3707.5,3640.0,3652.050048828125,660426
2024-02-22,3629.217041015625,3652.050048828125,3676.0,3555.35009765625,3676.0,1017437
2024-02-23,3668.86767578125,3691.949951171875,3737.0,3655.0,3672.0,897831
2024-02-26,3599.851806640625,3622.5,3690.0,3610.85009765625,3690.0,546842
2024-02-27,3631.005859375,3653.85009765625,3675.0,3621.050048828125,3630.0,673959
2024-02-28,3572.2255859375,3594.699951171875,3669.0,3582.14990234375,3655.0,538608
2024-02-29,3601.73974609375,3624.39990234375,3654.0,3585.300048828125,3595.199951171875,1692242
2024-03-01,3742.355224609375,3765.89990234375,3774.0,3626.0,3630.0,1533727
2024-03-04,3709.064697265625,3732.39990234375,3764.10009765625,3715.0,3761.60009765625,787542
2024-03-05,3727.2998046875,3750.75,3759.14990234375,3708.0,3748.0,733660
2024-03-06,3786.9248046875,3810.75,3815.0,3702.699951171875,3748.050048828125,765602
2024-03-07,3763.223876953125,3786.89990234375,3824.25,3768.10009765625,3812.050048828125,838514
2024-03-11,3726.703369140625,3750.14990234375,3808.0,3742.050048828125,3802.89990234375,597848
2024-03-12,3725.362060546875,3748.800048828125,3766.0,3713.5,3762.0,564569
2024-03-13,3603.03173828125,3625.699951171875,3762.0,3590.0,3759.0,1027729
2024-03-14,3617.391357421875,3640.14990234375,3648.0,3580.14990234375,3629.949951171875,1293906
2024-03-15,3610.48486328125,3633.199951171875,3655.949951171875,3610.0,3634.699951171875,1207241
2024-03-18,3557.3193359375,3579.699951171875,3620.0,3565.10009765625,3619.0,785257
2024-03-19,3560.99609375,3583.39990234375,3606.64990234375,3547.050048828125,3579.0,554444
2024-03-20,3568.0517578125,3590.5,3596.89990234375,3550.0,3583.39990234375,526882
2024-03-21,3604.8701171875,3627.550048828125,3637.0,3590.050048828125,3606.949951171875,767905
2024-03-22,3683.525146484375,3706.699951171875,3726.89990234375,3621.25,3627.550048828125,1281102
2024-03-26,3675.078369140625,3698.199951171875,3729.949951171875,3665.0,3665.0,1158224
2024-03-27,3735.895751953125,3759.39990234375,3784.89990234375,3692.800048828125,3699.0,1315714
2024-03-28,3778.031005859375,3801.800048828125,3838.300048828125,3732.550048828125,3760.0,1590738
2024-04-01,3715.027099609375,3738.39990234375,3832.550048828125,3730.5,3822.949951171875,964052
2024-04-02,3732.46728515625,3755.949951171875,3781.449951171875,3734.10009765625,3754.0,677963
2024-04-03,3689.2890625,3712.5,3752.0,3705.0,3745.10009765625,801601
2024-04-04,3759.099853515625,3782.75,3792.300048828125,3679.0,3740.0,1177617
2024-04-05,3730.976806640625,3754.449951171875,3801.89990234375,3741.0,3778.39990234375,623873
2024-04-08,3725.46142578125,3748.89990234375,3808.300048828125,3720.35009765625,3798.64990234375,849267
2024-04-09,3656.346435546875,3679.35009765625,3761.0,3664.35009765625,3755.0,745285
2024-04-10,3687.9970703125,3711.199951171875,3720.35009765625,3681.449951171875,3690.0,567546
2024-04-12,3596.671875,3619.300048828125,3694.800048828125,3609.449951171875,3689.550048828125,1910561
2024-04-15,3578.088623046875,3600.60009765625,3639.199951171875,3590.0,3607.0,854076
2024-04-16,3623.10546875,3645.89990234375,3653.199951171875,3583.0,3589.0,1116890
2024-04-18,3503.060791015625,3525.10009765625,3660.0,3501.0,3645.89990234375,1677946
2024-04-19,3540.7734375,3563.050048828125,3571.199951171875,3478.25,3525.10009765625,1507940
2024-04-22,3574.262939453125,3596.75,3615.0,3552.0,3567.0,668659
2024-04-23,3610.2861328125,3633.0,3648.0,3605.14990234375,3619.949951171875,769991
2024-04-24,3587.181396484375,3609.75,3644.85009765625,3580.050048828125,3642.0,652811
2024-04-25,3548.773193359375,3571.10009765625,3602.5,3541.0,3595.0,1889163
2024-04-26,3562.3876953125,3584.800048828125,3593.25,3556.300048828125,3588.0,798783
2024-04-29,3582.312255859375,3604.85009765625,3613.449951171875,3573.14990234375,3585.0,703524
2024-04-30,3566.8095703125,3589.25,3619.5,3580.0,3602.64990234375,963220
2024-05-02,3546.1396484375,3568.449951171875,3598.0,3546.300048828125,3585.0,1435891
2024-05-03,3511.8056640625,3533.89990234375,3599.0,3492.0,3595.0,1681592
2024-05-06,3259.64208984375,3280.14990234375,3488.800048828125,3257.0,3476.0,6891728
2024-05-07,3250.449951171875,3270.89990234375,3332.0,3227.0,3330.0,3111444
2024-05-08,3239.46923828125,3259.85009765625,3281.0,3238.449951171875,3275.39990234375,2054981
2024-05-09,3225.407470703125,3245.699951171875,3322.5,3233.0,3259.85009765625,1860654
2024-05-10,3269.281494140625,3289.85009765625,3306.199951171875,3242.75,3258.10009765625,1307103
2024-05-13,3233.3076171875,3253.64990234375,3308.0,3230.5,3307.5,1294603
2024-05-14,3268.33740234375,3288.89990234375,3308.0,3250.0,3250.0,620163
2024-05-15,3248.11474609375,3268.550048828125,3306.449951171875,3260.0,3304.0,657036
2024-05-16,3313.055908203125,3333.89990234375,3348.0,3251.300048828125,3276.300048828125,1404971
2024-05-17,3340.1357421875,3361.14990234375,3368.0,3308.0,3347.949951171875,1194228
2024-05-21,3355.886474609375,3377.0,3380.300048828125,3351.0,3355.0,827674
2024-05-22,3362.69384765625,3383.85009765625,3403.10009765625,3360.0,3384.75,626567
2024-05-23,3430.467529296875,3452.050048828125,3460.39990234375,3377.75,3383.0,977789
2024-05-24,3391.065185546875,3412.39990234375,3455.050048828125,3404.199951171875,3452.10009765625,878625
2024-05-27,3382.12158203125,3403.39990234375,3436.300048828125,3390.300048828125,3423.949951171875,804488
2024-05-28,3388.083984375,3409.39990234375,3423.0,3392.14990234375,3404.0,548576
2024-05-29,3359.265380859375,3380.39990234375,3418.0,3371.10009765625,3405.35009765625,519533
2024-05-30,3251.394287109375,3271.85009765625,3365.0,3254.0,3365.0,2365535
2024-05-31,3221.63134765625,3241.89990234375,3328.800048828125,3216.75,3298.0,2524214
2024-06-03,3240.810791015625,3261.199951171875,3332.949951171875,3250.0,3310.0,1378542
2024-06-04,3218.69970703125,3238.949951171875,3295.199951171875,3055.64990234375,3261.199951171875,2934800
2024-06-05,3296.90771484375,3317.64990234375,3334.0,3201.050048828125,3266.0,1396386
2024-06-06,3300.8828125,3321.64990234375,3360.0,3290.75,3329.0,1825503
2024-06-07,3422.517333984375,3444.050048828125,3456.60009765625,3294.39990234375,3294.39990234375,2084099
2024-06-10,3400.803955078125,3422.199951171875,3452.0,3390.0,3443.0,1655552
2024-06-11,3389.3759765625,3410.699951171875,3438.300048828125,3401.89990234375,3418.199951171875,1086157
2024-06-12,3361.153564453125,3382.300048828125,3418.89990234375,3370.85009765625,3411.35009765625,2054168
2024-06-13,3450.4912109375,3472.199951171875,3477.10009765625,3390.0,3424.949951171875,1753028
2024-06-14,3507.979736328125,3530.050048828125,3535.0,3479.0,3490.0,2346892
2024-06-18,3566.561279296875,3589.0,3625.0,3538.0,3554.800048828125,1585048
2024-06-19,3440.703125,3462.35009765625,3595.0,3456.0,3595.0,1862394
2024-06-20,3414.468017578125,3435.949951171875,3490.0,3418.10009765625,3474.0,2377432
2024-06-21,3378.494384765625,3399.75,3473.64990234375,3383.39990234375,3430.699951171875,2707405
2024-06-24,3391.015869140625,3412.35009765625,3429.0,3372.300048828125,3380.35009765625,645002
2024-06-25,3381.177490234375,3402.449951171875,3423.39990234375,3384.89990234375,3412.550048828125,1299560
2024-06-26,3351.663330078125,3372.75,3401.5,3370.0,3401.5,1485709
2024-06-27,3370.456787109375,3380.60009765625,3392.5,3361.050048828125,3370.0,1462935
2024-06-28,3393.98583984375,3404.199951171875,3419.89990234375,3366.35009765625,3380.60009765625,1005498
2024-07-01,3421.154052734375,3431.449951171875,3435.0,3381.5,3382.0,1001832
2024-07-02,3389.449462890625,3399.64990234375,3450.0,3385.300048828125,3446.0,878947
2024-07-03,3350.167724609375,3360.25,3426.949951171875,3341.89990234375,3420.800048828125,980605
2024-07-04,3325.990478515625,3336.0,3369.89990234375,3330.0,3365.0,741143
2024-07-05,3259.54052734375,3269.35009765625,3332.0,3257.0,3332.0,2001382
2024-07-08,3146.72998046875,3156.199951171875,3204.0,3126.10009765625,3204.0,5323920
2024-07-09,3205.5029296875,3215.14990234375,3222.050048828125,3165.0,3170.0,2044328
2024-07-10,3215.323486328125,3225.0,3252.699951171875,3190.5,3217.75,1437517
2024-07-11,3238.852783203125,3248.60009765625,3258.75,3230.0,3246.949951171875,1105185
2024-07-12,3220.1591796875,3229.85009765625,3269.0,3220.050048828125,3266.0,1496692
2024-07-15,3214.52587890625,3224.199951171875,3252.39990234375,3205.39990234375,3241.75,1243810
2024-07-16,3224.346435546875,3234.050048828125,3251.0,3224.10009765625,3227.949951171875,501336
2024-07-18,3252.312255859375,3262.10009765625,3269.10009765625,3206.0,3232.949951171875,1086374
2024-07-19,3249.2216796875,3259.0,3279.0,3235.0,3262.050048828125,1111191
2024-07-22,3244.68505859375,3254.449951171875,3273.39990234375,3223.199951171875,3250.0,696255
2024-07-23,3456.447998046875,3466.85009765625,3490.0,3232.14990234375,3255.10009765625,7159507
2024-07-24,3467.963134765625,3478.39990234375,3552.5,3462.14990234375,3470.0,3862140
2024-07-25,3395.5810546875,3405.800048828125,3454.39990234375,3384.449951171875,3415.0,1476422
2024-07-26,3483.666015625,3494.14990234375,3501.699951171875,3393.0,3405.800048828125,1830745
2024-07-29,3401.46337890625,3411.699951171875,3499.550048828125,3388.0,3495.0,2213293
2024-07-30,3457.84375,3468.25,3479.0,3410.60009765625,3424.949951171875,1316880
2024-07-31,3448.571533203125,3458.949951171875,3499.89990234375,3446.550048828125,3479.050048828125,1361595
2024-08-01,3457.943603515625,3468.35009765625,3492.0,3442.5,3475.0,879399
2024-08-02,3451.96142578125,3462.35009765625,3477.89990234375,3410.0,3415.0,1168195
2024-08-05,3365.820556640625,3375.949951171875,3459.0,3316.5,3320.050048828125,1932064
2024-08-06,3325.09326171875,3335.10009765625,3416.35009765625,3321.10009765625,3380.949951171875,976535
2024-08-07,3316.269775390625,3326.25,3368.85009765625,3317.050048828125,3360.0,1277139
2024-08-08,3286.609130859375,3296.5,3359.949951171875,3283.89990234375,3337.0,1280733
2024-08-09,3321.703369140625,3331.699951171875,3350.0,3285.10009765625,3350.0,1019809
2024-08-12,3310.885986328125,3320.85009765625,3345.0,3295.35009765625,3331.64990234375,874598
2024-08-13,3373.39794921875,3383.550048828125,3404.75,3305.39990234375,3330.0,1314371
2024-08-14,3391.94189453125,3402.14990234375,3416.199951171875,3356.85009765625,3390.0,997803
2024-08-16,3434.414306640625,3444.75,3450.10009765625,3370.199951171875,3410.0,1161982
2024-08-19,3454.4541015625,3464.85009765625,3504.199951171875,3436.199951171875,3436.199951171875,1135205
2024-08-20,3464.4736328125,3474.89990234375,3483.10009765625,3454.39990234375,3480.0,526591
2024-08-21,3549.717041015625,3560.39990234375,3582.0,3454.550048828125,3474.89990234375,1990034
2024-08-22,3593.585205078125,3604.39990234375,3625.0,3553.699951171875,3574.949951171875,1531544
2024-08-23,3559.288330078125,3570.0,3622.85009765625,3544.0,3611.449951171875,1173387
2024-08-26,3619.307861328125,3630.199951171875,3640.0,3574.050048828125,3592.0,1156681
2024-08-27,3540.5947265625,3551.25,3658.800048828125,3530.5,3630.199951171875,1169007
2024-08-28,3516.916015625,3527.5,3579.949951171875,3519.89990234375,3559.64990234375,727481
2024-08-29,3522.598876953125,3533.199951171875,3553.75,3510.0,3537.0,927472
2024-08-30,3554.452880859375,3565.14990234375,3598.0,3542.5,3550.0,2116894
2024-09-02,3576.785888671875,3587.550048828125,3601.949951171875,3552.0,3565.14990234375,718800
2024-09-03,3610.284912109375,3621.14990234375,3634.89990234375,3560.14990234375,3587.550048828125,1112614
2024-09-04,3596.875244140625,3607.699951171875,3617.5,3568.199951171875,3586.10009765625,529856
2024-09-05,3711.679931640625,3722.85009765625,3753.949951171875,3600.39990234375,3616.60009765625,3437885
2024-09-06,3684.411865234375,3695.5,3742.0,3665.0,3714.949951171875,1408795
2024-09-09,3673.494873046875,3684.550048828125,3724.449951171875,3653.75,3690.10009765625,923357
2024-09-10,3716.216064453125,3727.39990234375,3750.0,3666.0,3704.0,1109078
2024-09-11,3699.965087890625,3711.10009765625,3743.5,3700.10009765625,3731.89990234375,831810
2024-09-12,3752.95556640625,3764.25,3774.0,3711.10009765625,3736.0,1337327
2024-09-13,3755.697265625,3767.0,3799.85009765625,3740.0,3777.0,1003355
2024-09-16,3729.42626953125,3740.64990234375,3789.0,3735.39990234375,3768.0,386602
2024-09-17,3756.095947265625,3767.39990234375,3777.0,3727.300048828125,3759.89990234375,392339
2024-09-18,3714.17236328125,3725.35009765625,3786.0,3708.0,3769.0,420638
2024-09-19,3769.60546875,3780.949951171875,3795.0,3741.10009765625,3750.0,945257
2024-09-20,3785.806640625,3797.199951171875,3819.0,3740.0,3793.0,1951755
2024-09-23,3808.63818359375,3820.10009765625,3829.0,3781.0,3797.199951171875,530107
2024-09-24,3773.54345703125,3784.89990234375,3839.89990234375,3781.550048828125,3818.0,1281513
2024-09-25,3726.03662109375,3737.25,3803.550048828125,3710.050048828125,3800.0,942343
2024-09-26,3746.275634765625,3757.550048828125,3777.14990234375,3701.39990234375,3738.0,1863893
2024-09-27,3805.248291015625,3816.699951171875,3867.0,3751.199951171875,3774.0,2164755
2024-09-30,3812.476318359375,3823.949951171875,3863.550048828125,3786.0,3786.0,1068609
2024-10-01,3764.620361328125,3775.949951171875,3837.949951171875,3757.0,3823.949951171875,774221
2024-10-03,3663.923583984375,3674.949951171875,3782.0,3650.050048828125,3689.10009765625,1597560
2024-10-04,3659.088134765625,3670.10009765625,3753.800048828125,3625.0,3625.0,1542987
2024-10-07,3578.480712890625,3589.25,3748.0,3552.300048828125,3739.949951171875,2523321
2024-10-08,3482.868408203125,3493.35009765625,3595.0,3480.0,3589.25,1360120
2024-10-09,3482.968017578125,3493.449951171875,3558.800048828125,3486.60009765625,3518.0,1063802
2024-10-10,3436.90673828125,3447.25,3531.550048828125,3415.10009765625,3510.0,1488328
2024-10-11,3463.97509765625,3474.39990234375,3491.0,3444.300048828125,3464.0,858463
2024-10-14,3487.30517578125,3497.800048828125,3525.0,3452.550048828125,3474.39990234375,593206
2024-10-15,3497.972900390625,3508.5,3529.449951171875,3477.0,3523.949951171875,578719
2024-10-16,3460.58544921875,3471.0,3510.0,3440.0,3508.0,591644
2024-10-17,3393.138671875,3403.35009765625,3487.0,3380.10009765625,3487.0,560796
2024-10-18,3371.30419921875,3381.449951171875,3422.35009765625,3296.10009765625,3395.0,1249585
2024-10-21,3353.15869140625,3363.25,3419.85009765625,3335.5,3417.949951171875,714746
2024-10-22,3319.80908203125,3329.800048828125,3421.5,3319.25,3374.89990234375,882086
2024-10-23,3278.73291015625,3288.60009765625,3335.0,3282.5,3330.0,877837
2024-10-24,3320.90576171875,3330.89990234375,3342.89990234375,3279.199951171875,3301.050048828125,764369
2024-10-25,3256.7490234375,3266.550048828125,3342.35009765625,3232.35009765625,3332.0,805013
2024-10-28,3273.199462890625,3283.050048828125,3315.0,3254.050048828125,3270.0,736462
2024-10-29,3273.54833984375,3283.39990234375,3298.0,3227.0,3285.800048828125,702769
2024-10-30,3298.523193359375,3308.449951171875,3321.800048828125,3235.10009765625,3261.0,895278
2024-10-31,3257.24755859375,3267.050048828125,3299.89990234375,3253.60009765625,3291.0,1170306
2024-11-01,3283.8173828125,3293.699951171875,3317.60009765625,3282.35009765625,3304.0,176636
2024-11-04,3212.33251953125,3222.0,3318.0,3190.10009765625,3318.0,1122152
2024-11-05,3220.557861328125,3230.25,3258.89990234375,3185.0,3206.0,872402
2024-11-06,3167.517578125,3177.050048828125,3208.949951171875,3114.0,3145.0,4522923
2024-11-07,3111.486083984375,3120.85009765625,3186.050048828125,3108.10009765625,3180.0,1608603
2024-11-08,3176.68994140625,3186.25,3192.89990234375,3106.0,3121.0,1719882
2024-11-11,3196.97900390625,3206.60009765625,3230.050048828125,3158.25,3191.60009765625,1054929
2024-11-12,3188.853271484375,3198.449951171875,3239.0,3185.0,3201.64990234375,992983
2024-11-13,3178.28515625,3187.85009765625,3221.60009765625,3162.199951171875,3175.0,911537
2024-11-14,3174.1474609375,3183.699951171875,3195.14990234375,3136.0,3145.050048828125,1161637
2024-11-18,3162.78173828125,3172.300048828125,3207.199951171875,3157.5,3183.699951171875,943251
2024-11-19,3215.0244140625,3224.699951171875,3283.0,3172.300048828125,3192.0,1174506
2024-11-21,3168.913330078125,3178.449951171875,3233.949951171875,3148.35009765625,3225.0,1582159
2024-11-22,3298.7724609375,3308.699951171875,3317.0,3152.14990234375,3174.85009765625,2207527
2024-11-25,3299.17138671875,3309.10009765625,3369.85009765625,3298.050048828125,3360.0,1892510
2024-11-26,3317.51611328125,3327.5,3343.75,3295.699951171875,3310.0,721345
2024-11-27,3281.7734375,3291.64990234375,3329.89990234375,3280.14990234375,3325.0,732835
2024-11-28,3202.711669921875,3212.35009765625,3305.0,3200.35009765625,3292.0,1701387
2024-11-29,3239.25146484375,3249.0,3260.0,3212.35009765625,3212.35009765625,1139585
2024-12-02,3296.927978515625,3306.85009765625,3309.89990234375,3222.050048828125,3249.0,915980
2024-12-03,3322.750244140625,3332.75,3338.699951171875,3276.60009765625,3290.0,1162310
2024-12-04,3354.355224609375,3364.449951171875,3383.0,3338.0,3342.0,1630076
2024-12-05,3430.725341796875,3441.050048828125,3465.39990234375,3353.60009765625,3374.949951171875,2383630
2024-12-06,3459.688232421875,3470.10009765625,3499.64990234375,3430.0,3453.949951171875,1278516
2024-12-09,3457.7939453125,3468.199951171875,3488.25,3446.89990234375,3467.5,926422
2024-12-10,3465.3212890625,3475.75,3516.949951171875,3436.050048828125,3470.0,1063355
2024-12-11,3462.67919921875,3473.10009765625,3490.75,3460.300048828125,3484.75,554702
2024-12-12,3435.4111328125,3445.75,3473.10009765625,3412.0,3470.5,926472
2024-12-13,3498.322021484375,3508.85009765625,3518.0,3380.25,3420.0,1242351
2024-12-16,3427.8837890625,3438.199951171875,3511.0,3429.0,3505.0,1295227
2024-12-17,3395.88037109375,3406.10009765625,3449.39990234375,3397.60009765625,3422.050048828125,1005604
2024-12-18,3391.692626953125,3401.89990234375,3424.0,3390.0,3401.199951171875,646145
2024-12-19,3346.778076171875,3356.85009765625,3399.949951171875,3332.0,3349.60009765625,732634
2024-12-20,3346.1796875,3356.25,3419.0,3333.14990234375,3350.0,1235769
2024-12-23,3386.757568359375,3396.949951171875,3406.300048828125,3336.64990234375,3378.10009765625,691202
2024-12-24,3343.338134765625,3353.39990234375,3419.0,3338.199951171875,3385.35009765625,485245
2024-12-26,3313.079345703125,3323.050048828125,3371.85009765625,3312.64990234375,3365.0,637094
2024-12-27,3299.27099609375,3309.199951171875,3345.0,3301.10009765625,3319.85009765625,568989
2024-12-30,3247.57666015625,3257.35009765625,3317.949951171875,3247.449951171875,3309.949951171875,941859
2024-12-31,3243.388916015625,3253.14990234375,3275.64990234375,3230.800048828125,3250.0,616440
2025-01-01,3244.087158203125,3253.85009765625,3269.89990234375,3244.050048828125,3248.0,357376
2025-01-02,3378.78173828125,3388.949951171875,3400.949951171875,3251.0,3264.0,1152493
2025-01-03,3441.29345703125,3451.64990234375,3481.949951171875,3377.949951171875,3395.0,1630862
2025-01-06,3459.987060546875,3470.39990234375,3528.5,3441.199951171875,3490.0,2145936
2025-01-07,3494.583251953125,3505.10009765625,3576.699951171875,3485.0,3490.0,2389563
2025-01-08,3473.596435546875,3484.050048828125,3514.5,3391.300048828125,3487.64990234375,1317377
2025-01-09,3476.58740234375,3487.050048828125,3506.449951171875,3461.550048828125,3485.949951171875,826237
2025-01-10,3429.927734375,3440.25,3488.0,3428.75,3462.0,570060
2025-01-13,3372.600341796875,3382.75,3467.0,3352.5,3380.0,1282557
2025-01-14,3312.531005859375,3322.5,3429.0,3310.0,3400.0,1133561
2025-01-15,3313.528076171875,3323.5,3340.5,3283.0,3322.0,1169593
2025-01-16,3306.94775390625,3316.89990234375,3338.85009765625,3282.0,3327.0,1170734
2025-01-17,3347.326171875,3357.39990234375,3368.0,3285.050048828125,3319.89990234375,559153
2025-01-20,3372.101806640625,3382.25,3407.699951171875,3347.5,3374.10009765625,722342
2025-01-21,3343.28857421875,3353.35009765625,3412.699951171875,3335.14990234375,3400.949951171875,1016047
2025-01-22,3346.379150390625,3356.449951171875,3385.0,3334.64990234375,3354.800048828125,598329
2025-01-23,3388.35302734375,3398.550048828125,3433.0,3325.5,3356.449951171875,713603
2025-01-24,3391.94189453125,3402.14990234375,3447.64990234375,3380.449951171875,3407.0,564244
2025-01-27,3309.390625,3319.35009765625,3401.949951171875,3307.25,3388.0,618309
2025-01-28,3315.920654296875,3325.89990234375,3370.85009765625,3299.550048828125,3319.35009765625,579957
2025-01-29,3360.63623046875,3370.75,3375.0,3309.050048828125,3339.199951171875,570137
2025-01-30,3358.293212890625,3368.39990234375,3390.0,3345.199951171875,3370.64990234375,688608
2025-01-31,3479.77783203125,3490.25,3527.449951171875,3392.39990234375,3400.0,1212261
2025-02-01,3541.342529296875,3552.0,3635.14990234375,3408.0,3527.0,2186692
2025-02-03,3569.5576171875,3580.300048828125,3642.550048828125,3551.75,3565.0,1543897
2025-02-04,3586.9052734375,3597.699951171875,3614.0,3520.0,3590.0,1279779
2025-02-05,3480.42578125,3490.89990234375,3652.0,3472.199951171875,3596.0,2165947
2025-02-06,3400.516357421875,3410.75,3504.25,3397.85009765625,3490.89990234375,1059617
2025-02-07,3414.524169921875,3424.800048828125,3453.89990234375,3388.199951171875,3414.89990234375,740155
2025-02-10,3317.466064453125,3327.449951171875,3425.0,3311.0,3415.0,904436
2025-02-11,3271.953125,3281.800048828125,3348.0,3271.60009765625,3334.699951171875,903965
2025-02-12,3245.68212890625,3255.449951171875,3317.39990234375,3212.60009765625,3282.75,774619
2025-02-13,3221.80419921875,3231.5,3277.949951171875,3215.199951171875,3250.25,727243
2025-02-14,3203.60888671875,3213.25,3253.0,3186.449951171875,3236.300048828125,587411
2025-02-17,3223.4990234375,3233.199951171875,3238.5,3176.0,3195.25,712614
2025-02-18,3212.18310546875,3221.85009765625,3244.0,3192.300048828125,3234.800048828125,592636
2025-02-19,3200.667724609375,3210.300048828125,3253.64990234375,3191.800048828125,3220.0,521953
2025-02-20,3181.874267578125,3191.449951171875,3218.64990234375,3188.14990234375,3210.0,653151
2025-02-21,3170.35888671875,3179.89990234375,3205.949951171875,3162.25,3191.449951171875,407794
2025-02-24,3163.4794921875,3173.0,3187.949951171875,3131.0,3131.0,431232
2025-02-25,3189.2021484375,3198.800048828125,3211.5,3136.550048828125,3140.0,642281
2025-02-27,3213.429443359375,3223.10009765625,3228.0,3176.949951171875,3198.800048828125,604023
2025-02-28,3068.016845703125,3077.25,3217.949951171875,3060.0,3202.0,1322618
2025-03-03,3072.752685546875,3082.0,3102.10009765625,3057.75,3090.0,516171
2025-03-04,3039.353271484375,3048.5,3070.0,3017.0,3050.0,1186136
2025-03-05,3077.2890625,3086.550048828125,3107.449951171875,3035.699951171875,3048.5,579883
2025-03-06,3111.7353515625,3121.10009765625,3131.64990234375,3047.0,3091.199951171875,1399483
2025-03-07,3070.110595703125,3079.35009765625,3124.60009765625,3074.64990234375,3121.10009765625,1020056
2025-03-10,3017.71826171875,3026.800048828125,3083.0,3021.10009765625,3080.0,855408
2025-03-11,3037.25927734375,3046.39990234375,3055.89990234375,3010.0,3015.0,576260
2025-03-12,3009.891845703125,3018.949951171875,3053.800048828125,2996.050048828125,3037.39990234375,489535
2025-03-13,3001.1181640625,3010.14990234375,3049.5,3000.300048828125,3019.39990234375,785215
2025-03-17,3008.296630859375,3017.35009765625,3036.39990234375,2985.050048828125,2985.050048828125,632348
2025-03-18,3008.296630859375,3017.35009765625,3017.35009765625,3017.35009765625,3017.35009765625,0
2025-03-19,3067.06982421875,3076.300048828125,3095.0,3058.199951171875,3088.050048828125,730983
2025-03-20,3183.519287109375,3193.10009765625,3205.0,3080.0,3100.0,1542807
2025-03-21,3153.21044921875,3162.699951171875,3190.0,3154.949951171875,3186.949951171875,1181974
2025-03-24,3069.861328125,3079.10009765625,3175.949951171875,3075.0,3168.199951171875,1481216
2025-03-25,3044.53759765625,3053.699951171875,3099.949951171875,3046.0,3085.0,1174346
2025-03-26,3048.326171875,3057.5,3077.75,3034.550048828125,3068.949951171875,1010449
2025-03-27,3078.385498046875,3087.64990234375,3097.699951171875,3047.550048828125,3047.550048828125,1635143
2025-03-28,3054.15869140625,3063.35009765625,3111.800048828125,3051.050048828125,3094.0,778417
2025-04-01,2977.98779296875,2986.949951171875,3075.699951171875,2982.0,3053.699951171875,1068622
2025-04-02,3089.1533203125,3098.449951171875,3105.0,2971.14990234375,3011.0,1674921
2025-04-03,3118.166015625,3127.550048828125,3151.0,3068.0,3071.0,1115568
2025-04-04,3066.969970703125,3076.199951171875,3114.89990234375,3050.0,3099.0,901801
2025-04-07,3013.132080078125,3022.199951171875,3048.0,2925.0,2925.0,1378989
2025-04-08,3112.931884765625,3122.300048828125,3227.25,3101.0,3149.699951171875,2830156
2025-04-09,3164.6259765625,3174.14990234375,3188.25,3090.699951171875,3137.85009765625,1215988
2025-04-11,3225.19384765625,3234.89990234375,3242.550048828125,3201.25,3222.0,814920
2025-04-15,3263.578369140625,3273.39990234375,3285.0,3245.10009765625,3270.0,1121769
2025-04-16,3262.282470703125,3272.10009765625,3286.0,3245.10009765625,3250.0,889943
2025-04-17,3317.51611328125,3327.5,3334.800048828125,3211.199951171875,3250.0,1083612
2025-04-21,3326.09033203125,3336.10009765625,3353.5,3290.0,3314.0,672129
2025-04-22,3327.38623046875,3337.39990234375,3358.800048828125,3320.10009765625,3336.10009765625,609213
2025-04-23,3347.2265625,3357.300048828125,3373.699951171875,3315.5,3357.0,628656
2025-04-24,3372.450927734375,3382.60009765625,3395.0,3344.0,3356.800048828125,901747
2025-04-25,3355.102783203125,3365.199951171875,3419.5,3316.0,3382.60009765625,704325
2025-04-28,3358.9912109375,3369.10009765625,3397.39990234375,3351.0,3356.0,384147
2025-04-29,3368.462890625,3378.60009765625,3398.0,3354.0,3375.89990234375,575435
2025-04-30,3369.559326171875,3379.699951171875,3409.0,3354.300048828125,3374.0,708818
2025-05-02,3331.97265625,3342.0,3381.5,3324.0,3362.10009765625,514587
2025-05-05,3311.833251953125,3321.800048828125,3408.5,3307.0,3357.699951171875,565178
2025-05-06,3289.400634765625,3299.300048828125,3325.300048828125,3245.5,3321.800048828125,650789
2025-05-07,3328.8818359375,3338.89990234375,3381.0,3260.199951171875,3280.0,1047443
2025-05-08,3359.190673828125,3369.300048828125,3412.5,3325.0,3349.89990234375,1597339
2025-05-09,3499.767578125,3510.300048828125,3530.0,3354.199951171875,3367.0,2863992
2025-05-12,3552.209716796875,3562.89990234375,3585.0,3530.300048828125,3537.199951171875,956930
2025-05-13,3552.5087890625,3563.199951171875,3588.39990234375,3540.10009765625,3562.89990234375,996541
2025-05-14,3576.835693359375,3587.60009765625,3610.0,3550.0,3555.0,588159
2025-05-15,3625.887939453125,3636.800048828125,3665.0,3553.89990234375,3597.0,1227751
2025-05-16,3622.79736328125,3633.699951171875,3655.89990234375,3613.39990234375,3654.0,525064
2025-05-19,3606.84521484375,3617.699951171875,3649.5,3611.39990234375,3617.0,376760
2025-05-20,3569.856689453125,3580.60009765625,3620.0,3575.10009765625,3617.699951171875,811416
2025-05-21,3569.7568359375,3580.5,3623.10009765625,3567.300048828125,3570.0,415016
2025-05-22,3530.37548828125,3541.0,3575.0,3516.10009765625,3565.0,709846
2025-05-23,3568.959228515625,3579.699951171875,3606.300048828125,3523.0,3531.0,416717
2025-05-26,3599.467529296875,3610.300048828125,3640.0,3570.39990234375,3576.0,525514
2025-05-27,3578.630126953125,3589.39990234375,3639.0,3562.199951171875,3615.0,1019733
2025-05-28,3563.974365234375,3574.699951171875,3601.60009765625,3545.0,3595.0,449324
2025-05-29,3577.53369140625,3588.300048828125,3600.0,3560.10009765625,3580.0,513095
2025-05-30,3544.33349609375,3555.0,3605.0,3542.10009765625,3580.0,962944
2025-06-02,3514.921875,3525.5,3542.0,3475.89990234375,3525.10009765625,726392
2025-06-03,3509.239013671875,3519.800048828125,3580.0,3503.5,3525.5,676943
2025-06-04,3489.299072265625,3499.800048828125,3519.800048828125,3486.0,3506.10009765625,410354
2025-06-05,3493.486572265625,3504.0,3535.0,3474.199951171875,3498.699951171875,608651
2025-06-06,3549.21875,3559.89990234375,3570.89990234375,3486.199951171875,3524.0,602422
2025-06-09,3523.296630859375,3533.89990234375,3580.0,3521.199951171875,3564.800048828125,540262
2025-06-10,3513.625732421875,3524.199951171875,3545.0,3506.10009765625,3545.0,561695
2025-06-11,3530.9736328125,3541.60009765625,3549.0,3505.0,3525.0,505077
2025-06-12,3442.34033203125,3452.699951171875,3559.800048828125,3445.5,3548.0,811822
2025-06-13,3411.6328125,3421.89990234375,3440.800048828125,3383.0,3409.699951171875,821750
2025-06-16,3427.7841796875,3438.10009765625,3453.699951171875,3396.199951171875,3411.0,534665
2025-06-17,3395.4814453125,3405.699951171875,3437.60009765625,3395.39990234375,3428.0,1000345
2025-06-18,3457.39501953125,3467.800048828125,3480.0,3390.0,3406.0,972739
2025-06-19,3494.882080078125,3505.39990234375,3521.60009765625,3467.800048828125,3478.800048828125,1022566
2025-06-20,3508.44140625,3519.0,3545.0,3489.0,3500.0,2941214
2025-06-23,3495.181396484375,3505.699951171875,3528.5,3473.0,3480.199951171875,643325
2025-06-24,3515.42041015625,3526.0,3567.0,3506.10009765625,3523.10009765625,968797
2025-06-25,3641.24169921875,3652.199951171875,3665.0,3550.0,3550.0,2697912
2025-06-26,3683.6142578125,3694.699951171875,3700.5,3644.0,3655.0,1620497
2025-06-27,3655.19970703125,3666.199951171875,3709.10009765625,3659.5,3700.0,601285
2025-06-30,3679.127685546875,3690.199951171875,3698.5,3652.0,3666.199951171875,921775
2025-07-01,3689.39697265625,3700.5,3726.5,3667.0,3699.0,947173
2025-07-02,3696.874267578125,3708.0,3721.89990234375,3689.0,3705.0,583514
2025-07-03,3667.662353515625,3678.699951171875,3712.89990234375,3672.199951171875,3702.0,528710
2025-07-04,3675.837646484375,3686.89990234375,3690.10009765625,3645.10009765625,3666.0,629926
2025-07-07,3655.10009765625,3666.10009765625,3696.0,3647.89990234375,3675.5,829472
2025-07-08,3441.300048828125,3441.300048828125,3581.800048828125,3435.0,3581.800048828125,3952270
2025-07-09,3432.10009765625,3432.10009765625,3461.5,3420.60009765625,3441.300048828125,1868271
2025-07-10,3419.800048828125,3419.800048828125,3445.0,3414.0,3432.10009765625,496586
2025-07-11,3361.60009765625,3361.60009765625,3422.199951171875,3357.0,3408.0,856956
2025-07-14,3404.699951171875,3404.699951171875,3410.0,3344.0,3372.0,755781
2025-07-15,3415.0,3415.0,3422.0,3387.699951171875,3418.0,686088
2025-07-16,3417.300048828125,3417.300048828125,3422.199951171875,3388.5,3417.0,669532
2025-07-17,3433.300048828125,3433.300048828125,3448.0,3416.5,3418.39990234375,559482
2025-07-18,3402.89990234375,3402.89990234375,3444.0,3392.0,3444.0,293360
2025-07-21,3433.0,3433.0,3439.10009765625,3365.199951171875,3391.0,561799
2025-07-22,3472.39990234375,3472.39990234375,3490.0,3430.300048828125,3450.0,1752275
2025-07-23,3471.39990234375,3471.39990234375,3481.89990234375,3444.0,3472.39990234375,584590
2025-07-24,3484.39990234375,3484.39990234375,3489.800048828125,3458.0,3467.39990234375,630718
2025-07-25,3462.800048828125,3462.800048828125,3480.0,3447.0,3476.39990234375,624410
2025-07-28,3393.0,3393.0,3462.60009765625,3382.0,3453.0,603916
2025-07-29,3379.199951171875,3379.199951171875,3397.0,3355.60009765625,3390.0,511042
2025-07-30,3376.5,3376.5,3393.5,3345.300048828125,3380.0,443735
2025-07-31,3347.300048828125,3347.300048828125,3364.5,3315.5,3340.0,553157
2025-08-01,3316.0,3316.0,3347.300048828125,3307.0,3340.0,422977
2025-08-04,3356.300048828125,3356.300048828125,3365.0,3308.10009765625,3315.0,450434
2025-08-05,3418.199951171875,3418.199951171875,3443.0,3348.0,3356.300048828125,837335
2025-08-06,3417.699951171875,3417.699951171875,3462.39990234375,3400.0,3437.0,635456
2025-08-07,3415.699951171875,3415.699951171875,3437.0,3377.699951171875,3380.0,509599
2025-08-08,3460.199951171875,3460.199951171875,3489.800048828125,3403.10009765625,3450.10009765625,2184271
2025-08-11,3467.89990234375,3467.89990234375,3487.300048828125,3402.800048828125,3473.0,563586
2025-08-12,3486.800048828125,3486.800048828125,3534.0,3460.10009765625,3467.89990234375,929276
2025-08-13,3466.800048828125,3466.800048828125,3494.89990234375,3463.199951171875,3486.800048828125,360474
2025-08-14,3489.39990234375,3489.39990234375,3505.800048828125,3464.10009765625,3476.5,597987
2025-08-18,3554.800048828125,3554.800048828125,3574.800048828125,3493.5,3496.0,1253006
2025-08-19,3568.10009765625,3568.10009765625,3577.300048828125,3545.0,3555.0,537433
2025-08-20,3595.0,3595.0,3602.89990234375,3552.0,3560.0,517031
2025-08-21,3616.300048828125,3616.300048828125,3625.0,3588.199951171875,3595.0,673486
2025-08-22,3621.0,3621.0,3641.39990234375,3607.699951171875,3616.300048828125,691835
2025-08-25,3651.39990234375,3651.39990234375,3669.60009765625,3615.5,3629.699951171875,700503
2025-08-26,3594.0,3594.0,3672.800048828125,3589.10009765625,3662.800048828125,960778
2025-08-28,3637.699951171875,3637.699951171875,3650.89990234375,3552.10009765625,3552.10009765625,989246
2025-08-29,3628.800048828125,3628.800048828125,3642.0,3603.60009765625,3637.699951171875,660956
2025-09-01,3618.60009765625,3618.60009765625,3653.39990234375,3610.39990234375,3631.0,297533
2025-09-02,3620.60009765625,3620.60009765625,3655.800048828125,3606.10009765625,3614.0,536300
2025-09-03,3690.60009765625,3690.60009765625,3697.89990234375,3590.0,3605.0,791874
2025-09-04,3691.10009765625,3691.10009765625,3740.0,3676.800048828125,3740.0,635811
2025-09-05,3665.300048828125,3665.300048828125,3700.0,3660.0,3695.0,454120
2025-09-08,3658.0,3658.0,3683.60009765625,3640.0,3653.0,548987
2025-09-09,3630.10009765625,3630.10009765625,3667.800048828125,3619.199951171875,3667.800048828125,428367
2025-09-10,3620.60009765625,3620.60009765625,3648.699951171875,3608.199951171875,3632.0,408800
2025-09-11,3584.199951171875,3584.199951171875,3644.0,3580.0,3620.0,495417
2025-09-12,3571.89990234375,3571.89990234375,3598.199951171875,3563.89990234375,3589.89990234375,275049
2025-09-15,3534.10009765625,3534.10009765625,3576.5,3515.0,3556.0,362285
2025-09-16,3556.800048828125,3556.800048828125,3570.300048828125,3502.0,3525.0,724742
2025-09-17,3523.0,3523.0,3572.699951171875,3513.199951171875,3561.89990234375,659866
2025-09-18,3511.300048828125,3511.300048828125,3546.0,3503.39990234375,3530.0,829442
2025-09-19,3467.199951171875,3467.199951171875,3511.300048828125,3460.0,3504.0,2337255
2025-09-22,3457.5,3457.5,3477.0,3440.0,3458.199951171875,817833
2025-09-23,3439.199951171875,3439.199951171875,3465.300048828125,3405.0,3465.199951171875,1144975
2025-09-24,3418.300048828125,3418.300048828125,3437.39990234375,3411.0,3430.0,690454
2025-09-25,3378.5,3378.5,3419.89990234375,3370.0,3408.0,1139904
2025-09-26,3327.300048828125,3327.300048828125,3402.0,3303.10009765625,3387.699951171875,7524068
2025-09-29,3401.199951171875,3401.199951171875,3418.0,3327.0,3327.0,1452636
2025-09-30,3367.0,3367.0,3474.5,3355.0,3452.0,1733728
2025-10-01,3408.300048828125,3408.300048828125,3414.89990234375,3351.0,3370.0,798754
2025-10-03,3453.300048828125,3453.300048828125,3459.0,3378.0,3379.89990234375,1655328
2025-10-06,3425.39990234375,3425.39990234375,3459.300048828125,3401.0,3453.300048828125,1184781
2025-10-07,3418.199951171875,3418.199951171875,3445.89990234375,3411.0,3425.0,996165
2025-10-08,3565.60009765625,3565.60009765625,3580.0,3460.0,3474.0,4531362
2025-10-09,3550.60009765625,3550.60009765625,3561.699951171875,3526.39990234375,3559.800048828125,597739
2025-10-10,3531.89990234375,3531.89990234375,3571.699951171875,3523.300048828125,3548.89990234375,825274
2025-10-13,3533.60009765625,3533.60009765625,3545.0,3509.5,3518.0,606122
2025-10-14,3537.39990234375,3537.39990234375,3549.39990234375,3506.5,3533.0,925998
2025-10-15,3549.0,3549.0,3561.89990234375,3511.0,3532.89990234375,1005045
2025-10-16,3640.300048828125,3640.300048828125,3652.0,3540.0,3549.0,1528118
2025-10-17,3674.800048828125,3674.800048828125,3715.0,3633.0,3635.0,1123500
2025-10-20,3737.199951171875,3737.199951171875,3749.89990234375,3676.199951171875,3680.0,707974
2025-10-21,3729.0,3729.0,3746.0,3719.0,3737.199951171875,156306
2025-10-23,3772.300048828125,3772.300048828125,3800.0,3738.300048828125,3765.0,1622402
2025-10-24,3714.89990234375,3714.89990234375,3781.0,3706.10009765625,3775.0,563296
2025-10-27,3739.800048828125,3739.800048828125,3753.89990234375,3710.0,3714.0,856124
2025-10-28,3717.0,3717.0,3770.0,3688.10009765625,3750.0,1482961
2025-10-29,3748.300048828125,3748.300048828125,3753.5,3714.199951171875,3734.199951171875,789557
2025-10-30,3750.699951171875,3750.699951171875,3773.89990234375,3720.10009765625,3745.0,544151
2025-10-31,3746.699951171875,3746.699951171875,3783.0,3739.5,3758.89990234375,900994
2025-11-03,3724.5,3724.5,3762.0,3667.300048828125,3730.0,1119367
2025-11-04,3813.5,3813.5,3827.0,3715.0,3724.5,2524600
2025-11-06,3774.39990234375,3774.39990234375,3837.699951171875,3761.60009765625,3780.0,927231
2025-11-07,3769.300048828125,3769.300048828125,3792.0,3736.0,3766.0,728998
2025-11-10,3803.0,3803.0,3815.0,3769.300048828125,3788.0,599567
2025-11-11,3812.39990234375,3812.39990234375,3820.0,3752.10009765625,3810.5,668789
2025-11-12,3851.10009765625,3851.10009765625,3877.0,3804.199951171875,3838.0,805025
2025-11-13,3839.199951171875,3839.199951171875,3867.89990234375,3817.0,3860.0,668623
2025-11-14,3829.199951171875,3829.199951171875,3854.699951171875,3800.0,3839.199951171875,575050
2025-11-17,3868.60009765625,3868.60009765625,3874.300048828125,3821.5,3848.0,504928
2025-11-18,3879.199951171875,3879.199951171875,3900.0,3841.60009765625,3865.0,849966
2025-11-19,3933.10009765625,3933.10009765625,3940.5,3862.39990234375,3882.89990234375,1578123
2025-11-20,3902.39990234375,3902.39990234375,3956.0,3895.0,3950.0,762391
2025-11-21,3904.199951171875,3904.199951171875,3925.0,3882.10009765625,3901.0,383311
2025-11-24,3874.300048828125,3874.300048828125,3937.199951171875,3865.0,3915.5,1258036
2025-11-25,3855.10009765625,3855.10009765625,3908.39990234375,3845.0,3874.39990234375,680366
2025-11-26,3897.699951171875,3897.699951171875,3914.5,3843.5,3845.0,364592
2025-11-27,3903.300048828125,3903.300048828125,3927.0,3875.10009765625,3900.60009765625,542241
2025-11-28,3907.699951171875,3907.699951171875,3934.89990234375,3896.5,3906.199951171875,574817
2025-12-01,3894.89990234375,3894.89990234375,3910.699951171875,3861.300048828125,3907.699951171875,603073
2025-12-02,3885.800048828125,3885.800048828125,3899.60009765625,3867.5,3875.0,661018
2025-12-03,3817.800048828125,3817.800048828125,3880.0,3785.89990234375,3870.0,770638
2025-12-04,3800.39990234375,3800.39990234375,3830.0,3778.0,3805.0,776693
2025-12-05,3813.300048828125,3813.300048828125,3828.0,3777.0,3777.0,508448
2025-12-08,3767.0,3767.0,3825.0,3758.10009765625,3796.300048828125,545864
2025-12-09,3849.0,3849.0,3874.0,3751.0,3775.0,1121068
2025-12-10,3845.699951171875,3845.699951171875,3858.199951171875,3825.60009765625,3831.0,616248
2025-12-11,3844.800048828125,3844.800048828125,3855.800048828125,3777.0,3830.39990234375,669180
2025-12-12,3880.199951171875,3880.199951171875,3894.800048828125,3831.89990234375,3844.800048828125,547866
2025-12-15,3866.199951171875,3866.199951171875,3876.39990234375,3850.0,3861.300048828125,332337
2025-12-16,3929.5,3929.5,3937.5,3828.0,3850.0,1560827
2025-12-17,3907.89990234375,3907.89990234375,3935.699951171875,3890.0,3930.0,601010
2025-12-18,3919.300048828125,3919.300048828125,3924.0,3890.10009765625,3900.0,516547
2025-12-19,3930.10009765625,3930.10009765625,3961.89990234375,3913.0,3919.0,730780
2025-12-22,3933.800048828125,3933.800048828125,3950.800048828125,3917.10009765625,3940.0,569521
2025-12-23,3925.800048828125,3925.800048828125,3956.300048828125,3916.39990234375,3933.800048828125,445656
2025-12-24,3909.300048828125,3909.300048828125,3935.0,3900.0,3925.800048828125,399227
2025-12-26,3992.0,3992.0,4006.89990234375,3900.0,3908.89990234375,1113050
2025-12-29,3983.699951171875,3983.699951171875,4031.699951171875,3978.0,4010.0,1242846
2025-12-30,3974.10009765625,3974.10009765625,3993.5,3954.10009765625,3982.0,1169570
2025-12-31,4051.5,4051.5,4061.89990234375,3975.10009765625,3984.0,1358731
2026-01-01,4049.300048828125,4049.300048828125,4068.0,4035.699951171875,4063.699951171875,444679
2026-01-02,4051.699951171875,4051.699951171875,4060.0,3986.199951171875,4039.0,659997
2026-01-05,4079.699951171875,4079.699951171875,4094.0,4046.0,4051.699951171875,629273
2026-01-06,4111.7998046875,4111.7998046875,4120.5,4068.5,4079.699951171875,820331
2026-01-07,4273.2001953125,4273.2001953125,4312.10009765625,4202.0,4225.0,3496340
2026-01-08,4249.0,4249.0,4303.2001953125,4239.0,4273.2001953125,1055725
2026-01-09,4201.7998046875,4201.7998046875,4279.0,4183.10009765625,4231.0,883117
2026-01-12,4231.60009765625,4231.60009765625,4242.0,4145.0,4205.0,514767
2026-01-13,4239.2001953125,4239.2001953125,4267.60009765625,4210.0,4231.60009765625,770707
2026-01-14,4221.5,4221.5,4283.0,4211.0,4241.89990234375,998692
2026-01-15,4221.5,4221.5,4221.5,4221.5,4221.5,0
2026-01-16,4196.89990234375,4196.89990234375,4236.39990234375,4181.10009765625,4221.5,686949
2026-01-19,4144.10009765625,4144.10009765625,4207.39990234375,4129.10009765625,4165.7001953125,365905
2026-01-20,4075.5,4075.5,4155.0,4064.300048828125,4155.0,586156
2026-01-21,4079.199951171875,4079.199951171875,4109.89990234375,4053.5,4075.5,552760
2026-01-22,4018.60009765625,4018.60009765625,4128.0,3980.800048828125,4099.0,818966
2026-01-23,4021.800048828125,4021.800048828125,4063.300048828125,3980.0,4025.10009765625,1015415
2026-01-27,3997.0,3997.0,4040.0,3955.0,4021.800048828125,1760501
2026-01-28,3975.199951171875,3975.199951171875,4025.800048828125,3964.89990234375,4002.0,809022
2026-01-29,3939.699951171875,3939.699951171875,3968.60009765625,3843.10009765625,3960.800048828125,1145612
2026-01-30,3977.39990234375,3977.39990234375,3995.0,3909.800048828125,3945.0,1427639
2026-02-02,3953.199951171875,3953.199951171875,4000.0,3893.300048828125,4000.0,1273196
2026-02-03,4068.60009765625,4068.60009765625,4143.0,4044.10009765625,4143.0,1043274
2026-02-04,4144.0,4144.0,4160.0,4066.199951171875,4087.0,917279
2026-02-05,4097.60009765625,4097.60009765625,4152.2998046875,4063.10009765625,4152.2998046875,693637
2026-02-06,4141.0,4141.0,4154.0,4065.300048828125,4097.60009765625,888701
2026-02-09,4257.7998046875,4257.7998046875,4269.39990234375,4155.0,4200.2001953125,1092387
2026-02-10,4269.10009765625,4269.10009765625,4329.60009765625,4239.60009765625,4300.0,1713633
2026-02-11,4249.10009765625,4249.10009765625,4378.39990234375,4208.0,4350.0,3342226
2026-02-12,4275.7998046875,4275.7998046875,4286.39990234375,4182.2998046875,4232.39990234375,998509
2026-02-13,4179.2001953125,4179.2001953125,4271.7998046875,4164.7998046875,4267.2998046875,524758
2026-02-16,4181.10009765625,4181.10009765625,4196.0,4128.7998046875,4155.0,500349
2026-02-17,4236.39990234375,4236.39990234375,4244.89990234375,4155.0,4167.10009765625,464123
2026-02-18,4248.60009765625,4248.60009765625,4257.89990234375,4214.2998046875,4251.0,387328
2026-02-19,4198.2001953125,4198.2001953125,4261.0,4191.0,4225.0,406232
2026-02-20,4236.39990234375,4236.39990234375,4252.10009765625,4200.2001953125,4200.5,532169
2026-02-23,4272.7001953125,4272.7001953125,4280.0,4240.10009765625,4270.0,516387
2026-02-24,4294.5,4294.5,4300.0,4235.0,4240.39990234375,491126
2026-02-25,4325.0,4325.0,4349.0,4289.7998046875,4304.0,586295
2026-02-26,4342.60009765625,4342.60009765625,4352.2001953125,4307.0,4330.0,520985
2026-02-27,4327.5,4327.5,4352.0,4311.7998046875,4341.60009765625,1146258
2026-03-02,4270.2998046875,4270.2998046875,4330.0,4193.0,4288.7998046875,770589
2026-03-04,4204.39990234375,4204.39990234375,4238.2998046875,4083.5,4205.0,1024050
2026-03-05,4275.2001953125,4275.2001953125,4302.5,4173.2001953125,4238.0,691367
2026-03-06,4244.60009765625,4244.60009765625,4302.0,4227.0,4250.0,580562
2026-03-09,4159.2001953125,4159.2001953125,4199.7001953125,4112.7001953125,4160.0,576017
2026-03-10,4220.10009765625,4220.10009765625,4242.89990234375,4175.10009765625,4175.10009765625,788850
2026-03-11,4140.2998046875,4140.2998046875,4234.89990234375,4126.2001953125,4192.0,454575
2026-03-12,4129.60009765625,4129.60009765625,4179.0,4033.800048828125,4100.0,1071366
2026-03-13,4073.199951171875,4073.199951171875,4147.2001953125,4046.0,4091.0,868825
2026-03-16,4090.800048828125,4090.800048828125,4125.0,4002.199951171875,4057.0,1013667
2026-03-17,4090.5,4090.5,4110.0,4036.5,4090.5,1126905
2026-03-18,4145.5,4145.5,4174.7998046875,4077.800048828125,4083.699951171875,751307
2026-03-19,4037.89990234375,4037.89990234375,4138.10009765625,4017.89990234375,4104.39990234375,567278
2026-03-20,4106.60009765625,4106.60009765625,4149.89990234375,4040.89990234375,4046.89990234375,1019586
2026-03-23,3853.10009765625,3853.10009765625,4059.0,3825.0,4056.60009765625,1533645
2026-03-24,3899.5,3899.5,3985.0,3843.0,3950.300048828125,1300547
2026-03-25,4039.300048828125,4039.300048828125,4097.0,3940.5,3950.0,1306823
2026-03-27,3981.5,3981.5,4032.800048828125,3972.0,4000.0,1040658
2026-03-30,3951.39990234375,3951.39990234375,4007.39990234375,3914.10009765625,3942.0,1488223
2026-04-01,4065.5,4065.5,4100.0,4000.0,4000.0,781974
2026-04-02,4097.2001953125,4097.2001953125,4109.10009765625,3944.699951171875,3996.0,1614868
2026-04-06,4246.10009765625,4246.10009765625,4257.89990234375,4105.0,4105.0,1678285
2026-04-07,4230.60009765625,4230.60009765625,4243.5,4168.7998046875,4235.2998046875,1274146
2026-04-08,4492.5,4492.5,4505.0,4309.10009765625,4351.2998046875,3834533
2026-04-09,4439.7998046875,4439.7998046875,4497.39990234375,4414.10009765625,4475.0,1385274
2026-04-10,4505.0,4505.0,4523.89990234375,4425.10009765625,4430.10009765625,1565192
2026-04-13,4439.2998046875,4439.2998046875,4496.0,4391.10009765625,4391.10009765625,850456
2026-04-15,4522.2001953125,4522.2001953125,4534.0,4447.2998046875,4490.10009765625,918513
2026-04-16,4461.39990234375,4461.39990234375,4554.0,4440.0,4554.0,1283713
2026-04-17,4525.89990234375,4525.89990234375,4531.7998046875,4330.0,4461.39990234375,2124034
2026-04-20,4513.0,4513.0,4549.0,4467.7001953125,4532.10009765625,1646815
2026-04-21,4479.7001953125,4479.7001953125,4544.5,4465.0,4513.5,656106
2026-04-22,4454.60009765625,4454.60009765625,4492.0,4445.2001953125,4461.7001953125,596352
2026-04-23,4456.5,4456.5,4474.0,4393.5,4411.0,680187
2026-04-24,4410.0,4410.0,4486.60009765625,4361.39990234375,4475.5,958536
2026-04-27,4441.7998046875,4441.7998046875,4464.0,4388.39990234375,4438.7998046875,649222
2026-04-28,4417.0,4417.0,4475.0,4395.39990234375,4412.2998046875,620778
2026-04-29,4439.7998046875,4439.7998046875,4472.39990234375,4410.2001953125,4419.89990234375,702730
2026-04-30,4385.2001953125,4385.2001953125,4438.0,4358.0,4438.0,869299
2026-05-01,4385.2001953125,4385.2001953125,4385.2001953125,4385.2001953125,4385.2001953125,0
2026-05-04,4363.0,4363.0,4447.39990234375,4352.7001953125,4407.10009765625,709160
2026-05-05,4373.60009765625,4373.60009765625,4397.0,4330.2998046875,4355.0,850790
2026-05-06,4359.60009765625,4359.60009765625,4441.10009765625,4297.10009765625,4397.5,1459870
2026-05-07,4307.5,4307.5,4359.0,4261.0,4349.89990234375,1377631
2026-05-08,4509.0,4509.0,4605.0,4213.39990234375,4314.0,4777990
2026-05-11,4205.60009765625,4205.60009765625,4379.5,4150.10009765625,4350.39990234375,5925166
2026-05-12,4055.300048828125,4055.300048828125,4213.60009765625,4047.0,4160.0,1978748
2026-05-13,4090.699951171875,4090.699951171875,4110.0,3985.10009765625,4030.0,2841521
2026-05-14,4135.2001953125,4135.2001953125,4147.0,4059.10009765625,4115.0,1127140
2026-05-15,4169.10009765625,4169.10009765625,4194.0,4142.39990234375,4155.0,901617
2026-05-18,4169.7001953125,4169.7001953125,4182.7001953125,4065.60009765625,4130.10009765625,851825
2026-05-19,4102.0,4102.0,4167.89990234375,4095.0,4136.2998046875,711398
2026-05-20,4106.39990234375,4106.39990234375,4116.7001953125,4053.0,4053.0,913576
2026-05-21,4083.10009765625,4083.10009765625,4136.39990234375,4070.0,4120.0,863060
2026-05-22,4079.800048828125,4079.800048828125,4113.7998046875,4054.10009765625,4057.199951171875,768112
2026-05-25,4159.2001953125,4159.2001953125,4170.0,4110.39990234375,4120.10009765625,606086
2026-05-26,4105.89990234375,4105.89990234375,4160.0,4091.0,4151.89990234375,766717
2026-05-27,4137.89990234375,4137.89990234375,4165.10009765625,4091.10009765625,4098.2998046875,474044
2026-05-28,4137.89990234375,4137.89990234375,4137.89990234375,4137.89990234375,4137.89990234375,0
2026-05-29,4074.89990234375,4074.89990234375,4163.2998046875,4059.0,4116.2001953125,2001419
2026-06-01,4024.60009765625,4024.60009765625,4105.0,4007.0,4100.0,450200
2026-06-02,4078.10009765625,4078.10009765625,4088.0,3986.0,4017.39990234375,522015
2026-06-03,4088.800048828125,4088.800048828125,4103.7998046875,4002.0,4057.0,959352
2026-06-04,4231.0,4231.0,4273.7998046875,4052.300048828125,4075.0,1761933
2026-06-05,4260.2001953125,4260.2001953125,4289.0,4223.2001953125,4269.0,1390200
2026-06-08,4192.39990234375,4192.39990234375,4238.10009765625,4180.7001953125,4196.7998046875,666737
2026-06-09,4104.89990234375,4104.89990234375,4217.0,4087.199951171875,4190.89990234375,1284964
2026-06-10,4042.10009765625,4042.10009765625,4119.10009765625,4035.0,4104.89990234375,613629
2026-06-11,4025.199951171875,4025.199951171875,4069.699951171875,3962.800048828125,4020.10009765625,767665
