Date,Adj Close,Close,High,Low,Open,Volume
,TRENT.NS,TRENT.NS,TRENT.NS,TRENT.NS,TRENT.NS,TRENT.NS
2021-01-01,671.272705078125,674.6500244140625,691.9500122070312,672.0,690.9000244140625,328829
2021-01-04,675.1033935546875,678.5,683.2999877929688,674.0,679.0,565557
2021-01-05,671.6210327148438,675.0,679.9000244140625,672.0,679.9000244140625,450769
2021-01-06,673.2626342773438,676.6500244140625,684.2999877929688,672.0,678.9000244140625,227409
2021-01-07,672.068603515625,675.4500122070312,684.8499755859375,672.5,675.8499755859375,302941
2021-01-08,691.9188232421875,695.4000244140625,701.0,674.9000244140625,678.0,897082
2021-01-11,690.277099609375,693.75,705.1500244140625,688.25,702.9000244140625,487073
2021-01-12,681.1728515625,684.5999755859375,697.0,683.0,695.0,333187
2021-01-13,669.8797607421875,673.25,693.0,667.0,687.9000244140625,692189
2021-01-14,651.3231201171875,654.5999755859375,677.0,649.0,676.8499755859375,543503
2021-01-15,640.2786865234375,643.5,659.0,639.5,653.9000244140625,705409
2021-01-18,656.7457275390625,660.0499877929688,700.0,630.0,645.9000244140625,488034
2021-01-19,674.3572387695312,677.75,690.25,656.0499877929688,669.0,437784
2021-01-20,676.5462036132812,679.9500122070312,695.0,657.0,677.0,628236
2021-01-21,663.262939453125,666.5999755859375,685.0,660.5499877929688,685.0,874465
2021-01-22,657.1935424804688,660.5,680.0,640.0499877929688,663.0,1258060
2021-01-25,667.3922729492188,670.75,677.0,652.7999877929688,666.0,410716
2021-01-27,655.9000854492188,659.2000122070312,672.75,653.4000244140625,663.0,390506
2021-01-28,655.9497680664062,659.25,677.1500244140625,647.0,650.0,472720
2021-01-29,618.4384765625,621.5499877929688,662.5499877929688,585.0,657.0999755859375,946190
2021-02-01,637.9403076171875,641.1500244140625,650.0,625.0999755859375,629.0,580728
2021-02-02,662.417236328125,665.75,682.0,641.1500244140625,641.9000244140625,732091
2021-02-03,677.1431274414062,680.5499877929688,690.0,664.0499877929688,673.4500122070312,642063
2021-02-04,666.2977294921875,669.6500244140625,679.9500122070312,662.0,679.9500122070312,426826
2021-02-05,685.003662109375,688.4500122070312,692.0999755859375,668.0,679.2000122070312,1424089
2021-02-08,688.436279296875,691.9000244140625,695.9000244140625,682.0,695.9000244140625,521522
2021-02-09,674.9043579101562,678.2999877929688,694.7000122070312,671.0499877929688,694.5,452702
2021-02-10,687.3916625976562,690.8499755859375,699.0,670.0,676.9500122070312,336479
2021-02-11,690.078125,693.5499877929688,699.0,677.2000122070312,689.0,438577
2021-02-12,682.2177124023438,685.6500244140625,694.9500122070312,681.5,689.0,168139
2021-02-15,698.1873779296875,701.7000122070312,712.9500122070312,680.9500122070312,685.9000244140625,718300
2021-02-16,746.494140625,750.25,758.0,710.0,710.7000122070312,2095315
2021-02-17,764.5533447265625,768.4000244140625,778.0,730.25,749.2000122070312,1348015
2021-02-18,775.100341796875,779.0,786.8499755859375,765.3499755859375,770.0,460573
2021-02-19,790.0252075195312,794.0,805.0,765.5499877929688,772.0,630929
2021-02-22,812.2633056640625,816.3499755859375,844.9000244140625,792.0,799.75,1665511
2021-02-23,781.51806640625,785.4500122070312,832.9500122070312,780.5,824.9000244140625,417058
2021-02-24,781.0205688476562,784.9500122070312,799.5499877929688,763.0,784.0999755859375,301313
2021-02-25,815.1487426757812,819.25,825.0,788.75,794.7999877929688,729553
2021-02-26,804.6018676757812,808.6500244140625,823.0,786.0,800.0999755859375,1056061
2021-03-01,826.2430419921875,830.4000244140625,839.9000244140625,806.6500244140625,820.0,442822
2021-03-02,901.3651123046875,905.9000244140625,921.5499877929688,830.4500122070312,838.0,3800314
2021-03-03,906.340087890625,910.9000244140625,923.0,891.0,923.0,1535060
2021-03-04,922.4091796875,927.0499877929688,944.7000122070312,895.0499877929688,900.0,1173560
2021-03-05,876.9877319335938,881.4000244140625,935.7999877929688,877.0499877929688,925.0,751162
2021-03-08,880.171630859375,884.5999755859375,909.4500122070312,880.0999755859375,886.0,462683
2021-03-09,901.2158203125,905.75,944.5,888.0999755859375,890.0,1947228
2021-03-10,907.6334838867188,912.2000122070312,934.0,895.5,915.0,606764
2021-03-12,872.1619262695312,876.5499877929688,924.9000244140625,872.75,916.0999755859375,664299
2021-03-15,841.6156616210938,845.8499755859375,888.0999755859375,841.0999755859375,880.0,1045124
2021-03-16,844.9987182617188,849.25,865.8499755859375,838.2000122070312,838.8499755859375,779547
2021-03-17,818.4324340820312,822.5499877929688,860.0,820.0,853.5499877929688,477076
2021-03-18,819.029296875,823.1500244140625,846.7000122070312,818.5,834.9000244140625,400106
2021-03-19,795.1992797851562,799.2000122070312,827.2999877929688,776.0,819.0,1242150
2021-03-22,795.9952392578125,800.0,816.8499755859375,790.5,800.1500244140625,655786
2021-03-23,809.7261352539062,813.7999877929688,836.9000244140625,801.0499877929688,807.0,798486
2021-03-24,781.1201171875,785.0499877929688,846.0,778.4500122070312,816.9000244140625,1406039
2021-03-25,754.15576171875,757.9500122070312,805.0999755859375,745.7999877929688,789.0999755859375,1361204
2021-03-26,756.2451782226562,760.0499877929688,779.1500244140625,755.25,772.0,703225
2021-03-30,756.8421630859375,760.6500244140625,777.1500244140625,750.0499877929688,769.9500122070312,628410
2021-03-31,747.2902221679688,751.0499877929688,772.8499755859375,747.0499877929688,765.9000244140625,624642
2021-04-01,747.09130859375,750.8499755859375,764.2000122070312,739.0499877929688,760.0,810538
2021-04-05,725.7984619140625,729.4500122070312,748.75,721.4000244140625,747.0,738836
2021-04-06,700.1275024414062,703.6500244140625,736.0499877929688,700.0,731.5,1267810
2021-04-07,718.435302734375,722.0499877929688,733.0,694.5,700.0499877929688,1618249
2021-04-08,726.0969848632812,729.75,736.2999877929688,720.5499877929688,725.9000244140625,613211
2021-04-09,725.5496215820312,729.2000122070312,736.0,723.25,735.0,344873
2021-04-12,707.1920166015625,710.75,719.7999877929688,689.0,709.0499877929688,921660
2021-04-13,725.5993041992188,729.25,732.7999877929688,711.7000122070312,711.7000122070312,437329
2021-04-15,736.3949584960938,740.0999755859375,746.0,714.7999877929688,727.0,871200
2021-04-16,739.9273071289062,743.6500244140625,755.7999877929688,731.0,740.0999755859375,692021
2021-04-19,725.0023803710938,728.6500244140625,739.5499877929688,692.2000122070312,720.0,715142
2021-04-20,732.8131103515625,736.5,747.5999755859375,727.7999877929688,728.6500244140625,475888
2021-04-22,743.6585083007812,747.4000244140625,750.0,725.0,731.7999877929688,422465
2021-04-23,766.4439086914062,770.2999877929688,787.9500122070312,742.0,747.0,3507205
2021-04-26,776.5928955078125,780.5,787.0,761.8499755859375,780.9000244140625,824311
2021-04-27,780.2742309570312,784.2000122070312,794.5,776.4500122070312,786.0,853518
2021-04-28,768.085693359375,771.9500122070312,792.0,762.75,790.0,593276
2021-04-29,771.966064453125,775.8499755859375,789.0,768.5999755859375,779.0,589571
2021-04-30,772.8118286132812,776.7000122070312,790.7000122070312,760.9500122070312,776.5999755859375,1841225
2021-05-03,779.130126953125,783.0499877929688,787.0,736.0999755859375,758.0,841965
2021-05-04,772.911376953125,776.7999877929688,798.0,773.0,798.0,651087
2021-05-05,792.0650024414062,796.0499877929688,810.0,775.5999755859375,787.6500244140625,1229552
2021-05-06,774.2545776367188,778.1500244140625,800.0,763.7999877929688,797.0,665468
2021-05-07,748.981689453125,752.75,785.8499755859375,743.4000244140625,785.8499755859375,513294
2021-05-10,744.0067138671875,747.75,766.0,746.0,754.7999877929688,434021
2021-05-11,759.3794555664062,763.2000122070312,775.0,742.0,742.0,823028
2021-05-12,766.244873046875,770.0999755859375,776.0,755.0499877929688,758.5999755859375,414426
2021-05-14,768.7322998046875,772.5999755859375,783.0,758.2999877929688,770.0,541416
2021-05-17,791.16943359375,795.1500244140625,813.9500122070312,760.5999755859375,772.6500244140625,1956412
2021-05-18,824.1534423828125,828.2999877929688,832.9000244140625,799.25,800.0,2275063
2021-05-19,815.3478393554688,819.4500122070312,855.0,812.0499877929688,835.0,1855576
2021-05-20,807.537109375,811.5999755859375,829.4500122070312,803.4000244140625,826.4000244140625,556669
2021-05-21,822.7107543945312,826.8499755859375,832.2999877929688,803.0,811.0,806206
2021-05-24,805.6964111328125,809.75,839.0,806.0,831.5,684641
2021-05-25,820.5218505859375,824.6500244140625,830.9000244140625,810.7999877929688,819.4000244140625,720336
2021-05-26,821.864990234375,826.0,836.8499755859375,824.0,834.7000122070312,499153
2021-05-27,823.9545288085938,828.0999755859375,834.25,818.5,821.0,940317
2021-05-28,822.4619750976562,826.5999755859375,847.3499755859375,822.6500244140625,828.4000244140625,905813
2021-05-31,847.3866577148438,851.6500244140625,856.7999877929688,824.5999755859375,832.0,1296401
2021-06-01,835.9939575195312,840.2000122070312,862.7999877929688,833.3499755859375,857.0,697195
2021-06-02,848.8792724609375,853.1500244140625,855.0,833.0,836.5,826415
2021-06-03,850.4711303710938,854.75,863.9000244140625,847.2000122070312,853.1500244140625,404997
2021-06-04,847.8343505859375,852.0999755859375,863.25,847.5,852.75,781342
2021-06-07,853.2073364257812,857.5,874.0,845.0,851.0999755859375,463126
2021-06-08,861.5154418945312,865.8499755859375,869.3499755859375,848.0,857.5,370448
2021-06-09,840.62060546875,844.8499755859375,872.9500122070312,841.0,868.9500122070312,465156
2021-06-10,872.5103149414062,876.9000244140625,884.8499755859375,838.4000244140625,854.0,1034717
2021-06-11,869.2764282226562,873.6500244140625,892.4500122070312,867.8499755859375,885.0,590610
2021-06-14,863.2069702148438,867.5499877929688,877.5499877929688,850.5,871.0,226622
2021-06-15,852.3616333007812,856.6500244140625,871.9000244140625,853.4500122070312,864.0,306451
2021-06-16,846.9388427734375,851.2000122070312,869.7999877929688,848.1500244140625,857.0,246452
2021-06-17,851.3168334960938,855.5999755859375,895.0,828.9500122070312,842.0,1820950
2021-06-18,844.9489135742188,849.2000122070312,864.9000244140625,840.2000122070312,863.9000244140625,1005831
2021-06-21,848.9786376953125,853.25,862.6500244140625,831.0499877929688,843.0,649897
2021-06-22,848.7298583984375,853.0,864.4000244140625,849.0,861.0,427455
2021-06-23,853.2073364257812,857.5,867.75,849.0,860.0,437812
2021-06-24,852.7097778320312,857.0,864.4000244140625,850.0,860.0,337562
2021-06-25,859.17724609375,863.5,867.75,853.25,860.0,302991
2021-06-28,876.9379272460938,881.3499755859375,885.9000244140625,855.25,863.0,414235
2021-06-29,858.3316040039062,862.6500244140625,881.0,856.0999755859375,879.0,324166
2021-06-30,845.5955810546875,849.8499755859375,865.75,846.25,855.0999755859375,351060
2021-07-01,853.6054077148438,857.9000244140625,862.0,848.0,851.4000244140625,138698
2021-07-02,895.2955322265625,899.7999877929688,909.7999877929688,857.5,866.6500244140625,1945993
2021-07-05,897.4348754882812,901.9500122070312,921.0,896.0,909.5,1316486
2021-07-06,897.3353271484375,901.8499755859375,917.5999755859375,891.4000244140625,905.0,730080
2021-07-07,904.3500366210938,908.9000244140625,912.2000122070312,893.3499755859375,907.5499877929688,283658
2021-07-08,916.6879272460938,921.2999877929688,947.9500122070312,906.0,914.7000122070312,2179864
2021-07-09,901.1592407226562,905.2999877929688,924.5,900.0,921.2999877929688,507064
2021-07-12,895.1370239257812,899.25,924.9000244140625,895.0,910.0,576161
2021-07-13,922.56103515625,926.7999877929688,936.7000122070312,900.9000244140625,907.9000244140625,842102
2021-07-14,913.7514038085938,917.9500122070312,936.0499877929688,914.2999877929688,931.0,684507
2021-07-15,898.6707153320312,902.7999877929688,927.9500122070312,899.0,921.2999877929688,439404
2021-07-16,875.87548828125,879.9000244140625,911.0,878.0,911.0,569938
2021-07-19,866.020751953125,870.0,879.0,860.0,877.9000244140625,759172
2021-07-20,857.4601440429688,861.4000244140625,869.9000244140625,838.0,869.9000244140625,754030
2021-07-22,916.2897338867188,920.5,925.0,865.0499877929688,867.0,1813383
2021-07-23,887.0740966796875,891.1500244140625,922.9500122070312,887.8499755859375,922.9500122070312,614666
2021-07-26,886.9744873046875,891.0499877929688,897.0,870.5999755859375,896.5,613423
2021-07-27,912.8057861328125,917.0,925.9500122070312,885.0499877929688,892.0,947007
2021-07-28,922.0632934570312,926.2999877929688,931.7000122070312,898.4500122070312,917.0,740399
2021-07-29,910.7153930664062,914.9000244140625,933.1500244140625,910.5,926.5,358868
2021-07-30,918.6787719726562,922.9000244140625,942.9500122070312,912.0,919.7000122070312,720404
2021-08-02,952.2246704101562,956.5999755859375,969.0,922.9000244140625,923.2999877929688,1342173
2021-08-03,934.456298828125,938.75,965.9000244140625,934.0499877929688,965.9000244140625,572016
2021-08-04,924.6513671875,928.9000244140625,952.7000122070312,920.75,946.9500122070312,335436
2021-08-05,911.3126831054688,915.5,939.9000244140625,898.0,930.5999755859375,1041009
2021-08-06,915.1450805664062,919.3499755859375,936.9500122070312,912.25,921.2000122070312,636462
2021-08-09,924.6513671875,928.9000244140625,938.4500122070312,916.6500244140625,926.3499755859375,670460
2021-08-10,941.4740600585938,945.7999877929688,964.0999755859375,920.7000122070312,932.3499755859375,2198799
2021-08-11,896.3812866210938,900.5,930.0,852.0,921.0,2959134
2021-08-12,892.5986938476562,896.7000122070312,913.4000244140625,880.0999755859375,905.5,592714
2021-08-13,878.8118896484375,882.8499755859375,904.0,876.6500244140625,900.5,738531
2021-08-16,870.6992797851562,874.7000122070312,889.1500244140625,865.9500122070312,884.9500122070312,436930
2021-08-17,883.3411254882812,887.4000244140625,908.9000244140625,867.0,870.0,973907
2021-08-18,896.6300659179688,900.75,903.9000244140625,878.6500244140625,894.6500244140625,477749
2021-08-20,893.0963745117188,897.2000122070312,915.0,871.75,881.75,879721
2021-08-23,880.1558227539062,884.2000122070312,901.75,866.1500244140625,899.5,710233
2021-08-24,896.6300659179688,900.75,903.0,876.2000122070312,888.7000122070312,512709
2021-08-25,912.556884765625,916.75,922.5499877929688,890.3499755859375,902.7000122070312,761172
2021-08-26,937.0443725585938,941.3499755859375,964.1500244140625,919.9500122070312,920.0,3121784
2021-08-27,944.1617431640625,948.5,958.0,940.0,945.7000122070312,638508
2021-08-30,986.7659912109375,991.2999877929688,1007.0,951.0,955.0,1981330
2021-08-31,1002.2945556640625,1006.9000244140625,1014.9500122070312,976.0,995.0,968660
2021-09-01,989.851806640625,994.4000244140625,1036.699951171875,988.2000122070312,1004.4500122070312,861143
2021-09-02,995.9238891601562,1000.5,1013.6500244140625,985.5499877929688,999.4000244140625,600794
2021-09-03,991.1458740234375,995.7000122070312,1017.6500244140625,984.1500244140625,1008.9000244140625,454344
2021-09-06,1005.281005859375,1009.9000244140625,1023.9000244140625,995.7000122070312,1000.0999755859375,646921
2021-09-07,994.4307250976562,999.0,1021.9500122070312,993.25,1009.7999877929688,597743
2021-09-08,1029.121337890625,1033.8499755859375,1050.0,995.0,1001.0,2226426
2021-09-09,1017.8731079101562,1022.5499877929688,1045.3499755859375,1010.2999877929688,1038.550048828125,1228907
2021-09-13,1001.4982299804688,1006.0999755859375,1027.699951171875,998.25,1014.0,448685
2021-09-14,999.4078979492188,1004.0,1023.75,1000.0499877929688,1009.9500122070312,529047
2021-09-15,997.168212890625,1001.75,1010.0,987.0,1005.75,635701
2021-09-16,991.1956176757812,995.75,1010.4500122070312,990.1500244140625,1009.5,286275
2021-09-17,977.9564819335938,982.4500122070312,1000.0,964.0,1000.0,562721
2021-09-20,974.6715087890625,979.1500244140625,1002.4500122070312,953.0,971.0,569477
2021-09-21,982.6349487304688,987.1500244140625,991.1500244140625,956.25,981.5,432370
2021-09-22,979.20068359375,983.7000122070312,995.0,975.9500122070312,985.0,252879
2021-09-23,1001.9462280273438,1006.5499877929688,1031.800048828125,986.0999755859375,989.0,1207650
2021-09-24,983.0331420898438,987.5499877929688,1025.3499755859375,978.0,1017.2999877929688,834581
2021-09-27,998.7109985351562,1003.2999877929688,1008.0,982.7000122070312,995.0,314717
2021-09-28,1009.3123779296875,1013.9500122070312,1020.0,993.9500122070312,1009.0,612126
2021-09-29,1004.982177734375,1009.5999755859375,1013.9500122070312,970.0,1013.9500122070312,415354
2021-09-30,1021.1578979492188,1025.8499755859375,1041.5999755859375,1001.25,1013.0,941677
2021-10-01,1039.5731201171875,1044.3499755859375,1090.0,1020.0,1025.8499755859375,3294173
2021-10-04,1041.3651123046875,1046.1500244140625,1057.4000244140625,1020.75,1053.5,1043541
2021-10-05,1045.0482177734375,1049.8499755859375,1068.0,1040.25,1050.0,675246
2021-10-06,1039.7724609375,1044.550048828125,1097.800048828125,1036.050048828125,1059.949951171875,1324497
2021-10-07,1103.7783203125,1108.8499755859375,1126.949951171875,1055.050048828125,1059.0,1988186
2021-10-08,1098.3033447265625,1103.3499755859375,1119.949951171875,1088.0999755859375,1119.949951171875,439597
2021-10-11,1098.1044921875,1103.1500244140625,1140.0,1095.6500244140625,1114.800048828125,681017
2021-10-12,1128.4150390625,1133.5999755859375,1143.0,1095.0,1109.0,1064340
2021-10-13,1168.829345703125,1174.199951171875,1209.949951171875,1103.5999755859375,1125.1500244140625,1433510
2021-10-14,1149.1697998046875,1154.449951171875,1184.0,1145.0,1175.050048828125,563063
2021-10-18,1149.0205078125,1154.300048828125,1179.949951171875,1145.699951171875,1165.949951171875,571535
2021-10-19,1111.542724609375,1116.6500244140625,1174.550048828125,1094.199951171875,1160.0,832711
2021-10-20,1106.316650390625,1111.4000244140625,1138.199951171875,1085.0,1116.6500244140625,574423
2021-10-21,1075.40869140625,1080.3499755859375,1123.6500244140625,1067.050048828125,1122.5,470149
2021-10-22,1046.043701171875,1050.8499755859375,1112.699951171875,1043.4000244140625,1080.949951171875,814132
2021-10-25,1015.9818115234375,1020.6500244140625,1085.0,1009.1500244140625,1061.0,772852
2021-10-26,1036.6864013671875,1041.449951171875,1054.25,1016.5,1024.0,999447
2021-10-27,1029.121337890625,1033.8499755859375,1072.25,1026.25,1052.25,476913
2021-10-28,1001.10009765625,1005.7000122070312,1044.1500244140625,1000.0,1037.5,495393
2021-10-29,998.5618286132812,1003.1500244140625,1038.0999755859375,989.5,1005.5,446580
2021-11-01,1020.0131225585938,1024.699951171875,1028.1500244140625,996.6500244140625,1014.0,539353
2021-11-02,1032.7047119140625,1037.449951171875,1068.0,1030.0,1039.0,1518927
2021-11-03,1087.1546630859375,1092.1500244140625,1132.300048828125,1075.1500244140625,1097.0,5869336
2021-11-04,1089.294921875,1094.300048828125,1103.4000244140625,1090.25,1100.0,141116
2021-11-08,1095.516357421875,1100.550048828125,1115.9000244140625,1085.0,1099.800048828125,1102344
2021-11-09,1122.243408203125,1127.4000244140625,1133.0,1094.0999755859375,1100.0,1034509
2021-11-10,1119.20751953125,1124.3499755859375,1133.9000244140625,1109.0,1127.0,503041
2021-11-11,1141.952880859375,1147.199951171875,1155.6500244140625,1121.1500244140625,1123.699951171875,979707
2021-11-12,1143.8941650390625,1149.1500244140625,1160.0,1128.5999755859375,1150.199951171875,502799
2021-11-15,1151.9072265625,1157.199951171875,1173.0,1140.0,1156.949951171875,724923
2021-11-16,1184.9056396484375,1190.3499755859375,1202.699951171875,1141.25,1146.699951171875,1245041
2021-11-17,1147.925537109375,1153.199951171875,1200.0,1145.0,1189.8499755859375,792324
2021-11-18,1132.446533203125,1137.6500244140625,1158.0,1095.5,1154.949951171875,1003276
2021-11-22,1107.710205078125,1112.800048828125,1139.550048828125,1101.5999755859375,1112.4000244140625,724443
2021-11-23,1106.814453125,1111.9000244140625,1126.6500244140625,1093.550048828125,1109.0,1337545
2021-11-24,1090.73828125,1095.75,1118.0,1090.0,1111.1500244140625,1045914
2021-11-25,1087.6026611328125,1092.5999755859375,1098.949951171875,1077.5,1090.0,602587
2021-11-26,1036.8856201171875,1041.6500244140625,1091.8499755859375,1025.0,1083.0,904556
2021-11-29,1022.0040893554688,1026.699951171875,1056.9000244140625,992.4000244140625,1035.0,850287
2021-11-30,1009.7603149414062,1014.4000244140625,1067.800048828125,1002.7999877929688,1025.0,1075312
2021-12-01,1019.5154418945312,1024.199951171875,1038.550048828125,1006.0,1032.1500244140625,839843
2021-12-02,1026.6328125,1031.3499755859375,1044.8499755859375,1020.2000122070312,1033.0,904904
2021-12-03,1016.2803344726562,1020.9500122070312,1036.9000244140625,1013.7999877929688,1036.5,661928
2021-12-06,993.435302734375,998.0,1029.0999755859375,989.0999755859375,1029.0999755859375,373519
2021-12-07,1013.2940673828125,1017.9500122070312,1036.0,995.1500244140625,1005.0,644619
2021-12-08,1036.2386474609375,1041.0,1052.0,1018.0,1036.0,550648
2021-12-09,1032.7047119140625,1037.449951171875,1050.5999755859375,1027.5999755859375,1050.5999755859375,214644
2021-12-10,1031.211669921875,1035.949951171875,1040.0,1025.0,1040.0,232075
2021-12-13,1026.5330810546875,1031.25,1052.699951171875,1028.0,1040.0,337088
2021-12-14,1025.7369384765625,1030.449951171875,1042.550048828125,1000.7999877929688,1025.0,616598
2021-12-15,1031.36083984375,1036.0999755859375,1086.949951171875,1030.449951171875,1035.0,1671114
2021-12-16,1026.4835205078125,1031.199951171875,1053.550048828125,1005.0,1047.0,1121604
2021-12-17,1030.365478515625,1035.0999755859375,1063.9000244140625,1013.1500244140625,1031.199951171875,805803
2021-12-20,1003.2901000976562,1007.9000244140625,1030.0,970.5999755859375,1030.0,852808
2021-12-21,1013.692138671875,1018.3499755859375,1034.6500244140625,1008.0999755859375,1024.0,377839
2021-12-22,1040.071044921875,1044.8499755859375,1064.449951171875,1015.5499877929688,1030.0,843395
2021-12-23,1037.3834228515625,1042.1500244140625,1056.8499755859375,1032.0,1044.0,577082
2021-12-24,1036.2386474609375,1041.0,1052.75,1020.25,1043.3499755859375,288355
2021-12-27,1046.24267578125,1051.050048828125,1068.0,1020.0,1020.0,834703
2021-12-28,1030.0670166015625,1034.800048828125,1059.0999755859375,1032.0,1054.5,335064
2021-12-29,1033.7001953125,1038.449951171875,1050.9000244140625,1027.0,1040.6500244140625,252419
2021-12-30,1028.1258544921875,1032.8499755859375,1045.5999755859375,1025.9000244140625,1045.5999755859375,607040
2021-12-31,1060.12890625,1065.0,1069.9000244140625,1029.550048828125,1042.5,452416
2022-01-03,1049.7763671875,1054.5999755859375,1065.0,1041.0,1065.0,363953
2022-01-04,1051.120361328125,1055.949951171875,1067.0,1046.0,1050.0,258035
2022-01-05,1065.9521484375,1070.8499755859375,1081.1500244140625,1049.800048828125,1055.0,741560
2022-01-06,1075.40869140625,1080.3499755859375,1088.949951171875,1054.699951171875,1067.0,408431
2022-01-07,1080.2364501953125,1085.199951171875,1095.0,1068.9000244140625,1072.0,482099
2022-01-10,1067.096923828125,1072.0,1094.75,1062.0,1090.0,604941
2022-01-11,1114.03125,1119.1500244140625,1124.0,1072.1500244140625,1075.0,861357
2022-01-12,1140.0118408203125,1145.25,1150.5,1110.0,1129.0,741670
2022-01-13,1177.4896240234375,1182.9000244140625,1187.699951171875,1130.0,1145.25,682225
2022-01-14,1159.5220947265625,1164.8499755859375,1199.949951171875,1159.4000244140625,1165.0999755859375,744286
2022-01-17,1152.952392578125,1158.25,1187.9000244140625,1154.949951171875,1167.0,501455
2022-01-18,1139.0662841796875,1144.300048828125,1177.0,1135.800048828125,1177.0,543636
2022-01-19,1162.2099609375,1167.550048828125,1212.0,1136.4000244140625,1145.0,1671916
2022-01-20,1164.6485595703125,1170.0,1194.199951171875,1160.0,1165.0,968296
2022-01-21,1176.4442138671875,1181.8499755859375,1206.550048828125,1142.0,1169.0,961910
2022-01-24,1116.818359375,1121.949951171875,1200.0,1091.300048828125,1179.0,979818
2022-01-25,1074.4132080078125,1079.3499755859375,1113.25,1050.4000244140625,1092.0,866941
2022-01-27,1018.2711791992188,1022.9500122070312,1087.800048828125,1001.3499755859375,1060.0,1611802
2022-01-28,1013.6425170898438,1018.2999877929688,1042.0,1008.3499755859375,1025.0999755859375,1230291
2022-01-31,1026.831787109375,1031.550048828125,1037.8499755859375,1018.0,1018.0,408254
2022-02-01,1055.5499267578125,1060.4000244140625,1064.8499755859375,1031.550048828125,1032.0,521498
2022-02-02,1092.5299072265625,1097.550048828125,1107.0,1049.9000244140625,1060.4000244140625,878597
2022-02-03,1078.34521484375,1083.300048828125,1100.0,1077.3499755859375,1098.0,416753
2022-02-04,1052.5635986328125,1057.4000244140625,1090.0,1052.0,1086.199951171875,305527
2022-02-07,1045.645263671875,1050.449951171875,1068.800048828125,1025.0,1060.199951171875,648493
2022-02-08,1049.1292724609375,1053.949951171875,1067.050048828125,1035.3499755859375,1054.800048828125,377585
2022-02-09,1065.703125,1070.5999755859375,1075.0,1053.0,1064.0,304759
2022-02-10,1070.680419921875,1075.5999755859375,1085.0,1055.0,1076.5,411046
2022-02-11,1066.4498291015625,1071.3499755859375,1099.550048828125,1055.4000244140625,1085.0,1656107
2022-02-14,1031.56005859375,1036.300048828125,1055.0,1017.0,1040.0,536059
2022-02-15,1076.653076171875,1081.5999755859375,1086.5,1026.0,1037.0,619460
2022-02-16,1056.644775390625,1061.5,1092.4000244140625,1055.6500244140625,1089.9000244140625,343162
2022-02-17,1057.9388427734375,1062.800048828125,1073.1500244140625,1052.199951171875,1073.1500244140625,287521
2022-02-18,1040.3697509765625,1045.1500244140625,1065.0,1040.0,1045.0,205306
2022-02-21,1030.6142578125,1035.3499755859375,1054.800048828125,1011.0,1045.0,576902
2022-02-22,1045.1533203125,1049.550048828125,1058.4000244140625,1002.0,1002.0,714429
2022-02-23,1049.8834228515625,1054.300048828125,1084.0,1050.0,1050.0,393547
2022-02-24,1016.3744506835938,1020.6500244140625,1037.199951171875,980.0,1016.0999755859375,633017
2022-02-25,1065.6171875,1070.0999755859375,1074.75,1029.6500244140625,1059.949951171875,543759
2022-02-28,1103.4580078125,1108.0999755859375,1119.0,1030.0999755859375,1030.0999755859375,1102621
2022-03-02,1100.4705810546875,1105.0999755859375,1117.699951171875,1080.050048828125,1099.0,661272
2022-03-03,1126.41162109375,1131.1500244140625,1135.6500244140625,1105.5999755859375,1110.0,645290
2022-03-04,1090.8609619140625,1095.449951171875,1126.0,1082.4000244140625,1126.0,653153
2022-03-07,1059.741943359375,1064.199951171875,1080.0,1040.0,1080.0,372706
2022-03-08,1073.583740234375,1078.0999755859375,1091.5999755859375,1048.050048828125,1065.1500244140625,461151
2022-03-09,1139.008544921875,1143.800048828125,1155.0,1070.050048828125,1078.0,757000
2022-03-10,1144.93359375,1149.75,1164.3499755859375,1138.550048828125,1155.199951171875,557825
2022-03-11,1163.90380859375,1168.800048828125,1181.75,1131.0,1141.1500244140625,476838
2022-03-14,1162.2108154296875,1167.0999755859375,1207.5,1150.449951171875,1179.9000244140625,614586
2022-03-15,1153.39794921875,1158.25,1181.0,1145.5,1165.300048828125,400312
2022-03-16,1166.3433837890625,1171.25,1191.449951171875,1153.0,1174.0,486972
2022-03-17,1256.76318359375,1262.050048828125,1284.0,1187.0,1190.0,4537229
2022-03-21,1274.2396240234375,1279.5999755859375,1302.5,1251.0,1282.0,1520151
2022-03-22,1280.96142578125,1286.3499755859375,1298.449951171875,1256.0,1275.0,713407
2022-03-23,1294.802978515625,1300.25,1314.5999755859375,1277.75,1292.0,713104
2022-03-24,1271.501220703125,1276.8499755859375,1309.949951171875,1271.0,1305.0,453482
2022-03-25,1256.0162353515625,1261.300048828125,1288.0,1240.75,1288.0,662176
2022-03-28,1274.18994140625,1279.550048828125,1290.0,1255.0,1263.0,939603
2022-03-29,1270.853759765625,1276.199951171875,1283.25,1260.25,1282.9000244140625,539919
2022-03-30,1251.8338623046875,1257.0999755859375,1285.0,1252.050048828125,1285.0,366894
2022-03-31,1270.1568603515625,1275.5,1284.9000244140625,1248.8499755859375,1255.0,755068
2022-04-01,1263.1363525390625,1268.449951171875,1295.0,1260.050048828125,1281.0,491523
2022-04-04,1289.2266845703125,1294.6500244140625,1309.0,1256.3499755859375,1256.3499755859375,762394
2022-04-05,1313.673583984375,1319.199951171875,1335.0,1290.8499755859375,1310.0,1337792
2022-04-06,1322.735595703125,1328.300048828125,1336.800048828125,1301.25,1323.550048828125,907711
2022-04-07,1302.2716064453125,1307.75,1346.8499755859375,1300.0,1336.0,1038577
2022-04-08,1264.3314208984375,1269.6500244140625,1319.5999755859375,1265.550048828125,1308.199951171875,874307
2022-04-11,1275.5341796875,1280.9000244140625,1291.5,1266.3499755859375,1279.25,509264
2022-04-12,1245.261474609375,1250.5,1287.8499755859375,1235.949951171875,1275.0,845636
2022-04-13,1227.6358642578125,1232.800048828125,1262.800048828125,1221.5,1260.0,742352
2022-04-18,1218.3746337890625,1223.5,1248.0,1216.0,1230.0,395195
2022-04-19,1243.2200927734375,1248.449951171875,1278.0,1230.699951171875,1244.699951171875,1575212
2022-04-20,1260.59716796875,1265.9000244140625,1285.6500244140625,1251.0,1251.0,743805
2022-04-21,1280.4136962890625,1285.800048828125,1295.0,1260.0,1279.8499755859375,516906
2022-04-22,1281.2103271484375,1286.5999755859375,1294.0,1265.5,1283.0,481960
2022-04-25,1232.2662353515625,1237.449951171875,1281.75,1230.0999755859375,1255.300048828125,403163
2022-04-26,1274.488525390625,1279.8499755859375,1287.199951171875,1245.0,1248.800048828125,640781
2022-04-27,1219.868408203125,1225.0,1264.4000244140625,1215.050048828125,1240.0,705547
2022-04-28,1220.615234375,1225.75,1238.9000244140625,1181.0,1196.0,1076903
2022-04-29,1223.254150390625,1228.4000244140625,1249.199951171875,1222.300048828125,1240.0,439063
2022-05-02,1215.0885009765625,1220.199951171875,1231.8499755859375,1205.5999755859375,1220.0,488409
2022-05-04,1208.1676025390625,1213.25,1234.9000244140625,1205.0999755859375,1223.5999755859375,489438
2022-05-05,1207.271240234375,1212.3499755859375,1242.8499755859375,1206.0999755859375,1234.0,464980
2022-05-06,1141.9461669921875,1146.75,1199.75,1138.1500244140625,1192.0,840078
2022-05-09,1099.225830078125,1103.8499755859375,1151.449951171875,1092.8499755859375,1135.800048828125,873730
2022-05-10,1055.708984375,1060.1500244140625,1112.0999755859375,1055.0,1100.0,663951
2022-05-11,1041.5185546875,1045.9000244140625,1075.5999755859375,1009.5499877929688,1073.0,805254
2022-05-12,1006.6153564453125,1010.8499755859375,1045.0,982.8499755859375,1045.0,1433291
2022-05-13,1027.6768798828125,1032.0,1054.5,1018.5499877929688,1034.699951171875,467140
2022-05-16,1034.7969970703125,1039.1500244140625,1045.050048828125,1005.0999755859375,1024.0,536424
2022-05-17,1071.09423828125,1075.5999755859375,1079.8499755859375,1036.0,1036.300048828125,438660
2022-05-18,1080.504638671875,1085.050048828125,1100.0,1065.800048828125,1085.0,623123
2022-05-19,1032.3074951171875,1036.6500244140625,1074.8499755859375,1011.7999877929688,1062.1500244140625,1247443
2022-05-20,1083.162841796875,1086.949951171875,1092.0,1044.5999755859375,1044.5999755859375,629720
2022-05-23,1061.58837890625,1065.300048828125,1099.0,1060.3499755859375,1092.0,302084
2022-05-24,1072.1512451171875,1075.9000244140625,1080.449951171875,1047.25,1070.9000244140625,337854
2022-05-25,1034.33349609375,1037.949951171875,1085.8499755859375,1026.449951171875,1079.949951171875,407027
2022-05-26,1045.295166015625,1048.949951171875,1054.300048828125,1004.4000244140625,1043.4000244140625,444559
2022-05-27,1064.727294921875,1068.449951171875,1074.9000244140625,1045.5,1053.0,293538
2022-05-30,1115.0015869140625,1118.9000244140625,1123.199951171875,1077.0,1087.0,547836
2022-05-31,1120.133544921875,1124.050048828125,1135.0,1109.300048828125,1115.0,1673884
2022-06-01,1105.58447265625,1109.449951171875,1145.0,1106.25,1132.0,521752
2022-06-02,1108.97265625,1112.8499755859375,1124.0,1098.0,1111.800048828125,433531
2022-06-03,1125.365234375,1129.300048828125,1145.0,1111.0999755859375,1111.0999755859375,843397
2022-06-06,1100.9007568359375,1104.75,1138.5,1092.0,1129.0,620866
2022-06-07,1081.0701904296875,1084.8499755859375,1106.0,1073.0,1106.0,284321
2022-06-08,1083.212646484375,1087.0,1097.949951171875,1077.949951171875,1080.0,469020
2022-06-09,1080.4722900390625,1084.25,1091.75,1063.0999755859375,1078.0,557580
2022-06-10,1109.421142578125,1113.300048828125,1120.0999755859375,1071.800048828125,1081.0,859171
2022-06-13,1082.864013671875,1086.6500244140625,1111.550048828125,1083.449951171875,1109.949951171875,514725
2022-06-14,1065.7237548828125,1069.449951171875,1092.300048828125,1064.199951171875,1086.4000244140625,495087
2022-06-15,1091.085205078125,1094.9000244140625,1108.0,1065.75,1070.25,882202
2022-06-16,1074.2938232421875,1078.050048828125,1117.5999755859375,1069.5,1105.25,387582
2022-06-17,1040.163330078125,1043.800048828125,1084.699951171875,1036.300048828125,1078.050048828125,753097
2022-06-20,1045.145751953125,1048.800048828125,1057.949951171875,1014.5,1043.9000244140625,518858
2022-06-21,1046.5908203125,1050.25,1069.0,1038.0999755859375,1056.0999755859375,1352719
2022-06-22,1017.2433471679688,1020.7999877929688,1051.0,1009.2999877929688,1050.25,673346
2022-06-23,1026.162109375,1029.75,1037.949951171875,1012.0,1023.5,486409
2022-06-24,1055.0113525390625,1058.699951171875,1062.5,1034.199951171875,1040.0,462900
2022-06-27,1045.44482421875,1049.0999755859375,1080.9000244140625,1041.300048828125,1080.9000244140625,344510
2022-06-28,1064.5281982421875,1068.25,1076.0,1030.0,1050.0,442089
2022-06-29,1105.3851318359375,1109.25,1115.0,1042.6500244140625,1059.5999755859375,1397225
2022-06-30,1070.407470703125,1074.1500244140625,1113.300048828125,1069.25,1101.0,529542
2022-07-01,1069.8096923828125,1073.550048828125,1088.0999755859375,1059.0999755859375,1074.1500244140625,555368
2022-07-04,1114.303955078125,1118.199951171875,1122.0,1073.550048828125,1073.550048828125,736578
2022-07-05,1116.446533203125,1120.3499755859375,1134.4000244140625,1110.0999755859375,1118.199951171875,635508
2022-07-06,1167.91650390625,1172.0,1175.0,1113.0,1124.699951171875,835710
2022-07-07,1166.4718017578125,1170.550048828125,1186.949951171875,1158.3499755859375,1175.199951171875,291188
2022-07-08,1200.0543212890625,1204.25,1210.800048828125,1162.449951171875,1171.8499755859375,954902
2022-07-11,1203.1932373046875,1207.4000244140625,1222.800048828125,1197.0,1202.800048828125,877368
2022-07-12,1191.7830810546875,1195.949951171875,1212.0,1184.050048828125,1206.0,583382
2022-07-13,1201.349609375,1205.550048828125,1211.949951171875,1158.75,1202.199951171875,325971
2022-07-14,1175.191162109375,1179.300048828125,1216.9000244140625,1170.0999755859375,1206.0,453534
2022-07-15,1206.4815673828125,1210.699951171875,1214.8499755859375,1182.050048828125,1185.5,315845
2022-07-18,1204.339111328125,1208.550048828125,1237.699951171875,1202.699951171875,1222.0,980588
2022-07-19,1198.0611572265625,1202.25,1218.25,1195.050048828125,1207.800048828125,491128
2022-07-20,1205.2860107421875,1209.5,1233.0,1203.0,1210.0,604230
2022-07-21,1216.29736328125,1220.550048828125,1229.199951171875,1201.0,1211.75,476539
2022-07-22,1239.4166259765625,1243.75,1266.8499755859375,1220.550048828125,1222.0,942665
2022-07-25,1228.2557373046875,1232.550048828125,1245.0,1221.300048828125,1237.5,381778
2022-07-26,1227.2091064453125,1231.5,1247.800048828125,1223.199951171875,1238.699951171875,331124
2022-07-27,1250.029541015625,1254.4000244140625,1258.550048828125,1225.199951171875,1232.0,532946
2022-07-28,1254.4140625,1258.800048828125,1270.949951171875,1248.050048828125,1256.0,504060
2022-07-29,1264.1800537109375,1268.5999755859375,1276.8499755859375,1250.050048828125,1267.949951171875,656479
2022-08-01,1296.467041015625,1301.0,1305.5,1268.0,1268.0,793553
2022-08-02,1304.090576171875,1308.6500244140625,1312.5,1276.800048828125,1299.9000244140625,502117
2022-08-03,1304.18994140625,1308.75,1326.75,1292.0,1311.0,393606
2022-08-04,1312.1622314453125,1316.75,1325.0,1288.0999755859375,1325.0,393725
2022-08-05,1311.315185546875,1315.9000244140625,1323.699951171875,1302.199951171875,1320.0,242951
2022-08-08,1314.0556640625,1318.6500244140625,1333.0,1307.449951171875,1315.9000244140625,438066
2022-08-10,1306.681396484375,1311.25,1331.8499755859375,1301.0,1319.449951171875,313632
2022-08-11,1335.480712890625,1340.1500244140625,1359.699951171875,1320.449951171875,1329.0,1702218
2022-08-12,1377.9322509765625,1382.75,1390.5999755859375,1332.6500244140625,1347.0,1159339
2022-08-16,1405.0374755859375,1409.949951171875,1454.3499755859375,1389.699951171875,1390.5999755859375,1476050
2022-08-17,1469.5618896484375,1474.699951171875,1482.0,1410.300048828125,1410.300048828125,1594684
2022-08-18,1450.4288330078125,1455.5,1522.5,1448.25,1481.0,1748382
2022-08-19,1393.278564453125,1398.1500244140625,1487.4000244140625,1388.699951171875,1464.9000244140625,1284783
2022-08-22,1309.5213623046875,1314.0999755859375,1416.75,1299.1500244140625,1398.1500244140625,3129067
2022-08-23,1342.1075439453125,1346.800048828125,1355.0,1283.0,1309.4000244140625,2092763
2022-08-24,1340.214111328125,1344.9000244140625,1353.9000244140625,1322.050048828125,1350.0,633681
2022-08-25,1354.66357421875,1359.4000244140625,1373.4000244140625,1338.0,1357.25,1144010
2022-08-26,1385.7548828125,1390.5999755859375,1400.8499755859375,1363.050048828125,1366.0,1047852
2022-08-29,1355.9091796875,1360.6500244140625,1368.0,1330.4000244140625,1352.0,575626
2022-08-30,1402.3468017578125,1407.25,1416.8499755859375,1362.550048828125,1362.550048828125,1311053
2022-09-01,1409.073486328125,1414.0,1416.0,1391.550048828125,1394.5,738051
2022-09-02,1386.253173828125,1391.0999755859375,1421.550048828125,1388.0999755859375,1419.0,462018
2022-09-05,1393.3782958984375,1398.25,1408.949951171875,1384.6500244140625,1390.0,633249
2022-09-06,1385.1070556640625,1389.949951171875,1413.5999755859375,1386.5,1405.0,342940
2022-09-07,1408.2760009765625,1413.199951171875,1424.050048828125,1386.0999755859375,1389.8499755859375,887074
2022-09-08,1402.1475830078125,1407.050048828125,1427.9000244140625,1404.0999755859375,1427.9000244140625,604853
2022-09-09,1374.5440673828125,1379.3499755859375,1422.0,1371.8499755859375,1414.5,594999
2022-09-12,1395.4210205078125,1400.300048828125,1417.800048828125,1385.0,1385.0,733357
2022-09-13,1455.261962890625,1460.3499755859375,1470.0,1405.0,1407.699951171875,934852
2022-09-14,1425.6156005859375,1430.5999755859375,1474.3499755859375,1427.949951171875,1443.949951171875,786238
2022-09-15,1430.199462890625,1435.199951171875,1451.449951171875,1426.050048828125,1444.25,552868
2022-09-16,1427.7081298828125,1432.699951171875,1463.4000244140625,1409.6500244140625,1439.0,936253
2022-09-19,1416.8463134765625,1421.800048828125,1440.0,1385.5,1433.4000244140625,625902
2022-09-20,1440.5135498046875,1445.550048828125,1459.0,1427.0,1427.0,551632
2022-09-21,1456.856201171875,1461.949951171875,1498.5999755859375,1446.0,1451.0,1496404
2022-09-22,1481.5699462890625,1486.75,1493.0,1441.0,1461.949951171875,878084
2022-09-23,1428.655029296875,1433.6500244140625,1491.8499755859375,1417.699951171875,1490.0,743035
2022-09-26,1404.0408935546875,1408.949951171875,1428.800048828125,1353.0,1420.0,877826
2022-09-27,1391.185791015625,1396.050048828125,1443.4000244140625,1390.0,1419.4000244140625,599701
2022-09-28,1383.3135986328125,1388.1500244140625,1409.449951171875,1370.300048828125,1387.0,341570
2022-09-29,1392.7803955078125,1397.6500244140625,1409.1500244140625,1370.0999755859375,1403.0,513074
2022-09-30,1415.052490234375,1420.0,1430.0,1372.4000244140625,1397.699951171875,721128
2022-10-03,1384.9578857421875,1389.800048828125,1425.0,1383.0,1419.0,487553
2022-10-04,1426.4625244140625,1431.449951171875,1436.9000244140625,1401.699951171875,1410.0,669791
2022-10-06,1442.3570556640625,1447.4000244140625,1454.800048828125,1428.0,1438.9000244140625,572255
2022-10-07,1445.6951904296875,1450.75,1480.0,1440.050048828125,1455.0,633829
2022-10-10,1426.861083984375,1431.8499755859375,1451.800048828125,1418.0,1430.0,532783
2022-10-11,1418.0919189453125,1423.050048828125,1459.6500244140625,1406.25,1446.25,670168
2022-10-12,1417.344482421875,1422.300048828125,1439.8499755859375,1398.0,1420.0,402168
2022-10-13,1396.7664794921875,1401.6500244140625,1438.5999755859375,1396.0,1422.949951171875,286921
2022-10-14,1374.793212890625,1379.5999755859375,1432.0,1373.8499755859375,1432.0,441023
2022-10-17,1373.4478759765625,1378.25,1387.4000244140625,1354.050048828125,1377.949951171875,418522
2022-10-18,1423.92138671875,1428.9000244140625,1436.0,1373.300048828125,1387.0,651226
2022-10-19,1419.18798828125,1424.1500244140625,1447.699951171875,1417.0999755859375,1430.0,451427
2022-10-20,1420.533203125,1425.5,1431.5999755859375,1405.0,1415.0,439690
2022-10-21,1426.0140380859375,1431.0,1443.0,1406.199951171875,1425.5,458912
2022-10-24,1424.270263671875,1429.25,1446.3499755859375,1422.0,1446.3499755859375,70262
2022-10-25,1428.9537353515625,1433.949951171875,1442.0,1419.699951171875,1430.0,244221
2022-10-27,1458.002197265625,1463.0999755859375,1470.550048828125,1433.0,1433.949951171875,441597
2022-10-28,1453.86669921875,1458.949951171875,1478.0,1445.0,1470.5,325536
2022-10-31,1522.57666015625,1527.9000244140625,1543.0,1460.0,1460.0,2085522
2022-11-01,1552.123291015625,1557.550048828125,1566.0,1522.75,1544.949951171875,999663
2022-11-02,1524.9183349609375,1530.25,1565.0,1517.1500244140625,1565.0,535001
2022-11-03,1540.115234375,1545.5,1551.699951171875,1503.8499755859375,1511.0,504000
2022-11-04,1500.7528076171875,1506.0,1550.199951171875,1495.550048828125,1549.800048828125,591976
2022-11-07,1502.6461181640625,1507.9000244140625,1523.5,1486.5,1517.699951171875,501244
2022-11-09,1496.517578125,1501.75,1508.9000244140625,1495.1500244140625,1506.949951171875,328444
2022-11-10,1465.775146484375,1470.9000244140625,1499.300048828125,1459.550048828125,1495.0,584753
2022-11-11,1414.1058349609375,1419.050048828125,1549.699951171875,1395.0,1472.0999755859375,2812289
2022-11-14,1422.077880859375,1427.050048828125,1441.5999755859375,1401.050048828125,1433.550048828125,1122597
2022-11-15,1411.2158203125,1416.1500244140625,1425.0,1406.050048828125,1424.0999755859375,710092
2022-11-16,1389.9901123046875,1394.8499755859375,1425.0,1387.0999755859375,1416.1500244140625,467953
2022-11-17,1391.83349609375,1396.699951171875,1410.8499755859375,1379.0,1396.0,944775
2022-11-18,1378.2313232421875,1383.050048828125,1403.699951171875,1371.9000244140625,1403.699951171875,591196
2022-11-21,1373.846435546875,1378.6500244140625,1382.800048828125,1358.699951171875,1378.949951171875,457376
2022-11-22,1403.2437744140625,1408.1500244140625,1412.9000244140625,1380.0,1380.0,770340
2022-11-23,1405.38623046875,1410.300048828125,1421.949951171875,1400.0,1408.1500244140625,1390277
2022-11-24,1424.469482421875,1429.449951171875,1434.0,1409.0,1414.0,602103
2022-11-25,1427.4093017578125,1432.4000244140625,1448.0,1424.199951171875,1430.0,541513
2022-11-28,1434.1357421875,1439.1500244140625,1444.9000244140625,1420.1500244140625,1421.0,290527
2022-11-29,1451.8736572265625,1456.949951171875,1462.5,1434.050048828125,1439.0,476040
2022-11-30,1466.5224609375,1471.6500244140625,1479.800048828125,1435.3499755859375,1456.949951171875,960009
2022-12-01,1458.9986572265625,1464.0999755859375,1479.0,1455.5999755859375,1473.550048828125,392526
2022-12-02,1463.5826416015625,1468.699951171875,1477.4000244140625,1460.4000244140625,1464.0,286105
2022-12-05,1470.408935546875,1475.550048828125,1481.0,1448.699951171875,1462.6500244140625,462047
2022-12-06,1470.6082763671875,1475.75,1488.0,1460.550048828125,1470.0,501781
2022-12-07,1458.30126953125,1463.4000244140625,1483.0999755859375,1455.0,1476.050048828125,233857
2022-12-08,1453.0196533203125,1458.0999755859375,1466.449951171875,1444.800048828125,1466.0,325774
2022-12-09,1452.9200439453125,1458.0,1468.0,1432.9000244140625,1468.0,381953
2022-12-12,1444.4996337890625,1449.550048828125,1456.5,1440.0999755859375,1455.0,266399
2022-12-13,1438.4705810546875,1443.5,1459.9000244140625,1440.0999755859375,1449.0,392861
2022-12-14,1446.2930908203125,1451.3499755859375,1460.550048828125,1441.5999755859375,1444.199951171875,247467
2022-12-15,1430.9967041015625,1436.0,1459.949951171875,1428.0999755859375,1449.25,383487
2022-12-16,1402.396728515625,1407.300048828125,1432.449951171875,1401.0,1427.25,505066
2022-12-19,1413.1092529296875,1418.050048828125,1424.25,1388.0,1395.0,467614
2022-12-20,1407.4788818359375,1412.4000244140625,1421.300048828125,1395.8499755859375,1418.050048828125,270778
2022-12-21,1361.63916015625,1366.4000244140625,1420.1500244140625,1355.9000244140625,1411.0,585477
2022-12-22,1327.807373046875,1332.449951171875,1380.0,1318.199951171875,1368.0,879064
2022-12-23,1279.9248046875,1284.4000244140625,1335.0,1277.949951171875,1315.0,1182635
2022-12-26,1352.7701416015625,1357.5,1365.0,1281.5,1289.949951171875,835478
2022-12-27,1342.157470703125,1346.8499755859375,1363.25,1327.949951171875,1358.699951171875,868094
2022-12-28,1341.7088623046875,1346.4000244140625,1356.5,1334.5999755859375,1345.0,565769
2022-12-29,1343.9012451171875,1348.5999755859375,1350.0,1308.300048828125,1341.050048828125,572355
2022-12-30,1346.6417236328125,1351.3499755859375,1361.1500244140625,1340.0999755859375,1355.3499755859375,310890
2023-01-02,1337.4737548828125,1342.1500244140625,1358.4000244140625,1332.0,1358.0,195562
2023-01-03,1342.705322265625,1347.4000244140625,1350.0,1330.050048828125,1342.0,233893
2023-01-04,1302.8448486328125,1307.4000244140625,1353.550048828125,1300.050048828125,1346.050048828125,589604
2023-01-05,1275.4405517578125,1279.9000244140625,1312.0,1272.300048828125,1312.0,617568
2023-01-06,1243.8011474609375,1248.1500244140625,1289.550048828125,1236.0,1281.0,1046858
2023-01-09,1215.5,1219.75,1255.0,1213.3499755859375,1253.800048828125,852556
2023-01-10,1219.3865966796875,1223.6500244140625,1235.1500244140625,1201.949951171875,1225.0,588497
2023-01-11,1206.4815673828125,1210.699951171875,1235.0,1205.0,1230.0999755859375,680945
2023-01-12,1205.2860107421875,1209.5,1242.5,1204.5,1215.0,566434
2023-01-13,1201.2000732421875,1205.4000244140625,1218.3499755859375,1186.0999755859375,1214.0,819106
2023-01-16,1193.2281494140625,1197.4000244140625,1216.449951171875,1192.0,1206.949951171875,372068
2023-01-17,1188.9429931640625,1193.0999755859375,1199.949951171875,1180.8499755859375,1199.949951171875,528204
2023-01-18,1218.53955078125,1222.800048828125,1232.25,1190.9000244140625,1198.0,802598
2023-01-19,1194.125,1198.300048828125,1222.949951171875,1192.0,1222.949951171875,334432
2023-01-20,1178.1807861328125,1182.300048828125,1207.5,1177.0,1204.5999755859375,373948
2023-01-23,1173.1483154296875,1177.25,1189.300048828125,1161.0999755859375,1188.25,485408
2023-01-24,1198.5594482421875,1202.75,1208.550048828125,1176.949951171875,1177.0,1173927
2023-01-25,1207.8768310546875,1212.0999755859375,1219.449951171875,1185.0999755859375,1205.8499755859375,765489
2023-01-27,1172.20166015625,1176.300048828125,1212.0,1155.0,1212.0,1368360
2023-01-30,1176.2373046875,1180.3499755859375,1190.0,1161.300048828125,1179.9000244140625,932999
2023-01-31,1192.4307861328125,1196.5999755859375,1204.4000244140625,1169.199951171875,1180.3499755859375,965496
2023-02-01,1211.76318359375,1216.0,1265.0,1192.1500244140625,1204.0,1724393
2023-02-02,1206.382080078125,1210.5999755859375,1224.6500244140625,1196.699951171875,1215.0999755859375,590000
2023-02-03,1231.3447265625,1235.6500244140625,1238.4000244140625,1209.050048828125,1217.0,304320
2023-02-06,1225.8140869140625,1230.0999755859375,1248.5999755859375,1213.9000244140625,1241.0,365009
2023-02-07,1208.9232177734375,1213.1500244140625,1248.75,1206.050048828125,1232.0999755859375,499648
2023-02-08,1231.743408203125,1236.050048828125,1240.0,1210.0,1212.0999755859375,336510
2023-02-09,1337.224609375,1341.9000244140625,1346.75,1264.050048828125,1290.0,4103779
2023-02-10,1324.1702880859375,1328.800048828125,1352.5999755859375,1320.5999755859375,1341.9000244140625,820161
2023-02-13,1301.8980712890625,1306.449951171875,1335.0,1302.050048828125,1335.0,338292
2023-02-14,1315.9986572265625,1320.5999755859375,1325.0,1296.9000244140625,1307.3499755859375,316603
2023-02-15,1342.7552490234375,1347.449951171875,1352.0,1311.25,1318.550048828125,821781
2023-02-16,1358.350830078125,1363.0999755859375,1371.0,1338.3499755859375,1350.0,584385
2023-02-17,1355.9091796875,1360.6500244140625,1378.9000244140625,1350.1500244140625,1360.0,535675
2023-02-20,1339.1678466796875,1343.8499755859375,1363.9000244140625,1333.300048828125,1360.050048828125,390430
2023-02-21,1333.437744140625,1338.0999755859375,1357.449951171875,1329.6500244140625,1343.0,575418
2023-02-22,1339.1678466796875,1343.8499755859375,1352.449951171875,1323.5,1328.949951171875,556036
2023-02-23,1323.572265625,1328.199951171875,1345.0,1314.8499755859375,1345.0,347591
2023-02-24,1301.001220703125,1305.550048828125,1341.949951171875,1299.300048828125,1332.0,409365
2023-02-27,1284.359375,1288.8499755859375,1307.300048828125,1272.0,1306.25,419611
2023-02-28,1273.69677734375,1278.1500244140625,1307.6500244140625,1273.0,1288.8499755859375,907835
2023-03-01,1287.000244140625,1291.5,1309.9000244140625,1280.25,1286.5,467538
2023-03-02,1280.4730224609375,1284.949951171875,1306.800048828125,1276.800048828125,1291.5,299267
2023-03-03,1300.3536376953125,1304.9000244140625,1312.8499755859375,1276.4000244140625,1290.0,568928
2023-03-06,1320.7822265625,1325.4000244140625,1333.5999755859375,1306.5999755859375,1306.5999755859375,566960
2023-03-08,1337.8724365234375,1342.550048828125,1348.0,1313.050048828125,1319.050048828125,521534
2023-03-09,1330.3486328125,1335.0,1366.9000244140625,1328.199951171875,1346.4000244140625,625276
2023-03-10,1336.32763671875,1341.0,1345.449951171875,1318.0,1324.550048828125,391986
2023-03-13,1319.486572265625,1324.0999755859375,1357.0999755859375,1311.050048828125,1341.0,698497
2023-03-14,1333.1387939453125,1337.800048828125,1351.0,1296.949951171875,1331.0999755859375,626503
2023-03-15,1316.646484375,1321.25,1360.0,1313.050048828125,1345.0,343676
2023-03-16,1331.69384765625,1336.3499755859375,1345.050048828125,1308.0,1320.0,475242
2023-03-17,1351.4747314453125,1356.199951171875,1359.8499755859375,1336.0,1349.0,440067
2023-03-20,1339.7657470703125,1344.449951171875,1366.0,1305.0,1366.0,605595
2023-03-21,1316.945556640625,1321.550048828125,1353.75,1318.050048828125,1346.3499755859375,318911
2023-03-22,1324.8677978515625,1329.5,1349.5,1322.0999755859375,1323.0999755859375,344287
2023-03-23,1340.4632568359375,1345.1500244140625,1352.4000244140625,1316.199951171875,1332.5,388796
2023-03-24,1305.485595703125,1310.050048828125,1345.0,1305.0,1345.0,316370
2023-03-27,1323.8212890625,1328.449951171875,1342.8499755859375,1310.050048828125,1316.6500244140625,456288
2023-03-28,1286.6513671875,1291.1500244140625,1338.5,1288.0,1336.0,474383
2023-03-29,1331.1956787109375,1335.8499755859375,1341.0,1288.0,1288.0,508829
2023-03-31,1370.159423828125,1374.949951171875,1389.0,1336.0,1336.0,675734
2023-04-03,1352.670654296875,1357.4000244140625,1393.0,1351.800048828125,1393.0,401477
2023-04-05,1360.0447998046875,1364.800048828125,1373.0,1350.0,1360.0,212990
2023-04-06,1362.4862060546875,1367.25,1378.0,1347.0,1367.0,343855
2023-04-10,1353.966064453125,1358.699951171875,1373.199951171875,1348.9000244140625,1367.25,357266
2023-04-11,1349.431884765625,1354.1500244140625,1370.9000244140625,1337.0,1356.0999755859375,235880
2023-04-12,1358.5001220703125,1363.25,1367.0,1345.550048828125,1354.1500244140625,177221
2023-04-13,1357.0552978515625,1361.800048828125,1384.0,1357.199951171875,1367.9000244140625,378453
2023-04-17,1358.550048828125,1363.300048828125,1368.0,1340.550048828125,1356.0,375958
2023-04-18,1356.357666015625,1361.0999755859375,1373.4000244140625,1353.0,1363.300048828125,502824
2023-04-19,1354.66357421875,1359.4000244140625,1370.949951171875,1349.1500244140625,1361.0,212326
2023-04-20,1388.843994140625,1393.699951171875,1398.5,1354.550048828125,1363.6500244140625,611747
2023-04-21,1378.5301513671875,1383.3499755859375,1405.800048828125,1372.0,1401.0,600063
2023-04-24,1379.1778564453125,1384.0,1396.050048828125,1377.4000244140625,1393.75,327783
2023-04-25,1376.4874267578125,1381.300048828125,1388.0,1373.449951171875,1388.0,153489
2023-04-26,1368.7144775390625,1373.5,1388.699951171875,1365.3499755859375,1378.8499755859375,509852
2023-04-27,1377.48388671875,1382.300048828125,1387.0,1373.0999755859375,1378.0,422730
2023-04-28,1362.9844970703125,1367.75,1375.0,1306.199951171875,1375.0,1816275
2023-05-02,1401.5994873046875,1406.5,1439.0,1369.050048828125,1370.0,1312984
2023-05-03,1385.306396484375,1390.1500244140625,1414.0,1378.6500244140625,1409.449951171875,515474
2023-05-04,1400.0548095703125,1404.949951171875,1407.6500244140625,1383.1500244140625,1394.949951171875,244571
2023-05-05,1411.8636474609375,1416.800048828125,1427.449951171875,1396.0,1404.699951171875,317728
2023-05-08,1416.5472412109375,1421.5,1429.9000244140625,1413.050048828125,1417.0,319478
2023-05-09,1427.957275390625,1432.949951171875,1448.0,1422.050048828125,1422.050048828125,824650
2023-05-10,1435.6304931640625,1440.6500244140625,1454.4000244140625,1428.1500244140625,1440.0,469015
2023-05-11,1466.2734375,1471.4000244140625,1475.0,1445.5999755859375,1445.5999755859375,456556
2023-05-12,1480.971923828125,1486.1500244140625,1490.0,1462.300048828125,1471.3499755859375,326598
2023-05-15,1506.034423828125,1511.300048828125,1518.3499755859375,1473.0,1486.0,496686
2023-05-16,1494.9730224609375,1500.199951171875,1529.0,1496.550048828125,1518.0,481416
2023-05-17,1500.3043212890625,1505.550048828125,1513.1500244140625,1486.0,1502.949951171875,469701
2023-05-18,1485.5062255859375,1490.699951171875,1517.75,1486.050048828125,1508.0999755859375,245900
2023-05-19,1487.8978271484375,1493.0999755859375,1498.5999755859375,1471.550048828125,1490.6500244140625,468553
2023-05-22,1491.0367431640625,1496.25,1507.199951171875,1478.0999755859375,1493.9000244140625,276941
2023-05-23,1498.410888671875,1503.6500244140625,1511.949951171875,1493.1500244140625,1499.9000244140625,368971
2023-05-24,1493.2789306640625,1498.5,1505.050048828125,1485.949951171875,1504.949951171875,362122
2023-05-25,1511.449951171875,1515.25,1519.9000244140625,1493.6500244140625,1500.300048828125,475551
2023-05-26,1526.3624267578125,1530.199951171875,1533.6500244140625,1493.050048828125,1514.199951171875,415204
2023-05-29,1534.043212890625,1537.9000244140625,1544.5,1523.0999755859375,1531.4000244140625,347260
2023-05-30,1554.44189453125,1558.3499755859375,1561.9000244140625,1528.6500244140625,1537.9000244140625,341563
2023-05-31,1556.53662109375,1560.449951171875,1595.0,1550.0,1561.4000244140625,1279601
2023-06-01,1558.481689453125,1562.4000244140625,1573.050048828125,1550.0,1564.9000244140625,452507
2023-06-02,1593.2943115234375,1597.300048828125,1603.199951171875,1559.949951171875,1566.550048828125,514635
2023-06-05,1595.0399169921875,1599.050048828125,1610.0,1587.5999755859375,1595.0,231024
2023-06-06,1598.630859375,1602.6500244140625,1607.5,1584.0,1604.949951171875,208474
2023-06-07,1598.830322265625,1602.8499755859375,1612.0,1586.800048828125,1605.0,632805
2023-06-08,1584.615966796875,1588.5999755859375,1616.699951171875,1583.3499755859375,1609.0,286923
2023-06-09,1594.3914794921875,1598.4000244140625,1620.0999755859375,1589.9000244140625,1594.0,437123
2023-06-12,1591.3489990234375,1595.3499755859375,1609.0,1584.550048828125,1598.4000244140625,223661
2023-06-13,1681.422607421875,1685.6500244140625,1694.75,1598.300048828125,1602.4000244140625,1634306
2023-06-14,1706.908447265625,1711.199951171875,1730.0,1681.0,1695.5,1207550
2023-06-15,1680.8240966796875,1685.050048828125,1716.25,1680.550048828125,1716.25,465902
2023-06-16,1709.950927734375,1714.25,1719.5,1680.0,1685.8499755859375,484881
2023-06-19,1704.1654052734375,1708.449951171875,1723.550048828125,1699.1500244140625,1714.449951171875,199840
2023-06-20,1715.1378173828125,1719.449951171875,1725.0,1695.0999755859375,1710.0,273300
2023-06-21,1696.53466796875,1700.800048828125,1723.949951171875,1691.9000244140625,1723.949951171875,369391
2023-06-22,1706.40966796875,1710.699951171875,1719.5,1696.25,1700.0,213389
2023-06-23,1720.6240234375,1724.949951171875,1743.9000244140625,1694.699951171875,1710.0,732596
2023-06-26,1749.2520751953125,1753.6500244140625,1761.800048828125,1711.25,1726.8499755859375,445964
2023-06-27,1738.4791259765625,1742.8499755859375,1766.0,1737.550048828125,1766.0,320512
2023-06-28,1764.8629150390625,1769.300048828125,1773.199951171875,1749.449951171875,1759.949951171875,322724
2023-06-30,1759.725830078125,1764.1500244140625,1783.949951171875,1759.5,1774.949951171875,336262
2023-07-03,1747.1573486328125,1751.550048828125,1780.0,1745.9000244140625,1774.9000244140625,238418
2023-07-04,1731.9954833984375,1736.3499755859375,1791.949951171875,1730.949951171875,1751.550048828125,399795
2023-07-05,1727.3570556640625,1731.699951171875,1746.0,1702.0,1745.0,502769
2023-07-06,1749.9005126953125,1754.300048828125,1760.0,1723.4000244140625,1731.699951171875,240874
2023-07-07,1698.579345703125,1702.8499755859375,1753.949951171875,1696.0,1749.300048828125,248389
2023-07-10,1672.4453125,1676.6500244140625,1717.949951171875,1669.0,1714.949951171875,299305
2023-07-11,1688.80419921875,1693.050048828125,1708.0,1673.0,1676.6500244140625,457955
2023-07-12,1683.716796875,1687.949951171875,1700.0,1667.949951171875,1697.0,502653
2023-07-13,1661.82177734375,1666.0,1708.0,1658.800048828125,1690.949951171875,270100
2023-07-14,1683.4176025390625,1687.6500244140625,1693.75,1657.449951171875,1672.199951171875,268107
2023-07-17,1690.0509033203125,1694.300048828125,1722.949951171875,1675.0,1696.449951171875,473571
2023-07-18,1686.06103515625,1690.300048828125,1710.949951171875,1673.0,1704.6500244140625,173675
2023-07-19,1712.1453857421875,1716.449951171875,1720.0,1688.0,1699.75,383674
2023-07-20,1710.44970703125,1714.75,1725.0,1702.199951171875,1720.0999755859375,235107
2023-07-21,1709.601806640625,1713.9000244140625,1730.050048828125,1701.199951171875,1706.0,331260
2023-07-24,1704.91357421875,1709.199951171875,1734.199951171875,1702.050048828125,1725.0,392933
2023-07-25,1705.1629638671875,1709.449951171875,1718.449951171875,1691.949951171875,1709.0,221128
2023-07-26,1702.320068359375,1706.5999755859375,1726.449951171875,1704.0999755859375,1720.0,273042
2023-07-27,1704.763916015625,1709.050048828125,1722.699951171875,1697.699951171875,1706.5999755859375,215362
2023-07-28,1726.309814453125,1730.6500244140625,1738.949951171875,1690.5999755859375,1713.5999755859375,344569
2023-07-31,1752.693359375,1757.0999755859375,1764.0,1731.050048828125,1739.0,346064
2023-08-01,1703.317626953125,1707.5999755859375,1762.050048828125,1701.9000244140625,1760.0,260609
2023-08-02,1686.6595458984375,1690.9000244140625,1716.6500244140625,1678.1500244140625,1707.5999755859375,752736
2023-08-03,1683.218017578125,1687.449951171875,1697.5,1670.4000244140625,1689.5,269065
2023-08-04,1696.6842041015625,1700.949951171875,1718.050048828125,1690.0,1699.0,396908
2023-08-07,1685.562255859375,1689.800048828125,1718.0,1677.0,1710.0,395041
2023-08-08,1709.4022216796875,1713.699951171875,1719.699951171875,1674.4000244140625,1680.0,322580
2023-08-09,1783.4161376953125,1787.9000244140625,1806.4000244140625,1703.050048828125,1721.8499755859375,2491542
2023-08-10,1890.6964111328125,1895.449951171875,1915.0,1790.0,1810.0,4043720
2023-08-11,1881.0706787109375,1885.800048828125,1909.8499755859375,1876.4000244140625,1893.800048828125,697959
2023-08-14,1924.7607421875,1929.5999755859375,1935.0,1860.1500244140625,1885.0,1480009
2023-08-16,1951.643310546875,1956.550048828125,1967.0,1906.4000244140625,1929.0,1232266
2023-08-17,1969.847412109375,1974.800048828125,1984.550048828125,1960.0,1965.0,969098
2023-08-18,1969.0494384765625,1974.0,2027.699951171875,1956.0,1979.199951171875,1571201
2023-08-21,1994.934326171875,1999.949951171875,2018.0,1950.050048828125,1973.949951171875,1066063
2023-08-22,2022.764404296875,2027.8499755859375,2034.0,1999.0,1999.949951171875,647887
2023-08-23,2045.8065185546875,2050.949951171875,2068.949951171875,2027.8499755859375,2035.800048828125,707284
2023-08-24,2063.861083984375,2069.050048828125,2079.64990234375,2036.550048828125,2067.800048828125,462418
2023-08-25,2008.9490966796875,2014.0,2062.050048828125,2000.0,2062.050048828125,766297
2023-08-28,2000.7198486328125,2005.75,2027.050048828125,1990.449951171875,2027.050048828125,696730
2023-08-29,2044.16064453125,2049.300048828125,2052.699951171875,2001.0,2010.0,352814
2023-08-30,2057.377197265625,2062.550048828125,2077.35009765625,2047.3499755859375,2068.60009765625,844098
2023-08-31,2043.4625244140625,2048.60009765625,2073.10009765625,2043.449951171875,2064.0,682000
2023-09-01,2057.926025390625,2063.10009765625,2112.949951171875,2040.0,2059.699951171875,785674
2023-09-04,2026.3055419921875,2031.4000244140625,2074.5,2020.0,2074.0,744599
2023-09-05,2058.524658203125,2063.699951171875,2080.0,2028.0,2034.949951171875,536090
2023-09-06,2062.315185546875,2067.5,2087.14990234375,2051.64990234375,2072.199951171875,331114
2023-09-07,2082.51416015625,2087.75,2093.0,2055.699951171875,2073.0,303430
2023-09-08,2081.3173828125,2086.550048828125,2131.550048828125,2067.300048828125,2100.0,548262
2023-09-11,2080.519287109375,2085.75,2106.35009765625,2077.75,2093.949951171875,623499
2023-09-12,2052.240478515625,2057.39990234375,2111.949951171875,2033.1500244140625,2093.949951171875,722560
2023-09-13,2060.22021484375,2065.39990234375,2073.0,2012.3499755859375,2061.5,355761
2023-09-14,2053.337646484375,2058.5,2088.949951171875,2048.0,2051.0,287994
2023-09-15,2065.05810546875,2070.25,2085.5,2051.050048828125,2073.0,359579
2023-09-18,2050.195556640625,2055.35009765625,2073.0,2047.6500244140625,2073.0,323336
2023-09-20,2056.429931640625,2061.60009765625,2088.199951171875,2022.449951171875,2052.0,451829
2023-09-21,2053.038330078125,2058.199951171875,2112.0,2035.0999755859375,2063.0,298279
2023-09-22,2060.71875,2065.89990234375,2079.550048828125,2049.699951171875,2069.449951171875,394776
2023-09-25,2151.640380859375,2157.050048828125,2173.5,2041.0999755859375,2080.0,1841241
2023-09-26,2145.5556640625,2150.949951171875,2185.0,2141.449951171875,2157.0,1021206
2023-09-27,2108.548828125,2113.85009765625,2150.199951171875,2090.85009765625,2143.0,582180
2023-09-28,2059.37255859375,2064.550048828125,2132.0,2045.800048828125,2122.10009765625,3956535
2023-09-29,2074.93310546875,2080.14990234375,2091.10009765625,2031.1500244140625,2056.64990234375,767501
2023-10-03,2053.93603515625,2059.10009765625,2086.300048828125,2052.0,2074.300048828125,543387
2023-10-04,2017.2283935546875,2022.300048828125,2055.949951171875,2007.5999755859375,2054.0,551771
2023-10-05,2042.4647216796875,2047.5999755859375,2058.14990234375,2022.300048828125,2022.949951171875,461744
2023-10-06,2066.903564453125,2072.10009765625,2091.89990234375,2050.10009765625,2055.85009765625,444220
2023-10-09,2073.8359375,2079.050048828125,2089.449951171875,2032.4000244140625,2035.0,487722
2023-10-10,2045.6568603515625,2050.800048828125,2089.75,2047.0999755859375,2089.75,351329
2023-10-11,2096.0302734375,2101.300048828125,2114.800048828125,2055.0,2058.449951171875,729470
2023-10-12,2071.99072265625,2077.199951171875,2107.800048828125,2070.0,2105.0,285544
2023-10-13,2079.57177734375,2084.800048828125,2109.699951171875,2071.449951171875,2075.0,321887
2023-10-16,2102.3642578125,2107.64990234375,2117.0,2080.5,2093.0,446019
2023-10-17,2073.785888671875,2079.0,2117.60009765625,2073.10009765625,2116.949951171875,373789
2023-10-18,2043.8115234375,2048.949951171875,2090.39990234375,2031.199951171875,2089.10009765625,432748
2023-10-19,2055.432373046875,2060.60009765625,2074.0,2020.0,2045.949951171875,350097
2023-10-20,2031.0435791015625,2036.1500244140625,2060.60009765625,2024.4000244140625,2060.60009765625,353937
2023-10-23,1986.954345703125,1991.949951171875,2041.1500244140625,1980.0,2035.0,488451
2023-10-25,1988.251220703125,1993.25,2007.9000244140625,1973.800048828125,2007.9000244140625,512770
2023-10-26,2026.0062255859375,2031.0999755859375,2040.949951171875,1945.0,1980.0,966275
2023-10-27,2116.7783203125,2122.10009765625,2142.949951171875,2031.1500244140625,2031.1500244140625,999445
2023-10-30,2114.433837890625,2119.75,2143.199951171875,2072.0,2143.199951171875,483782
2023-10-31,2149.29638671875,2154.699951171875,2165.0,2119.10009765625,2140.89990234375,749792
2023-11-01,2192.138427734375,2197.64990234375,2209.300048828125,2148.949951171875,2163.699951171875,1081257
2023-11-02,2184.3583984375,2189.85009765625,2210.0,2175.0,2210.0,474395
2023-11-03,2190.991455078125,2196.5,2198.949951171875,2180.0,2195.0,230437
2023-11-06,2227.599365234375,2233.199951171875,2245.5,2188.64990234375,2196.550048828125,537580
2023-11-07,2417.9208984375,2424.0,2450.0,2181.699951171875,2234.449951171875,3419427
2023-11-08,2446.698486328125,2452.85009765625,2503.85009765625,2391.050048828125,2450.0,2652822
2023-11-09,2471.83544921875,2478.050048828125,2487.25,2438.199951171875,2453.0,684007
2023-11-10,2483.107177734375,2489.35009765625,2504.14990234375,2454.050048828125,2476.949951171875,644072
2023-11-13,2552.63232421875,2559.050048828125,2564.0,2485.35009765625,2495.0,1131761
2023-11-15,2546.746826171875,2553.14990234375,2579.800048828125,2534.85009765625,2579.800048828125,599328
2023-11-16,2538.318115234375,2544.699951171875,2558.14990234375,2491.39990234375,2556.5,766675
2023-11-17,2569.9384765625,2576.39990234375,2613.699951171875,2544.75,2547.550048828125,717236
2023-11-20,2616.17236328125,2622.75,2637.300048828125,2585.300048828125,2595.0,568578
2023-11-21,2607.195068359375,2613.75,2652.0,2605.949951171875,2634.89990234375,519349
2023-11-22,2620.5615234375,2627.14990234375,2647.050048828125,2607.5,2625.0,395438
2023-11-23,2648.3916015625,2655.050048828125,2664.5,2631.5,2644.800048828125,398832
2023-11-24,2643.054931640625,2649.699951171875,2668.0,2640.0,2659.949951171875,325606
2023-11-28,2665.049560546875,2671.75,2683.5,2645.050048828125,2668.5,535972
2023-11-29,2669.687744140625,2676.39990234375,2720.0,2668.0,2694.0,460234
2023-11-30,2780.0107421875,2787.0,2809.75,2675.0,2676.39990234375,2343154
2023-12-01,2800.65869140625,2807.699951171875,2837.39990234375,2752.39990234375,2787.0,1049846
2023-12-04,2809.78564453125,2816.85009765625,2867.0,2772.25,2847.0,685830
2023-12-05,2867.540771484375,2874.75,2898.5,2817.5,2820.0,676125
2023-12-06,2860.65771484375,2867.85009765625,2912.449951171875,2854.60009765625,2890.199951171875,487235
2023-12-07,2838.064453125,2845.199951171875,2918.0,2836.550048828125,2881.949951171875,961559
2023-12-08,2834.174560546875,2841.300048828125,2887.300048828125,2800.199951171875,2857.300048828125,688323
2023-12-11,2874.173828125,2881.39990234375,2907.35009765625,2841.10009765625,2858.949951171875,577553
2023-12-12,2876.318603515625,2883.550048828125,2909.89990234375,2849.699951171875,2896.89990234375,462633
2023-12-13,2956.017822265625,2963.449951171875,2973.949951171875,2887.050048828125,2895.0,887243
2023-12-14,2977.264892578125,2984.75,2995.0,2944.5,2990.199951171875,425400
2023-12-15,2982.252197265625,2989.75,3024.550048828125,2980.050048828125,3000.0,682553
2023-12-18,2963.998046875,2971.449951171875,3001.5,2961.199951171875,2998.550048828125,646708
2023-12-19,2993.274658203125,3000.800048828125,3013.60009765625,2957.0,2988.0,533290
2023-12-20,2941.554443359375,2948.949951171875,3025.0,2927.699951171875,3022.0,713170
2023-12-21,2947.788818359375,2955.199951171875,2969.89990234375,2879.5,2909.949951171875,631420
2023-12-22,2958.06298828125,2965.5,2981.949951171875,2928.35009765625,2978.800048828125,518707
2023-12-26,2962.5517578125,2970.0,2991.949951171875,2961.64990234375,2986.10009765625,315645
2023-12-27,3003.199462890625,3010.75,3059.699951171875,2975.550048828125,2975.64990234375,584065
2023-12-28,3018.4111328125,3026.0,3045.0,3003.0,3025.0,503705
2023-12-29,3047.28857421875,3054.949951171875,3060.35009765625,3001.39990234375,3030.300048828125,430702
2024-01-01,2994.5712890625,3002.10009765625,3067.0,2995.5,3061.800048828125,421730
2024-01-02,2987.6884765625,2995.199951171875,3017.89990234375,2940.75,3015.449951171875,408928
2024-01-03,3050.68017578125,3058.35009765625,3107.89990234375,2988.35009765625,3009.0,714968
2024-01-04,3060.15625,3067.85009765625,3108.449951171875,3060.85009765625,3074.0,299498
2024-01-05,3057.862060546875,3065.550048828125,3096.550048828125,3045.0,3085.449951171875,258565
2024-01-08,3036.914794921875,3044.550048828125,3083.199951171875,3037.800048828125,3080.949951171875,303947
2024-01-09,3107.636962890625,3115.449951171875,3143.0,3058.800048828125,3069.0,723237
2024-01-10,3165.641357421875,3173.60009765625,3189.949951171875,3112.14990234375,3126.5,951897
2024-01-11,3167.83544921875,3175.800048828125,3213.199951171875,3168.5,3190.0,485141
2024-01-12,3204.09423828125,3212.14990234375,3240.949951171875,3162.10009765625,3203.0,597455
2024-01-15,3185.291748046875,3193.300048828125,3238.0,3180.5,3238.0,381958
2024-01-16,3158.159912109375,3166.10009765625,3224.89990234375,3143.14990234375,3203.550048828125,370700
2024-01-17,3139.95556640625,3147.85009765625,3183.949951171875,3117.14990234375,3153.0,420338
2024-01-18,3143.845703125,3151.75,3185.0,3090.0,3138.0,439730
2024-01-19,3201.99951171875,3210.050048828125,3218.75,3147.550048828125,3169.949951171875,406436
2024-01-23,3156.21484375,3164.14990234375,3225.75,3150.0,3207.0,344687
2024-01-24,3214.667724609375,3222.75,3241.300048828125,3130.0,3164.10009765625,339968
2024-01-25,3223.695068359375,3231.800048828125,3252.5,3180.0,3223.050048828125,489321
2024-01-29,3238.258544921875,3246.39990234375,3295.0,3225.60009765625,3248.0,604096
2024-01-30,3047.28857421875,3054.949951171875,3275.0,3029.050048828125,3263.0,1206541
2024-01-31,3079.208251953125,3086.949951171875,3104.5,2992.300048828125,3054.0,986931
2024-02-01,3095.018798828125,3102.800048828125,3133.800048828125,3061.550048828125,3089.0,742113
2024-02-02,3118.21044921875,3126.050048828125,3213.14990234375,3108.0,3130.0,892545
2024-02-05,3019.558349609375,3027.14990234375,3180.0,3006.699951171875,3175.0,808544
2024-02-06,3027.388671875,3035.0,3121.39990234375,3021.64990234375,3025.0,718388
2024-02-07,3598.452880859375,3607.5,3634.699951171875,2955.0,3080.0,5846891
2024-02-08,3832.31494140625,3841.949951171875,3937.39990234375,3619.64990234375,3735.35009765625,7374486
2024-02-09,3750.12158203125,3759.550048828125,3858.0,3667.10009765625,3800.0,2001715
2024-02-12,3792.514892578125,3802.050048828125,3834.64990234375,3700.10009765625,3767.800048828125,1087518
2024-02-13,3841.591552734375,3851.25,3880.0,3767.0,3785.0,1288707
2024-02-14,3911.166748046875,3921.0,3950.5,3792.10009765625,3802.14990234375,725269
2024-02-15,3942.737060546875,3952.64990234375,4006.85009765625,3875.75,3931.10009765625,964837
2024-02-16,4014.507080078125,4024.60009765625,4036.300048828125,3930.300048828125,3970.0,736660
2024-02-19,4037.000244140625,4047.14990234375,4099.7998046875,4013.699951171875,4048.0,374829
2024-02-20,4015.803466796875,4025.89990234375,4074.199951171875,4010.550048828125,4057.949951171875,468003
2024-02-21,3884.982666015625,3894.75,4047.050048828125,3873.85009765625,4045.10009765625,614056
2024-02-22,3944.083984375,3954.0,3966.0,3829.699951171875,3922.0,1012228
2024-02-23,3876.05517578125,3885.800048828125,3950.0,3868.449951171875,3950.0,555204
2024-02-26,3834.958251953125,3844.60009765625,3913.949951171875,3824.0,3875.0,671311
2024-02-27,3927.62548828125,3937.5,3995.0,3841.800048828125,3864.800048828125,861671
2024-02-28,3914.957275390625,3924.800048828125,3954.949951171875,3885.0,3939.949951171875,411252
2024-02-29,3872.06494140625,3881.800048828125,3969.949951171875,3782.0,3931.449951171875,1235124
2024-03-01,3891.46630859375,3901.25,3928.949951171875,3858.35009765625,3924.0,645099
2024-03-04,3909.9697265625,3919.800048828125,3936.75,3842.5,3909.60009765625,291319
2024-03-05,3842.638916015625,3852.300048828125,3935.85009765625,3845.050048828125,3929.5,549270
2024-03-06,3862.28955078125,3872.0,3893.85009765625,3750.25,3876.449951171875,1009678
2024-03-07,3942.288330078125,3952.199951171875,3978.0,3840.300048828125,3890.0,680535
2024-03-11,3994.65673828125,4004.699951171875,4243.9501953125,3900.10009765625,3982.0,3757634
2024-03-12,3998.547119140625,4008.60009765625,4078.60009765625,3957.550048828125,4025.800048828125,899570
2024-03-13,3934.15869140625,3944.050048828125,4037.949951171875,3877.5,4022.949951171875,968084
2024-03-14,4070.865478515625,4081.10009765625,4105.0,3870.60009765625,3900.0,723158
2024-03-15,4053.7080078125,4063.89990234375,4145.0,3981.25,4051.050048828125,1197832
2024-03-18,4060.84033203125,4071.050048828125,4084.0,4005.89990234375,4063.89990234375,328538
2024-03-19,3945.729736328125,3955.64990234375,4088.0,3943.699951171875,4080.0,489357
2024-03-20,3955.106201171875,3965.050048828125,4004.949951171875,3843.25,3971.449951171875,607192
2024-03-21,3991.81396484375,4001.85009765625,4015.699951171875,3957.699951171875,3965.0,622994
2024-03-22,3938.69775390625,3948.60009765625,4025.0,3921.949951171875,4010.0,678055
2024-03-26,3872.01513671875,3881.75,3948.60009765625,3866.050048828125,3885.0,844731
2024-03-27,3865.4814453125,3875.199951171875,3922.5,3867.0,3882.5,524636
2024-03-28,3938.098876953125,3948.0,3975.0,3875.199951171875,3875.199951171875,837624
2024-04-01,3877.052734375,3886.800048828125,3983.39990234375,3869.050048828125,3974.949951171875,523250
2024-04-02,3882.1396484375,3891.89990234375,3909.800048828125,3873.25,3900.0,604885
2024-04-03,3913.011962890625,3922.85009765625,3947.949951171875,3843.0,3885.0,727717
2024-04-04,3993.16064453125,4003.199951171875,4028.949951171875,3915.050048828125,3950.0,910922
2024-04-05,3922.737548828125,3932.60009765625,4052.89990234375,3912.199951171875,4009.0,679916
2024-04-08,3921.989501953125,3931.85009765625,3980.0,3923.60009765625,3932.60009765625,471027
2024-04-09,3892.563720703125,3902.35009765625,3958.949951171875,3894.89990234375,3958.949951171875,483412
2024-04-10,4011.065185546875,4021.14990234375,4113.35009765625,3904.14990234375,3929.0,1107300
2024-04-12,4043.68359375,4053.85009765625,4113.9501953125,4025.0,4047.0,776121
2024-04-15,3959.24560546875,3969.199951171875,4066.75,3934.25,3950.050048828125,597371
2024-04-16,3978.197998046875,3988.199951171875,4033.60009765625,3912.39990234375,3968.0,577349
2024-04-18,4076.85009765625,4087.10009765625,4177.89990234375,3976.60009765625,3988.0,1484951
2024-04-19,4148.52001953125,4158.9501953125,4174.75,3964.050048828125,4087.949951171875,1180675
2024-04-22,4158.14599609375,4168.60009765625,4304.7998046875,4115.0,4215.2998046875,1179181
2024-04-23,4147.87109375,4158.2998046875,4225.0,4140.0,4215.0,626656
2024-04-24,4211.16259765625,4221.75,4245.0,4158.2998046875,4158.2998046875,641190
2024-04-25,4312.30810546875,4323.14990234375,4347.0,4195.7001953125,4250.0,761557
2024-04-26,4294.05419921875,4304.85009765625,4373.0,4293.4501953125,4340.0,622336
2024-04-29,4303.28076171875,4314.10009765625,4515.0,4052.39990234375,4359.0,2349939
2024-04-30,4398.8408203125,4409.89990234375,4670.0,4380.0498046875,4450.0,4924865
2024-05-02,4635.046875,4646.7001953125,4676.7001953125,4395.10009765625,4409.89990234375,1998618
2024-05-03,4512.30517578125,4523.64990234375,4680.5498046875,4482.0,4680.2001953125,1313008
2024-05-06,4497.74169921875,4509.0498046875,4580.0,4480.25,4555.0,735051
2024-05-07,4492.6552734375,4503.9501953125,4558.0,4416.89990234375,4532.0,982212
2024-05-08,4487.318359375,4498.60009765625,4542.0,4470.39990234375,4498.9501953125,596788
2024-05-09,4396.8955078125,4407.9501953125,4548.5,4381.2998046875,4512.7998046875,688477
2024-05-10,4460.18603515625,4471.39990234375,4484.25,4401.0,4433.0,549717
2024-05-13,4454.50048828125,4465.7001953125,4521.64990234375,4358.0,4475.7001953125,637292
2024-05-14,4528.9638671875,4540.35009765625,4549.0,4448.2998046875,4471.0,559577
2024-05-15,4515.64697265625,4527.0,4579.5,4509.2001953125,4550.0,413777
2024-05-16,4585.1220703125,4596.64990234375,4634.2001953125,4530.10009765625,4530.10009765625,500593
2024-05-17,4622.92724609375,4634.5498046875,4673.0,4555.0,4600.0,752254
2024-05-21,4655.59521484375,4667.2998046875,4727.9501953125,4623.64990234375,4690.0,668195
2024-05-22,4637.416015625,4646.9501953125,4713.85009765625,4545.0,4680.2998046875,742788
2024-05-23,4688.90966796875,4698.5498046875,4712.0,4608.0498046875,4653.0,459499
2024-05-24,4705.7255859375,4715.39990234375,4777.89990234375,4654.10009765625,4708.0,549566
2024-05-27,4672.39404296875,4682.0,4760.85009765625,4650.0,4759.0,611635
2024-05-28,4606.42919921875,4615.89990234375,4723.75,4600.0,4697.85009765625,445558
2024-05-29,4662.46435546875,4672.0498046875,4719.5,4600.10009765625,4650.0,744694
2024-05-30,4641.806640625,4651.35009765625,4698.0,4602.2001953125,4669.10009765625,523206
2024-05-31,4549.7958984375,4559.14990234375,4710.0,4498.89990234375,4665.0,3005008
2024-06-03,4652.634765625,4662.2001953125,4745.7998046875,4604.5,4745.7998046875,450140
2024-06-04,4528.8388671875,4538.14990234375,4685.0,4196.0,4685.0,1175204
2024-06-05,4893.73876953125,4903.7998046875,4932.0498046875,4524.25,4684.0,1231971
2024-06-06,4868.44140625,4878.4501953125,4928.60009765625,4821.0498046875,4910.0498046875,512601
2024-06-07,4954.4140625,4964.60009765625,5010.39990234375,4841.0,4878.4501953125,488611
2024-06-10,4959.25439453125,4969.4501953125,5047.35009765625,4920.0,5025.0,417996
2024-06-11,4896.53369140625,4906.60009765625,5010.0,4884.7001953125,5009.0,512441
2024-06-12,5017.73388671875,5028.0498046875,5089.35009765625,4909.0498046875,4945.0,954491
2024-06-13,5013.54248046875,5023.85009765625,5188.0,4972.0498046875,5188.0,932377
2024-06-14,5234.78759765625,5245.5498046875,5294.0,5040.0,5050.0498046875,1424125
2024-06-18,5346.60791015625,5357.60009765625,5452.0,5205.0,5299.0,1247457
2024-06-19,5345.8095703125,5356.7998046875,5402.0,5288.39990234375,5374.9501953125,707909
2024-06-20,5326.19970703125,5337.14990234375,5422.0,5305.0498046875,5374.89990234375,516737
2024-06-21,5255.544921875,5266.35009765625,5353.85009765625,5200.0,5337.14990234375,638917
2024-06-24,5384.6796875,5395.75,5440.0,5200.0,5266.35009765625,543826
2024-06-25,5327.84619140625,5338.7998046875,5459.0,5304.0498046875,5440.5,559045
2024-06-26,5352.794921875,5363.7998046875,5395.0,5260.0,5345.0,578724
2024-06-27,5318.06640625,5329.0,5387.0,5303.75,5360.0,900729
2024-06-28,5468.60693359375,5479.85009765625,5509.0,5358.5498046875,5360.0,970080
2024-07-01,5504.33349609375,5515.64990234375,5555.0,5380.0,5500.0,544030
2024-07-02,5524.5419921875,5535.89990234375,5568.5498046875,5460.0,5515.0,428098
2024-07-03,5482.82763671875,5494.10009765625,5577.75,5460.0498046875,5560.0,355297
2024-07-04,5585.9658203125,5597.4501953125,5620.0,5493.75,5548.0,440575
2024-07-05,5608.36962890625,5619.89990234375,5644.4501953125,5535.0,5560.0,362427
2024-07-08,5582.7724609375,5594.25,5665.0,5572.0,5661.2001953125,273130
2024-07-09,5581.37548828125,5592.85009765625,5634.60009765625,5550.0,5607.2001953125,313079
2024-07-10,5556.576171875,5568.0,5626.4501953125,5470.0498046875,5610.0,425869
2024-07-11,5623.68798828125,5635.25,5663.0,5545.0,5545.0,578262
2024-07-12,5639.65576171875,5651.25,5696.0,5611.10009765625,5664.89990234375,476682
2024-07-15,5663.9052734375,5675.5498046875,5754.9501953125,5645.75,5690.0,498397
2024-07-16,5635.71337890625,5647.2998046875,5725.4501953125,5627.35009765625,5699.9501953125,641858
2024-07-18,5297.60888671875,5308.5,5660.25,5282.9501953125,5649.89990234375,1342486
2024-07-19,5155.75048828125,5166.35009765625,5308.5,5106.0498046875,5308.5,879290
2024-07-22,5199.5107421875,5210.2001953125,5238.9501953125,5083.5498046875,5110.0,631260
2024-07-23,5253.0,5263.7998046875,5310.25,4955.64990234375,5210.2001953125,763626
2024-07-24,5276.0029296875,5286.85009765625,5380.0,5263.10009765625,5285.0,711861
2024-07-25,5299.0556640625,5309.9501953125,5335.4501953125,5226.0,5274.89990234375,302964
2024-07-26,5382.28466796875,5393.35009765625,5411.5498046875,5325.0,5360.0,336310
2024-07-29,5506.080078125,5517.39990234375,5549.9501953125,5365.0,5414.9501953125,533654
2024-07-30,5608.96826171875,5620.5,5660.0,5520.0,5550.0,789712
2024-07-31,5827.0205078125,5839.0,5919.2998046875,5625.0498046875,5625.0498046875,1671711
2024-08-01,5758.9599609375,5770.7998046875,5894.0,5722.9501953125,5894.0,767562
2024-08-02,5526.88720703125,5538.25,5805.85009765625,5524.0,5725.0,560989
2024-08-05,5335.9296875,5346.89990234375,5424.35009765625,5226.0498046875,5360.0,1074769
2024-08-06,5209.98876953125,5220.7001953125,5467.7001953125,5194.5498046875,5355.10009765625,642644
2024-08-07,5461.22265625,5472.4501953125,5499.7998046875,5274.60009765625,5289.0,717292
2024-08-08,5632.52001953125,5644.10009765625,5727.39990234375,5490.0,5515.0,1183241
2024-08-09,6262.47509765625,6275.35009765625,6373.85009765625,5626.60009765625,5738.85009765625,6877196
2024-08-12,6369.255859375,6382.35009765625,6434.0,6277.0,6302.9501953125,1889796
2024-08-13,6368.60693359375,6381.7001953125,6443.0,6330.0,6375.0,651594
2024-08-14,6425.14013671875,6438.35009765625,6452.0,6291.10009765625,6400.0,885572
2024-08-16,6489.05908203125,6502.39990234375,6548.0,6440.0,6440.0,1153478
2024-08-19,6676.17431640625,6689.89990234375,6750.0,6522.2998046875,6575.0,1827850
2024-08-20,6779.9609375,6793.89990234375,6819.7001953125,6605.0498046875,6710.0,1143592
2024-08-21,6769.283203125,6783.2001953125,6825.0,6740.0,6800.0,651691
2024-08-22,6975.458984375,6989.7998046875,7010.0498046875,6790.0,6825.0,771279
2024-08-23,6934.4931640625,6948.75,7030.0,6911.75,7020.0,625160
2024-08-26,6911.39111328125,6925.60009765625,7097.9501953125,6907.89990234375,7000.0,754901
2024-08-27,6855.8046875,6869.89990234375,6973.0,6779.25,6969.9501953125,578002
2024-08-28,7227.24169921875,7242.10009765625,7325.0,6950.25,6990.0,2358476
2024-08-29,7155.93798828125,7170.64990234375,7291.9501953125,7092.9501953125,7269.9501953125,836313
2024-08-30,7144.0625,7158.75,7274.75,7130.0498046875,7210.0,1169809
2024-09-02,7133.53466796875,7148.2001953125,7267.75,7111.35009765625,7179.25,625283
2024-09-03,7028.35009765625,7042.7998046875,7180.0,6995.0,7179.0,857908
2024-09-04,7125.2509765625,7139.89990234375,7168.9501953125,6950.0498046875,7043.0,576206
2024-09-05,7152.9443359375,7167.64990234375,7209.0,7090.25,7169.89990234375,667571
2024-09-06,7088.9755859375,7103.5498046875,7189.9501953125,7060.0,7184.89990234375,384793
2024-09-09,7122.0078125,7136.64990234375,7155.7001953125,7048.0498046875,7104.0,349967
2024-09-10,7123.3056640625,7137.9501953125,7200.0,7095.5,7156.0,376043
2024-09-11,7134.18310546875,7148.85009765625,7219.64990234375,7107.7001953125,7160.9501953125,428437
2024-09-12,7195.70654296875,7210.5,7309.0,7142.85009765625,7198.0,572357
2024-09-13,7218.3095703125,7233.14990234375,7281.10009765625,7200.0498046875,7248.5,468707
2024-09-16,7303.78369140625,7318.7998046875,7384.9501953125,7211.0,7270.0,502100
2024-09-17,7388.2607421875,7403.4501953125,7508.7998046875,7325.0,7415.0,753643
2024-09-18,7320.94873046875,7336.0,7453.0,7245.85009765625,7435.0,388287
2024-09-19,7311.11865234375,7326.14990234375,7456.0,7183.5498046875,7456.0,395523
2024-09-20,7449.83349609375,7465.14990234375,7508.0,7281.85009765625,7350.0,798170
2024-09-23,7607.80908203125,7623.4501953125,7645.0,7464.14990234375,7520.9501953125,510496
2024-09-24,7605.71337890625,7621.35009765625,7682.0,7580.60009765625,7639.9501953125,613798
2024-09-25,7599.2763671875,7614.89990234375,7742.0,7569.5498046875,7618.25,576171
2024-09-26,7829.3037109375,7845.39990234375,7939.89990234375,7710.5498046875,7724.89990234375,1712253
2024-09-27,7817.62744140625,7833.7001953125,7937.9501953125,7736.39990234375,7899.9501953125,11179751
2024-09-30,7559.109375,7574.64990234375,7833.9501953125,7483.75,7814.75,1117618
2024-10-01,7597.08154296875,7612.7001953125,7647.4501953125,7522.25,7600.0,559721
2024-10-03,7472.537109375,7487.89990234375,7654.5,7451.0,7569.5,741293
2024-10-04,7338.212890625,7353.2998046875,7455.9501953125,7272.0,7441.0,938897
2024-10-07,7434.2158203125,7449.5,7503.89990234375,7284.0,7307.2001953125,854385
2024-10-08,8025.4501953125,8041.9501953125,8073.39990234375,7451.0,7520.0,2278240
2024-10-09,8203.982421875,8220.849609375,8322.2001953125,8035.0,8089.0,1260784
2024-10-10,8012.37744140625,8028.85009765625,8270.9501953125,8012.0,8200.0,606292
2024-10-11,8218.0546875,8234.9501953125,8308.7998046875,7950.0,8069.0,800644
2024-10-14,8175.04296875,8191.85009765625,8345.0,8163.7001953125,8280.0498046875,417498
2024-10-15,8107.58154296875,8124.25,8260.0,8090.0,8224.0,460534
2024-10-16,7789.78466796875,7805.7998046875,8133.10009765625,7766.5,8110.0,900545
2024-10-17,7703.8115234375,7719.64990234375,7880.0498046875,7620.2001953125,7780.2998046875,997450
2024-10-18,7752.1123046875,7768.0498046875,7800.0,7630.10009765625,7720.0,571161
2024-10-21,7590.943359375,7606.5498046875,7850.0,7552.5,7820.0,662166
2024-10-22,7481.9677734375,7497.35009765625,7666.5,7469.39990234375,7634.9501953125,610564
2024-10-23,7495.888671875,7511.2998046875,7585.0,7450.0,7468.0,505590
2024-10-24,7472.63671875,7488.0,7640.39990234375,7386.75,7569.2001953125,448738
2024-10-25,7346.34716796875,7361.4501953125,7511.2001953125,7064.0498046875,7450.0,590268
2024-10-28,7292.85693359375,7307.85009765625,7429.0,7222.14990234375,7362.25,419026
2024-10-29,7395.09619140625,7410.2998046875,7446.10009765625,7164.4501953125,7313.2998046875,359440
2024-10-30,7237.5703125,7252.4501953125,7428.7998046875,7215.0,7420.0,481764
2024-10-31,7113.72509765625,7128.35009765625,7273.85009765625,7071.0,7259.0,742508
2024-11-01,7134.33251953125,7149.0,7214.89990234375,7125.0,7153.9501953125,76497
2024-11-04,7049.25732421875,7063.75,7150.2998046875,6950.0,7109.0,681708
2024-11-05,6954.05322265625,6968.35009765625,7078.5,6794.0498046875,7006.0,1026360
2024-11-06,6941.1796875,6955.4501953125,7236.0,6801.10009765625,7024.0,1142746
2024-11-07,6492.15283203125,6505.5,7015.25,6306.85009765625,6999.0,4427899
2024-11-08,6286.0263671875,6298.9501953125,6563.14990234375,6270.0,6550.0,2523322
2024-11-11,6467.40380859375,6480.7001953125,6620.0,6212.0498046875,6230.35009765625,2339199
2024-11-12,6515.1552734375,6528.5498046875,6717.89990234375,6500.0,6520.0,1258152
2024-11-13,6484.91796875,6498.25,6619.7001953125,6412.4501953125,6499.0,758642
2024-11-14,6449.73974609375,6463.0,6550.2998046875,6367.0498046875,6496.0,620489
2024-11-18,6288.720703125,6301.64990234375,6453.0,6275.0,6411.60009765625,828906
2024-11-19,6410.67041015625,6423.85009765625,6579.89990234375,6359.7998046875,6359.85009765625,674042
2024-11-21,6447.1953125,6460.4501953125,6519.0,6346.2001953125,6400.0,1511541
2024-11-22,6639.150390625,6652.7998046875,6678.0,6430.0,6459.89990234375,833104
2024-11-25,6761.05029296875,6774.9501953125,6838.5498046875,6690.0498046875,6799.0,1490945
2024-11-26,6655.66650390625,6669.35009765625,6810.2998046875,6646.14990234375,6775.0,476650
2024-11-27,6831.05615234375,6845.10009765625,6909.0,6631.35009765625,6692.0,784373
2024-11-28,6729.365234375,6743.2001953125,6886.4501953125,6716.0498046875,6850.0,813013
2024-11-29,6781.45751953125,6795.39990234375,6820.0,6728.10009765625,6750.0,720647
2024-12-02,6791.33740234375,6805.2998046875,6898.0,6753.60009765625,6777.0498046875,446537
2024-12-03,6827.3134765625,6841.35009765625,6864.5498046875,6681.7998046875,6805.2998046875,842566
2024-12-04,6809.79931640625,6823.7998046875,6920.0,6731.2001953125,6890.0,899250
2024-12-05,6955.7998046875,6970.10009765625,7074.9501953125,6722.0,6869.9501953125,1140361
2024-12-06,6985.58837890625,6999.9501953125,7140.0,6930.0498046875,7050.0,1088961
2024-12-09,6935.44140625,6949.7001953125,7025.0,6867.2998046875,6985.0,825347
2024-12-10,6863.9384765625,6878.0498046875,6959.9501953125,6810.0,6950.0,579733
2024-12-11,7048.80810546875,7063.2998046875,7100.0,6834.7998046875,6893.89990234375,1037764
2024-12-12,6998.11279296875,7012.5,7106.7998046875,6980.0,7046.2001953125,776145
2024-12-13,6985.88720703125,7000.25,7027.89990234375,6870.0,7000.0,526964
2024-12-16,6985.9873046875,7000.35009765625,7035.0,6942.75,7000.0,497823
2024-12-17,6927.40771484375,6941.64990234375,7030.0,6891.0,7000.0,545205
2024-12-18,7099.15478515625,7113.75,7177.0,6848.7998046875,6935.75,1201264
2024-12-19,7077.44921875,7092.0,7184.39990234375,6991.60009765625,6995.0,660251
2024-12-20,6817.53369140625,6831.5498046875,7188.0,6789.39990234375,7125.0,768861
2024-12-23,6931.74853515625,6946.0,7070.0,6860.0498046875,6870.0,783189
2024-12-24,6992.7734375,7007.14990234375,7079.0,6902.0,6976.0,486797
2024-12-26,7049.20751953125,7063.7001953125,7075.0,6948.0498046875,7047.9501953125,440974
2024-12-27,7103.6953125,7118.2998046875,7234.0,7075.0,7101.0,530288
2024-12-30,6940.08203125,6954.35009765625,7145.0498046875,6915.25,7139.2998046875,960856
2024-12-31,7108.7353515625,7123.35009765625,7146.0,6817.7998046875,6954.0,915919
2025-01-01,7053.54833984375,7068.0498046875,7179.7998046875,7050.0,7121.0,412650
2025-01-02,7305.9794921875,7321.0,7336.0,7055.9501953125,7100.0,706114
2025-01-03,7292.70703125,7307.7001953125,7493.0498046875,7280.10009765625,7350.0,940233
2025-01-06,6983.99169921875,6998.35009765625,7338.60009765625,6935.25,7307.7001953125,942724
2025-01-07,6860.19580078125,6874.2998046875,7085.0,6838.35009765625,7010.2001953125,601356
2025-01-08,6685.35546875,6699.10009765625,6873.5,6590.35009765625,6869.5498046875,1257939
2025-01-09,6608.11474609375,6621.7001953125,6719.0,6572.2001953125,6719.0,592991
2025-01-10,6570.59130859375,6584.10009765625,6626.0,6480.0,6601.0,768200
2025-01-13,6211.62939453125,6224.39990234375,6523.85009765625,6155.0,6462.64990234375,1068954
2025-01-14,6148.50927734375,6161.14990234375,6317.0,6138.0,6237.39990234375,1130732
2025-01-15,6377.13916015625,6390.25,6519.0,6164.7001953125,6200.0,1463322
2025-01-16,6198.80517578125,6211.5498046875,6498.0,6150.5,6498.0,1477566
2025-01-17,6203.79541015625,6216.5498046875,6310.0,6080.0,6216.9501953125,770051
2025-01-20,6077.50537109375,6090.0,6225.0,6074.0498046875,6210.0,909757
2025-01-21,5725.1796875,5736.9501953125,6109.0,5723.2998046875,6090.60009765625,1553225
2025-01-22,5614.806640625,5626.35009765625,5748.0,5568.0,5736.0,1377528
2025-01-23,5721.83642578125,5733.60009765625,5792.4501953125,5605.0498046875,5620.0,2106761
2025-01-24,5479.185546875,5490.4501953125,5755.0498046875,5466.4501953125,5720.0,1119070
2025-01-27,5401.4951171875,5412.60009765625,5545.4501953125,5350.0,5477.0,1186126
2025-01-28,5443.90771484375,5455.10009765625,5538.89990234375,5317.2001953125,5484.0,1136463
2025-01-29,5585.666015625,5597.14990234375,5651.89990234375,5415.7001953125,5495.0,701998
2025-01-30,5499.89306640625,5511.2001953125,5634.0,5456.7998046875,5600.0,575077
2025-01-31,5741.396484375,5753.2001953125,5817.64990234375,5527.75,5569.0,1029356
2025-02-01,6176.80078125,6189.5,6270.39990234375,5677.0498046875,5780.0,2120509
2025-02-03,6122.5126953125,6135.10009765625,6232.5,6035.9501953125,6210.0,1498258
2025-02-04,5738.501953125,5750.2998046875,6190.0,5653.4501953125,6169.9501953125,2602288
2025-02-05,5738.1533203125,5749.9501953125,5906.2001953125,5725.39990234375,5765.7001953125,1428644
2025-02-06,5266.2734375,5277.10009765625,5845.0,5245.0,5845.0,6021478
2025-02-07,5443.208984375,5454.39990234375,5517.75,5255.0,5321.39990234375,2846965
2025-02-10,5186.087890625,5196.75,5490.0,5170.0,5460.0,1529876
2025-02-11,5217.623046875,5228.35009765625,5250.0,5135.0,5211.5498046875,1596380
2025-02-12,5226.5546875,5237.2998046875,5290.0,5113.2998046875,5228.35009765625,1313946
2025-02-13,5246.0146484375,5256.7998046875,5378.0,5204.2998046875,5246.64990234375,986050
2025-02-14,5106.85107421875,5117.35009765625,5325.0,5033.2001953125,5268.0,888168
2025-02-17,5085.99365234375,5096.4501953125,5159.2998046875,4998.14990234375,5110.0,1078162
2025-02-18,4987.49609375,4997.75,5119.4501953125,4928.25,5100.0,721122
2025-02-19,4981.208984375,4991.4501953125,5103.2998046875,4940.0,4960.0,764148
2025-02-20,5089.03759765625,5099.5,5137.2998046875,4951.4501953125,4960.0,812700
2025-02-21,5037.8427734375,5048.2001953125,5167.9501953125,5023.0,5088.0,912164
2025-02-24,5055.60595703125,5066.0,5080.0,4928.25,4998.60009765625,823625
2025-02-25,4949.72412109375,4959.89990234375,5129.25,4936.2998046875,5090.0,976304
2025-02-27,4795.4404296875,4805.2998046875,4959.0,4770.10009765625,4951.0,997906
2025-02-28,4841.59619140625,4851.5498046875,4876.39990234375,4715.0,4760.0,2178604
2025-03-03,4936.75048828125,4946.89990234375,5022.9501953125,4775.0,4900.0498046875,1415550
2025-03-04,4989.54150390625,4999.7998046875,5069.89990234375,4865.7001953125,4898.89990234375,898723
2025-03-05,5095.6240234375,5106.10009765625,5320.0,4987.0,4987.0,2128488
2025-03-06,5059.09912109375,5069.5,5174.5,4970.9501953125,5174.5,1499675
2025-03-07,4989.591796875,4999.85009765625,5099.9501953125,4985.0,5075.0,690809
2025-03-10,4789.8525390625,4799.7001953125,4997.85009765625,4787.75,4990.0,1217553
2025-03-11,4985.201171875,4995.4501953125,5045.0,4722.9501953125,4739.7001953125,1437957
2025-03-12,5005.06005859375,5015.35009765625,5105.0,4960.0,5010.60009765625,1026027
2025-03-13,5012.095703125,5022.39990234375,5107.89990234375,4970.10009765625,5030.0,860279
2025-03-17,5148.96435546875,5159.5498046875,5179.89990234375,5014.0,5022.39990234375,856529
2025-03-18,5148.96435546875,5159.5498046875,5159.5498046875,5159.5498046875,5159.5498046875,0
2025-03-19,5220.11767578125,5230.85009765625,5299.89990234375,5194.60009765625,5276.0498046875,957079
2025-03-20,5210.83642578125,5221.5498046875,5275.5498046875,5158.7998046875,5247.0,759448
2025-03-21,5139.4833984375,5150.0498046875,5293.4501953125,5125.5,5224.5,1197537
2025-03-24,5044.32958984375,5054.7001953125,5168.14990234375,5044.7998046875,5150.4501953125,908085
2025-03-25,5174.412109375,5185.0498046875,5248.7998046875,5066.0,5121.4501953125,1461587
2025-03-26,5311.03125,5321.9501953125,5410.0,5118.5,5205.0,1625697
2025-03-27,5411.1748046875,5422.2998046875,5444.9501953125,5335.7998046875,5359.0,1670468
2025-03-28,5314.22412109375,5325.14990234375,5525.9501953125,5290.0,5422.9501953125,1535964
2025-04-01,5565.30859375,5576.75,5614.9501953125,5334.2001953125,5350.85009765625,2260895
2025-04-02,5670.84130859375,5682.5,5702.0,5515.7998046875,5630.5498046875,1491897
2025-04-03,5663.65576171875,5675.2998046875,5751.0,5610.0,5630.0,960710
2025-04-04,5551.43701171875,5562.85009765625,5688.0,5544.39990234375,5688.0,680922
2025-04-07,4731.22314453125,4740.9501953125,5006.60009765625,4488.0,5006.60009765625,7644740
2025-04-08,4757.41943359375,4767.2001953125,4964.0498046875,4684.2001953125,4903.0,3035242
2025-04-09,4610.72119140625,4620.2001953125,4767.2001953125,4605.0,4767.0,1598513
2025-04-11,4770.74169921875,4780.5498046875,4830.0,4660.75,4782.5,1894062
2025-04-15,4866.994140625,4877.0,4985.0,4830.5,4879.0,1587931
2025-04-16,5025.16845703125,5035.5,5049.5,4852.0,4922.0,1589998
2025-04-17,5119.9736328125,5130.5,5144.0,4954.0,5052.0,1464066
2025-04-21,5349.0029296875,5360.0,5374.5,5126.0,5180.0,1309441
2025-04-22,5312.07861328125,5323.0,5418.5,5300.0,5379.0,1166872
2025-04-23,5318.06640625,5329.0,5382.0,5210.5,5350.5,970478
2025-04-24,5312.57763671875,5323.5,5399.0,5256.0,5311.0,1039905
2025-04-25,5134.4443359375,5145.0,5356.0,5105.0,5334.0,1030377
2025-04-28,5198.81201171875,5209.5,5252.0,5115.0,5124.5,982085
2025-04-29,5380.4384765625,5391.5,5510.0,5175.0,5221.0,1420743
2025-04-30,5161.88720703125,5172.5,5435.0,5120.0,5435.0,2709549
2025-05-02,5143.42529296875,5154.0,5268.5,5129.5,5172.5,756554
2025-05-05,5359.4814453125,5370.5,5382.0,5155.0,5175.0,1310015
2025-05-06,5213.28173828125,5224.0,5423.5,5210.0,5381.0,709414
2025-05-07,5222.263671875,5233.0,5271.0,5142.5,5145.0,711009
2025-05-08,5215.77685546875,5226.5,5319.0,5179.5,5233.0,926044
2025-05-09,5102.509765625,5113.0,5207.5,5063.5,5063.5,778167
2025-05-12,5429.8369140625,5441.0,5478.0,5225.0,5330.0,1203631
2025-05-13,5315.5712890625,5326.5,5456.5,5320.0,5444.0,728870
2025-05-14,5350.99853515625,5362.0,5412.0,5291.5,5340.0,557468
2025-05-15,5566.056640625,5577.5,5630.0,5311.5,5362.0,1521892
2025-05-16,5571.54541015625,5583.0,5610.5,5545.0,5594.0,808195
2025-05-19,5539.61083984375,5551.0,5639.0,5530.0,5610.0,604580
2025-05-20,5438.3193359375,5449.5,5604.0,5433.0,5604.0,748551
2025-05-21,5432.33154296875,5443.5,5537.5,5370.0,5450.5,607763
2025-05-22,5331.0400390625,5342.0,5449.0,5285.0,5441.0,962354
2025-05-23,5424.34814453125,5435.5,5499.5,5403.5,5405.0,1127412
2025-05-26,5514.66259765625,5526.0,5536.5,5416.5,5455.0,640440
2025-05-27,5561.56591796875,5573.0,5633.0,5485.0,5525.0,1019222
2025-05-28,5547.5947265625,5559.0,5600.5,5535.0,5587.0,452258
2025-05-29,5645.3935546875,5657.0,5689.5,5568.0,5570.0,1192069
2025-05-30,5631.92138671875,5643.5,5728.0,5625.0,5656.0,1440608
2025-06-02,5609.96630859375,5621.5,5681.0,5570.0,5681.0,504095
2025-06-03,5578.53125,5590.0,5660.0,5568.0,5646.5,510323
2025-06-04,5495.20263671875,5506.5,5607.0,5481.5,5590.0,748937
2025-06-05,5661.36083984375,5673.0,5709.0,5516.0,5539.0,1212876
2025-06-06,5765.1474609375,5777.0,5806.5,5614.5,5700.0,1034577
2025-06-09,5901.36767578125,5913.5,5924.5,5764.5,5818.0,1377600
2025-06-10,5802.0712890625,5814.0,5955.0,5805.0,5929.0,683305
2025-06-11,5764.6484375,5776.5,5838.0,5759.5,5817.0,545428
2025-06-12,5619.19677734375,5627.5,5838.0,5611.0,5776.5,974013
2025-06-13,5581.751953125,5590.0,5617.5,5481.0,5505.5,711911
2025-06-16,5671.11962890625,5679.5,5695.0,5561.5,5589.0,605268
2025-06-17,5618.1982421875,5626.5,5702.0,5602.0,5687.0,529572
2025-06-18,5726.5380859375,5735.0,5759.0,5627.0,5654.0,864129
2025-06-19,5715.0546875,5723.5,5800.0,5665.0,5800.0,886990
2025-06-20,5888.79833984375,5897.5,6030.0,5720.0,5756.0,10424185
2025-06-23,6110.9697265625,6120.0,6210.0,5830.0,5850.0,2271641
2025-06-24,6048.56201171875,6057.5,6205.0,6033.0,6174.0,1459591
2025-06-25,6115.46337890625,6124.5,6156.0,6080.0,6090.0,815696
2025-06-26,6097.9892578125,6107.0,6135.0,6013.0,6123.0,851467
2025-06-27,6010.6181640625,6019.5,6159.0,5982.0,6119.0,1935325
2025-06-30,6208.326171875,6217.5,6261.0,5968.0,6050.0,2136461
2025-07-01,6134.9345703125,6144.0,6226.5,6130.0,6226.5,558024
2025-07-02,6213.31884765625,6222.5,6252.0,6063.0,6130.5,1159148
2025-07-03,6181.865234375,6191.0,6258.0,6142.5,6234.0,750787
2025-07-04,5447.94970703125,5456.0,5785.0,5350.0,5675.0,7516962
2025-07-07,5490.88623046875,5499.0,5522.5,5440.5,5500.0,1445372
2025-07-08,5431.97314453125,5440.0,5517.5,5370.0,5512.5,1699343
2025-07-09,5400.0205078125,5408.0,5504.5,5400.0,5440.0,969206
2025-07-10,5422.986328125,5431.0,5445.0,5387.0,5430.0,947485
2025-07-11,5356.08544921875,5364.0,5419.0,5339.5,5419.0,942210
2025-07-14,5306.658203125,5314.5,5393.0,5287.5,5368.0,829406
2025-07-15,5382.046875,5390.0,5405.0,5309.0,5329.5,577430
2025-07-16,5374.05859375,5382.0,5470.0,5375.0,5415.0,716193
2025-07-17,5409.50634765625,5417.5,5455.0,5375.0,5400.0,490075
2025-07-18,5367.0693359375,5375.0,5443.5,5356.5,5425.0,418316
2025-07-21,5368.06787109375,5376.0,5398.5,5349.0,5375.5,404842
2025-07-22,5352.59033203125,5360.5,5454.0,5351.0,5409.5,451766
2025-07-23,5351.0927734375,5359.0,5390.5,5320.0,5383.0,521291
2025-07-24,5146.39501953125,5154.0,5328.5,5141.0,5315.0,1326255
2025-07-25,5035.55908203125,5043.0,5171.5,5033.0,5154.0,1136699
2025-07-28,4986.63134765625,4994.0,5109.5,4980.5,5043.0,1450708
2025-07-29,4994.1201171875,5001.5,5052.0,4957.5,4994.0,1285403
2025-07-30,5036.05810546875,5043.5,5073.5,4987.5,5011.5,640920
2025-07-31,5010.595703125,5018.0,5077.0,4964.5,4975.0,752111
2025-08-01,5172.35693359375,5180.0,5275.5,5005.0,5034.0,2034517
2025-08-04,5241.2548828125,5249.0,5289.0,5162.5,5275.0,790968
2025-08-05,5309.65380859375,5317.5,5356.0,5200.0,5245.0,976873
2025-08-06,5348.59619140625,5356.5,5430.0,5318.0,5350.0,2486662
2025-08-07,5295.6748046875,5303.5,5440.0,5210.5,5285.0,2293342
2025-08-08,5309.15478515625,5317.0,5374.0,5238.5,5330.0,1192637
2025-08-11,5435.46826171875,5443.5,5487.0,5306.5,5330.0,1110381
2025-08-12,5357.5830078125,5365.5,5460.0,5357.5,5443.5,441837
2025-08-13,5390.53466796875,5398.5,5445.0,5360.0,5365.5,615620
2025-08-14,5362.57568359375,5370.5,5440.0,5360.0,5424.0,697401
2025-08-18,5510.8564453125,5519.0,5623.0,5501.0,5530.0,1714061
2025-08-19,5487.890625,5496.0,5561.5,5465.0,5550.0,548359
2025-08-20,5444.9541015625,5453.0,5498.0,5432.0,5496.0,636301
2025-08-21,5444.45458984375,5452.5,5547.0,5439.0,5457.0,607314
2025-08-22,5410.005859375,5418.0,5484.5,5404.0,5452.5,443698
2025-08-25,5414.99853515625,5423.0,5485.5,5404.0,5460.0,656081
2025-08-26,5287.18701171875,5295.0,5447.0,5272.0,5420.0,949915
2025-08-28,5227.77490234375,5235.5,5298.0,5215.0,5295.0,784214
2025-08-29,5290.1826171875,5298.0,5411.0,5230.0,5239.0,1333724
2025-09-01,5441.95849609375,5450.0,5462.0,5304.0,5321.0,688959
2025-09-02,5404.0146484375,5412.0,5472.0,5386.0,5450.0,541160
2025-09-03,5470.91552734375,5479.0,5500.0,5350.0,5416.0,832845
2025-09-04,5520.841796875,5529.0,5674.0,5503.0,5525.0,1412461
2025-09-05,5520.3427734375,5528.5,5617.0,5494.0,5557.0,622758
2025-09-08,5307.65673828125,5315.5,5555.5,5300.0,5540.0,876255
2025-09-09,5210.7998046875,5218.5,5347.0,5206.0,5330.0,1014203
2025-09-10,5185.337890625,5193.0,5260.5,5171.0,5250.0,898752
2025-09-11,5163.3701171875,5171.0,5214.5,5150.0,5214.5,585140
2025-09-12,5122.4306640625,5130.0,5202.0,5125.0,5179.0,625409
2025-09-15,5125.42626953125,5133.0,5175.0,5109.0,5131.0,955394
2025-09-16,5139.90478515625,5147.5,5156.5,5115.0,5154.0,703169
2025-09-17,5189.8310546875,5197.5,5248.0,5163.5,5180.0,828577
2025-09-18,5136.41015625,5144.0,5225.0,5134.0,5215.0,810331
2025-09-19,5072.50439453125,5080.0,5158.0,5074.0,5149.0,1105187
2025-09-22,5003.10693359375,5010.5,5138.0,4990.0,5089.5,799543
2025-09-23,4883.783203125,4891.0,5019.5,4846.0,5010.5,2734495
2025-09-24,4889.7744140625,4897.0,4963.5,4879.5,4938.0,941080
2025-09-25,4735.50244140625,4742.5,4928.5,4710.0,4914.5,1518468
2025-09-26,4672.09619140625,4679.0,4775.0,4660.0,4739.0,1038283
2025-09-29,4723.52001953125,4730.5,4747.0,4686.0,4700.0,815624
2025-09-30,4670.59814453125,4677.5,4746.0,4666.0,4744.5,751802
2025-10-01,4824.8701171875,4832.0,4849.89990234375,4701.10009765625,4711.0,1270493
2025-10-03,4808.5947265625,4815.7001953125,4836.5,4738.0,4804.0,1070640
2025-10-06,4770.2509765625,4777.2998046875,4908.0,4689.60009765625,4817.0,1075080
2025-10-07,4679.0859375,4686.0,4721.89990234375,4590.0,4695.0,2789651
2025-10-08,4609.7880859375,4616.60009765625,4746.0,4606.39990234375,4709.0,1114855
2025-10-09,4654.0224609375,4660.89990234375,4676.89990234375,4601.2001953125,4630.0,749429
2025-10-10,4684.17822265625,4691.10009765625,4729.89990234375,4652.10009765625,4670.0,735165
2025-10-13,4674.6923828125,4681.60009765625,4695.0,4626.0,4677.10009765625,602116
2025-10-14,4610.3876953125,4617.2001953125,4700.0,4598.60009765625,4690.0,913650
2025-10-15,4717.2294921875,4724.2001953125,4752.10009765625,4610.10009765625,4617.2001953125,1298534
2025-10-16,4786.3271484375,4793.39990234375,4808.5,4727.60009765625,4743.0,1140794
2025-10-17,4807.29638671875,4814.39990234375,4850.0,4747.0,4793.39990234375,1243932
2025-10-20,4795.2138671875,4802.2998046875,4835.2998046875,4772.0,4821.89990234375,610816
2025-10-21,4784.03076171875,4791.10009765625,4839.0,4772.0,4827.0,82502
2025-10-23,4776.2421875,4783.2998046875,4866.5,4766.89990234375,4800.0,769642
2025-10-24,4782.533203125,4789.60009765625,4806.89990234375,4760.0,4796.0,519615
2025-10-27,4791.61962890625,4798.7001953125,4831.7001953125,4786.39990234375,4810.0,414172
2025-10-28,4718.427734375,4725.39990234375,4828.39990234375,4692.5,4800.60009765625,616890
2025-10-29,4773.54638671875,4780.60009765625,4788.0,4735.0,4735.0,305268
2025-10-30,4737.49951171875,4744.5,4784.7998046875,4724.0,4781.10009765625,346569
2025-10-31,4687.37353515625,4694.2998046875,4748.89990234375,4685.2001953125,4745.0,498496
2025-11-03,4706.4453125,4713.39990234375,4720.0,4655.2001953125,4694.2998046875,292566
2025-11-04,4653.72314453125,4660.60009765625,4724.89990234375,4646.0,4720.0,475909
2025-11-06,4672.2958984375,4679.2001953125,4704.10009765625,4635.0,4660.60009765625,476465
2025-11-07,4620.47216796875,4627.2998046875,4708.10009765625,4611.2001953125,4679.5,543059
2025-11-10,4277.37939453125,4283.7001953125,4579.89990234375,4262.60009765625,4568.0,6807962
2025-11-11,4309.431640625,4315.7998046875,4365.0,4263.10009765625,4295.0,1802510
2025-11-12,4369.34326171875,4375.7998046875,4396.7001953125,4295.0,4330.0,937925
2025-11-13,4320.01611328125,4326.39990234375,4402.89990234375,4312.89990234375,4378.0,926858
2025-11-14,4384.720703125,4391.2001953125,4399.89990234375,4327.0,4335.0,808967
2025-11-17,4398.10107421875,4404.60009765625,4414.10009765625,4375.0,4391.89990234375,551524
2025-11-18,4367.5458984375,4374.0,4409.89990234375,4359.89990234375,4404.60009765625,316742
2025-11-19,4352.46826171875,4358.89990234375,4388.89990234375,4330.89990234375,4380.0,593957
2025-11-20,4382.423828125,4388.89990234375,4417.7998046875,4352.10009765625,4352.2001953125,513726
2025-11-21,4352.66796875,4359.10009765625,4397.0,4355.0,4397.0,411274
2025-11-24,4304.5390625,4310.89990234375,4370.0,4299.0,4370.0,1144110
2025-11-25,4237.63818359375,4243.89990234375,4319.5,4235.7998046875,4310.89990234375,1019740
2025-11-26,4286.06640625,4292.39990234375,4352.60009765625,4246.5,4246.5,804098
2025-11-27,4259.80517578125,4266.10009765625,4320.10009765625,4244.0,4305.5,669342
2025-11-28,4244.12841796875,4250.39990234375,4283.2001953125,4236.7998046875,4276.10009765625,549814
2025-12-01,4209.67919921875,4215.89990234375,4285.0,4199.89990234375,4270.0,542859
2025-12-02,4220.263671875,4226.5,4239.60009765625,4203.0,4218.10009765625,491997
2025-12-03,4182.0205078125,4188.2001953125,4226.2998046875,4158.0,4226.0,709367
2025-12-04,4209.5791015625,4215.7998046875,4234.7998046875,4161.10009765625,4188.10009765625,427254
2025-12-05,4176.927734375,4183.10009765625,4225.0,4165.0,4215.0,679735
2025-12-08,4084.46435546875,4090.5,4202.0,4075.10009765625,4183.10009765625,1028704
2025-12-09,4079.371826171875,4085.39990234375,4118.10009765625,3988.0,4049.60009765625,1671211
2025-12-10,4012.37109375,4018.300048828125,4138.0,4010.10009765625,4080.0,737740
2025-12-11,4041.52783203125,4047.5,4060.60009765625,3930.10009765625,4022.0,1815905
2025-12-12,4069.38671875,4075.39990234375,4092.800048828125,4049.89990234375,4077.89990234375,534723
2025-12-15,4102.93701171875,4109.0,4129.2001953125,4012.5,4067.0,459769
2025-12-16,4102.6376953125,4108.7001953125,4143.7001953125,4085.5,4115.0,562479
2025-12-17,4039.231201171875,4045.199951171875,4119.89990234375,4036.0,4100.10009765625,460320
2025-12-18,4024.0537109375,4030.0,4056.800048828125,3993.699951171875,4050.0,614346
2025-12-19,4056.2060546875,4062.199951171875,4072.0,4025.0,4034.0,501005
2025-12-22,4200.5927734375,4206.7998046875,4225.0,4063.89990234375,4080.0,1316448
2025-12-23,4183.21826171875,4189.39990234375,4236.10009765625,4176.60009765625,4234.0,662345
2025-12-24,4283.2705078125,4289.60009765625,4313.2998046875,4183.10009765625,4209.0,960632
2025-12-26,4278.9765625,4285.2998046875,4338.39990234375,4263.0,4290.0,1029780
2025-12-29,4219.7646484375,4226.0,4319.89990234375,4211.10009765625,4303.2001953125,423139
2025-12-30,4201.49169921875,4207.7001953125,4257.7001953125,4187.7998046875,4226.0,670540
2025-12-31,4272.6865234375,4279.0,4288.10009765625,4212.0,4225.0,426359
2026-01-01,2860.7060546875,2864.933349609375,2872.0,2837.199951171875,2852.666748046875,561898
2026-01-02,2935.395751953125,2939.7333984375,2958.60009765625,2859.7333984375,2866.666748046875,1343563
2026-01-05,2948.842529296875,2953.199951171875,2971.333251953125,2904.666748046875,2939.7333984375,764686
2026-01-06,2694.41845703125,2698.39990234375,2805.533447265625,2662.666748046875,2805.533447265625,9216280
2026-01-07,2703.005859375,2707.0,2714.333251953125,2658.800048828125,2700.0,2216505
2026-01-08,2656.34130859375,2660.2666015625,2729.666748046875,2653.333251953125,2719.199951171875,1294783
2026-01-09,2644.692138671875,2648.60009765625,2672.666748046875,2634.0,2653.333251953125,1153431
2026-01-12,2700.2763671875,2704.2666015625,2710.666748046875,2639.2666015625,2660.0,1362049
2026-01-13,2610.7421875,2614.60009765625,2706.666748046875,2551.86669921875,2705.333251953125,2478213
2026-01-14,2617.5986328125,2621.466552734375,2633.333251953125,2590.800048828125,2604.0,1082931
2026-01-15,2617.5986328125,2621.466552734375,2621.466552734375,2621.466552734375,2621.466552734375,0
2026-01-16,2595.964111328125,2599.800048828125,2651.86669921875,2593.333251953125,2606.666748046875,1300899
2026-01-19,2626.518798828125,2630.39990234375,2637.2666015625,2587.333251953125,2599.7333984375,933921
2026-01-20,2553.62646484375,2557.39990234375,2642.60009765625,2546.199951171875,2642.0,1369123
2026-01-21,2505.897216796875,2509.60009765625,2564.066650390625,2462.066650390625,2557.333251953125,2146752
2026-01-22,2532.125,2535.86669921875,2565.933349609375,2511.7333984375,2516.39990234375,1749508
2026-01-23,2500.23876953125,2503.933349609375,2560.0,2496.0,2560.0,711565
2026-01-27,2526.33349609375,2530.066650390625,2545.333251953125,2478.7333984375,2517.7333984375,1495369
2026-01-28,2572.198974609375,2576.0,2583.0,2534.066650390625,2538.666748046875,969787
2026-01-29,2545.4384765625,2549.199951171875,2571.800048828125,2505.333251953125,2566.666748046875,1154493
2026-01-30,2519.943115234375,2523.666748046875,2561.199951171875,2500.7333984375,2543.333251953125,1605357
2026-02-02,2476.93994140625,2480.60009765625,2486.60009765625,2430.0,2486.0,1570212
2026-02-03,2544.77294921875,2548.533447265625,2600.066650390625,2527.39990234375,2600.0,1116022
2026-02-04,2671.11962890625,2675.066650390625,2713.333251953125,2536.666748046875,2556.0,2888310
2026-02-05,2750.135986328125,2754.199951171875,2761.60009765625,2575.333251953125,2648.933349609375,5756748
2026-02-06,2738.48681640625,2742.533447265625,2771.333251953125,2696.2666015625,2762.933349609375,1673695
2026-02-09,2776.697021484375,2780.800048828125,2825.7333984375,2731.933349609375,2744.666748046875,1492629
2026-02-10,2785.48388671875,2789.60009765625,2803.2666015625,2771.7333984375,2793.333251953125,974880
2026-02-11,2808.449951171875,2812.60009765625,2818.666748046875,2755.13330078125,2803.333251953125,850761
2026-02-12,2852.85107421875,2857.066650390625,2865.60009765625,2788.533447265625,2812.60009765625,1421169
2026-02-13,2830.484130859375,2834.666748046875,2866.0,2796.7333984375,2831.39990234375,997642
2026-02-16,2815.50634765625,2819.666748046875,2865.333251953125,2801.666748046875,2822.666748046875,1048090
2026-02-17,2777.162841796875,2781.2666015625,2816.60009765625,2753.333251953125,2810.0,589263
2026-02-18,2787.34765625,2791.466552734375,2800.666748046875,2758.0,2781.2666015625,559431
2026-02-19,2707.931884765625,2711.933349609375,2787.39990234375,2702.0,2787.333251953125,880942
2026-02-20,2723.30908203125,2727.333251953125,2750.0,2694.466552734375,2709.86669921875,507846
2026-02-23,2699.27783203125,2703.2666015625,2746.60009765625,2693.333251953125,2723.333251953125,1011306
2026-02-24,2616.99951171875,2620.86669921875,2706.7333984375,2600.0,2706.666748046875,1064977
2026-02-25,2610.808837890625,2614.666748046875,2643.0,2600.0,2626.533447265625,593319
2026-02-26,2566.873779296875,2570.666748046875,2631.13330078125,2561.933349609375,2614.666748046875,1642408
2026-02-27,2595.830810546875,2599.666748046875,2620.0,2560.0,2570.666748046875,1464748
2026-03-02,2561.881103515625,2565.666748046875,2591.7333984375,2503.333251953125,2503.666748046875,1202169
2026-03-04,2500.837890625,2504.533447265625,2532.0,2480.666748046875,2526.86669921875,1216759
2026-03-05,2523.53759765625,2527.2666015625,2536.533447265625,2475.666748046875,2510.0,1072954
2026-03-06,2478.20458984375,2481.86669921875,2552.666748046875,2477.199951171875,2523.333251953125,547650
2026-03-09,2455.970947265625,2459.60009765625,2467.666748046875,2386.666748046875,2405.933349609375,1435404
2026-03-10,2473.212158203125,2476.86669921875,2499.933349609375,2460.0,2499.933349609375,1089144
2026-03-11,2414.698486328125,2418.2666015625,2484.7333984375,2405.800048828125,2476.666748046875,1027122
2026-03-12,2352.257568359375,2355.7333984375,2402.066650390625,2335.0,2402.0,1483744
2026-03-13,2321.76904296875,2325.199951171875,2389.066650390625,2313.466552734375,2339.933349609375,1823805
2026-03-16,2393.862548828125,2397.39990234375,2408.2666015625,2285.2666015625,2325.199951171875,1955878
2026-03-17,2419.4248046875,2423.0,2435.333251953125,2366.666748046875,2395.333251953125,1113102
2026-03-18,2423.68505859375,2427.2666015625,2480.0,2414.0,2424.0,968137
2026-03-19,2317.841552734375,2321.2666015625,2400.0,2315.066650390625,2400.0,1047360
2026-03-20,2369.565185546875,2373.066650390625,2398.666748046875,2337.60009765625,2339.333251953125,1255825
2026-03-23,2234.498046875,2237.800048828125,2334.800048828125,2226.86669921875,2334.800048828125,1439566
2026-03-24,2240.4228515625,2243.7333984375,2300.666748046875,2227.39990234375,2300.066650390625,1347820
2026-03-25,2315.844482421875,2319.2666015625,2354.86669921875,2260.0,2277.066650390625,1629700
2026-03-27,2263.055908203125,2266.39990234375,2337.2666015625,2249.066650390625,2300.666748046875,1932445
2026-03-30,2193.9580078125,2197.199951171875,2255.7333984375,2183.666748046875,2200.0,2753815
2026-04-01,2347.531005859375,2351.0,2359.933349609375,2265.333251953125,2298.0,2443438
2026-04-02,2363.573974609375,2367.066650390625,2378.2666015625,2266.800048828125,2290.0,1696813
2026-04-06,2551.96240234375,2555.7333984375,2579.666748046875,2423.2666015625,2423.2666015625,7316710
2026-04-07,2544.90625,2548.666748046875,2599.199951171875,2517.533447265625,2545.466552734375,2988603
2026-04-08,2599.491943359375,2603.333251953125,2666.0,2594.533447265625,2640.0,2138406
2026-04-09,2563.345458984375,2567.13330078125,2625.666748046875,2560.800048828125,2605.333251953125,1124460
2026-04-10,2607.1474609375,2611.0,2646.0,2580.86669921875,2586.666748046875,1779396
2026-04-13,2579.787841796875,2583.60009765625,2599.86669921875,2542.0,2559.0,639277
2026-04-15,2648.219970703125,2652.13330078125,2666.0,2606.666748046875,2609.333251953125,1129743
2026-04-16,2718.183349609375,2722.199951171875,2730.199951171875,2630.066650390625,2679.800048828125,2089150
2026-04-17,2734.426025390625,2738.466552734375,2778.39990234375,2726.666748046875,2733.86669921875,1872909
2026-04-20,2824.35986328125,2828.533447265625,2851.333251953125,2751.800048828125,2766.666748046875,3342232
2026-04-21,2922.68115234375,2927.0,2963.0,2828.533447265625,2842.666748046875,3657111
2026-04-22,2951.97119140625,2956.333251953125,2998.666748046875,2891.066650390625,2957.333251953125,3895303
2026-04-23,2830.084716796875,2834.2666015625,2986.2666015625,2816.666748046875,2960.0,7204105
2026-04-24,2860.6396484375,2864.86669921875,2896.0,2800.0,2840.0,2433141
2026-04-27,2836.34228515625,2840.533447265625,2899.0,2830.933349609375,2890.666748046875,1586730
2026-04-28,2831.748779296875,2835.933349609375,2846.60009765625,2801.333251953125,2840.533447265625,1343208
2026-04-29,2814.70751953125,2818.86669921875,2869.800048828125,2812.466552734375,2848.666748046875,965358
2026-04-30,2758.98974609375,2763.066650390625,2812.2666015625,2749.333251953125,2810.066650390625,850288
2026-05-01,2758.98974609375,2763.066650390625,2763.066650390625,2763.066650390625,2763.066650390625,0
2026-05-04,2768.24267578125,2772.333251953125,2795.933349609375,2711.466552734375,2756.666748046875,1021008
2026-05-05,2752.865478515625,2756.933349609375,2772.333251953125,2717.066650390625,2766.7333984375,697752
2026-05-06,2855.64697265625,2859.86669921875,2883.0,2771.0,2771.933349609375,2076619
2026-05-07,2858.50927734375,2862.7333984375,2903.333251953125,2858.466552734375,2893.86669921875,899052
2026-05-08,2824.02685546875,2828.199951171875,2879.2666015625,2814.60009765625,2855.466552734375,812644
2026-05-11,2783.287109375,2787.39990234375,2826.0,2768.86669921875,2818.13330078125,671347
2026-05-12,2696.41552734375,2700.39990234375,2789.0,2691.7333984375,2770.666748046875,1257577
2026-05-13,2718.982177734375,2723.0,2751.333251953125,2680.666748046875,2692.333251953125,682320
2026-05-14,2750.868408203125,2754.933349609375,2777.666748046875,2732.800048828125,2732.800048828125,1006207
2026-05-15,2730.16552734375,2734.199951171875,2762.933349609375,2688.0,2754.933349609375,1025671
2026-05-18,2684.2333984375,2688.199951171875,2712.466552734375,2653.7333984375,2700.666748046875,1621033
2026-05-19,2709.0634765625,2713.066650390625,2739.800048828125,2684.066650390625,2694.0,778135
2026-05-20,2729.233642578125,2733.2666015625,2742.666748046875,2681.333251953125,2688.466552734375,751509
2026-05-21,2776.164306640625,2780.2666015625,2793.933349609375,2701.333251953125,2756.666748046875,1122106
2026-05-22,2860.10693359375,2864.333251953125,2876.60009765625,2771.533447265625,2792.666748046875,1631965
2026-05-25,2862.43701171875,2866.666748046875,2908.0,2860.0,2894.0,876774
2026-05-26,2822.2294921875,2826.39990234375,2873.533447265625,2820.0,2860.0,843390
2026-05-27,2828.220703125,2832.39990234375,2858.199951171875,2813.666748046875,2826.39990234375,644872
2026-05-28,2828.220703125,2832.39990234375,2832.39990234375,2832.39990234375,2832.39990234375,0
2026-05-29,2811.844970703125,2816.0,2890.466552734375,2793.333251953125,2840.0,1777057
2026-06-01,2767.444091796875,2771.533447265625,2837.39990234375,2761.933349609375,2822.86669921875,978147
2026-06-02,2802.791748046875,2806.933349609375,2830.199951171875,2703.60009765625,2703.60009765625,1130323
2026-06-03,2834.2119140625,2838.39990234375,2856.533447265625,2776.666748046875,2813.333251953125,817263
2026-06-04,2833.4130859375,2837.60009765625,2849.0,2751.0,2830.0,1567328
2026-06-05,2770.106689453125,2774.199951171875,2837.5,2753.0,2830.0,1346639
2026-06-08,2720.08056640625,2724.10009765625,2798.0,2708.5,2740.0,954677
2026-06-09,2767.2109375,2771.300048828125,2803.800048828125,2731.199951171875,2731.199951171875,1496702
2026-06-10,2750.63525390625,2754.699951171875,2845.5,2743.300048828125,2785.199951171875,1588046
2026-06-11,2706.89990234375,2710.89990234375,2750.0,2680.0,2748.0,980802
