Date,Adj Close,Close,High,Low,Open,Volume
,ULTRACEMCO.NS,ULTRACEMCO.NS,ULTRACEMCO.NS,ULTRACEMCO.NS,ULTRACEMCO.NS,ULTRACEMCO.NS
2021-01-01,5147.88427734375,5290.7998046875,5349.0,5279.2998046875,5316.89990234375,355623
2021-01-04,5183.3017578125,5327.2001953125,5386.85009765625,5292.0498046875,5306.9501953125,453783
2021-01-05,5196.923828125,5341.2001953125,5372.89990234375,5245.0498046875,5336.0,530958
2021-01-06,5301.17919921875,5448.35009765625,5468.5,5300.0,5360.0,701452
2021-01-07,5252.140625,5397.9501953125,5517.7001953125,5385.0,5475.0,742403
2021-01-08,5440.70556640625,5591.75,5613.2998046875,5417.5498046875,5419.0,802681
2021-01-11,5471.79248046875,5623.7001953125,5696.75,5504.9501953125,5550.0,714576
2021-01-12,5486.67919921875,5639.0,5695.9501953125,5551.0,5624.7998046875,591436
2021-01-13,5498.1123046875,5650.75,5674.0,5600.0,5650.0,423240
2021-01-14,5431.55908203125,5582.35009765625,5674.0,5560.0,5645.0,464204
2021-01-15,5304.97412109375,5452.25,5656.75,5425.75,5587.0,589866
2021-01-18,5240.51318359375,5386.0,5461.7998046875,5326.4501953125,5440.0,461596
2021-01-19,5341.80126953125,5490.10009765625,5535.0,5393.75,5400.10009765625,483417
2021-01-20,5397.26171875,5547.10009765625,5554.25,5463.89990234375,5514.0,321063
2021-01-21,5393.71044921875,5543.4501953125,5647.0,5511.39990234375,5599.0,481346
2021-01-22,5385.29443359375,5534.7998046875,5595.0,5468.0498046875,5578.0,680688
2021-01-25,5223.38818359375,5368.39990234375,5831.7998046875,5326.64990234375,5745.0,3236487
2021-01-27,5258.85400390625,5404.85009765625,5519.89990234375,5330.35009765625,5380.0,1212604
2021-01-28,5296.65478515625,5443.7001953125,5469.9501953125,5340.0,5350.0,576548
2021-01-29,5183.35009765625,5327.25,5509.7001953125,5288.0,5489.0,745559
2021-02-01,5588.98876953125,5744.14990234375,5793.25,5260.0,5384.0,1455212
2021-02-02,5958.14013671875,6123.5498046875,6199.0,5785.0,5785.0,2251712
2021-02-03,5910.60986328125,6074.7001953125,6238.0,6040.0,6155.0,952770
2021-02-04,6015.78955078125,6182.7998046875,6210.0,6041.5498046875,6093.0,683257
2021-02-05,6180.51708984375,6352.10009765625,6399.0,6120.0,6180.0,1174059
2021-02-08,6196.13330078125,6368.14990234375,6485.0,6318.0,6379.85009765625,769441
2021-02-09,6246.9716796875,6420.39990234375,6480.0,6371.85009765625,6424.7998046875,947676
2021-02-10,6219.48486328125,6392.14990234375,6589.0,6321.10009765625,6441.10009765625,1045511
2021-02-11,6253.53955078125,6427.14990234375,6468.0,6369.2998046875,6399.5,390465
2021-02-12,6224.447265625,6397.25,6480.0,6366.9501953125,6439.89990234375,408867
2021-02-15,6234.6640625,6407.75,6463.9501953125,6387.10009765625,6435.0,277851
2021-02-16,6283.361328125,6457.7998046875,6550.0,6409.9501953125,6448.0,595723
2021-02-17,6245.8046875,6419.2001953125,6544.5,6390.9501953125,6457.7998046875,555520
2021-02-18,6154.97607421875,6325.85009765625,6492.2998046875,6301.0,6492.2998046875,573974
2021-02-19,6040.7958984375,6208.5,6318.64990234375,6175.0,6315.0,499669
2021-02-22,6008.2978515625,6175.10009765625,6284.9501953125,6108.64990234375,6215.0,528408
2021-02-23,6099.12646484375,6268.4501953125,6347.89990234375,6131.0498046875,6186.0,453805
2021-02-24,6241.27978515625,6414.5498046875,6450.0,6210.0,6319.0,378560
2021-02-25,6210.8740234375,6383.2998046875,6468.0,6338.4501953125,6406.0,803072
2021-02-26,5949.8212890625,6115.0,6489.0,6060.0,6370.0,1307673
2021-03-01,6193.1171875,6365.0498046875,6389.7998046875,6170.60009765625,6218.7998046875,609302
2021-03-02,6249.59912109375,6423.10009765625,6473.85009765625,6312.10009765625,6375.0,438046
2021-03-03,6324.90869140625,6500.5,6535.0,6431.0,6450.0,467421
2021-03-04,6592.52880859375,6775.5498046875,6830.0,6394.4501953125,6429.0,1303144
2021-03-05,6626.33984375,6810.2998046875,6944.2001953125,6690.5,6690.5,1828811
2021-03-08,6488.02978515625,6668.14990234375,6847.89990234375,6641.7998046875,6840.0,658514
2021-03-09,6516.4892578125,6697.39990234375,6824.0,6660.0,6745.0,483037
2021-03-10,6581.3388671875,6764.0498046875,6789.0,6684.0,6752.10009765625,302774
2021-03-12,6458.8408203125,6638.14990234375,6853.64990234375,6612.0498046875,6768.0,673811
2021-03-15,6384.2119140625,6561.4501953125,6678.85009765625,6490.0498046875,6665.0,349036
2021-03-16,6460.59130859375,6639.9501953125,6703.0,6565.10009765625,6590.0,614224
2021-03-17,6344.125,6520.25,6670.0,6488.39990234375,6639.0,443282
2021-03-18,6334.20068359375,6510.0498046875,6636.64990234375,6466.7001953125,6595.0,345807
2021-03-19,6491.7763671875,6672.0,6700.0,6368.5498046875,6500.0,654457
2021-03-22,6546.26318359375,6728.0,6785.0,6631.2998046875,6665.89990234375,467719
2021-03-23,6751.66064453125,6939.10009765625,6958.75,6728.0498046875,6734.10009765625,890457
2021-03-24,6673.3837890625,6858.64990234375,6944.0,6840.0,6890.5,716392
2021-03-25,6486.42431640625,6666.5,6913.89990234375,6636.0,6857.2998046875,547365
2021-03-26,6553.3173828125,6735.25,6785.0,6686.4501953125,6729.7998046875,303751
2021-03-30,6602.306640625,6785.60009765625,6875.0,6746.0,6784.0,422141
2021-03-31,6555.9443359375,6737.9501953125,6856.25,6713.89990234375,6856.25,647600
2021-04-01,6712.49853515625,6898.85009765625,6933.7001953125,6731.2001953125,6766.0,531749
2021-04-05,6612.23193359375,6795.7998046875,6994.0,6735.0,6895.0,540954
2021-04-06,6554.67919921875,6736.64990234375,6849.0,6707.2001953125,6810.2998046875,508328
2021-04-07,6577.447265625,6760.0498046875,6860.0,6713.35009765625,6745.0,301479
2021-04-08,6782.9423828125,6971.25,7052.85009765625,6783.7998046875,6798.0,635298
2021-04-09,6641.4697265625,6825.85009765625,7055.9501953125,6791.85009765625,7040.0,592763
2021-04-12,6333.5673828125,6509.39990234375,6763.2998046875,6467.0,6763.2998046875,585717
2021-04-13,6426.05078125,6604.4501953125,6656.4501953125,6504.60009765625,6550.0,551188
2021-04-15,6362.66015625,6539.2998046875,6700.0,6393.64990234375,6649.0,490675
2021-04-16,6533.80908203125,6715.2001953125,6786.4501953125,6510.0,6510.0,636917
2021-04-19,6333.90869140625,6509.75,6569.4501953125,6415.0,6500.0,559506
2021-04-20,6033.35302734375,6200.85009765625,6688.60009765625,6180.0,6644.0,1272134
2021-04-22,5927.734375,6092.2998046875,6225.0,5970.2001953125,6198.0498046875,1795988
2021-04-23,5903.99365234375,6067.89990234375,6155.0,5995.7998046875,6094.0,968454
2021-04-26,6106.37548828125,6275.89990234375,6293.0,6111.25,6131.7998046875,697792
2021-04-27,6155.900390625,6326.7998046875,6345.89990234375,6235.0,6279.0,512910
2021-04-28,6188.98193359375,6360.7998046875,6405.0,6280.0,6360.0,414435
2021-04-29,6210.0478515625,6382.4501953125,6447.2998046875,6320.39990234375,6420.0,406869
2021-04-30,6109.3427734375,6278.9501953125,6424.0,6233.5498046875,6380.0,475175
2021-05-03,6178.61962890625,6350.14990234375,6380.0,6150.0,6252.0,402055
2021-05-04,6126.37060546875,6296.4501953125,6425.0,6285.0,6390.0,330346
2021-05-05,6208.00390625,6380.35009765625,6400.0,6294.39990234375,6344.9501953125,215973
2021-05-06,6232.42578125,6405.4501953125,6429.89990234375,6314.0,6400.0,246632
2021-05-07,6306.810546875,6481.89990234375,6524.0,6414.9501953125,6459.9501953125,745582
2021-05-10,6230.14013671875,6403.10009765625,6605.0,6330.0,6590.0,872011
2021-05-11,6315.27587890625,6490.60009765625,6619.9501953125,6310.39990234375,6390.0,1139377
2021-05-12,6216.27392578125,6388.85009765625,6490.5,6371.0,6464.89990234375,392657
2021-05-14,6196.083984375,6368.10009765625,6482.0,6256.89990234375,6418.0,405281
2021-05-17,6355.8974609375,6532.35009765625,6554.25,6331.0,6379.89990234375,357292
2021-05-18,6473.2890625,6653.0,6670.0,6562.60009765625,6580.0,451024
2021-05-19,6383.96875,6561.2001953125,6755.0,6520.0498046875,6630.0,475946
2021-05-20,6396.27685546875,6573.85009765625,6632.4501953125,6520.7001953125,6600.0,256088
2021-05-21,6458.30517578125,6637.60009765625,6674.75,6590.0498046875,6607.89990234375,307027
2021-05-24,6385.13623046875,6562.39990234375,6672.39990234375,6540.0498046875,6650.0,288501
2021-05-25,6379.4931640625,6556.60009765625,6637.35009765625,6527.2001953125,6627.0,176134
2021-05-26,6403.13623046875,6580.89990234375,6618.0,6525.14990234375,6594.89990234375,248015
2021-05-27,6492.9921875,6673.25,6724.9501953125,6580.25,6600.0,1707144
2021-05-28,6420.2607421875,6598.5,6735.0,6585.60009765625,6724.0,285093
2021-05-31,6526.802734375,6708.0,6721.0,6588.14990234375,6633.9501953125,328449
2021-06-01,6423.03369140625,6601.35009765625,6723.0,6560.0,6723.0,397989
2021-06-02,6416.0771484375,6594.2001953125,6670.0,6552.35009765625,6601.35009765625,567704
2021-06-03,6462.29443359375,6641.7001953125,6655.0,6575.0,6630.0,349479
2021-06-04,6484.28369140625,6664.2998046875,6685.0,6615.64990234375,6630.0,205504
2021-06-07,6664.626953125,6849.64990234375,6907.9501953125,6663.0,6689.9501953125,617042
2021-06-08,6610.86962890625,6794.39990234375,6895.0,6725.0,6895.0,218632
2021-06-09,6543.1005859375,6724.75,6787.60009765625,6682.0,6775.0,345102
2021-06-10,6528.40869140625,6709.64990234375,6763.7998046875,6681.0,6748.0,198704
2021-06-11,6482.87255859375,6662.85009765625,6754.9501953125,6650.0,6725.10009765625,193014
2021-06-14,6498.10009765625,6678.5,6685.89990234375,6580.0,6655.0,160001
2021-06-15,6488.17578125,6668.2998046875,6746.0498046875,6660.35009765625,6678.5,193128
2021-06-16,6409.4609375,6587.39990234375,6694.10009765625,6565.0,6670.5498046875,224100
2021-06-17,6523.73828125,6704.85009765625,6750.0,6550.0498046875,6555.0,637296
2021-06-18,6513.083984375,6693.89990234375,6727.9501953125,6583.35009765625,6710.0,367329
2021-06-21,6592.47998046875,6775.5,6790.0,6522.2001953125,6631.0,361652
2021-06-22,6673.67578125,6858.9501953125,6940.0,6751.4501953125,6790.0,542280
2021-06-23,6716.87646484375,6903.35009765625,6953.7001953125,6782.0,6874.7001953125,438444
2021-06-24,6773.89453125,6961.9501953125,6978.5,6889.0498046875,6900.0,278305
2021-06-25,6735.99560546875,6923.0,7000.0,6890.0,7000.0,183496
2021-06-28,6683.892578125,6869.4501953125,6979.9501953125,6858.75,6950.0,127275
2021-06-29,6640.35107421875,6824.7001953125,6880.0,6799.5,6875.0,235008
2021-06-30,6592.9658203125,6776.0,6866.0498046875,6750.0,6801.0,283145
2021-07-01,6526.07373046875,6707.25,6799.5,6690.0,6777.2998046875,274106
2021-07-02,6538.3818359375,6719.89990234375,6747.85009765625,6685.0,6747.85009765625,256489
2021-07-05,6538.33349609375,6719.85009765625,6790.0,6694.5,6720.0,134014
2021-07-06,6745.77392578125,6933.0498046875,6999.0,6727.5,6727.60009765625,681761
2021-07-07,6738.03955078125,6925.10009765625,6962.0,6811.0498046875,6936.5,382398
2021-07-08,6715.4658203125,6901.89990234375,6994.89990234375,6843.0,6918.0,365610
2021-07-09,6713.17822265625,6899.5498046875,6920.64990234375,6835.0,6890.0,170542
2021-07-12,6902.13330078125,7093.75,7114.9501953125,6905.10009765625,6905.10009765625,610763
2021-07-13,6936.28564453125,7128.85009765625,7160.0,7080.9501953125,7110.0,372867
2021-07-14,6925.77734375,7118.0498046875,7238.9501953125,7065.0,7110.2998046875,379753
2021-07-15,6995.44287109375,7189.64990234375,7220.0,7101.75,7134.35009765625,292170
2021-07-16,7136.4287109375,7334.5498046875,7360.0,7182.64990234375,7207.0,436381
2021-07-19,7114.8291015625,7312.35009765625,7385.0,7245.0,7304.7998046875,365109
2021-07-20,7224.1435546875,7424.7001953125,7544.0,7330.0,7334.2998046875,953888
2021-07-22,7257.51708984375,7459.0,7546.5,7290.0,7514.0,1163215
2021-07-23,7287.97216796875,7490.2998046875,7638.9501953125,7470.0,7599.7998046875,813619
2021-07-26,7410.95751953125,7616.7001953125,7640.0,7419.75,7515.0,369346
2021-07-27,7391.06005859375,7596.25,7675.0,7559.0,7625.0,297511
2021-07-28,7447.88232421875,7654.64990234375,7685.0,7510.0,7639.9501953125,289531
2021-07-29,7492.4453125,7700.4501953125,7718.89990234375,7636.0,7670.0,227836
2021-07-30,7413.39013671875,7619.2001953125,7730.0,7592.0,7719.7998046875,245105
2021-08-02,7471.90673828125,7642.0498046875,7718.7998046875,7621.2998046875,7622.0498046875,202451
2021-08-03,7668.6279296875,7843.25,7867.25,7608.39990234375,7649.0,385216
2021-08-04,7577.4541015625,7750.0,7911.0,7733.7998046875,7911.0,258018
2021-08-05,7488.47998046875,7659.0,7829.85009765625,7645.0,7750.0,173662
2021-08-06,7360.05419921875,7527.64990234375,7719.89990234375,7506.14990234375,7690.0,250068
2021-08-09,7328.76708984375,7495.64990234375,7616.7001953125,7474.0,7598.0,236944
2021-08-10,7307.74560546875,7474.14990234375,7545.2001953125,7426.0,7505.0,164588
2021-08-11,7286.529296875,7452.4501953125,7548.0,7366.7001953125,7465.0,129339
2021-08-12,7302.4169921875,7468.7001953125,7580.0,7432.85009765625,7457.0,206051
2021-08-13,7294.595703125,7460.7001953125,7529.4501953125,7432.0,7513.39990234375,207505
2021-08-16,7183.08447265625,7346.64990234375,7475.9501953125,7332.0498046875,7460.7001953125,191968
2021-08-17,7244.09521484375,7409.0498046875,7427.2001953125,7298.0498046875,7377.0,203995
2021-08-18,7432.2119140625,7601.4501953125,7725.0,7406.0,7425.0,724989
2021-08-20,7326.5185546875,7493.35009765625,7624.89990234375,7435.5498046875,7596.60009765625,358744
2021-08-23,7187.33740234375,7351.0,7562.35009765625,7288.0,7562.35009765625,310220
2021-08-24,7289.36474609375,7455.35009765625,7474.7001953125,7370.7001953125,7420.0,174447
2021-08-25,7217.9892578125,7382.35009765625,7487.9501953125,7370.0,7465.0,146150
2021-08-26,7144.4150390625,7307.10009765625,7418.89990234375,7301.0,7365.0,183243
2021-08-27,7397.1591796875,7565.60009765625,7594.7998046875,7318.2001953125,7330.60009765625,497367
2021-08-30,7532.28271484375,7703.7998046875,7743.60009765625,7571.0,7571.0,319952
2021-08-31,7658.06884765625,7832.4501953125,7860.0,7666.64990234375,7734.0,475968
2021-09-01,7594.0263671875,7766.9501953125,7930.0,7691.5,7832.0,352822
2021-09-02,7775.68994140625,7952.75,7993.9501953125,7761.0498046875,7804.7998046875,393057
2021-09-03,7753.2998046875,7929.85009765625,8029.5,7872.0,7995.0,198454
2021-09-06,7775.54345703125,7952.60009765625,8045.64990234375,7929.89990234375,7969.7998046875,212634
2021-09-07,7847.55322265625,8026.25,8060.0,7911.5,7952.60009765625,240683
2021-09-08,7814.94580078125,7992.89990234375,8073.2998046875,7945.25,8029.0,198064
2021-09-09,7762.88134765625,7939.64990234375,7983.0,7900.0,7936.0,159693
2021-09-13,7767.5751953125,7944.4501953125,7965.0,7905.0,7965.0,187063
2021-09-14,7681.53466796875,7856.4501953125,7973.0498046875,7850.0,7970.0,168408
2021-09-15,7646.7265625,7820.85009765625,7929.0,7790.0,7889.0,235010
2021-09-16,7592.56005859375,7765.4501953125,7869.64990234375,7730.0,7858.7001953125,216078
2021-09-17,7540.154296875,7711.85009765625,7837.64990234375,7660.75,7810.0,503207
2021-09-20,7407.328125,7576.0,7730.14990234375,7545.64990234375,7684.0,291081
2021-09-21,7423.65673828125,7592.7001953125,7688.0,7514.5,7535.0,214916
2021-09-22,7455.82421875,7625.60009765625,7670.0,7576.89990234375,7599.89990234375,206063
2021-09-23,7450.0556640625,7619.7001953125,7697.2001953125,7580.0,7642.14990234375,201988
2021-09-24,7354.04150390625,7521.5,7642.60009765625,7500.0,7633.0,341258
2021-09-27,7453.18408203125,7622.89990234375,7670.85009765625,7526.0498046875,7543.60009765625,261520
2021-09-28,7419.3544921875,7588.2998046875,7788.0,7550.0,7629.89990234375,403030
2021-09-29,7298.359375,7464.5498046875,7661.35009765625,7440.0,7550.0,490626
2021-09-30,7231.43310546875,7396.10009765625,7498.89990234375,7371.0,7490.0,422904
2021-10-01,7316.93603515625,7483.5498046875,7502.0,7356.2001953125,7396.10009765625,366658
2021-10-04,7348.27294921875,7515.60009765625,7609.89990234375,7495.0,7496.0,339796
2021-10-05,7297.8212890625,7464.0,7564.85009765625,7450.10009765625,7500.0,229310
2021-10-06,7199.0703125,7363.0,7539.0,7346.0,7498.85009765625,279814
2021-10-07,7190.85693359375,7354.60009765625,7457.9501953125,7311.9501953125,7422.0,583113
2021-10-08,7172.42724609375,7335.75,7405.2001953125,7328.0,7376.0,234324
2021-10-11,7167.04931640625,7330.25,7408.9501953125,7309.7001953125,7400.0,346054
2021-10-12,7088.73291015625,7250.14990234375,7358.0,7193.0,7314.0,407411
2021-10-13,7186.75048828125,7350.39990234375,7389.89990234375,7260.0,7263.0,347921
2021-10-14,7230.8466796875,7395.5,7457.9501953125,7340.0,7440.0,599817
2021-10-18,7234.56201171875,7399.2998046875,7644.0,7301.39990234375,7530.0,1413642
2021-10-19,7010.46484375,7170.10009765625,7489.0,7153.0,7489.0,868388
2021-10-20,6970.86669921875,7129.60009765625,7309.7998046875,7092.25,7100.0,703897
2021-10-21,6970.28076171875,7129.0,7205.39990234375,7085.0,7200.85009765625,318247
2021-10-22,6990.421875,7149.60009765625,7233.0,7100.0,7158.75,330818
2021-10-25,6990.6162109375,7149.7998046875,7174.9501953125,7007.0,7149.60009765625,245401
2021-10-26,7107.2607421875,7269.10009765625,7295.0,7150.0,7150.14990234375,372893
2021-10-27,7190.466796875,7354.2001953125,7372.0,7234.0,7271.0,364657
2021-10-28,7280.85791015625,7446.64990234375,7500.0,7354.0,7376.0,556897
2021-10-29,7466.041015625,7636.0498046875,7690.0,7343.0,7465.0,659277
2021-11-01,7601.99560546875,7775.10009765625,7811.0,7647.64990234375,7670.0,469658
2021-11-02,7541.62060546875,7713.35009765625,7815.7998046875,7688.39990234375,7787.0,177655
2021-11-03,7712.2353515625,7887.85009765625,7902.25,7730.0498046875,7759.89990234375,388455
2021-11-04,7705.34130859375,7880.7998046875,7932.89990234375,7861.7001953125,7897.0,32611
2021-11-08,8031.1728515625,8214.0498046875,8269.0,7845.0,7940.0,825196
2021-11-09,7984.19189453125,8166.0,8255.0498046875,8143.0,8200.0,253056
2021-11-10,7926.31005859375,8106.7998046875,8187.85009765625,8050.0,8145.0,209152
2021-11-11,7871.41015625,8050.64990234375,8141.85009765625,8005.0,8100.0,125814
2021-11-12,7900.83984375,8080.75,8113.7998046875,8005.0,8085.0,180509
2021-11-15,7871.556640625,8050.7998046875,8172.5498046875,8031.0,8080.0,119066
2021-11-16,7706.90625,7882.39990234375,8139.0,7856.2998046875,8120.0,277983
2021-11-17,7682.75634765625,7857.7001953125,7948.9501953125,7801.0,7845.0,183623
2021-11-18,7594.759765625,7767.7001953125,7930.0,7715.0498046875,7899.0,196805
2021-11-22,7483.39599609375,7653.7998046875,7808.60009765625,7550.60009765625,7799.0,383629
2021-11-23,7487.4541015625,7657.9501953125,7714.7001953125,7540.7001953125,7620.0,475377
2021-11-24,7408.59912109375,7577.2998046875,7768.0498046875,7550.0,7730.0,292766
2021-11-25,7439.39794921875,7608.7998046875,7634.4501953125,7517.5498046875,7560.2998046875,173989
2021-11-26,7230.11328125,7394.75,7599.0,7370.10009765625,7550.0,265808
2021-11-29,7223.7578125,7388.25,7434.9501953125,7201.39990234375,7354.5,382413
2021-11-30,7268.2451171875,7433.75,7519.0,7347.5498046875,7387.2998046875,547664
2021-12-01,7159.56982421875,7322.60009765625,7678.75,7291.0,7612.0,509749
2021-12-02,7160.15625,7323.2001953125,7389.0,7262.0,7360.0,239691
2021-12-03,7169.201171875,7332.4501953125,7455.0,7296.14990234375,7378.4501953125,401430
2021-12-06,7053.9736328125,7214.60009765625,7389.60009765625,7201.0,7344.85009765625,173852
2021-12-07,7136.8857421875,7299.39990234375,7336.9501953125,7235.0,7285.0,162646
2021-12-08,7258.66357421875,7423.9501953125,7458.75,7300.0,7329.0,209590
2021-12-09,7268.34326171875,7433.85009765625,7515.2001953125,7390.0,7476.7998046875,198582
2021-12-10,7274.7958984375,7440.4501953125,7451.85009765625,7390.2998046875,7450.0,144726
2021-12-13,7249.37451171875,7414.4501953125,7539.89990234375,7392.10009765625,7514.0,220084
2021-12-14,7221.94921875,7386.39990234375,7458.89990234375,7337.10009765625,7409.0,210516
2021-12-15,7207.23486328125,7371.35009765625,7416.0,7330.0,7416.0,113049
2021-12-16,7248.6904296875,7413.75,7440.0,7371.7998046875,7414.7998046875,140591
2021-12-17,7173.99169921875,7337.35009765625,7410.7998046875,7302.0,7410.7998046875,279606
2021-12-20,7001.42138671875,7160.85009765625,7270.0,7035.2001953125,7270.0,285814
2021-12-21,7164.2138671875,7327.35009765625,7375.0,7180.10009765625,7238.0,241099
2021-12-22,7213.0029296875,7377.25,7425.0,7312.4501953125,7320.0,158971
2021-12-23,7177.1689453125,7340.60009765625,7434.7998046875,7299.9501953125,7434.7998046875,210152
2021-12-24,7063.947265625,7224.7998046875,7450.0,7201.89990234375,7362.0,270337
2021-12-27,7083.74658203125,7245.0498046875,7295.0,7172.2998046875,7219.0,142927
2021-12-28,7241.2109375,7406.10009765625,7417.0,7275.0,7275.0,185895
2021-12-29,7255.73046875,7420.9501953125,7460.0,7373.7001953125,7385.0,219901
2021-12-30,7232.5087890625,7397.2001953125,7494.89990234375,7380.10009765625,7420.9501953125,243710
2021-12-31,7422.04296875,7591.0498046875,7659.5,7421.4501953125,7450.0,258372
2022-01-03,7551.93505859375,7723.89990234375,7750.0,7570.0498046875,7600.0,250533
2022-01-04,7480.0224609375,7650.35009765625,7772.85009765625,7611.7001953125,7749.0,315188
2022-01-05,7489.01806640625,7659.5498046875,7769.0,7595.0,7650.5,400874
2022-01-06,7292.49267578125,7458.5498046875,7699.9501953125,7425.0498046875,7639.5498046875,403448
2022-01-07,7389.68017578125,7557.9501953125,7580.0,7439.0498046875,7465.10009765625,543512
2022-01-10,7416.27392578125,7585.14990234375,7617.60009765625,7522.2998046875,7590.0,213126
2022-01-11,7436.95361328125,7606.2998046875,7679.39990234375,7561.2001953125,7609.7001953125,234296
2022-01-12,7488.1875,7658.7001953125,7729.0,7609.89990234375,7663.7998046875,297378
2022-01-13,7437.4423828125,7606.7998046875,7719.60009765625,7553.85009765625,7681.0,274893
2022-01-14,7489.99560546875,7660.5498046875,7700.0,7566.89990234375,7634.0,250253
2022-01-17,7694.8798828125,7870.10009765625,7946.0,7500.10009765625,7635.0,1216949
2022-01-18,7387.67578125,7555.89990234375,7894.0,7520.0,7807.0,565178
2022-01-19,7268.88037109375,7434.39990234375,7599.89990234375,7353.0,7599.89990234375,439305
2022-01-20,7299.2880859375,7465.5,7559.5498046875,7395.0,7470.0,249483
2022-01-21,7193.83935546875,7357.64990234375,7454.64990234375,7311.0,7430.0,207851
2022-01-24,6996.67919921875,7156.0,7365.0,7088.64990234375,7360.0,319304
2022-01-25,6940.3125,7098.35009765625,7153.89990234375,7000.0,7120.0,467078
2022-01-27,6942.61083984375,7100.7001953125,7150.2998046875,6950.0,7140.0,418032
2022-01-28,6951.556640625,7109.85009765625,7266.39990234375,7094.0,7120.89990234375,511605
2022-01-31,7055.734375,7216.39990234375,7279.5498046875,7167.60009765625,7188.89990234375,250406
2022-02-01,7348.90869140625,7516.25,7535.5,7235.2001953125,7263.2001953125,731348
2022-02-02,7275.333984375,7441.0,7575.0,7425.0,7572.7001953125,324627
2022-02-03,7211.1455078125,7375.35009765625,7485.0,7351.0,7461.0,167162
2022-02-04,7274.013671875,7439.64990234375,7529.89990234375,7380.14990234375,7389.0,462491
2022-02-07,7303.052734375,7469.35009765625,7518.9501953125,7362.5,7439.64990234375,391483
2022-02-08,7256.12109375,7421.35009765625,7499.0,7355.7998046875,7475.9501953125,270604
2022-02-09,7336.9794921875,7504.0498046875,7547.89990234375,7421.4501953125,7436.0,253643
2022-02-10,7308.08837890625,7474.5,7548.9501953125,7460.2998046875,7514.7001953125,284223
2022-02-11,7160.54736328125,7323.60009765625,7460.10009765625,7294.10009765625,7460.10009765625,265177
2022-02-14,6931.2685546875,7089.10009765625,7242.5,7050.0,7242.5,266661
2022-02-15,7127.98876953125,7290.2998046875,7318.4501953125,7031.0498046875,7100.0,255775
2022-02-16,7019.06884765625,7178.89990234375,7320.0,7166.9501953125,7285.0,322839
2022-02-17,6889.0791015625,7045.9501953125,7225.0,7030.0,7145.0,499955
2022-02-18,6762.609375,6916.60009765625,7064.85009765625,6900.0,7049.0,510600
2022-02-21,6661.755859375,6813.4501953125,6912.5498046875,6791.0,6900.0,424346
2022-02-22,6599.27734375,6749.5498046875,6770.0,6676.14990234375,6713.0,359236
2022-02-23,6629.24560546875,6780.2001953125,6866.0,6735.0,6780.0,506540
2022-02-24,6275.55029296875,6418.4501953125,6649.14990234375,6396.2001953125,6624.89990234375,610393
2022-02-25,6423.9697265625,6570.25,6656.64990234375,6520.0,6550.0,376464
2022-02-28,6421.67236328125,6567.89990234375,6602.0,6440.14990234375,6538.0,557289
2022-03-02,6256.875,6399.35009765625,6539.0,6342.0,6539.0,686927
2022-03-03,5847.54638671875,5980.7001953125,6437.14990234375,5964.85009765625,6416.0,2406110
2022-03-04,5915.59619140625,6050.2998046875,6170.0,5850.7998046875,5949.75,1336552
2022-03-07,5571.23779296875,5698.10009765625,5929.2998046875,5684.64990234375,5929.2998046875,1280108
2022-03-08,5703.57421875,5833.4501953125,5875.0,5629.2001953125,5631.0,955847
2022-03-09,5883.38037109375,6017.35009765625,6058.75,5821.2001953125,5890.0,813790
2022-03-10,5917.79638671875,6052.5498046875,6261.2001953125,6004.5498046875,6202.0,967482
2022-03-11,5886.94873046875,6021.0,6119.9501953125,5980.0,6043.0,533023
2022-03-14,5901.5166015625,6035.89990234375,6067.89990234375,5956.0498046875,6050.0,466938
2022-03-15,5887.19287109375,6021.25,6172.0,5972.0498046875,6095.85009765625,819263
2022-03-16,6165.505859375,6305.89990234375,6317.2001953125,6080.0,6130.0,888929
2022-03-17,6231.6982421875,6373.60009765625,6469.5,6340.0,6380.35009765625,979987
2022-03-21,6053.408203125,6191.25,6370.0,6176.0498046875,6370.0,531422
2022-03-22,6073.30517578125,6211.60009765625,6225.85009765625,6059.10009765625,6160.0,1073804
2022-03-23,6095.20654296875,6234.0,6312.5,6195.0498046875,6312.5,664235
2022-03-24,6210.4326171875,6351.85009765625,6379.5498046875,6200.0,6202.0,642226
2022-03-25,6172.154296875,6312.7001953125,6390.64990234375,6284.0498046875,6385.0,321023
2022-03-28,6218.3525390625,6359.9501953125,6394.9501953125,6245.0498046875,6345.0,325668
2022-03-29,6381.2919921875,6526.60009765625,6548.0,6376.0,6377.0,671879
2022-03-30,6494.8076171875,6642.7001953125,6668.7998046875,6542.5,6542.5,705385
2022-03-31,6455.306640625,6602.2998046875,6699.0,6581.0,6660.0,399272
2022-04-01,6522.03662109375,6670.5498046875,6688.85009765625,6565.0498046875,6603.0,216837
2022-04-04,6593.75341796875,6743.89990234375,6758.4501953125,6622.0,6632.0,268314
2022-04-05,6576.39892578125,6726.14990234375,6816.0,6680.0498046875,6770.0,412049
2022-04-06,6586.17626953125,6736.14990234375,6792.0,6690.0,6700.0,297453
2022-04-07,6586.6650390625,6736.64990234375,6796.5,6696.0,6696.0,234000
2022-04-08,6684.78125,6837.0,6850.0,6722.85009765625,6799.0,309692
2022-04-11,6706.046875,6858.75,6918.5,6800.0,6834.64990234375,359038
2022-04-12,6624.69873046875,6775.5498046875,6858.75,6721.7998046875,6850.0,385829
2022-04-13,6580.21240234375,6730.0498046875,6840.0,6694.2001953125,6750.0,386535
2022-04-18,6491.77685546875,6639.60009765625,6689.89990234375,6570.0498046875,6645.5,240392
2022-04-19,6439.07666015625,6585.7001953125,6764.25,6506.0498046875,6700.0,353426
2022-04-20,6655.59521484375,6807.14990234375,6827.75,6585.7001953125,6587.0,328054
2022-04-21,6694.06982421875,6846.5,6887.0,6808.0,6830.0,181457
2022-04-22,6593.94970703125,6744.10009765625,6809.9501953125,6710.10009765625,6800.0,237385
2022-04-25,6448.2177734375,6595.0498046875,6713.0498046875,6556.64990234375,6694.0,227496
2022-04-26,6511.91748046875,6660.2001953125,6694.2001953125,6615.0,6680.0,279555
2022-04-27,6402.65576171875,6548.4501953125,6629.85009765625,6536.0498046875,6575.0,327597
2022-04-28,6469.630859375,6616.9501953125,6635.0,6551.0498046875,6598.0,243308
2022-04-29,6482.6337890625,6630.25,6797.0,6520.2001953125,6617.39990234375,1139560
2022-05-02,6530.29931640625,6679.0,6730.0,6542.89990234375,6607.60009765625,329548
2022-05-04,6376.7451171875,6521.9501953125,6708.60009765625,6501.0,6679.0,228457
2022-05-05,6214.19677734375,6355.7001953125,6595.89990234375,6340.0,6560.0,344367
2022-05-06,6062.1591796875,6200.2001953125,6300.0,6160.0,6300.0,499910
2022-05-09,6086.015625,6224.60009765625,6274.89990234375,6115.0,6175.0,355285
2022-05-10,6224.70703125,6366.4501953125,6423.4501953125,6200.5498046875,6210.85009765625,359456
2022-05-11,6199.0419921875,6340.2001953125,6436.5,6209.9501953125,6369.9501953125,217452
2022-05-12,6047.7373046875,6185.4501953125,6300.0,6077.60009765625,6300.0,323730
2022-05-13,6058.58984375,6196.5498046875,6292.7998046875,6142.7998046875,6268.39990234375,319217
2022-05-16,5878.9306640625,6012.7998046875,6194.7001953125,5821.0,6194.7001953125,685657
2022-05-17,5971.76708984375,6107.75,6125.85009765625,5980.39990234375,6012.7998046875,637179
2022-05-18,6094.9619140625,6233.75,6279.0,6130.0498046875,6164.0,371945
2022-05-19,5937.39990234375,6072.60009765625,6176.39990234375,6050.0,6129.0,259111
2022-05-20,5992.2021484375,6128.64990234375,6165.0,6064.2001953125,6165.0,374540
2022-05-23,5784.5791015625,5916.2998046875,6224.0,5900.0,6174.0,528566
2022-05-24,5737.404296875,5868.0498046875,5957.60009765625,5833.64990234375,5947.9501953125,458962
2022-05-25,5663.24267578125,5792.2001953125,5979.0,5778.25,5894.0,571568
2022-05-26,5743.46630859375,5874.25,5917.0,5706.75,5821.0,512954
2022-05-27,5815.57373046875,5948.0,5976.5,5886.0498046875,5905.0,290626
2022-05-30,5966.78076171875,6102.64990234375,6156.75,5965.5498046875,6000.0,330562
2022-05-31,5947.17724609375,6082.60009765625,6140.0,6045.0498046875,6110.0,431470
2022-06-01,5842.6083984375,5975.64990234375,6099.7001953125,5950.0,6080.0,268629
2022-06-02,5874.09130859375,6007.85009765625,6023.9501953125,5906.0,5966.0,320094
2022-06-03,5552.416015625,5678.85009765625,6115.0,5610.0,6115.0,2216480
2022-06-06,5457.08740234375,5581.35009765625,5735.0,5575.0,5680.0,999722
2022-06-07,5431.51953125,5555.2001953125,5576.2998046875,5410.0,5560.0,1203977
2022-06-08,5408.689453125,5531.85009765625,5613.2998046875,5500.0,5581.9501953125,605175
2022-06-09,5359.85107421875,5481.89990234375,5535.0,5445.0,5525.0,375314
2022-06-10,5388.35205078125,5511.0498046875,5535.7001953125,5409.0,5455.89990234375,493489
2022-06-13,5236.900390625,5356.14990234375,5450.0,5337.0,5431.0,441354
2022-06-14,5307.73779296875,5428.60009765625,5498.0,5324.0,5350.0,610906
2022-06-15,5332.71923828125,5454.14990234375,5473.5498046875,5401.0,5440.89990234375,286759
2022-06-16,5187.1337890625,5305.25,5486.0,5277.0498046875,5480.0,732233
2022-06-17,5062.0322265625,5177.2998046875,5302.9501953125,5157.0498046875,5300.0,819352
2022-06-20,5214.5595703125,5333.2998046875,5347.4501953125,5161.7998046875,5179.0,506142
2022-06-21,5298.25390625,5418.89990234375,5433.0,5262.0498046875,5355.0,292408
2022-06-22,5289.5029296875,5409.9501953125,5428.0,5320.0,5400.0,214821
2022-06-23,5289.84521484375,5410.2998046875,5498.89990234375,5358.0498046875,5428.0,296712
2022-06-24,5346.55322265625,5468.2998046875,5510.0,5435.2001953125,5450.0,265862
2022-06-27,5436.45654296875,5560.25,5582.0,5488.0498046875,5510.0,226613
2022-06-28,5448.67822265625,5572.75,5585.0,5480.0,5560.0,278114
2022-06-29,5493.2138671875,5618.2998046875,5648.0,5521.10009765625,5542.0,490615
2022-06-30,5482.458984375,5607.2998046875,5649.0,5535.0,5629.0,572821
2022-07-01,5564.98046875,5691.7001953125,5699.75,5485.0,5600.0,329610
2022-07-04,5581.94384765625,5709.0498046875,5745.0,5632.10009765625,5679.89990234375,165959
2022-07-05,5602.37890625,5729.9501953125,5763.0,5700.35009765625,5710.5,307970
2022-07-06,5698.29443359375,5828.0498046875,5844.89990234375,5728.25,5750.0,371948
2022-07-07,5708.85400390625,5838.85009765625,5871.9501953125,5771.25,5855.0,261593
2022-07-08,5709.0986328125,5839.10009765625,5958.9501953125,5805.60009765625,5851.0,410980
2022-07-11,5723.9111328125,5854.25,5869.0,5780.60009765625,5820.0,189671
2022-07-12,5650.18994140625,5778.85009765625,5836.5498046875,5730.0,5823.10009765625,171919
2022-07-13,5669.84228515625,5798.9501953125,5885.0,5770.35009765625,5782.0,263686
2022-07-14,5607.36474609375,5735.0498046875,5851.9501953125,5682.25,5800.0,285686
2022-07-15,5677.76171875,5807.0498046875,5832.0,5701.0,5720.0,255753
2022-07-18,5849.20751953125,5982.39990234375,5991.0,5811.39990234375,5832.0,512929
2022-07-19,5950.3544921875,6085.85009765625,6095.9501953125,5982.64990234375,5994.89990234375,555572
2022-07-20,5953.4345703125,6089.0,6145.0,6077.0,6111.0,371187
2022-07-21,5994.20654296875,6130.7001953125,6149.14990234375,6036.0,6125.0,328612
2022-07-22,6314.90380859375,6458.7001953125,6495.0,6099.0498046875,6131.0,1441549
2022-07-25,6240.791015625,6382.89990234375,6446.7998046875,6260.0498046875,6349.0,919050
2022-07-26,6257.16845703125,6399.64990234375,6462.0498046875,6307.2001953125,6389.5,549442
2022-07-27,6389.84765625,6535.35009765625,6551.0,6365.89990234375,6390.2998046875,424070
2022-07-28,6327.17431640625,6471.25,6560.0,6445.0,6560.0,462464
2022-07-29,6399.0869140625,6544.7998046875,6577.25,6490.0,6539.7001953125,360851
2022-08-01,6509.423828125,6657.64990234375,6664.0,6560.0498046875,6587.9501953125,414339
2022-08-02,6540.54736328125,6651.2998046875,6694.0,6595.0,6627.85009765625,274658
2022-08-03,6492.7568359375,6602.7001953125,6695.0,6514.0498046875,6665.0,266360
2022-08-04,6478.35009765625,6588.0498046875,6685.35009765625,6550.0,6648.0,275815
2022-08-05,6662.384765625,6775.2001953125,6799.0,6588.0498046875,6588.0498046875,741250
2022-08-08,6566.6552734375,6677.85009765625,6775.2001953125,6647.0,6755.0,313912
2022-08-10,6485.82373046875,6595.64990234375,6742.10009765625,6580.5498046875,6724.35009765625,271291
2022-08-11,6487.25,6597.10009765625,6654.9501953125,6573.60009765625,6630.10009765625,303393
2022-08-12,6450.0791015625,6559.2998046875,6610.14990234375,6515.0,6595.0,269932
2022-08-16,6545.1689453125,6656.0,6679.0,6560.0498046875,6592.10009765625,270299
2022-08-17,6499.7880859375,6609.85009765625,6723.75,6594.0498046875,6710.0,341063
2022-08-18,6592.32080078125,6703.9501953125,6710.25,6609.10009765625,6609.10009765625,300992
2022-08-19,6536.85986328125,6647.5498046875,6782.89990234375,6606.0,6725.0,641293
2022-08-22,6359.80810546875,6467.5,6666.85009765625,6445.0498046875,6655.0,345960
2022-08-23,6387.2431640625,6495.39990234375,6580.0,6405.10009765625,6445.0,379309
2022-08-24,6399.97802734375,6508.35009765625,6533.7001953125,6452.10009765625,6452.10009765625,223101
2022-08-25,6367.2314453125,6475.0498046875,6606.0,6454.60009765625,6530.0,470687
2022-08-26,6408.630859375,6517.14990234375,6570.0,6471.0,6507.4501953125,415698
2022-08-29,6397.96142578125,6506.2998046875,6580.0,6402.0,6402.0,366457
2022-08-30,6566.6552734375,6677.85009765625,6690.0,6525.0,6538.85009765625,467147
2022-09-01,6522.06005859375,6632.5,6760.0,6605.0,6629.0,386222
2022-09-02,6467.97607421875,6577.5,6666.64990234375,6545.0,6640.0,268505
2022-09-05,6413.3515625,6521.9501953125,6619.85009765625,6496.39990234375,6575.0,385312
2022-09-06,6387.341796875,6495.5,6556.0,6456.0498046875,6540.0,341220
2022-09-07,6658.05712890625,6770.7998046875,6798.0,6431.0,6460.0,918604
2022-09-08,6804.4287109375,6919.64990234375,6939.0,6780.0,6844.0,879685
2022-09-09,6670.69384765625,6783.64990234375,7029.0,6764.14990234375,6930.0,567059
2022-09-12,6755.212890625,6869.60009765625,6900.0,6740.0,6783.64990234375,488043
2022-09-13,6781.46728515625,6896.2998046875,6969.60009765625,6855.0,6899.0,412295
2022-09-14,6761.259765625,6875.75,6964.39990234375,6760.10009765625,6790.0,543948
2022-09-15,6676.98681640625,6790.0498046875,6925.0,6758.14990234375,6909.0,437578
2022-09-16,6373.4765625,6481.39990234375,6818.75,6451.0,6790.0498046875,831639
2022-09-19,6352.28564453125,6459.85009765625,6511.9501953125,6244.60009765625,6395.0,808807
2022-09-20,6376.67236328125,6484.64990234375,6563.35009765625,6457.9501953125,6492.7001953125,373825
2022-09-21,6208.61767578125,6313.75,6532.9501953125,6296.5498046875,6500.0,616165
2022-09-22,6135.50537109375,6239.39990234375,6364.85009765625,6230.0,6300.0,492098
2022-09-23,6037.71240234375,6139.9501953125,6283.9501953125,6127.14990234375,6260.0,570526
2022-09-26,6074.24365234375,6177.10009765625,6240.0,6005.0,6119.9501953125,497458
2022-09-27,6089.7314453125,6192.85009765625,6273.9501953125,6128.0,6208.0,467962
2022-09-28,6070.1630859375,6172.9501953125,6277.64990234375,6112.0498046875,6150.0,378895
2022-09-29,6073.06298828125,6175.89990234375,6262.85009765625,6145.0,6218.0,407574
2022-09-30,6150.94482421875,6255.10009765625,6325.0,6172.0,6172.2001953125,442887
2022-10-03,6138.603515625,6242.5498046875,6355.2998046875,6229.2001953125,6286.39990234375,337932
2022-10-04,6202.52099609375,6307.5498046875,6381.85009765625,6280.14990234375,6348.89990234375,307268
2022-10-06,6182.55908203125,6287.25,6366.85009765625,6257.5,6340.0,495617
2022-10-07,6100.20361328125,6203.5,6307.2001953125,6133.39990234375,6300.0,454883
2022-10-10,6047.49609375,6149.89990234375,6173.25,6120.0,6156.2001953125,282642
2022-10-11,5975.564453125,6076.75,6205.0,6060.60009765625,6180.64990234375,276525
2022-10-12,6074.83349609375,6177.7001953125,6190.0,6057.7998046875,6085.0,223353
2022-10-13,6078.81591796875,6181.75,6216.0,6101.0,6172.0,314360
2022-10-14,6088.8955078125,6192.0,6260.0,6169.0,6260.0,249291
2022-10-17,6167.0712890625,6271.5,6281.7998046875,6082.2001953125,6170.0,453912
2022-10-18,6241.068359375,6346.75,6444.0,6290.25,6305.0,558284
2022-10-19,6291.8583984375,6398.39990234375,6446.0,6250.10009765625,6348.10009765625,919146
2022-10-20,6197.3583984375,6302.2998046875,6413.0,6277.0,6340.0,476962
2022-10-21,6256.94970703125,6362.89990234375,6421.0,6315.60009765625,6315.60009765625,307899
2022-10-24,6288.12158203125,6394.60009765625,6444.0,6370.35009765625,6440.0,56532
2022-10-25,6308.87060546875,6415.7001953125,6474.0,6387.2001953125,6420.0,313500
2022-10-27,6329.61865234375,6436.7998046875,6474.0,6372.0,6474.0,248556
2022-10-28,6338.5185546875,6445.85009765625,6470.0,6406.5,6442.0,151834
2022-10-31,6603.1376953125,6714.9501953125,6730.89990234375,6454.75,6478.10009765625,538107
2022-11-01,6707.3232421875,6820.89990234375,6850.0,6718.2001953125,6743.9501953125,429855
2022-11-02,6667.005859375,6779.89990234375,6875.0,6725.0498046875,6825.0498046875,255634
2022-11-03,6616.2158203125,6728.25,6784.0,6670.0498046875,6730.0498046875,217701
2022-11-04,6778.271484375,6893.0498046875,6960.0,6735.7998046875,6759.0,646411
2022-11-07,6857.38232421875,6973.5,7018.0,6868.0,6925.0,353341
2022-11-09,6788.54833984375,6903.5,7060.0,6858.0,7000.0,312745
2022-11-10,6688.04931640625,6801.2998046875,6895.0,6790.0,6895.0,330402
2022-11-11,6699.75146484375,6813.2001953125,6927.7998046875,6787.4501953125,6839.9501953125,293195
2022-11-14,6740.265625,6854.39990234375,6897.5,6819.39990234375,6845.0,484476
2022-11-15,6848.5810546875,6964.5498046875,7000.0,6867.0498046875,6880.0,625270
2022-11-16,6796.90673828125,6912.0,7035.0,6868.7998046875,6986.9501953125,307352
2022-11-17,6757.42529296875,6871.85009765625,6959.60009765625,6850.10009765625,6933.0,196795
2022-11-18,6700.98046875,6814.4501953125,6939.10009765625,6762.0,6900.0,296995
2022-11-21,6642.373046875,6754.85009765625,6875.85009765625,6740.5498046875,6809.7998046875,249498
2022-11-22,6729.10400390625,6843.0498046875,6917.0,6740.5498046875,6755.10009765625,393509
2022-11-23,6710.42041015625,6824.0498046875,6904.5,6801.35009765625,6877.2001953125,258946
2022-11-24,6745.96875,6860.2001953125,6890.0,6831.0,6844.89990234375,297230
2022-11-25,6759.5390625,6874.0,6943.0,6850.0,6904.0,377893
2022-11-28,6777.5341796875,6892.2998046875,6924.89990234375,6863.0,6874.0,239438
2022-11-29,6813.52490234375,6928.89990234375,7005.0,6895.0,6900.0,336266
2022-11-30,6959.15869140625,7077.0,7095.0,6905.0498046875,6948.0,489956
2022-12-01,7152.87890625,7274.0,7299.0,7035.0498046875,7100.0,1086727
2022-12-02,7116.5439453125,7237.0498046875,7299.0,7159.0,7275.0,442739
2022-12-05,7078.734375,7198.60009765625,7285.0,7157.5,7260.0,235887
2022-12-06,7121.46044921875,7242.0498046875,7273.7001953125,7140.0,7185.0498046875,312838
2022-12-07,7042.9404296875,7162.2001953125,7294.89990234375,7146.0,7255.0,324940
2022-12-08,7059.50927734375,7179.0498046875,7219.60009765625,7154.0,7199.0,262827
2022-12-09,6959.5517578125,7077.39990234375,7223.10009765625,7040.0,7201.2001953125,211582
2022-12-12,7027.845703125,7146.85009765625,7163.9501953125,6970.14990234375,7089.0,260579
2022-12-13,7104.9892578125,7225.2998046875,7243.0,7155.2001953125,7179.9501953125,285708
2022-12-14,7077.701171875,7197.5498046875,7278.9501953125,7175.0,7245.89990234375,226179
2022-12-15,6995.4443359375,7113.89990234375,7217.5498046875,7088.0,7197.5498046875,241610
2022-12-16,6897.306640625,7014.10009765625,7164.7998046875,6993.14990234375,7108.0498046875,285180
2022-12-19,6958.17529296875,7076.0,7114.39990234375,7010.0,7042.7998046875,251219
2022-12-20,6979.80908203125,7098.0,7125.0498046875,7005.60009765625,7090.0,488123
2022-12-21,6834.96240234375,6950.7001953125,7153.2998046875,6926.0,7130.5,388167
2022-12-22,6895.63427734375,7012.39990234375,7092.0,6860.0,6981.0,338708
2022-12-23,6794.34912109375,6909.39990234375,6985.0,6875.10009765625,6970.9501953125,289661
2022-12-26,6956.20849609375,7074.0,7104.89990234375,6864.35009765625,6911.0,328414
2022-12-27,6988.8564453125,7107.2001953125,7165.9501953125,7041.0,7100.0,295144
2022-12-28,6936.34521484375,7053.7998046875,7157.5,7026.2998046875,7106.39990234375,260015
2022-12-29,6865.9375,6982.2001953125,7035.39990234375,6905.0,7030.0498046875,449116
2022-12-30,6843.17236328125,6959.0498046875,7053.0498046875,6950.25,7000.0,232317
2023-01-02,6901.09228515625,7017.9501953125,7039.9501953125,6950.10009765625,6979.89990234375,212580
2023-01-03,6877.1474609375,6993.60009765625,7039.0,6960.0498046875,7029.9501953125,188315
2023-01-04,6888.7021484375,7005.35009765625,7062.0,6983.85009765625,7000.0,319221
2023-01-05,6890.32421875,7007.0,7042.2001953125,6945.0,7014.9501953125,236570
2023-01-06,6865.9375,6982.2001953125,7029.89990234375,6951.0,7007.0,160184
2023-01-09,6917.7109375,7034.85009765625,7064.0,7002.89990234375,7040.0,298470
2023-01-10,6805.06787109375,6920.2998046875,7049.9501953125,6889.14990234375,7049.9501953125,263888
2023-01-11,6905.02587890625,7021.9501953125,7033.0,6922.0,6948.0,295408
2023-01-12,7034.2373046875,7153.35009765625,7166.9501953125,7024.9501953125,7024.9501953125,566492
2023-01-13,7128.19677734375,7248.89990234375,7258.0,7138.0,7175.0,462134
2023-01-16,7163.54833984375,7284.85009765625,7334.75,7250.25,7270.0,440500
2023-01-17,7254.802734375,7377.64990234375,7389.0,7262.85009765625,7280.0,385734
2023-01-18,7162.17138671875,7283.4501953125,7383.0,7270.0,7373.0,447736
2023-01-19,7092.2548828125,7212.35009765625,7260.0,7186.0498046875,7260.0,412001
2023-01-20,7057.64111328125,7177.14990234375,7265.0,7150.0,7212.35009765625,353292
2023-01-23,6735.69287109375,6849.75,7184.9501953125,6830.0,7125.0,998103
2023-01-24,6696.31005859375,6809.7001953125,6897.64990234375,6782.60009765625,6882.0,444188
2023-01-25,6593.45166015625,6705.10009765625,6830.85009765625,6672.0,6805.9501953125,509299
2023-01-27,6603.7763671875,6715.60009765625,6799.0,6604.10009765625,6734.0,635582
2023-01-30,6773.0107421875,6887.7001953125,6903.9501953125,6642.5498046875,6747.0,699269
2023-01-31,6967.56640625,7085.5498046875,7099.0,6892.5498046875,6925.0,593220
2023-02-01,7022.48681640625,7141.39990234375,7239.0,6981.60009765625,7085.0,648015
2023-02-02,7048.29931640625,7167.64990234375,7310.0,7005.0498046875,7100.0,647192
2023-02-03,7069.49072265625,7189.2001953125,7225.0,7131.0,7184.9501953125,364197
2023-02-06,7008.57177734375,7127.25,7207.75,7112.7998046875,7156.2998046875,314446
2023-02-07,6954.04541015625,7071.7998046875,7205.0,7052.14990234375,7154.9501953125,295067
2023-02-08,7129.6220703125,7250.35009765625,7293.75,7114.0,7114.0,559696
2023-02-09,7060.1982421875,7179.75,7250.0,7160.0,7250.0,334529
2023-02-10,7086.06005859375,7206.0498046875,7226.89990234375,7147.0498046875,7175.0,407822
2023-02-13,7059.70654296875,7179.25,7250.0,7155.0,7215.0,323236
2023-02-14,7020.3232421875,7139.2001953125,7229.89990234375,7125.5498046875,7215.14990234375,328419
2023-02-15,7032.7626953125,7151.85009765625,7177.0,7047.64990234375,7138.0,404971
2023-02-16,7052.33154296875,7171.75,7193.7998046875,7108.0,7187.64990234375,264069
2023-02-17,7176.33154296875,7297.85009765625,7393.2998046875,7176.0,7176.0,1063293
2023-02-20,7303.18359375,7426.85009765625,7492.0,7301.0,7301.0,713498
2023-02-21,7218.3203125,7340.5498046875,7485.0,7321.0,7444.7998046875,399493
2023-02-22,7085.765625,7205.75,7331.85009765625,7192.0,7327.0,402548
2023-02-23,7057.44482421875,7176.9501953125,7266.0,7142.10009765625,7241.7998046875,286748
2023-02-24,7096.53271484375,7216.7001953125,7241.7998046875,7165.89990234375,7212.85009765625,206602
2023-02-27,7066.9833984375,7186.64990234375,7235.0,7136.4501953125,7220.0,295092
2023-02-28,7140.3896484375,7261.2998046875,7283.9501953125,7162.2001953125,7182.0498046875,429256
2023-03-01,7153.02587890625,7274.14990234375,7344.0,7220.0,7227.0,317216
2023-03-02,7167.82568359375,7289.2001953125,7330.0,7252.85009765625,7274.14990234375,180178
2023-03-03,7095.79541015625,7215.9501953125,7350.0,7188.25,7330.0,408754
2023-03-06,7080.70068359375,7200.60009765625,7255.5,7191.0,7244.0,154817
2023-03-08,7146.2412109375,7267.25,7283.4501953125,7187.2998046875,7214.9501953125,237790
2023-03-09,7122.345703125,7242.9501953125,7301.25,7207.10009765625,7267.0,158808
2023-03-10,7106.0712890625,7226.39990234375,7242.9501953125,7136.39990234375,7200.0,154319
2023-03-13,6957.7822265625,7075.60009765625,7258.0,7054.7998046875,7225.0,176576
2023-03-14,6946.32666015625,7063.9501953125,7115.0,6991.0,7080.0,210976
2023-03-15,6982.51318359375,7100.75,7188.0,7082.2001953125,7126.0,265536
2023-03-16,6986.29931640625,7104.60009765625,7149.7998046875,7076.0498046875,7135.60009765625,459814
2023-03-17,7168.56298828125,7289.9501953125,7308.89990234375,7159.14990234375,7159.14990234375,383505
2023-03-20,7122.59130859375,7243.2001953125,7284.39990234375,7098.0,7275.0,520041
2023-03-21,7230.3173828125,7352.75,7360.0,7237.10009765625,7243.0,350524
2023-03-22,7273.486328125,7396.64990234375,7449.10009765625,7353.0,7360.0,381601
2023-03-23,7284.5986328125,7407.9501953125,7465.0,7358.4501953125,7371.0,232908
2023-03-24,7282.33642578125,7405.64990234375,7431.2001953125,7327.5498046875,7404.0,228994
2023-03-27,7326.14501953125,7450.2001953125,7483.4501953125,7392.4501953125,7407.0,251626
2023-03-28,7279.8291015625,7403.10009765625,7511.89990234375,7368.35009765625,7484.0,249783
2023-03-29,7444.68701171875,7570.75,7600.0,7400.0,7419.7998046875,445346
2023-03-31,7495.2314453125,7622.14990234375,7644.2998046875,7547.0498046875,7575.10009765625,378456
2023-04-03,7513.27587890625,7640.5,7737.0,7580.10009765625,7670.89990234375,360584
2023-04-05,7563.86962890625,7691.9501953125,7699.64990234375,7575.0,7575.0,233489
2023-04-06,7573.6044921875,7701.85009765625,7730.0,7668.85009765625,7690.0,227682
2023-04-10,7568.09765625,7696.25,7772.0,7668.0,7701.85009765625,226983
2023-04-11,7612.544921875,7741.4501953125,7793.9501953125,7715.0,7715.0,354799
2023-04-12,7554.9208984375,7682.85009765625,7794.0,7675.0,7750.0,264416
2023-04-13,7527.7802734375,7655.25,7749.0,7628.4501953125,7705.0498046875,292568
2023-04-17,7613.5283203125,7742.4501953125,7824.0,7645.0498046875,7655.25,488286
2023-04-18,7468.828125,7595.2998046875,7779.0,7570.0,7779.0,437232
2023-04-19,7390.7509765625,7515.89990234375,7634.0,7478.5,7605.0,341302
2023-04-20,7351.318359375,7475.7998046875,7600.0,7445.60009765625,7572.60009765625,263429
2023-04-21,7235.9716796875,7358.5,7517.4501953125,7339.25,7500.0498046875,388408
2023-04-24,7316.65576171875,7440.5498046875,7458.0,7308.5498046875,7350.0,513771
2023-04-25,7315.328125,7439.2001953125,7507.4501953125,7425.2998046875,7455.89990234375,285446
2023-04-26,7332.73291015625,7456.89990234375,7480.0,7300.0,7464.0,230254
2023-04-27,7376.00048828125,7500.89990234375,7508.0,7436.89990234375,7459.0,205177
2023-04-28,7430.3798828125,7556.2001953125,7579.0,7490.0,7512.0,457487
2023-05-02,7332.4384765625,7456.60009765625,7582.0,7440.0,7545.5,544731
2023-05-03,7382.19580078125,7507.2001953125,7542.0,7434.4501953125,7524.0,384431
2023-05-04,7377.328125,7502.25,7529.0,7485.0498046875,7514.7001953125,232203
2023-05-05,7501.7705078125,7628.7998046875,7668.89990234375,7505.5,7520.0,319654
2023-05-08,7606.64453125,7735.4501953125,7754.0,7620.0,7630.0,295156
2023-05-09,7587.7646484375,7716.25,7823.0,7687.5,7758.9501953125,289797
2023-05-10,7614.265625,7743.2001953125,7775.0,7722.0,7760.0,234884
2023-05-11,7704.97998046875,7835.4501953125,7855.7998046875,7750.10009765625,7790.0,320219
2023-05-12,7574.68603515625,7702.9501953125,7920.0,7691.7998046875,7839.9501953125,246799
2023-05-15,7631.720703125,7760.9501953125,7775.0,7716.5,7728.89990234375,183594
2023-05-16,7570.5068359375,7698.7001953125,7805.35009765625,7685.0,7770.0,250490
2023-05-17,7572.2275390625,7700.4501953125,7759.9501953125,7653.0,7717.0,205629
2023-05-18,7477.53125,7604.14990234375,7767.85009765625,7586.5,7744.7998046875,157714
2023-05-19,7553.396484375,7681.2998046875,7689.14990234375,7585.10009765625,7637.0,138709
2023-05-22,7587.17431640625,7715.64990234375,7738.0,7650.0,7655.0,139603
2023-05-23,7526.79736328125,7654.25,7752.39990234375,7625.2998046875,7675.0,149291
2023-05-24,7526.3544921875,7653.7998046875,7683.9501953125,7590.0498046875,7650.0,160565
2023-05-25,7494.83837890625,7621.75,7668.10009765625,7594.2998046875,7644.2998046875,257361
2023-05-26,7593.271484375,7721.85009765625,7750.0,7633.89990234375,7670.0,252078
2023-05-29,7709.9951171875,7840.5498046875,7857.7001953125,7735.0,7750.0,210769
2023-05-30,7770.373046875,7901.9501953125,7970.0,7840.60009765625,7865.0,414785
2023-05-31,7739.00341796875,7870.0498046875,7927.4501953125,7779.85009765625,7895.0,1137662
2023-06-01,7712.20751953125,7842.7998046875,7898.7998046875,7809.7998046875,7871.0,184642
2023-06-02,7719.92626953125,7850.64990234375,7947.4501953125,7826.4501953125,7861.0,248325
2023-06-05,7750.75439453125,7882.0,7925.0,7865.0,7897.0,186015
2023-06-06,7974.515625,8109.5498046875,8120.0,7888.0,7888.0,635244
2023-06-07,8021.76611328125,8157.60009765625,8171.89990234375,8082.5498046875,8135.10009765625,298650
2023-06-08,7965.27197265625,8100.14990234375,8213.9501953125,8086.0,8170.0,349085
2023-06-09,8017.48828125,8153.25,8217.7001953125,8108.2001953125,8158.0,325814
2023-06-12,8062.08251953125,8198.599609375,8205.0,8102.35009765625,8160.5,195134
2023-06-13,8138.48876953125,8276.2998046875,8318.2998046875,8211.75,8212.5,249199
2023-06-14,8219.123046875,8358.2998046875,8366.9501953125,8276.75,8308.9501953125,289643
2023-06-15,8194.44140625,8333.2001953125,8428.0,8309.0,8380.0,406197
2023-06-16,8194.4912109375,8333.25,8432.150390625,8305.849609375,8364.9501953125,356982
2023-06-19,8130.9169921875,8268.599609375,8415.599609375,8252.900390625,8358.0,187488
2023-06-20,8106.18603515625,8243.4501953125,8291.400390625,8171.2998046875,8268.0,343189
2023-06-21,8104.31787109375,8241.5498046875,8352.650390625,8227.0,8252.400390625,373929
2023-06-22,8026.82958984375,8162.75,8279.0,8145.7001953125,8277.0,226654
2023-06-23,7945.654296875,8080.2001953125,8165.0498046875,8060.0,8163.2001953125,198255
2023-06-26,8031.107421875,8167.10009765625,8270.0,8060.0,8060.0,241856
2023-06-27,8071.81787109375,8208.5,8229.099609375,8168.64990234375,8184.9501953125,236562
2023-06-28,8123.099609375,8260.650390625,8318.7998046875,8182.0,8201.099609375,282115
2023-06-30,8156.6318359375,8294.75,8319.0,8236.7001953125,8300.0,225746
2023-07-03,8322.8671875,8463.7998046875,8499.0,8363.2998046875,8383.0,373703
2023-07-04,8271.634765625,8411.7001953125,8498.0,8384.0,8498.0,206677
2023-07-05,8237.708984375,8377.2001953125,8452.0,8342.75,8429.9501953125,195350
2023-07-06,8270.16015625,8410.2001953125,8479.9501953125,8380.0,8415.0,275687
2023-07-07,8197.63671875,8336.4501953125,8447.400390625,8325.599609375,8417.9501953125,354695
2023-07-10,8212.2890625,8351.349609375,8434.4501953125,8336.0,8350.0,173234
2023-07-11,8187.26318359375,8325.900390625,8443.2998046875,8305.0498046875,8395.2998046875,300378
2023-07-12,8083.6181640625,8220.5,8373.349609375,8152.5,8364.0,508967
2023-07-13,8096.89306640625,8234.0,8350.0,8206.5,8268.0,272841
2023-07-14,8046.2998046875,8182.5498046875,8299.0,8148.0,8299.0,249245
2023-07-17,8113.60986328125,8251.0,8260.0,8189.9501953125,8207.0,202735
2023-07-18,8039.85888671875,8176.0,8251.0,8157.0,8225.0,280527
2023-07-19,8190.50830078125,8329.2001953125,8356.849609375,8163.75,8166.0,150429
2023-07-20,8087.20751953125,8224.150390625,8349.9501953125,8165.0,8349.9501953125,307197
2023-07-21,7984.0048828125,8119.2001953125,8313.5,8072.0,8244.0,656733
2023-07-24,8082.97900390625,8219.849609375,8244.150390625,8088.39990234375,8200.0,482809
2023-07-25,8253.541015625,8393.2998046875,8415.0,8244.7001953125,8244.7001953125,583167
2023-07-26,8213.2724609375,8352.349609375,8458.599609375,8340.0,8415.900390625,191345
2023-07-27,8187.48974609375,8288.25,8390.7998046875,8255.0,8352.0,216816
2023-07-28,8205.765625,8306.75,8341.650390625,8225.0,8295.0,204996
2023-07-31,8217.0263671875,8318.150390625,8410.0,8301.5498046875,8329.0,240038
2023-08-01,8181.11865234375,8281.7998046875,8368.0,8270.599609375,8347.0,217562
2023-08-02,8186.947265625,8287.7001953125,8315.0,8213.400390625,8268.0,134414
2023-08-03,8037.23876953125,8136.14990234375,8285.099609375,8080.0,8285.099609375,390602
2023-08-04,8058.9716796875,8158.14990234375,8231.849609375,8148.75,8178.0,248048
2023-08-07,8076.0615234375,8175.4501953125,8250.0,8160.0,8188.2998046875,195297
2023-08-08,8057.6875,8156.85009765625,8229.9501953125,8137.0,8175.4501953125,166007
2023-08-09,8012.64208984375,8111.25,8173.9501953125,8086.0,8160.0,222338
2023-08-10,8003.70166015625,8102.2001953125,8205.0,8076.0,8134.0,296178
2023-08-11,8034.078125,8132.9501953125,8155.0,8044.75,8125.0,293096
2023-08-14,7956.3837890625,8054.2998046875,8142.5498046875,8019.0498046875,8129.7998046875,544313
2023-08-16,8151.58251953125,8251.900390625,8265.0,7987.64990234375,8004.9501953125,282782
2023-08-17,8107.5732421875,8207.349609375,8233.099609375,8150.0498046875,8225.099609375,248724
2023-08-18,8114.98193359375,8214.849609375,8246.400390625,8165.7998046875,8200.0,265260
2023-08-21,8119.3779296875,8219.2998046875,8278.9501953125,8205.5,8214.400390625,216794
2023-08-22,8103.7705078125,8203.5,8267.9501953125,8192.0498046875,8222.0498046875,193112
2023-08-23,8062.67578125,8161.89990234375,8234.900390625,8147.0,8209.900390625,208545
2023-08-24,8111.57470703125,8211.400390625,8324.0,8164.0,8211.0,273837
2023-08-25,7973.32568359375,8071.4501953125,8190.0,8061.0,8179.0,191154
2023-08-28,8018.9638671875,8117.64990234375,8150.39990234375,8048.4501953125,8134.7998046875,327780
2023-08-29,8100.01708984375,8199.7001953125,8218.0,8125.14990234375,8159.89990234375,230713
2023-08-30,8165.46142578125,8265.9501953125,8314.7998046875,8200.0498046875,8230.0,223225
2023-08-31,8196.578125,8297.4501953125,8360.0,8226.0,8288.7998046875,482614
2023-09-01,8161.95458984375,8262.400390625,8345.0,8249.0,8300.0,215635
2023-09-04,8478.2119140625,8582.5498046875,8594.0,8282.5498046875,8284.9501953125,620108
2023-09-05,8352.064453125,8454.849609375,8600.0,8448.2001953125,8582.0,210587
2023-09-06,8433.611328125,8537.400390625,8556.7998046875,8444.099609375,8484.849609375,327847
2023-09-07,8391.875,8495.150390625,8545.0,8430.0,8537.400390625,203477
2023-09-08,8328.0595703125,8430.5498046875,8550.0,8400.0,8535.0,125962
2023-09-11,8358.8310546875,8461.7001953125,8498.650390625,8426.150390625,8450.9501953125,131688
2023-09-12,8467.4453125,8571.650390625,8609.849609375,8395.0,8519.9501953125,335823
2023-09-13,8531.357421875,8636.349609375,8685.0,8525.5,8590.0,321018
2023-09-14,8582.3310546875,8687.9501953125,8700.0,8603.0,8666.0,311971
2023-09-15,8622.240234375,8728.349609375,8750.9501953125,8661.25,8721.0,357249
2023-09-18,8523.1103515625,8628.0,8737.599609375,8607.0,8728.0,129308
2023-09-20,8355.32421875,8458.150390625,8623.5,8441.0498046875,8590.0,317399
2023-09-21,8212.482421875,8313.5498046875,8438.0,8286.650390625,8375.099609375,393954
2023-09-22,8087.86572265625,8187.39990234375,8310.650390625,8179.0498046875,8275.0,524827
2023-09-25,8106.43798828125,8206.2001953125,8279.9501953125,8156.10009765625,8217.0,467415
2023-09-26,8128.86181640625,8228.900390625,8328.0,8206.2001953125,8237.0,515796
2023-09-27,8162.2509765625,8262.7001953125,8289.9501953125,8205.0,8237.0,541638
2023-09-28,8055.21826171875,8154.35009765625,8323.9501953125,8134.0,8264.7998046875,370431
2023-09-29,8154.49609375,8254.849609375,8285.9501953125,8132.0,8200.0,320974
2023-10-03,8203.9384765625,8304.900390625,8377.0,8221.2001953125,8289.0,454402
2023-10-04,8022.12548828125,8120.85009765625,8292.5498046875,8045.0498046875,8292.5498046875,884369
2023-10-05,8078.03759765625,8177.4501953125,8208.7998046875,8125.0,8177.0,310506
2023-10-06,8095.818359375,8195.4501953125,8239.650390625,8151.25,8198.0,158491
2023-10-09,8011.50634765625,8110.10009765625,8199.849609375,8087.2001953125,8170.0498046875,152525
2023-10-10,8059.11962890625,8158.2998046875,8186.35009765625,8105.0,8147.7998046875,187020
2023-10-11,8241.57421875,8343.0,8390.0,8179.2001953125,8195.9501953125,439622
2023-10-12,8250.21875,8351.75,8385.0,8302.0,8364.9501953125,177704
2023-10-13,8267.2578125,8369.0,8417.0,8307.0,8316.5,285076
2023-10-16,8191.392578125,8292.2001953125,8455.0,8274.0,8369.0498046875,363990
2023-10-17,8200.48046875,8301.400390625,8332.0,8280.0,8330.0,205234
2023-10-18,8177.66064453125,8278.2998046875,8349.849609375,8248.0,8324.900390625,322136
2023-10-19,8414.990234375,8518.5498046875,8538.0,8193.349609375,8249.599609375,837498
2023-10-20,8358.189453125,8461.0498046875,8648.349609375,8410.900390625,8536.0,539291
2023-10-23,8224.041015625,8325.25,8523.599609375,8302.5498046875,8415.0,217546
2023-10-25,8155.9775390625,8256.349609375,8398.5,8186.25,8355.0,255678
2023-10-26,8105.5478515625,8205.2998046875,8236.0,8155.5498046875,8236.0,637430
2023-10-27,8110.33984375,8210.150390625,8270.0,8180.0,8211.0,227682
2023-10-30,8299.4619140625,8401.599609375,8416.2998046875,8197.4501953125,8242.0,244073
2023-10-31,8319.861328125,8422.25,8452.099609375,8351.099609375,8404.7001953125,218908
2023-11-01,8279.5576171875,8381.4501953125,8445.0,8370.099609375,8440.0,209234
2023-11-02,8356.1640625,8459.0,8473.2001953125,8374.9501953125,8385.5,200590
2023-11-03,8418.9912109375,8522.599609375,8530.0,8436.0,8475.0,243686
2023-11-06,8535.90234375,8640.9501953125,8650.0,8521.2001953125,8539.0,194715
2023-11-07,8580.1572265625,8685.75,8695.0,8582.5498046875,8640.9501953125,206360
2023-11-08,8593.0986328125,8698.849609375,8719.150390625,8652.849609375,8689.0,132370
2023-11-09,8522.1708984375,8627.0498046875,8719.0,8617.75,8685.0,128138
2023-11-10,8604.9521484375,8710.849609375,8729.9501953125,8588.599609375,8591.0498046875,149939
2023-11-13,8571.9091796875,8677.400390625,8723.7998046875,8660.0,8711.099609375,64412
2023-11-15,8660.3212890625,8766.900390625,8815.75,8695.25,8709.0,192348
2023-11-16,8668.37109375,8775.0498046875,8811.7001953125,8700.0,8789.599609375,233428
2023-11-17,8684.0791015625,8790.9501953125,8869.599609375,8771.650390625,8785.0,151817
2023-11-20,8556.203125,8661.5,8815.2001953125,8651.099609375,8800.0,174311
2023-11-21,8602.4833984375,8708.349609375,8737.900390625,8664.7998046875,8664.7998046875,183507
2023-11-22,8653.40625,8759.900390625,8775.0,8612.25,8734.0,325320
2023-11-23,8500.63671875,8605.25,8767.0,8590.0,8750.0,344271
2023-11-24,8452.1826171875,8556.2001953125,8655.0,8545.0498046875,8638.0,197278
2023-11-28,8620.4130859375,8726.5,8735.5,8588.25,8638.0,343335
2023-11-29,8626.5859375,8732.75,8790.0,8692.0,8759.900390625,207727
2023-11-30,8894.193359375,9003.650390625,9019.150390625,8763.4501953125,8776.5498046875,1025481
2023-12-01,8924.025390625,9033.849609375,9163.400390625,8972.0,9103.7998046875,353015
2023-12-04,9204.474609375,9317.75,9340.7998046875,9086.150390625,9150.0,473570
2023-12-05,9216.3291015625,9329.75,9400.0,9243.150390625,9321.0,448461
2023-12-06,9100.998046875,9213.0,9347.9501953125,9129.5498046875,9329.75,308912
2023-12-07,9240.8271484375,9354.5498046875,9381.0,9236.150390625,9266.0,346830
2023-12-08,9299.109375,9413.5498046875,9431.650390625,9341.150390625,9378.2998046875,311761
2023-12-11,9553.3310546875,9670.900390625,9730.0,9400.0,9414.0,588082
2023-12-12,9743.58984375,9863.5,9961.150390625,9635.0498046875,9702.4501953125,1060266
2023-12-13,9620.751953125,9739.150390625,10042.9501953125,9676.7998046875,9899.9501953125,1501931
2023-12-14,9842.17578125,9963.2998046875,9990.0,9777.0,9830.0,710415
2023-12-15,9907.5234375,10029.4501953125,10059.5,9900.650390625,10000.0,439516
2023-12-18,9849.140625,9970.349609375,10028.0,9941.75,10028.0,266562
2023-12-19,9895.322265625,10017.099609375,10050.0,9953.0,9970.349609375,675166
2023-12-20,9767.248046875,9887.4501953125,10128.0,9858.150390625,10027.0,501448
2023-12-21,9833.43359375,9954.4501953125,9985.0,9824.849609375,9881.0,216730
2023-12-22,9847.806640625,9969.0,9999.0,9902.0,9987.0,226940
2023-12-26,9896.853515625,10018.650390625,10054.7998046875,9970.099609375,9975.0,226114
2023-12-27,10309.228515625,10436.099609375,10470.0,10037.75,10100.9501953125,658122
2023-12-28,10299.5478515625,10426.2998046875,10498.9501953125,10328.099609375,10492.0,421406
2023-12-29,10375.365234375,10503.0498046875,10526.0,10361.5498046875,10420.0498046875,243089
2024-01-01,10336.7900390625,10464.0,10520.0,10414.599609375,10503.0498046875,97677
2024-01-02,10080.6416015625,10204.7001953125,10489.900390625,10104.099609375,10489.900390625,337528
2024-01-03,9988.6240234375,10111.5498046875,10245.0,10089.599609375,10204.75,179575
2024-01-04,9893.0498046875,10014.7998046875,10164.5498046875,10001.0,10160.0,313755
2024-01-05,9894.28515625,10016.0498046875,10100.0,9995.0,10100.0,163191
2024-01-08,9813.7265625,9934.5,10080.0,9925.0498046875,10078.0,176843
2024-01-09,9778.755859375,9899.099609375,10016.9501953125,9870.2001953125,9989.599609375,242925
2024-01-10,9657.3515625,9776.2001953125,9906.75,9730.0,9898.9501953125,374333
2024-01-11,9799.84765625,9920.4501953125,9944.9501953125,9719.150390625,9839.900390625,375210
2024-01-12,9689.208984375,9808.4501953125,9979.9501953125,9794.0498046875,9979.9501953125,376816
2024-01-15,9833.533203125,9954.5498046875,9996.7998046875,9820.0,9879.0,273931
2024-01-16,9848.400390625,9969.599609375,10046.7998046875,9880.349609375,9953.9501953125,146779
2024-01-17,9734.84765625,9854.650390625,10046.099609375,9825.0,9959.0,252817
2024-01-18,9771.990234375,9892.25,9933.0498046875,9770.0,9854.0,278338
2024-01-19,9970.9912109375,10093.7001953125,10128.7001953125,9845.0,9999.0,567616
2024-01-23,9711.4853515625,9831.0,10085.0,9815.0,10000.0,580285
2024-01-24,9869.0458984375,9990.5,10032.599609375,9734.599609375,9865.0,272419
2024-01-25,9848.15234375,9969.349609375,10048.2001953125,9881.2001953125,9984.599609375,296269
2024-01-29,10149.1484375,10274.0498046875,10300.0,9989.5,10000.099609375,334463
2024-01-30,9842.47265625,9963.599609375,10320.0,9942.0,10289.75,368827
2024-01-31,10043.7451171875,10167.349609375,10186.150390625,9903.150390625,9960.0,341574
2024-02-01,9801.6748046875,9922.2998046875,10233.25,9900.0498046875,10169.9501953125,401503
2024-02-02,9975.7822265625,10098.5498046875,10165.900390625,9992.2998046875,10000.0,334386
2024-02-05,9795.796875,9916.349609375,10128.2998046875,9878.4501953125,10050.0,162473
2024-02-06,9926.587890625,10048.75,10075.0,9920.2998046875,9980.0,250870
2024-02-07,10102.1767578125,10226.5,10287.599609375,10080.2998046875,10114.0,250184
2024-02-08,9876.109375,9997.650390625,10295.0,9950.5,10290.0,320905
2024-02-09,9824.83984375,9945.75,10074.7998046875,9852.0,10074.7998046875,400823
2024-02-12,9842.7197265625,9963.849609375,10017.4501953125,9906.900390625,9951.0,191687
2024-02-13,9732.625,9852.400390625,10004.7001953125,9830.599609375,9997.7998046875,276453
2024-02-14,9668.8095703125,9787.7998046875,9824.849609375,9703.9501953125,9802.0498046875,417802
2024-02-15,9694.9873046875,9814.2998046875,9839.150390625,9706.0,9835.900390625,415090
2024-02-16,9795.6494140625,9916.2001953125,9948.0,9851.099609375,9875.0498046875,250550
2024-02-19,9781.8193359375,9902.2001953125,9948.9501953125,9885.0,9948.9501953125,109778
2024-02-20,9857.6357421875,9978.9501953125,10000.0,9855.0,9902.2001953125,320905
2024-02-21,9847.21484375,9968.400390625,10115.0,9920.0,9970.25,322960
2024-02-22,9840.1025390625,9961.2001953125,10020.900390625,9802.2998046875,10000.0,363840
2024-02-23,9879.3203125,10000.900390625,10028.0,9894.0498046875,9961.2001953125,304238
2024-02-26,9809.3310546875,9930.0498046875,10049.9501953125,9900.9501953125,9999.0498046875,162530
2024-02-27,9830.125,9951.099609375,10151.0,9881.4501953125,9930.0498046875,214186
2024-02-28,9685.751953125,9804.9501953125,9989.9501953125,9780.900390625,9960.0,300668
2024-02-29,9772.1396484375,9892.400390625,9935.0,9705.650390625,9785.0,328848
2024-03-01,10012.283203125,10135.5,10183.849609375,9892.400390625,9900.0,352952
2024-03-04,9857.09375,9978.400390625,10166.0,9966.2001953125,10157.0,221282
2024-03-05,9718.7451171875,9838.349609375,10030.900390625,9830.0,9978.400390625,310715
2024-03-06,9523.84375,9641.0498046875,9914.25,9532.0,9899.900390625,534825
2024-03-07,9555.5546875,9673.150390625,9715.0,9569.099609375,9641.0498046875,585012
2024-03-11,9580.0029296875,9697.900390625,9824.599609375,9672.900390625,9694.0498046875,319303
2024-03-12,9498.6044921875,9615.5,9728.9501953125,9575.400390625,9728.9501953125,235430
2024-03-13,9476.9208984375,9593.5498046875,9653.0,9500.0,9624.7001953125,415925
2024-03-14,9579.064453125,9696.9501953125,9708.0,9454.0,9455.0,347822
2024-03-15,9515.8427734375,9632.9501953125,9750.900390625,9543.7998046875,9680.0,379648
2024-03-18,9494.5048828125,9611.349609375,9673.7998046875,9570.0,9625.0,226448
2024-03-19,9338.3271484375,9453.25,9607.4501953125,9435.150390625,9591.349609375,316008
2024-03-20,9369.24609375,9484.5498046875,9535.0,9445.0,9535.0,171219
2024-03-21,9484.0341796875,9600.75,9639.7001953125,9504.900390625,9525.0,215837
2024-03-22,9564.048828125,9681.75,9751.7998046875,9580.0,9610.0,224511
2024-03-26,9483.9853515625,9600.7001953125,9689.7998046875,9570.0,9631.099609375,397803
2024-03-27,9506.4580078125,9623.4501953125,9708.0,9571.0498046875,9630.0,267937
2024-03-28,9630.6298828125,9749.150390625,9853.9501953125,9641.5498046875,9680.0,506387
2024-04-01,9833.3857421875,9954.400390625,9997.0498046875,9749.150390625,9749.150390625,387442
2024-04-02,9916.1162109375,10038.150390625,10084.2001953125,9845.0,9890.099609375,307109
2024-04-03,9880.3076171875,10001.900390625,10277.7001953125,9982.150390625,10200.0,481855
2024-04-04,9883.46875,10005.099609375,10078.900390625,9900.0,10078.0,346378
2024-04-05,9704.173828125,9823.599609375,10019.849609375,9802.2001953125,10001.0,280079
2024-04-08,9743.8369140625,9863.75,9899.0,9801.0,9852.9501953125,215228
2024-04-09,9650.38671875,9769.150390625,9993.7998046875,9759.099609375,9900.0,275924
2024-04-10,9698.494140625,9817.849609375,9858.0,9705.0498046875,9810.0,186223
2024-04-12,9535.2041015625,9652.5498046875,9850.0,9610.0,9789.9501953125,440963
2024-04-15,9390.6826171875,9506.25,9617.900390625,9486.599609375,9617.900390625,220692
2024-04-16,9348.7490234375,9463.7998046875,9494.9501953125,9351.0,9448.900390625,547648
2024-04-18,9268.6845703125,9382.75,9526.7998046875,9340.7998046875,9470.0,584270
2024-04-19,9250.11328125,9363.9501953125,9400.0,9250.0,9325.0,415558
2024-04-22,9448.9658203125,9565.25,9590.0,9456.099609375,9505.0,277781
2024-04-23,9417.650390625,9533.5498046875,9625.0,9522.0,9540.0,317450
2024-04-24,9541.427734375,9658.849609375,9686.7998046875,9542.7998046875,9578.0,317929
2024-04-25,9566.0244140625,9683.75,9706.0,9560.0498046875,9620.150390625,398260
2024-04-26,9582.966796875,9700.900390625,9777.0,9646.900390625,9727.0,265782
2024-04-29,9843.3125,9964.4501953125,10011.0,9743.0498046875,9765.0,808505
2024-04-30,9850.6220703125,9971.849609375,10180.0,9911.349609375,10160.2998046875,777837
2024-05-02,9862.0810546875,9983.4501953125,10045.0,9946.5,9971.849609375,318855
2024-05-03,9696.962890625,9816.2998046875,10030.0,9779.349609375,9982.0,517348
2024-05-06,9658.04296875,9776.900390625,9929.0,9746.150390625,9875.0,238521
2024-05-07,9564.69140625,9682.400390625,9948.0,9630.0,9799.0,214305
2024-05-08,9403.6728515625,9519.400390625,9674.9501953125,9501.400390625,9674.9501953125,392065
2024-05-09,9331.263671875,9446.099609375,9560.0,9408.0498046875,9524.0,328724
2024-05-10,9376.3095703125,9491.7001953125,9518.9501953125,9416.0498046875,9462.7998046875,205200
2024-05-13,9435.3828125,9551.5,9578.0,9427.099609375,9515.9501953125,215387
2024-05-14,9543.2060546875,9660.650390625,9699.5,9529.9501953125,9535.0498046875,171935
2024-05-15,9497.2216796875,9614.099609375,9693.150390625,9560.0,9691.0,161067
2024-05-16,9591.06640625,9709.099609375,9725.7001953125,9525.5,9630.599609375,368451
2024-05-17,9770.11328125,9890.349609375,9900.0,9685.25,9740.0,283850
2024-05-21,9670.3916015625,9789.400390625,9850.75,9762.0498046875,9826.0,346947
2024-05-22,9774.55859375,9894.849609375,9950.0,9822.25,9870.0,280237
2024-05-23,10046.90625,10170.5498046875,10199.849609375,9855.0,9905.150390625,521622
2024-05-24,10106.720703125,10231.099609375,10369.0,10122.5498046875,10165.0,519418
2024-05-27,10101.1884765625,10225.5,10353.9501953125,10177.650390625,10277.9501953125,389326
2024-05-28,10055.15625,10178.900390625,10365.849609375,10146.4501953125,10264.0,403774
2024-05-29,9901.546875,10023.400390625,10177.9501953125,9961.0,10177.9501953125,317883
2024-05-30,9748.8740234375,9868.849609375,10025.0,9830.0,10021.0,323424
2024-05-31,9794.9580078125,9915.5,10080.0,9750.099609375,9932.0,791072
2024-06-03,10342.765625,10470.0498046875,10519.7998046875,10216.349609375,10300.0,732632
2024-06-04,9797.72265625,9918.2998046875,10498.5,9534.9501953125,10475.0,972018
2024-06-05,9916.0673828125,10038.099609375,10070.0,9740.0,9989.9501953125,361720
2024-06-06,9932.712890625,10054.9501953125,10176.5,9931.099609375,9995.0,483566
2024-06-07,10335.9501953125,10463.150390625,10505.0,9965.0,9965.0,545284
2024-06-10,10694.6357421875,10826.25,10907.9501953125,10463.150390625,10495.0,705256
2024-06-11,10800.630859375,10933.5498046875,10989.0,10826.25,10903.9501953125,650137
2024-06-12,10910.529296875,11044.7998046875,11099.9501953125,10871.5,10871.5,439143
2024-06-13,11037.9609375,11173.7998046875,11299.0,10996.150390625,11250.0,602322
2024-06-14,11106.12109375,11242.7998046875,11271.0,11147.2998046875,11170.0,305318
2024-06-18,10983.8759765625,11119.0498046875,11269.349609375,11051.650390625,11250.0,322724
2024-06-19,10861.876953125,10995.5498046875,11177.7001953125,10968.25,11150.0,659266
2024-06-20,10770.650390625,10903.2001953125,11173.900390625,10875.400390625,11008.900390625,445369
2024-06-21,10532.7783203125,10662.400390625,10961.4501953125,10611.5498046875,10882.5,586745
2024-06-24,10654.875,10786.0,10845.0,10594.650390625,10717.5,276148
2024-06-25,10714.34375,10846.2001953125,11007.9501953125,10800.400390625,10801.9501953125,562075
2024-06-26,11007.6337890625,11143.099609375,11261.0,10903.0,10907.7001953125,793197
2024-06-27,11574.2607421875,11716.7001953125,11874.9501953125,11269.0,11270.0,2339734
2024-06-28,11526.0546875,11667.900390625,11779.0,11469.849609375,11699.900390625,684790
2024-07-01,11759.9267578125,11904.650390625,12031.599609375,11667.900390625,11669.0,520339
2024-07-02,11709.8427734375,11853.9501953125,12078.0,11800.0,11944.0,422173
2024-07-03,11727.771484375,11872.099609375,11899.0,11761.9501953125,11855.25,206171
2024-07-04,11617.0830078125,11760.0498046875,11936.849609375,11721.5498046875,11885.0,227230
2024-07-05,11548.033203125,11690.150390625,11824.5498046875,11620.25,11796.5498046875,425987
2024-07-08,11442.087890625,11582.900390625,11714.7998046875,11530.0,11694.0,149210
2024-07-09,11537.80859375,11679.7998046875,11761.7001953125,11484.4501953125,11582.9501953125,530901
2024-07-10,11492.8134765625,11634.25,11739.7998046875,11470.0,11689.0,202406
2024-07-11,11414.4765625,11554.9501953125,11640.0,11499.0,11599.0,366819
2024-07-12,11461.2509765625,11602.2998046875,11680.0,11470.0498046875,11554.0,366274
2024-07-15,11689.7900390625,11833.650390625,11898.0,11661.900390625,11752.900390625,394470
2024-07-16,11516.9658203125,11658.7001953125,11907.0498046875,11631.900390625,11907.0498046875,556056
2024-07-18,11505.6552734375,11647.25,11683.849609375,11475.0,11650.0,731274
2024-07-19,11121.43359375,11258.2998046875,11645.0,11228.650390625,11645.0,514154
2024-07-22,11375.7041015625,11515.7001953125,11570.0,11231.2998046875,11289.900390625,573833
2024-07-23,11405.4375,11545.7998046875,11735.400390625,11329.099609375,11649.9501953125,525157
2024-07-24,11314.162109375,11453.400390625,11560.75,11355.650390625,11540.0,268139
2024-07-25,11302.40625,11441.5,11476.7998046875,11291.0,11418.0,254683
2024-07-26,11531.140625,11673.0498046875,11742.4501953125,11395.599609375,11441.5,333210
2024-07-29,11729.451171875,11873.7998046875,11940.0,11673.0498046875,11680.0,496437
2024-07-30,11732.083984375,11806.4501953125,11858.0,11644.5,11858.0,438108
2024-07-31,11812.3251953125,11887.2001953125,11915.0,11750.349609375,11818.9501953125,322531
2024-08-01,11909.0126953125,11984.5,12032.2998046875,11803.5,11887.2001953125,250126
2024-08-02,11690.3984375,11764.5,11949.0,11700.0,11833.0498046875,273420
2024-08-05,11345.3349609375,11417.25,11700.0,11351.2001953125,11700.0,400844
2024-08-06,11253.9638671875,11325.2998046875,11575.7998046875,11272.099609375,11449.9501953125,368949
2024-08-07,11470.4921875,11543.2001953125,11589.9501953125,11430.2001953125,11499.0,230210
2024-08-08,11187.087890625,11258.0,11524.2001953125,11228.75,11500.0,290349
2024-08-09,11229.1708984375,11300.349609375,11449.0,11231.0498046875,11449.0,189230
2024-08-12,11231.6552734375,11302.849609375,11379.7998046875,11211.2001953125,11290.0,200411
2024-08-13,11200.205078125,11271.2001953125,11364.0,11234.650390625,11364.0,189972
2024-08-14,10933.296875,11002.599609375,11200.0,10963.099609375,11200.0,404673
2024-08-16,11224.55078125,11295.7001953125,11325.0,10950.2001953125,11040.0,435631
2024-08-19,11244.0771484375,11315.349609375,11468.099609375,11271.75,11320.0,244264
2024-08-20,11278.2109375,11349.7001953125,11525.0,11277.4501953125,11365.0,421084
2024-08-21,11130.3486328125,11200.900390625,11312.5498046875,11161.5498046875,11274.0,456794
2024-08-22,11238.1650390625,11309.400390625,11377.400390625,11205.0,11260.0,305457
2024-08-23,11270.3603515625,11341.7998046875,11380.0,11204.4501953125,11315.0,258730
2024-08-26,11265.689453125,11337.099609375,11360.9501953125,11271.400390625,11340.0,234215
2024-08-27,11229.1708984375,11300.349609375,11450.0,11286.4501953125,11389.099609375,184428
2024-08-28,11164.0341796875,11234.7998046875,11317.599609375,11211.0,11280.0,201101
2024-08-29,11151.3154296875,11222.0,11256.7001953125,11115.400390625,11230.0,406261
2024-08-30,11230.7119140625,11301.900390625,11360.900390625,11222.0,11225.0498046875,462185
2024-09-02,11352.9375,11424.900390625,11465.0,11325.0,11325.0,248673
2024-09-03,11388.6103515625,11460.7998046875,11504.0498046875,11361.0,11434.5,181723
2024-09-04,11507.5078125,11580.4501953125,11637.4501953125,11381.849609375,11392.0,198185
2024-09-05,11469.9453125,11542.650390625,11822.75,11514.2001953125,11630.4501953125,406821
2024-09-06,11360.8369140625,11432.849609375,11525.0,11320.0,11500.0,245248
2024-09-09,11421.94921875,11494.349609375,11518.4501953125,11308.0,11400.0,154665
2024-09-10,11468.35546875,11541.0498046875,11639.4501953125,11460.5,11539.900390625,237496
2024-09-11,11415.09375,11487.4501953125,11611.0,11460.2001953125,11570.0,141341
2024-09-12,11636.4892578125,11710.25,11735.0,11442.25,11507.849609375,455934
2024-09-13,11644.1416015625,11717.9501953125,11762.599609375,11625.2001953125,11695.0,279660
2024-09-16,11569.3154296875,11642.650390625,11797.9501953125,11604.0,11675.0,257856
2024-09-17,11572.296875,11645.650390625,11718.599609375,11575.0,11602.5498046875,202725
2024-09-18,11557.6396484375,11630.900390625,11763.2998046875,11535.849609375,11683.0,185067
2024-09-19,11554.2607421875,11627.5,11740.150390625,11540.0,11630.900390625,227247
2024-09-20,11723.9853515625,11798.2998046875,11843.900390625,11579.599609375,11660.0,608787
2024-09-23,11886.703125,11962.0498046875,11998.0,11800.0498046875,11835.0,279318
2024-09-24,11687.56640625,11761.650390625,11969.849609375,11740.349609375,11948.099609375,242038
2024-09-25,11741.87109375,11816.2998046875,11855.599609375,11680.0,11811.0,196686
2024-09-26,11989.0048828125,12065.0,12080.0,11767.7998046875,11835.0,277079
2024-09-27,11877.0146484375,11952.2998046875,12138.0,11924.75,12065.0,404276
2024-09-30,11727.662109375,11802.0,11924.0,11774.0498046875,11924.0,405493
2024-10-01,11762.5908203125,11837.150390625,11887.7001953125,11650.25,11802.0,324906
2024-10-03,11650.9482421875,11724.7998046875,11930.0,11613.099609375,11627.099609375,304610
2024-10-04,11378.126953125,11450.25,11829.150390625,11380.0,11700.0,357277
2024-10-07,11159.6123046875,11230.349609375,11529.9501953125,11192.099609375,11491.9501953125,374655
2024-10-08,11318.0576171875,11389.7998046875,11475.0,11231.0,11231.0,447220
2024-10-09,11278.658203125,11350.150390625,11511.0,11333.0,11404.0498046875,286382
2024-10-10,11358.0546875,11430.0498046875,11459.0,11353.5498046875,11439.9501953125,180542
2024-10-11,11349.359375,11421.2998046875,11468.2998046875,11360.2001953125,11390.75,120279
2024-10-14,11229.1220703125,11300.2998046875,11429.9501953125,11240.0,11399.9501953125,144163
2024-10-15,11344.98828125,11416.900390625,11432.9501953125,11290.0,11400.0,182286
2024-10-16,11250.9833984375,11322.2998046875,11412.0,11233.0,11341.0,276811
2024-10-17,10947.904296875,11017.2998046875,11363.9501953125,10934.0498046875,11351.0,353330
2024-10-18,10999.5771484375,11069.2998046875,11139.9501953125,10901.0,11017.2998046875,330703
2024-10-21,10800.8369140625,10869.2998046875,11166.650390625,10771.400390625,11050.0,566667
2024-10-22,10756.96484375,10825.150390625,11080.7998046875,10740.0,10751.0,793887
2024-10-23,10685.318359375,10753.0498046875,10843.650390625,10672.0,10821.9501953125,351717
2024-10-24,10974.0380859375,11043.599609375,11085.0,10718.400390625,10753.0498046875,341400
2024-10-25,10925.943359375,10995.2001953125,11115.0,10950.0,11063.7001953125,519646
2024-10-28,11022.7294921875,11092.599609375,11199.349609375,10899.599609375,11000.0,229113
2024-10-29,11042.107421875,11112.099609375,11136.9501953125,10917.0498046875,11074.0,266761
2024-10-30,11134.521484375,11205.099609375,11230.0,11011.400390625,11115.0,239933
2024-10-31,10995.9501953125,11065.650390625,11250.900390625,11042.5498046875,11156.7998046875,423687
2024-11-01,11075.5947265625,11145.7998046875,11171.2998046875,11078.5498046875,11079.9501953125,19032
2024-11-04,10932.5517578125,11001.849609375,11156.75,10930.0498046875,11147.0,276984
2024-11-05,11105.9521484375,11176.349609375,11188.0498046875,10973.25,10983.650390625,274422
2024-11-06,11203.3857421875,11274.400390625,11306.900390625,11112.0,11225.0,282486
2024-11-07,10981.193359375,11050.7998046875,11244.9501953125,11001.099609375,11241.5498046875,326254
2024-11-08,10973.7900390625,11043.349609375,11139.349609375,10960.7001953125,11029.099609375,155894
2024-11-11,10901.349609375,10970.4501953125,11109.9501953125,10896.0498046875,11015.0,107472
2024-11-12,10823.3935546875,10892.0,11074.75,10840.0,10970.5,166347
2024-11-13,10714.28515625,10782.2001953125,10873.5,10750.0,10803.2998046875,216900
2024-11-14,10660.923828125,10728.5,10832.5,10542.5,10726.0,297442
2024-11-18,10563.9384765625,10630.900390625,10766.849609375,10580.400390625,10632.099609375,424186
2024-11-19,10701.71484375,10769.5498046875,10870.0,10657.900390625,10684.0498046875,220357
2024-11-21,10885.84765625,10954.849609375,11005.849609375,10555.0,10555.0,256924
2024-11-22,11303.6494140625,11375.2998046875,11409.900390625,10931.650390625,10999.0,328426
2024-11-25,11385.2822265625,11457.4501953125,11690.0,11437.25,11450.0,465057
2024-11-26,11051.0009765625,11121.0498046875,11497.2998046875,11106.0,11457.4501953125,243711
2024-11-27,11069.732421875,11139.900390625,11188.9501953125,10960.0,11020.599609375,330284
2024-11-28,10928.52734375,10997.7998046875,11190.0,10957.599609375,11174.0,326140
2024-11-29,11131.5908203125,11202.150390625,11233.0,10915.0,10915.0,367574
2024-12-02,11575.177734375,11648.5498046875,11780.0,11206.7001953125,11206.7001953125,633694
2024-12-03,11777.6943359375,11852.349609375,11935.0,11624.9501953125,11674.75,501811
2024-12-04,11692.68359375,11766.7998046875,11920.349609375,11748.0498046875,11866.2001953125,306770
2024-12-05,11857.6376953125,11932.7998046875,12001.9501953125,11722.849609375,11745.0,436371
2024-12-06,11773.869140625,11848.5,11956.349609375,11818.0,11939.0,193324
2024-12-09,11740.380859375,11814.7998046875,11890.0,11718.0,11858.400390625,268177
2024-12-10,11671.8154296875,11745.7998046875,11807.099609375,11695.0,11745.0,232758
2024-12-11,11823.5537109375,11898.5,12065.0,11815.2998046875,11851.0,527029
2024-12-12,11782.265625,11856.9501953125,11944.0,11790.900390625,11944.0,247809
2024-12-13,12007.7861328125,12083.900390625,12118.5,11730.0,11800.0,408880
2024-12-16,11867.2763671875,11942.5,12145.349609375,11871.0,12050.0,214946
2024-12-17,11700.7822265625,11774.9501953125,11974.150390625,11683.2001953125,11930.650390625,244639
2024-12-18,11689.8515625,11763.9501953125,11855.0,11700.0,11775.0,222900
2024-12-19,11597.2880859375,11670.7998046875,11760.0,11572.0498046875,11638.0,162249
2024-12-20,11350.849609375,11422.7998046875,11748.0,11397.650390625,11664.849609375,299802
2024-12-23,11400.3359375,11472.599609375,11582.4501953125,11375.0,11520.0,149350
2024-12-24,11318.6044921875,11390.349609375,11587.0498046875,11360.0,11471.0,108000
2024-12-26,11388.4619140625,11460.650390625,11799.0,11334.5,11390.349609375,144283
2024-12-27,11334.7021484375,11406.5498046875,11555.0,11385.0,11491.599609375,118410
2024-12-30,11217.2470703125,11288.349609375,11507.650390625,11239.7001953125,11419.4501953125,164726
2024-12-31,11354.3779296875,11426.349609375,11465.0,11194.0498046875,11270.0,241737
2025-01-01,11374.8974609375,11447.0,11520.900390625,11305.0,11411.0,107951
2025-01-02,11723.388671875,11797.7001953125,11829.150390625,11455.0498046875,11500.0,267609
2025-01-03,11711.7626953125,11786.0,11861.650390625,11713.0,11799.0,237651
2025-01-06,11431.140625,11503.599609375,11854.75,11450.2001953125,11801.9501953125,139820
2025-01-07,11545.3671875,11618.5498046875,11635.150390625,11485.150390625,11514.9501953125,197212
2025-01-08,11331.7216796875,11403.5498046875,11629.9501953125,11370.0,11618.5498046875,159583
2025-01-09,11188.876953125,11259.7998046875,11432.4501953125,11183.0,11403.5498046875,196555
2025-01-10,10796.7626953125,10865.2001953125,11287.25,10837.5498046875,11203.25,228618
2025-01-13,10548.2880859375,10615.150390625,10830.0,10593.400390625,10700.0,225902
2025-01-14,10417.71484375,10483.75,10733.0,10462.0,10570.0,344404
2025-01-15,10455.376953125,10521.650390625,10643.400390625,10466.75,10540.0,371459
2025-01-16,10569.205078125,10636.2001953125,10807.599609375,10550.0,10590.0,375910
2025-01-17,10513.359375,10580.0,10723.9501953125,10500.099609375,10636.2001953125,297759
2025-01-20,10557.529296875,10624.4501953125,10652.7998046875,10484.25,10587.400390625,332061
2025-01-21,10600.60546875,10667.7998046875,10968.0498046875,10642.0498046875,10677.5,593842
2025-01-22,10626.392578125,10693.75,10797.7998046875,10606.75,10700.0,249552
2025-01-23,11348.962890625,11420.900390625,11571.4501953125,10689.9501953125,10690.0,1510866
2025-01-24,11214.7626953125,11285.849609375,11609.7001953125,11222.400390625,11251.0,545939
2025-01-27,11168.705078125,11239.5,11360.0,11150.0,11260.0,414994
2025-01-28,11225.1962890625,11296.349609375,11411.599609375,11066.0,11215.0,436707
2025-01-29,11472.130859375,11544.849609375,11574.9501953125,11260.849609375,11296.349609375,377755
2025-01-30,11407.09375,11479.400390625,11612.5,11450.0,11544.849609375,274820
2025-01-31,11415.09375,11487.4501953125,11599.0,11392.150390625,11488.650390625,361656
2025-02-01,11188.2314453125,11259.150390625,11787.0,10798.25,11544.900390625,513602
2025-02-03,11104.263671875,11174.650390625,11282.7998046875,10951.400390625,11120.25,450593
2025-02-04,11446.59375,11519.150390625,11547.849609375,11112.150390625,11200.099609375,314752
2025-02-05,11512.724609375,11585.7001953125,11632.849609375,11433.0,11519.099609375,236897
2025-02-06,11405.056640625,11477.349609375,11619.5498046875,11327.7001953125,11577.2001953125,308664
2025-02-07,11567.2783203125,11640.599609375,11733.0,11475.0498046875,11501.099609375,310549
2025-02-10,11459.66015625,11532.2998046875,11613.7001953125,11490.0,11520.0,262455
2025-02-11,11229.0224609375,11300.2001953125,11515.599609375,11240.25,11497.0,301338
2025-02-12,11406.19921875,11478.5,11599.0,11074.599609375,11300.0,347198
2025-02-13,11473.7216796875,11546.4501953125,11649.900390625,11422.2001953125,11500.0,336128
2025-02-14,11192.9013671875,11263.849609375,11589.0,11182.0,11589.0,279199
2025-02-17,11417.7255859375,11490.099609375,11509.900390625,11043.400390625,11219.0,166053
2025-02-18,11237.66796875,11308.900390625,11460.599609375,11251.0,11450.0,268795
2025-02-19,11220.4267578125,11291.5498046875,11460.0,11231.0,11290.0,157580
2025-02-20,11216.501953125,11287.599609375,11330.0,11245.2001953125,11291.099609375,142187
2025-02-21,11086.97265625,11157.25,11290.0,10990.0,11265.0,320240
2025-02-24,10973.0947265625,11042.650390625,11170.0,10975.0498046875,11008.650390625,175294
2025-02-25,10895.08984375,10964.150390625,11054.25,10841.0,11042.650390625,296499
2025-02-27,10381.8427734375,10447.650390625,10800.0,10264.400390625,10800.0,1722295
2025-02-28,10064.6533203125,10128.4501953125,10490.0,10047.849609375,10490.0,1230856
2025-03-03,10275.6650390625,10340.7998046875,10621.7998046875,10283.150390625,10319.25,835344
2025-03-04,10304.7802734375,10370.099609375,10454.7998046875,10240.0,10250.0,352922
2025-03-05,10398.2880859375,10464.2001953125,10506.7998046875,10295.25,10387.900390625,310832
2025-03-06,10427.4033203125,10493.5,10540.0,10317.2001953125,10539.7998046875,365920
2025-03-07,10515.744140625,10582.400390625,10609.599609375,10446.7001953125,10501.0,302339
2025-03-10,10453.8359375,10520.099609375,10645.599609375,10477.0,10589.0,165649
2025-03-11,10373.4951171875,10439.25,10508.5498046875,10356.25,10411.0,180753
2025-03-12,10454.134765625,10520.400390625,10549.7998046875,10362.0,10480.0,299765
2025-03-13,10386.263671875,10452.099609375,10520.0,10380.099609375,10520.0,219474
2025-03-17,10480.666015625,10547.099609375,10577.349609375,10448.0,10546.5,212061
2025-03-18,10480.666015625,10547.099609375,10547.099609375,10547.099609375,10547.099609375,0
2025-03-19,10864.3837890625,10933.25,10945.099609375,10700.0,10710.0,269175
2025-03-20,10879.1904296875,10948.150390625,11240.0,10816.0,10931.150390625,549251
2025-03-21,10907.609375,10976.75,11064.0,10885.650390625,11019.0,656565
2025-03-24,10981.5908203125,11051.2001953125,11077.9501953125,10853.849609375,11018.9501953125,294688
2025-03-25,11349.2607421875,11421.2001953125,11478.849609375,11204.7001953125,11240.0,754457
2025-03-26,11330.2802734375,11402.099609375,11487.0,11300.0,11381.0,401569
2025-03-27,11526.5361328125,11599.599609375,11629.9501953125,11350.0,11400.5,406112
2025-03-28,11437.0537109375,11509.5498046875,11699.0,11458.650390625,11585.5,280960
2025-04-01,11306.978515625,11378.650390625,11565.650390625,11337.150390625,11350.0,263144
2025-04-02,11180.0830078125,11250.9501953125,11360.0,11178.099609375,11360.0,376468
2025-04-03,11533.4921875,11606.599609375,11650.0498046875,11155.0,11189.0,361884
2025-04-04,11426.22265625,11498.650390625,11613.5,11421.0,11599.0,222191
2025-04-07,11121.1064453125,11191.599609375,11300.0498046875,11015.0498046875,11200.0,484513
2025-04-08,11199.4599609375,11270.4501953125,11542.75,11240.7998046875,11317.75,602120
2025-04-09,11325.2626953125,11397.0498046875,11423.0,11180.0,11288.849609375,230611
2025-04-11,11430.197265625,11502.650390625,11842.349609375,11454.0498046875,11842.349609375,351037
2025-04-15,11645.1845703125,11719.0,11749.0,11581.0,11749.0,345260
2025-04-16,11654.1279296875,11728.0,11827.0,11667.0,11667.0,268150
2025-04-17,11826.0380859375,11901.0,11922.0,11600.0,11667.0,290473
2025-04-21,11858.830078125,11934.0,12110.0,11781.0,11816.0,230595
2025-04-22,11883.6728515625,11959.0,12017.0,11850.0,11934.0,334667
2025-04-23,11873.736328125,11949.0,12040.0,11826.0,12040.0,267716
2025-04-24,12082.4130859375,12159.0,12188.0,11870.0,11877.0,339743
2025-04-25,12159.921875,12237.0,12304.0,11860.0,12149.0,412558
2025-04-28,12037.6962890625,12114.0,12339.0,12001.0,12232.0,516745
2025-04-29,11794.240234375,11869.0,12222.0,11800.0,12201.0,516495
2025-04-30,11567.67578125,11641.0,11925.0,11500.0,11869.0,630392
2025-05-02,11539.8525390625,11613.0,11750.0,11481.0,11641.0,189474
2025-05-05,11596.4931640625,11670.0,11728.0,11652.0,11702.0,145699
2025-05-06,11619.3486328125,11693.0,11729.0,11544.0,11699.0,273048
2025-05-07,11584.568359375,11658.0,11700.0,11553.0,11651.0,217460
2025-05-08,11557.7392578125,11631.0,11740.0,11539.0,11601.0,388912
2025-05-09,11292.4208984375,11364.0,11558.0,11313.0,11480.0,200270
2025-05-12,11662.0771484375,11736.0,11767.0,11565.0,11590.0,182795
2025-05-13,11587.5498046875,11661.0,11748.0,11566.0,11700.0,307678
2025-05-14,11598.48046875,11672.0,11741.0,11624.0,11676.0,179337
2025-05-15,11819.08203125,11894.0,11932.0,11643.0,11672.0,371371
2025-05-16,11830.0126953125,11905.0,11990.0,11857.0,11950.0,209706
2025-05-19,11853.8623046875,11929.0,11991.0,11880.0,11904.0,128237
2025-05-20,11623.3232421875,11697.0,11980.0,11669.0,11969.0,158934
2025-05-21,11592.5185546875,11666.0,11910.0,11634.0,11697.0,173017
2025-05-22,11606.4306640625,11680.0,11700.0,11517.0,11666.0,175370
2025-05-23,11672.0146484375,11746.0,11875.0,11661.0,11727.0,181463
2025-05-26,11615.3740234375,11689.0,11884.0,11645.0,11800.0,198003
2025-05-27,11349.0615234375,11421.0,11722.0,11375.0,11676.0,478345
2025-05-28,11167.2138671875,11238.0,11470.0,11200.0,11455.0,201200
2025-05-29,11198.01953125,11269.0,11337.0,11151.0,11249.0,350206
2025-05-30,11139.390625,11210.0,11310.0,11170.0,11265.0,394181
2025-06-02,11124.4853515625,11195.0,11219.0,11019.0,11180.0,314936
2025-06-03,10965.4931640625,11035.0,11292.0,11000.0,11280.0,349615
2025-06-04,10963.505859375,11033.0,11055.0,10920.0,11040.0,345047
2025-06-05,11088.7119140625,11159.0,11180.0,11003.0,11038.0,191183
2025-06-06,11182.1201171875,11253.0,11311.0,11120.0,11180.0,143723
2025-06-09,11189.076171875,11260.0,11318.0,11166.0,11260.0,209231
2025-06-10,11319.2509765625,11391.0,11484.0,11335.0,11410.0,279918
2025-06-11,11391.791015625,11464.0,11518.0,11340.0,11380.0,237747
2025-06-12,11251.6787109375,11323.0,11505.0,11280.0,11475.0,262530
2025-06-13,11153.302734375,11224.0,11250.0,11018.0,11111.0,181355
2025-06-16,11422.595703125,11495.0,11518.0,11197.0,11270.0,401104
2025-06-17,11311.30078125,11383.0,11509.0,11360.0,11500.0,121415
2025-06-18,11334.15625,11406.0,11479.0,11343.0,11383.0,156816
2025-06-19,11348.068359375,11420.0,11485.0,11353.0,11400.0,157757
2025-06-20,11385.828125,11458.0,11525.0,11370.0,11420.0,629895
2025-06-23,11376.8857421875,11449.0,11490.0,11321.0,11401.0,304907
2025-06-24,11506.06640625,11579.0,11824.0,11514.0,11559.0,735700
2025-06-25,11659.0966796875,11733.0,11771.0,11634.0,11635.0,253134
2025-06-26,11875.7236328125,11951.0,11986.0,11681.0,11690.0,506580
2025-06-27,12136.0732421875,12213.0,12246.0,11917.0,11980.0,501287
2025-06-30,12016.8291015625,12093.0,12271.0,12018.0,12215.0,333104
2025-07-01,12133.091796875,12210.0,12225.0,12060.0,12105.0,207437
2025-07-02,12357.66796875,12436.0,12527.0,12170.0,12210.0,445829
2025-07-03,12319.908203125,12398.0,12575.0,12376.0,12436.0,275755
2025-07-04,12427.2275390625,12506.0,12542.0,12341.0,12400.0,191516
2025-07-07,12267.2412109375,12345.0,12500.0,12306.0,12476.0,149939
2025-07-08,12366.611328125,12445.0,12495.0,12305.0,12345.0,219226
2025-07-09,12482.875,12562.0,12580.0,12376.0,12410.0,379924
2025-07-10,12437.1640625,12516.0,12667.0,12482.0,12518.0,269323
2025-07-11,12416.296875,12495.0,12637.0,12452.0,12516.0,240034
2025-07-14,12437.1640625,12516.0,12579.0,12430.0,12495.0,278918
2025-07-15,12423.2529296875,12502.0,12545.0,12425.0,12545.0,154124
2025-07-16,12374.5615234375,12453.0,12515.0,12398.0,12504.0,156311
2025-07-17,12416.296875,12495.0,12548.0,12432.0,12465.0,166142
2025-07-18,12419.2783203125,12498.0,12558.0,12441.0,12520.0,98339
2025-07-21,12497.7802734375,12577.0,12714.0,12374.0,12560.0,512521
2025-07-22,12373.5673828125,12452.0,12699.0,12295.0,12649.0,533617
2025-07-23,12294.0712890625,12372.0,12515.0,12358.0,12460.0,189617
2025-07-24,12226.5,12304.0,12399.0,12230.0,12372.0,180080
2025-07-25,12250.0,12250.0,12345.0,12193.0,12245.0,290381
2025-07-28,12240.0,12240.0,12368.0,12210.0,12274.0,214107
2025-07-29,12221.0,12221.0,12262.0,12122.0,12200.0,208446
2025-07-30,12268.0,12268.0,12381.0,12201.0,12205.0,185681
2025-07-31,12249.0,12249.0,12329.0,12155.0,12201.0,150379
2025-08-01,12113.0,12113.0,12289.0,12075.0,12181.0,212570
2025-08-04,12257.0,12257.0,12290.0,12132.0,12158.0,207875
2025-08-05,12298.0,12298.0,12378.0,12262.0,12330.0,267535
2025-08-06,12226.0,12226.0,12390.0,12208.0,12298.0,192086
2025-08-07,12273.0,12273.0,12309.0,12125.0,12204.0,202031
2025-08-08,12157.0,12157.0,12315.0,12135.0,12285.0,201770
2025-08-11,12405.0,12405.0,12425.0,12161.0,12161.0,218605
2025-08-12,12449.0,12449.0,12530.0,12397.0,12447.0,334100
2025-08-13,12401.0,12401.0,12517.0,12388.0,12485.0,207359
2025-08-14,12317.0,12317.0,12428.0,12225.0,12413.0,235741
2025-08-18,12765.0,12765.0,12904.0,12556.0,12628.0,808480
2025-08-19,12863.0,12863.0,12880.0,12629.0,12787.0,351252
2025-08-20,12874.0,12874.0,12930.0,12765.0,12850.0,290957
2025-08-21,12870.0,12870.0,12906.0,12790.0,12890.0,155457
2025-08-22,12589.0,12589.0,12864.0,12563.0,12864.0,226948
2025-08-25,12606.0,12606.0,12731.0,12556.0,12648.0,199190
2025-08-26,12610.0,12610.0,12770.0,12480.0,12581.0,290322
2025-08-28,12521.0,12521.0,12648.0,12472.0,12570.0,283677
2025-08-29,12640.0,12640.0,12729.0,12521.0,12521.0,177858
2025-09-01,12826.0,12826.0,12852.0,12636.0,12639.0,214241
2025-09-02,12730.0,12730.0,12848.0,12687.0,12788.0,214101
2025-09-03,12733.0,12733.0,12770.0,12657.0,12700.0,140022
2025-09-04,12651.0,12651.0,13097.0,12634.0,13000.0,305040
2025-09-05,12601.0,12601.0,12738.0,12530.0,12680.0,153774
2025-09-08,12664.0,12664.0,12743.0,12601.0,12601.0,126448
2025-09-09,12572.0,12572.0,12708.0,12533.0,12699.0,240234
2025-09-10,12478.0,12478.0,12626.0,12420.0,12625.0,175576
2025-09-11,12392.0,12392.0,12517.0,12360.0,12478.0,132660
2025-09-12,12370.0,12370.0,12479.0,12343.0,12396.0,153086
2025-09-15,12435.0,12435.0,12481.0,12324.0,12370.0,179530
2025-09-16,12578.0,12578.0,12599.0,12446.0,12497.0,189043
2025-09-17,12721.0,12721.0,12800.0,12614.0,12678.0,264319
2025-09-18,12626.0,12626.0,12749.0,12562.0,12730.0,190079
2025-09-19,12508.0,12508.0,12644.0,12484.0,12602.0,571670
2025-09-22,12650.0,12650.0,12706.0,12542.0,12547.0,499548
2025-09-23,12401.0,12401.0,12698.0,12361.0,12650.0,403638
2025-09-24,12214.0,12214.0,12448.0,12200.0,12427.0,166517
2025-09-25,12141.0,12141.0,12275.0,12120.0,12210.0,272540
2025-09-26,12070.0,12070.0,12199.0,11990.0,12140.0,181541
2025-09-29,12041.0,12041.0,12146.0,11962.0,12100.0,214806
2025-09-30,12222.0,12222.0,12261.0,12041.0,12041.0,279155
2025-10-01,12095.0,12095.0,12274.0,12071.0,12274.0,129528
2025-10-03,12019.0,12019.0,12139.0,11982.0,12095.0,258411
2025-10-06,12055.0,12055.0,12100.0,11991.0,12019.0,106362
2025-10-07,12184.0,12184.0,12210.0,12025.0,12059.0,225472
2025-10-08,11991.0,11991.0,12182.0,11940.0,12150.0,173973
2025-10-09,12192.0,12192.0,12211.0,11973.0,11991.0,171737
2025-10-10,12281.0,12281.0,12324.0,12111.0,12180.0,198464
2025-10-13,12172.0,12172.0,12249.0,12150.0,12225.0,87745
2025-10-14,12070.0,12070.0,12251.0,12026.0,12172.0,129196
2025-10-15,12311.0,12311.0,12325.0,12085.0,12085.0,142328
2025-10-16,12358.0,12358.0,12405.0,12268.0,12306.0,129372
2025-10-17,12370.0,12370.0,12390.0,12259.0,12300.0,182242
2025-10-20,12346.0,12346.0,12448.0,12175.0,12420.0,393365
2025-10-21,12342.0,12342.0,12417.0,12271.0,12371.0,14465
2025-10-23,12145.0,12145.0,12415.0,12112.0,12390.0,370812
2025-10-24,11918.0,11918.0,12174.0,11876.0,12149.0,318840
2025-10-27,12015.0,12015.0,12049.0,11920.0,11922.0,408073
2025-10-28,11931.0,11931.0,12048.0,11866.0,12025.0,513095
2025-10-29,11999.0,11999.0,12060.0,11899.0,11940.0,394272
2025-10-30,12053.0,12053.0,12084.0,11950.0,12040.0,159943
2025-10-31,11947.0,11947.0,12102.0,11917.0,12053.0,175191
2025-11-03,11950.0,11950.0,11984.0,11885.0,11927.0,98394
2025-11-04,11819.0,11819.0,11960.0,11785.0,11960.0,199364
2025-11-06,11910.0,11910.0,11985.0,11798.0,11800.0,189652
2025-11-07,11849.0,11849.0,11951.0,11834.0,11871.0,148161
2025-11-10,11728.0,11728.0,11890.0,11701.0,11851.0,197085
2025-11-11,11825.0,11825.0,11849.0,11720.0,11750.0,125847
2025-11-12,11921.0,11921.0,11949.0,11831.0,11861.0,184542
2025-11-13,11934.0,11934.0,12016.0,11907.0,11921.0,174415
2025-11-14,11874.0,11874.0,11941.0,11786.0,11941.0,161315
2025-11-17,11778.0,11778.0,11855.0,11745.0,11810.0,194379
2025-11-18,11707.0,11707.0,11888.0,11688.0,11888.0,318116
2025-11-19,11666.0,11666.0,11754.0,11638.0,11707.0,271396
2025-11-20,11753.0,11753.0,11773.0,11661.0,11720.0,185397
2025-11-21,11729.0,11729.0,11788.0,11691.0,11758.0,192051
2025-11-24,11584.0,11584.0,11738.0,11561.0,11738.0,407297
2025-11-25,11580.0,11580.0,11647.0,11538.0,11600.0,200149
2025-11-26,11759.0,11759.0,11773.0,11585.0,11589.0,187481
2025-11-27,11617.0,11617.0,11787.0,11599.0,11776.0,275290
2025-11-28,11600.0,11600.0,11640.0,11557.0,11620.0,159990
2025-12-01,11662.0,11662.0,12021.0,11556.0,11620.0,228729
2025-12-02,11666.0,11666.0,11713.0,11590.0,11702.0,190930
2025-12-03,11591.0,11591.0,11702.0,11520.0,11700.0,206293
2025-12-04,11608.0,11608.0,11631.0,11524.0,11580.0,159687
2025-12-05,11597.0,11597.0,11665.0,11561.0,11630.0,226572
2025-12-08,11540.0,11540.0,11632.0,11490.0,11610.0,148186
2025-12-09,11414.0,11414.0,11525.0,11379.0,11500.0,274482
2025-12-10,11317.0,11317.0,11499.0,11297.0,11425.0,272923
2025-12-11,11472.0,11472.0,11484.0,11266.0,11340.0,196507
2025-12-12,11723.0,11723.0,11738.0,11481.0,11491.0,389481
2025-12-15,11728.0,11728.0,11804.0,11658.0,11658.0,178073
2025-12-16,11528.0,11528.0,11700.0,11510.0,11700.0,179690
2025-12-17,11540.0,11540.0,11591.0,11495.0,11505.0,205337
2025-12-18,11461.0,11461.0,11565.0,11412.0,11545.0,103462
2025-12-19,11496.0,11496.0,11529.0,11442.0,11503.0,152956
2025-12-22,11532.0,11532.0,11548.0,11431.0,11496.0,170807
2025-12-23,11678.0,11678.0,11750.0,11530.0,11550.0,161830
2025-12-24,11764.0,11764.0,11790.0,11671.0,11715.0,182050
2025-12-26,11794.0,11794.0,11855.0,11743.0,11766.0,193121
2025-12-29,11799.0,11799.0,11820.0,11731.0,11778.0,197600
2025-12-30,11705.0,11705.0,11811.0,11651.0,11810.0,236323
2025-12-31,11784.0,11784.0,11794.0,11680.0,11681.0,172267
2026-01-01,11901.0,11901.0,11915.0,11784.0,11792.0,71887
2026-01-02,11899.0,11899.0,11970.0,11821.0,11903.0,206244
2026-01-05,12087.0,12087.0,12114.0,11860.0,11931.0,302803
2026-01-06,12204.0,12204.0,12225.0,12066.0,12100.0,225766
2026-01-07,12184.0,12184.0,12250.0,12078.0,12230.0,246825
2026-01-08,12064.0,12064.0,12188.0,12034.0,12165.0,229175
2026-01-09,11937.0,11937.0,12065.0,11852.0,12058.0,263833
2026-01-12,12098.0,12098.0,12124.0,11786.0,11870.0,275484
2026-01-13,12044.0,12044.0,12199.0,11936.0,12050.0,290750
2026-01-14,12255.0,12255.0,12323.0,11942.0,12074.0,408660
2026-01-15,12255.0,12255.0,12255.0,12255.0,12255.0,0
2026-01-16,12378.0,12378.0,12405.0,11800.0,11800.0,454481
2026-01-19,12297.0,12297.0,12395.0,12233.0,12350.0,257602
2026-01-20,12059.0,12059.0,12399.0,11995.0,12225.0,298026
2026-01-21,12231.0,12231.0,12280.0,11984.0,12059.0,209393
2026-01-22,12364.0,12364.0,12400.0,12165.0,12293.0,286236
2026-01-23,12369.0,12369.0,12554.0,12283.0,12375.0,356421
2026-01-27,12589.0,12589.0,12825.0,12500.0,12544.0,926373
2026-01-28,12767.0,12767.0,12790.0,12561.0,12640.0,456847
2026-01-29,12717.0,12717.0,12758.0,12554.0,12758.0,285262
2026-01-30,12694.0,12694.0,12725.0,12536.0,12649.0,296876
2026-02-02,12535.0,12535.0,12600.0,12191.0,12380.0,259656
2026-02-03,12590.0,12590.0,12952.0,12575.0,12800.0,296810
2026-02-04,12806.0,12806.0,12839.0,12585.0,12600.0,159977
2026-02-05,12773.0,12773.0,12834.0,12732.0,12762.0,172331
2026-02-06,12722.0,12722.0,12775.0,12622.0,12725.0,124704
2026-02-09,13048.0,13048.0,13071.0,12722.0,12809.0,235298
2026-02-10,13023.0,13023.0,13110.0,12968.0,13060.0,167157
2026-02-11,12969.0,12969.0,13087.0,12907.0,13087.0,92473
2026-02-12,13029.0,13029.0,13071.0,12900.0,12969.0,179716
2026-02-13,12963.0,12963.0,13025.0,12873.0,13012.0,178236
2026-02-16,12981.0,12981.0,12997.0,12861.0,12897.0,81768
2026-02-17,12984.0,12984.0,13008.0,12838.0,12955.0,136174
2026-02-18,13052.0,13052.0,13095.0,12986.0,12986.0,161603
2026-02-19,12688.0,12688.0,13059.0,12637.0,13039.0,195303
2026-02-20,12766.0,12766.0,12838.0,12578.0,12650.0,120589
2026-02-23,12976.0,12976.0,12996.0,12759.0,12830.0,134369
2026-02-24,12960.0,12960.0,13010.0,12900.0,12972.0,332450
2026-02-25,13041.0,13041.0,13061.0,12866.0,12961.0,201537
2026-02-26,12937.0,12937.0,13089.0,12830.0,13089.0,209041
2026-02-27,12677.0,12677.0,12897.0,12640.0,12895.0,272915
2026-03-02,12521.0,12521.0,12622.0,12325.0,12375.0,237506
2026-03-04,12107.0,12107.0,12500.0,11888.0,12175.0,394665
2026-03-05,12288.0,12288.0,12330.0,12030.0,12107.0,284992
2026-03-06,11987.0,11987.0,12208.0,11948.0,12160.0,296585
2026-03-09,11378.0,11378.0,11808.0,11329.0,11766.0,590742
2026-03-10,11654.0,11654.0,11759.0,11531.0,11606.0,460885
2026-03-11,11462.0,11462.0,11663.0,11430.0,11650.0,231139
2026-03-12,11089.0,11089.0,11405.0,11059.0,11401.0,535730
2026-03-13,10616.0,10616.0,11000.0,10573.0,11000.0,723904
2026-03-16,11099.0,11099.0,11151.0,10652.0,10670.0,728077
2026-03-17,11116.0,11116.0,11160.0,10991.0,11090.0,332933
2026-03-18,11247.0,11247.0,11287.0,11116.0,11124.0,211865
2026-03-19,10814.0,10814.0,11132.0,10778.0,11080.0,283817
2026-03-20,10934.0,10934.0,10974.0,10853.0,10920.0,365914
2026-03-23,10362.0,10362.0,10877.0,10325.0,10877.0,644386
2026-03-24,10764.0,10764.0,10867.0,10472.0,10650.0,369647
2026-03-25,11204.0,11204.0,11236.0,10801.0,10801.0,456437
2026-03-27,11049.0,11049.0,11174.0,10970.0,11174.0,418469
2026-03-30,10745.0,10745.0,10990.0,10687.0,10985.0,632265
2026-04-01,10714.0,10714.0,11112.0,10643.0,10802.0,431636
2026-04-02,10620.0,10620.0,10663.0,10365.0,10639.0,333524
2026-04-06,10955.0,10955.0,10976.0,10540.0,10611.0,374420
2026-04-07,10936.0,10936.0,10954.0,10765.0,10922.0,263658
2026-04-08,11603.0,11603.0,11776.0,11349.0,11400.0,612764
2026-04-09,11448.0,11448.0,11562.0,11390.0,11425.0,330553
2026-04-10,11589.0,11589.0,11643.0,11476.0,11500.0,420339
2026-04-13,11502.0,11502.0,11522.0,11282.0,11366.0,220442
2026-04-15,11785.0,11785.0,11950.0,11711.0,11840.0,274811
2026-04-16,11826.0,11826.0,11859.0,11710.0,11840.0,308549
2026-04-17,11886.0,11886.0,11930.0,11737.0,11820.0,165109
2026-04-20,11917.0,11917.0,12062.0,11816.0,11970.0,335624
2026-04-21,12039.0,12039.0,12065.0,11800.0,11800.0,320111
2026-04-22,12193.0,12193.0,12222.0,12001.0,12013.0,312307
2026-04-23,12167.0,12167.0,12213.0,11936.0,12105.0,227223
2026-04-24,11998.0,11998.0,12246.0,11954.0,12203.0,349586
2026-04-27,12010.0,12010.0,12240.0,11869.0,12148.0,567601
2026-04-28,11817.0,11817.0,12282.0,11790.0,12282.0,509322
2026-04-29,11833.0,11833.0,12060.0,11817.0,11870.0,361932
2026-04-30,11586.0,11586.0,11777.0,11484.0,11777.0,719688
2026-05-01,11586.0,11586.0,11586.0,11586.0,11586.0,0
2026-05-04,11758.0,11758.0,11798.0,11590.0,11670.0,461238
2026-05-05,11963.0,11963.0,11987.0,11624.0,11671.0,350047
2026-05-06,12093.0,12093.0,12141.0,11942.0,12022.0,355092
2026-05-07,12146.0,12146.0,12275.0,12120.0,12270.0,227651
2026-05-08,11950.0,11950.0,12110.0,11877.0,12090.0,258727
2026-05-11,11866.0,11866.0,11937.0,11773.0,11801.0,198930
2026-05-12,11516.0,11516.0,11866.0,11503.0,11866.0,343980
2026-05-13,11573.0,11573.0,11652.0,11431.0,11500.0,453482
2026-05-14,11692.0,11692.0,11769.0,11550.0,11600.0,220410
2026-05-15,11487.0,11487.0,11730.0,11463.0,11685.0,284388
2026-05-18,11561.0,11561.0,11599.0,11253.0,11447.0,233668
2026-05-19,11368.0,11368.0,11556.0,11347.0,11540.0,347784
2026-05-20,11409.0,11409.0,11430.0,11211.0,11300.0,168245
2026-05-21,11474.0,11474.0,11517.0,11373.0,11484.0,244967
2026-05-22,11569.0,11569.0,11650.0,11511.0,11531.0,340427
2026-05-25,11726.0,11726.0,11796.0,11614.0,11690.0,229618
2026-05-26,11623.0,11623.0,11749.0,11580.0,11690.0,210716
2026-05-27,11689.0,11689.0,11750.0,11601.0,11640.0,243628
2026-05-28,11689.0,11689.0,11689.0,11689.0,11689.0,0
2026-05-29,11482.0,11482.0,11779.0,11338.0,11600.0,1776975
2026-06-01,11232.0,11232.0,11570.0,11211.0,11507.0,497866
2026-06-02,11165.0,11165.0,11201.0,11074.0,11142.0,413041
2026-06-03,11101.0,11101.0,11239.0,11020.0,11180.0,412934
2026-06-04,10997.0,10997.0,11150.0,10961.0,11060.0,541327
2026-06-05,10912.0,10912.0,11121.0,10846.0,11100.0,424664
2026-06-08,10795.0,10795.0,10895.0,10750.0,10758.0,285585
2026-06-09,10911.0,10911.0,10983.0,10772.0,10811.0,257371
2026-06-10,10866.0,10866.0,10957.0,10814.0,10924.0,470400
2026-06-11,10830.0,10830.0,10938.0,10706.0,10798.0,236130
